"site","region","apn","product","part_description","sto_class","consumed_30d","consumed_60d","consumed_90d","consumed_150d","consumed_all","rate_30d","rate_60d","rate_90d","rate_150d","days_with_consumption_150d"
"ABQ1","NA","1000078","USP","Sensor, proximity, SME-8M-DS-24V-K-0, 3-M8D","02 MED","1.0","1.0","1.0","1.0","1.9999999999999998","0.0333","0.0167","0.0111","0.0067","3"
"ABQ1","NA","1001191","USP","VPL-B1003F-PJ12AA SERVO MOTOR","01 HIGH","0.0","1.0","1.0","1.0","2.0","0.0","0.0167","0.0111","0.0067","1"
"ABQ1","NA","1002613","USP","VALVE, CHECK VALVE,ASSEMBLY:FLOW CONTROL W/ PILOT CHECK VALVE 1/4 TUBE WITH1/8 T","02 MED","1.0","1.0","1.0","1.0","2.0","0.0333","0.0167","0.0111","0.0067","2"
"ABQ1","NA","10191","USP","THRUST BALL BEARING, 3/4"" ID X 1-5/16"" OD X 9/32"" HT., STEEL","02 MED","0.0","0.0","0.0","0.0","2.0","0.0","0.0","0.0","0.0","0"
"ABQ1","NA","1071515","USP","Radial/Deep Groove Ball Bearing - Round Bore, 25 mm ID, 42 mm OD, 9 mm Width, Double Shielded, Internal Clearance","02 MED","0.0","0.0","0.0","0.0","2.0","0.0","0.0","0.0","0.0","0"
"ABQ1","NA","1071516","USP","REPLACEMENT BELT – 18”W FOR CO","02 MED","0.0","0.0","0.0","0.0","3.0","0.0","0.0","0.0","0.0","0"
"ABQ1","NA","1124355","USP","FIXED DRAW ROLLER, SMART PAC","02 MED","0.0","0.0","0.0","0.0","2.0","0.0","0.0","0.0","0.0","0"
"ABQ1","NA","11424","USP","UNWIND BRAKE BAND CTM PM-BB1030","02 MED","0.0","1.0","1.0","1.0","2.0","0.0","0.0167","0.0111","0.0067","1"
"ABQ1","NA","3022934","USP","SMC Shock Absorber, RBC1007, 46.7 mm Body Length, 63.7 mm Body Length, M10 x 1 Thread Size","01 HIGH","0.0","4.0","5.0","7.0","7.0","0.0","0.0667","0.0556","0.0467","5"
"ABQ1","NA","3022945","USP","VERTICAL BOTTOM LOAD CELL","01 HIGH","1.0","1.0","1.0","1.0","1.0","0.0333","0.0167","0.0111","0.0067","1"
"ABQ1","NA","3022970","USP","CUTTING KNIFE ASSEMBLY","01 HIGH","1.0","2.0","2.0","2.0","2.0","0.0333","0.0333","0.0222","0.0133","2"
"ABQ1","NA","3022978","USP","LIDAR SENSOR PICS150-01000 core 1","01 HIGH","0.0","2.0","5.0","5.0","5.0","0.0","0.0333","0.0556","0.0333","5"
"ABQ1","NA","3022982","USP","LEFT ISOLATOR PLATE","01 HIGH","0.0","0.0","1.0","1.0","1.0","0.0","0.0","0.0111","0.0067","1"
"ABQ1","NA","3043401","USP","Stopper Bolt, M8x1.25, L 25mm, Standard Tip, Straight Type, Bumper Urethane",,"0.0","0.0","0.0","0.0","2.0","0.0","0.0","0.0","0.0","0"
"ABQ1","NA","3464199","USP","SENSOR, FIBER OPTIC THIN ZERO SPACE, SIDE VIEW TYP","02 MED","0.0","2.0","2.0","5.0","5.0","0.0","0.0333","0.0222","0.0333","4"
"ABQ1","NA","3466145","USP","RIGHT HORIZONTAL SEAL BAR ASSY","01 HIGH","0.0","0.0","0.0","2.0","2.0","0.0","0.0","0.0","0.0133","2"
"ABQ1","NA","3466170","USP","DSNU, BORE 25MM, STROKE 100MM, DOUBLE ACTING, LATERAL AIR,","01 HIGH","1.0","1.0","1.0","3.0","4.0","0.0333","0.0167","0.0111","0.02","3"
"ABQ1","NA","49345","USP","ZEBRA AIT PART KIT PRINTHEAD 300 DPI ZE521 RH & LH","02 MED","2.0","3.0","5.01","8.01","12.01","0.0667","0.05","0.0557","0.0534","9"
"ABQ1","NA","49346","USP","ZEBRA AIT PART KIT PLATEN, PINCH, & PEEL ROLLERS ZE521 RH & LH","02 MED","1.0","1.0","1.0","2.0","2.0","0.0333","0.0167","0.0111","0.0133","2"
"ABQ1","NA","49960","USP","MDC100-050101 DRIVE","01 HIGH","0.0","0.0","0.0","0.0","1.0","0.0","0.0","0.0","0.0","0"
"ABQ1","NA","N12270","USP","SMC Speed Control Valve: Elbow Fitting, Knob, 1/4 in/1/8 in Valve Body Size, 1/4 in Tube, Meter Out","02 MED","0.0","4.0","4.0","4.0","4.0","0.0","0.0667","0.0444","0.0267","1"
"ABQ1","NA","N37377","USP","SC300-2 SHOCK ABSORBER","02 MED","0.0","0.0","0.0","0.0","1.0","0.0","0.0","0.0","0.0","0"
"ABQ1","NA","N54020","USP","STOPPER BOLT, M6X1.0, L 20MM, WITH HEX SOCKET TIP, STRAIGHT TYPE, BUMPER URETHAN","02 MED","0.0","0.0","0.0","0.0","2.0","0.0","0.0","0.0","0.0","0"
"AGS1","NA","1000078","USP","Sensor, proximity, SME-8M-DS-24V-K-0, 3-M8D","01 HIGH","5.0","5.0","5.0","5.0","5.0","0.1667","0.0833","0.0556","0.0333","6"
"AGS1","NA","1002613","USP","VALVE, CHECK VALVE,ASSEMBLY:FLOW CONTROL W/ PILOT CHECK VALVE 1/4 TUBE WITH1/8 T","02 MED","0.0","0.0","2.0","2.0","4.0","0.0","0.0","0.0222","0.0133","3"
"AGS1","NA","1004322","USP","PUSHBUTTON METAL LATCH","01 HIGH","2.0","2.0","5.0","6.0","9.0","0.0667","0.0333","0.0556","0.04","3"
"AGS1","NA","1061526","USP","SERVO DRVE AMP JR_AUTO JR0000549642","02 MED","0.0","0.0","0.0","0.0","2.0","0.0","0.0","0.0","0.0","0"
"AGS1","NA","1061778","USP","RT-B1221",,"0.0","2.0","3.0","3.0","5.0","0.0","0.0333","0.0333","0.02","3"
"AGS1","NA","10683","USP","WHEEL, WHEEL: LOAD ASSEMBLY",,"0.0","0.0","2.0","5.0","14.0","0.0","0.0","0.0222","0.0333","4"
"AGS1","NA","1071515","USP","Radial/Deep Groove Ball Bearing - Round Bore, 25 mm ID, 42 mm OD, 9 mm Width, Double Shielded, Internal Clearance","02 MED","0.0","0.0","0.0","2.0","4.0","0.0","0.0","0.0","0.0133","1"
"AGS1","NA","11519","USP","Zebra Kit Maint Door Open Swch RH/LH","02 MED","0.0","0.0","0.0","0.0","5.0","0.0","0.0","0.0","0.0","0"
"AGS1","NA","3022934","USP","SMC Shock Absorber, RBC1007, 46.7 mm Body Length, 63.7 mm Body Length, M10 x 1 Thread Size","01 HIGH","0.0","10.0","10.0","10.0","10.0","0.0","0.1667","0.1111","0.0667","2"
"AGS1","NA","3022945","USP","VERTICAL BOTTOM LOAD CELL","01 HIGH","2.0","2.0","2.0","2.0","2.0","0.0667","0.0333","0.0222","0.0133","2"
"AGS1","NA","3022970","USP","CUTTING KNIFE ASSEMBLY","01 HIGH","1.0","1.0","1.0","1.0","1.0","0.0333","0.0167","0.0111","0.0067","1"
"AGS1","NA","3022977","USP","GUIDED PNUEMATIC CYLINDER DFM-16-125-B-PPV-A-KF","01 HIGH","1.0","1.0","1.0","1.0","1.0","0.0333","0.0167","0.0111","0.0067","1"
"AGS1","NA","33053","USP","SENSOR CABLE, 5M GREY, M12 FEMALE 8P STRAIGHT TO OPEN ENDED, CONTINUOUS FLEX, PUR-OB","02 MED","3.0","3.0","3.0","3.0","3.0","0.1","0.05","0.0333","0.02","1"
"AGS1","NA","3466251","USP","PIVOT BLOCK - LEFT HORIZONTAL","01 HIGH","0.0","0.0","1.0","1.0","1.0","0.0","0.0","0.0111","0.0067","1"
"AGS1","NA","49345","USP","ZEBRA AIT PART KIT PRINTHEAD 300 DPI ZE521 RH & LH","02 MED","4.0","7.0","9.0","10.0","10.0","0.1333","0.1167","0.1","0.0667","12"
"AGS1","NA","61591","USP","TUBE FITTING, M5 TO 4MM","02 MED","0.0","0.0","5.0","5.0","5.0","0.0","0.0","0.0556","0.0333","3"
"AGS1","NA","N12270","USP","SMC Speed Control Valve: Elbow Fitting, Knob, 1/4 in/1/8 in Valve Body Size, 1/4 in Tube, Meter Out","02 MED","0.0","0.0","3.0","3.0","3.0","0.0","0.0","0.0333","0.02","2"
"AGS1","NA","N24793","USP","Slim Electromechanical Relay, SPDT, 6A,24VDC, PCB Terminal, 34 Series","01 HIGH","0.0","2.0","2.0","2.0","2.0","0.0","0.0333","0.0222","0.0133","1"
"AGS1","NA","N53951","USP","RADIAL BALL BEARING","02 MED","2.0","2.0","2.0","2.0","2.0","0.0667","0.0333","0.0222","0.0133","1"
"AGS1","NA","N53990","USP","LINEAR RAIL","02 MED","3.0","3.0","3.0","3.0","3.0","0.1","0.05","0.0333","0.02","1"
"AGS1","NA","N54020","USP","STOPPER BOLT, M6X1.0, L 20MM, WITH HEX SOCKET TIP, STRAIGHT TYPE, BUMPER URETHAN","02 MED","0.0","0.0","4.0","4.0","4.0","0.0","0.0","0.0444","0.0267","1"
"AKC1","NA","1000078","USP","Sensor, proximity, SME-8M-DS-24V-K-0, 3-M8D","01 HIGH","1.01","3.0100000000000002","3.0100000000000002","3.0100000000000002","3.0100000000000002","0.0337","0.0502","0.0334","0.0201","10"
"AKC1","NA","1001803","USP","Switch, Auxiliary, Supplementary Protector Accessory","01 HIGH","0.0","1.0","1.0","1.0","2.0","0.0","0.0167","0.0111","0.0067","1"
"AKC1","NA","1002613","USP","VALVE, CHECK VALVE,ASSEMBLY:FLOW CONTROL W/ PILOT CHECK VALVE 1/4 TUBE WITH1/8 T","01 HIGH","0.0","5.0","5.0","5.0","5.0","0.0","0.0833","0.0556","0.0333","1"
"AKC1","NA","10096","USP","WASHER: THRUST, BRONZE","02 MED","0.0","0.0","0.0","0.0","2.0","0.0","0.0","0.0","0.0","0"
"AKC1","NA","10191","USP","THRUST BALL BEARING, 3/4"" ID X 1-5/16"" OD X 9/32"" HT., STEEL","01 HIGH","0.0","2.0","3.0","3.0","6.0","0.0","0.0333","0.0333","0.02","3"
"AKC1","NA","11409","USP","TAMPA","02 MED","0.0","1.0","1.0","1.0","2.0","0.0","0.0167","0.0111","0.0067","1"
"AKC1","NA","226234","USP","SERIAL RS232 TO USB CONVERTER","01 HIGH","0.0","0.0","0.0","0.0","1.0","0.0","0.0","0.0","0.0","0"
"AKC1","NA","3015434","USP","SWIVEL GRIPPER HEAD","01 HIGH","8.0","12.0","15.0","15.0","15.0","0.2667","0.2","0.1667","0.1","12"
"AKC1","NA","3022934","USP","SMC Shock Absorber, RBC1007, 46.7 mm Body Length, 63.7 mm Body Length, M10 x 1 Thread Size","01 HIGH","5.0","5.0","5.0","5.0","5.0","0.1667","0.0833","0.0556","0.0333","3"
"AKC1","NA","3022978","USP","LIDAR SENSOR PICS150-01000 core 1","01 HIGH","1.0","1.0","1.0","1.0","1.0","0.0333","0.0167","0.0111","0.0067","1"
"AKC1","NA","3022982","USP","LEFT ISOLATOR PLATE","01 HIGH","1.0","2.0","3.0","3.0","3.0","0.0333","0.0333","0.0333","0.02","3"
"AKC1","NA","3031139","USP","RIGHT HORIZONTAL HEATER CABLE","01 HIGH","1.0","1.0","1.0","1.0","1.0","0.0333","0.0167","0.0111","0.0067","1"
"AKC1","NA","3037848","USP","LEFT VER HEATER CABLE ASSY","01 HIGH","1.0","1.0","1.0","1.0","1.0","0.0333","0.0167","0.0111","0.0067","1"
"AKC1","NA","3043388","USP","SENSOR REED PARA CILINDRO","01 HIGH","2.01","2.01","2.01","2.01","2.01","0.067","0.0335","0.0223","0.0134","5"
"AKC1","NA","3466258","USP","LEFT VERTICAL SEAL BAR ASSY","01 HIGH","1.0","1.0","1.0","1.0","1.0","0.0333","0.0167","0.0111","0.0067","1"
"AKC1","NA","49345","USP","ZEBRA AIT PART KIT PRINTHEAD 300 DPI ZE521 RH & LH","01 HIGH","1.0","2.0","2.0","3.0","9.0","0.0333","0.0333","0.0222","0.02","6"
"AUS2","NA","10191","USP","THRUST BALL BEARING, 3/4"" ID X 1-5/16"" OD X 9/32"" HT., STEEL","01 HIGH","0.0","0.0","2.0","3.0","5.0","0.0","0.0","0.0222","0.02","2"
"AUS2","NA","10683","USP","WHEEL, WHEEL: LOAD ASSEMBLY","01 HIGH","0.0","0.0","0.0","2.0","7.0","0.0","0.0","0.0","0.0133","2"
"AUS2","NA","1113249","USP","URGU48R1-04090N","02 MED","0.0","1.0","1.0","1.0","2.0","0.0","0.0167","0.0111","0.0067","1"
"AUS2","NA","11147","USP","VHI425A-GV W/ GV4G6","01 HIGH","0.0","0.0","0.0","0.0","1.0","0.0","0.0","0.0","0.0","0"
"AUS2","NA","11519","USP","Zebra Kit Maint Door Open Swch RH/LH","02 MED","0.0","0.0","0.0","0.0","1.0","0.0","0.0","0.0","0.0","0"
"AUS2","NA","3022931","USP","MALE INSERT 5 PIN","01 HIGH","1.0","1.0","1.0","1.0","1.0","0.0333","0.0167","0.0111","0.0067","1"
"AUS2","NA","3022941","USP","VERTICAL TOP, POWERSONIC MATED M12 + LBO2K","01 HIGH","1.0","1.0","1.0","1.0","1.0","0.0333","0.0167","0.0111","0.0067","1"
"AUS2","NA","3022951","USP","RTD, PT100, DIA 3MM, L 18MM, 3","01 HIGH","1.0","1.0","1.0","1.0","1.0","0.0333","0.0167","0.0111","0.0067","1"
"AUS2","NA","3022958","USP","DIVERT PLATE, TOP","01 HIGH","2.0","2.0","2.0","2.0","2.0","0.0667","0.0333","0.0222","0.0133","1"
"AUS2","NA","3022970","USP","CUTTING KNIFE ASSEMBLY","01 HIGH","0.0","2.0","4.0","4.0","4.0","0.0","0.0333","0.0444","0.0267","3"
"AUS2","NA","3022983","USP","RIGHT ISOLATOR PLATE","01 HIGH","0.0","1.0","1.0","1.0","1.0","0.0","0.0167","0.0111","0.0067","1"
"AUS2","NA","3464199","USP","SENSOR, FIBER OPTIC THIN ZERO SPACE, SIDE VIEW TYP","01 HIGH","2.0","2.0","2.0","2.0","2.0","0.0667","0.0333","0.0222","0.0133","1"
"AUS2","NA","3466147","USP","COMPACT CYLINDER ADN-32-25-I-P-A-S2","01 HIGH","1.0","1.0","1.0","1.0","1.0","0.0333","0.0167","0.0111","0.0067","1"
"AUS2","NA","49344","USP","Zebra ZE52163-R010000Z Print Engine","02 MED","1.0","2.0","2.0","2.0","5.01","0.0333","0.0333","0.0222","0.0133","2"
"AUS2","NA","49345","USP","ZEBRA AIT PART KIT PRINTHEAD 300 DPI ZE521 RH & LH","01 HIGH","2.0","3.99","4.99","11.989999999999998","29.000000000000004","0.0667","0.0665","0.0554","0.0799","15"
"AUS2","NA","49346","USP","ZEBRA AIT PART KIT PLATEN, PINCH, & PEEL ROLLERS ZE521 RH & LH","01 HIGH","0.0","1.0","1.0","5.0","9.0","0.0","0.0167","0.0111","0.0333","14"
"AUS2","NA","49960","USP","MDC100-050101 DRIVE","01 HIGH","0.0","1.0","1.0","1.0","1.0","0.0","0.0167","0.0111","0.0067","1"
"AUS2","NA","72902","USP","kit,motor assy, high speed...","02 MED","1.0","1.0","1.0","1.0","2.0","0.0333","0.0167","0.0111","0.0067","1"
"BDL4","NA","1001191","USP","VPL-B1003F-PJ12AA SERVO MOTOR","02 MED","0.0","0.0","0.0","0.0","2.0","0.0","0.0","0.0","0.0","0"
"BDL4","NA","1001803","USP","Switch, Auxiliary, Supplementary Protector Accessory","02 MED","0.0","0.0","0.0","2.0","2.0","0.0","0.0","0.0","0.0133","1"
"BDL4","NA","1002613","USP","VALVE, CHECK VALVE,ASSEMBLY:FLOW CONTROL W/ PILOT CHECK VALVE 1/4 TUBE WITH1/8 T","01 HIGH","0.0","0.0","0.0","0.0","4.0200000000000005","0.0","0.0","0.0","0.0","0"
"BDL4","NA","10043","USP","PLC, CONTROLLER,PROGRAMMABLE:2-1/2 INHT,3-1/2 INWD,1-1/2 INDP,24 V DCVOLT,2.6 MACURRE","02 MED","0.0","0.0","0.0","2.0","2.0","0.0","0.0","0.0","0.0133","2"
"BDL4","NA","1004322","USP","PUSHBUTTON METAL LATCH","02 MED","0.0","0.0","0.0","1.0","23.0","0.0","0.0","0.0","0.0067","1"
"BDL4","NA","10076","USP","UNWIND DANCER ARM UNWIND SPRING","02 MED","0.0","0.0","0.0","1.0","1.0","0.0","0.0","0.0","0.0067","1"
"BDL4","NA","10086","USP","WASHER: CAPTURE CTM PM-FANU30375","03 LOW","0.0","0.0","0.0","0.0","4.0","0.0","0.0","0.0","0.0","0"
"BDL4","NA","10087","USP","THREADED INSERT CTM C-PM-INS1010","03 LOW","0.0","0.0","0.0","0.0","5.0","0.0","0.0","0.0","0.0","0"
"BDL4","NA","10090","USP","Shoulder Screw,18-8 Stainless Steel,3/8"""" Shoulder Dia., 1"""" Shoulder Length,5/16-18 Thread,PK2","03 LOW","0.0","0.0","0.0","0.0","4.0","0.0","0.0","0.0","0.0","0"
"BDL4","NA","10095","USP","FLANGED BUSHING","03 LOW","0.0","0.0","0.0","0.0","4.0","0.0","0.0","0.0","0.0","0"
"BDL4","NA","10096","USP","WASHER: THRUST, BRONZE","02 MED","0.0","0.0","0.0","0.0","20.0","0.0","0.0","0.0","0.0","0"
"BDL4","NA","10105","USP","SPRING: REWIND CLUTCH, MED DUTY, .97OD X .080 WIRE DIA","02 MED","0.0","0.0","0.0","0.0","3.0","0.0","0.0","0.0","0.0","0"
"BDL4","NA","10191","USP","THRUST BALL BEARING, 3/4"" ID X 1-5/16"" OD X 9/32"" HT., STEEL","01 HIGH","0.0","3.0","3.0","3.0","10.0","0.0","0.05","0.0333","0.02","3"
"BDL4","NA","1061526","USP","SERVO DRVE AMP JR_AUTO JR0000549642","02 MED","0.0","0.0","0.0","0.0","23.0","0.0","0.0","0.0","0.0","0"
"BDL4","NA","10683","USP","WHEEL, WHEEL: LOAD ASSEMBLY","01 HIGH","0.99","0.99","0.99","0.99","12.99","0.033","0.0165","0.011","0.0066","3"
"BDL4","NA","1071515","USP","Radial/Deep Groove Ball Bearing - Round Bore, 25 mm ID, 42 mm OD, 9 mm Width, Double Shielded, Internal Clearance","02 MED","2.0","2.0","2.0","5.0","12.0","0.0667","0.0333","0.0222","0.0333","4"
"BDL4","NA","1073001","USP","3600 TAMP or SWING HOME SENSOR ASSEMBLY without MOUNT","02 MED","0.0","0.0","0.0","2.0","2.0","0.0","0.0","0.0","0.0133","1"
"BDL4","NA","11082","USP","SMART PACK FILTER REPLACEMENT  (PID)","02 MED","0.0","0.0","0.0","2.0","6.0","0.0","0.0","0.0","0.0133","1"
"BDL4","NA","11147","USP","VHI425A-GV W/ GV4G6","01 HIGH","0.0","0.0","0.0","3.0","6.0","0.0","0.0","0.0","0.02","1"
"BDL4","NA","1116318","USP","ULTRASONIC SENSOR, PICO+","02 MED","0.0","0.0","1.0","4.0","4.0","0.0","0.0","0.0111","0.0267","3"
"BDL4","NA","1124355","USP","FIXED DRAW ROLLER, SMART PAC","02 MED","0.0","0.0","0.0","0.0","2.0","0.0","0.0","0.0","0.0","0"
"BDL4","NA","11409","USP","TAMPA","02 MED","0.0","0.0","0.0","0.0","7.0","0.0","0.0","0.0","0.0","0"
"BDL4","NA","11424","USP","UNWIND BRAKE BAND CTM PM-BB1030","01 HIGH","0.0","0.0","0.0","0.0","6.0","0.0","0.0","0.0","0.0","0"
"BDL4","NA","11519","USP","Zebra Kit Maint Door Open Swch RH/LH","02 MED","0.0","0.0","0.0","1.0","4.0","0.0","0.0","0.0","0.0067","1"
"BDL4","NA","19978","USP","TIME DELAY FUSE, 30A, CLASS J, 300KA, 600VAC","02 MED","0.0","0.0","0.0","5.0","5.0","0.0","0.0","0.0","0.0333","1"
"BDL4","NA","23103","USP","Time Delay, Cylindrical, Fuse, GDC Series, 250VAC, Indicating (5 PK)","02 MED","0.0","0.0","0.0","2.0","2.0","0.0","0.0","0.0","0.0133","1"
"BDL4","NA","3022983","USP","RIGHT ISOLATOR PLATE","01 HIGH","1.0","1.0","1.0","1.0","1.0","0.0333","0.0167","0.0111","0.0067","1"
"BDL4","NA","3025738","USP","COATED 9"" FOUR HOLE AIR ASSIST TUBE - MP-211-2230-9","02 MED","0.0","0.0","0.0","2.0","2.0","0.0","0.0","0.0","0.0133","1"
"BDL4","NA","3037848","USP","LEFT VER HEATER CABLE ASSY","01 HIGH","1.0","1.0","1.0","1.0","1.0","0.0333","0.0167","0.0111","0.0067","1"
"BDL4","NA","3037852","USP","LEFT HOR HEATER CABLE ASSY","01 HIGH","1.0","1.0","1.0","1.0","1.0","0.0333","0.0167","0.0111","0.0067","1"
"BDL4","NA","3043407","USP","SICK IME2S Series Non-Flush Inductive Non-Contact Safety Switch, 24V dc, Nickel Plated Brass Housing, 2NO, M12","01 HIGH","0.0","1.0","1.0","1.0","1.0","0.0","0.0167","0.0111","0.0067","2"
"BDL4","NA","33053","USP","SENSOR CABLE, 5M GREY, M12 FEMALE 8P STRAIGHT TO OPEN ENDED, CONTINUOUS FLEX, PUR-OB","02 MED","0.0","0.0","0.0","3.0","3.0","0.0","0.0","0.0","0.02","1"
"BDL4","NA","3464199","USP","SENSOR, FIBER OPTIC THIN ZERO SPACE, SIDE VIEW TYP","01 HIGH","1.0","1.0","1.0","1.0","1.0","0.0333","0.0167","0.0111","0.0067","1"
"BDL4","NA","49345","USP","ZEBRA AIT PART KIT PRINTHEAD 300 DPI ZE521 RH & LH","01 HIGH","1.0","2.0","2.0","3.0","13.01","0.0333","0.0333","0.0222","0.02","5"
"BDL4","NA","49346","USP","ZEBRA AIT PART KIT PLATEN, PINCH, & PEEL ROLLERS ZE521 RH & LH","01 HIGH","0.0","0.0","1.0","1.0","5.000000000000001","0.0","0.0","0.0111","0.0067","3"
"BDL4","NA","61591","USP","TUBE FITTING, M5 TO 4MM","02 MED","0.0","2.0","2.0","2.0","10.0","0.0","0.0333","0.0222","0.0133","4"
"BDL4","NA","76580","USP","PROGRAMMED MAPLE DISPLAY UNIT FOR 3600A APPLICATOR","02 MED","0.0","0.0","0.0","0.0","2.0","0.0","0.0","0.0","0.0","0"
"BDL4","NA","N12270","USP","SMC Speed Control Valve: Elbow Fitting, Knob, 1/4 in/1/8 in Valve Body Size, 1/4 in Tube, Meter Out","01 HIGH","0.0","0.0","0.0","2.0","28.0","0.0","0.0","0.0","0.0133","1"
"BDL4","NA","N24793","USP","Slim Electromechanical Relay, SPDT, 6A,24VDC, PCB Terminal, 34 Series","01 HIGH","1.0","2.0","2.0","7.0","12.0","0.0333","0.0333","0.0222","0.0467","4"
"BDL4","NA","N37377","USP","SC300-2 SHOCK ABSORBER","02 MED","0.0","0.0","0.0","0.0","3.0","0.0","0.0","0.0","0.0","0"
"BDL4","NA","N53977","USP","I110-E0454 SAFETY SWITCH","01 HIGH","0.0","0.0","0.0","4.0","4.0","0.0","0.0","0.0","0.0267","1"
"BDL4","NA","N54020","USP","STOPPER BOLT, M6X1.0, L 20MM, WITH HEX SOCKET TIP, STRAIGHT TYPE, BUMPER URETHAN","02 MED","0.0","0.0","0.0","0.0","16.0","0.0","0.0","0.0","0.0","0"
"BOS3","NA","1000078","USP","Sensor, proximity, SME-8M-DS-24V-K-0, 3-M8D","02 MED","0.0","0.0","11.0","11.0","12.0","0.0","0.0","0.1222","0.0733","3"
"BOS3","NA","1001191","USP","VPL-B1003F-PJ12AA SERVO MOTOR","02 MED","0.0","0.0","0.0","1.0","1.0","0.0","0.0","0.0","0.0067","1"
"BOS3","NA","10076","USP","UNWIND DANCER ARM UNWIND SPRING","02 MED","1.0","1.0","1.0","2.0","2.0","0.0333","0.0167","0.0111","0.0133","2"
"BOS3","NA","1060925","USP","RING-GRIP QUICK-RELEASE PIN","03 LOW","0.0","0.0","0.0","0.0","8.0","0.0","0.0","0.0","0.0","0"
"BOS3","NA","1061198","USP","OLFLEXÂ® VFD SLIM, 14 AWG/4C, REDUCED DIAMETER VFD CABLE WITH ""SURGE GUARD""","02 MED","0.0","0.0","2.0","2.0","2.0","0.0","0.0","0.0222","0.0133","1"
"BOS3","NA","1063086","USP","SWITCH 2VDC PNP 0.5M LEAD M8 C","02 MED","0.0","0.0","2.0","2.0","3.0","0.0","0.0","0.0222","0.0133","1"
"BOS3","NA","10683","USP","WHEEL, WHEEL: LOAD ASSEMBLY","02 MED","0.0","2.0","2.0","6.0","12.01","0.0","0.0333","0.0222","0.04","4"
"BOS3","NA","1069554","USP","POWER IO CABLE M12 FOR COGNEX CONN MODULE W DB9","02 MED","1.0","1.0","1.0","1.0","1.0","0.0333","0.0167","0.0111","0.0067","1"
"BOS3","NA","1071515","USP","Radial/Deep Groove Ball Bearing - Round Bore, 25 mm ID, 42 mm OD, 9 mm Width, Double Shielded, Internal Clearance","02 MED","0.0","0.0","4.0","4.0","4.0","0.0","0.0","0.0444","0.0267","1"
"BOS3","NA","1113249","USP","URGU48R1-04090N","02 MED","10.0","17.0","20.0","20.0","50.0","0.3333","0.2833","0.2222","0.1333","7"
"BOS3","NA","11424","USP","UNWIND BRAKE BAND CTM PM-BB1030","02 MED","6.0","6.0","8.0","11.0","12.0","0.2","0.1","0.0889","0.0733","8"
"BOS3","NA","11519","USP","Zebra Kit Maint Door Open Swch RH/LH","02 MED","0.0","0.0","0.0","1.0","4.0","0.0","0.0","0.0","0.0067","1"
"BOS3","NA","3031139","USP","RIGHT HORIZONTAL HEATER CABLE","02 MED","2.0","2.0","2.0","2.0","2.0","0.0667","0.0333","0.0222","0.0133","1"
"BOS3","NA","3037848","USP","LEFT VER HEATER CABLE ASSY","02 MED","2.0","2.0","2.0","2.0","2.0","0.0667","0.0333","0.0222","0.0133","1"
"BOS3","NA","3037849","USP","RIGHT VER HEATER CABLE ASSY","02 MED","2.0","2.0","2.0","2.0","2.0","0.0667","0.0333","0.0222","0.0133","1"
"BOS3","NA","3466138","USP","VERTICAL VPL SERIES, FRAME SIZE 100MM, T WINDING, RATED SPEED 7200-80","01 HIGH","0.0","0.0","1.0","2.0","2.0","0.0","0.0","0.0111","0.0133","2"
"BOS3","NA","3466140","USP","KINETIX VP LOW INERTIA MOTOR,","01 HIGH","0.0","0.0","2.0","2.0","2.0","0.0","0.0","0.0222","0.0133","2"
"BOS3","NA","3466144","USP","SERVO DRIVE","01 HIGH","0.0","0.0","1.0","1.0","1.0","0.0","0.0","0.0111","0.0067","1"
"BOS3","NA","3466191","USP","ROD COUPLER, M10X1.25, STEEL (","01 HIGH","2.0","2.0","2.0","2.0","2.0","0.0667","0.0333","0.0222","0.0133","1"
"BOS3","NA","3466248","USP","PRECISION LINEAR SHAFT, DIA 12","01 HIGH","2.0","5.0","5.0","11.0","14.0","0.0667","0.0833","0.0556","0.0733","6"
"BOS3","NA","3466258","USP","LEFT VERTICAL SEAL BAR ASSY","01 HIGH","1.0","1.0","1.0","1.0","1.0","0.0333","0.0167","0.0111","0.0067","1"
"BOS3","NA","49345","USP","ZEBRA AIT PART KIT PRINTHEAD 300 DPI ZE521 RH & LH","02 MED","2.0","9.0","10.999999999999998","35.0","77.0","0.0667","0.15","0.1222","0.2333","17"
"BOS3","NA","49960","USP","MDC100-050101 DRIVE","02 MED","0.0","0.0","0.0","0.0","1.0","0.0","0.0","0.0","0.0","0"
"BOS3","NA","N12270","USP","SMC Speed Control Valve: Elbow Fitting, Knob, 1/4 in/1/8 in Valve Body Size, 1/4 in Tube, Meter Out","02 MED","0.0","0.0","0.0","0.0","1.0","0.0","0.0","0.0","0.0","0"
"BOS3","NA","N37377","USP","SC300-2 SHOCK ABSORBER","02 MED","0.0","1.0","1.0","1.0","1.0","0.0","0.0167","0.0111","0.0067","2"
"BOS3","NA","N53951","USP","RADIAL BALL BEARING","02 MED","0.0","0.0","24.0","24.0","24.0","0.0","0.0","0.2667","0.16","1"
"BWI2","NA","1000078","USP","Sensor, proximity, SME-8M-DS-24V-K-0, 3-M8D","02 MED","0.0","0.0","0.0","1.0","2.0","0.0","0.0","0.0","0.0067","1"
"BWI2","NA","1002613","USP","VALVE, CHECK VALVE,ASSEMBLY:FLOW CONTROL W/ PILOT CHECK VALVE 1/4 TUBE WITH1/8 T","02 MED","0.0","0.0","0.0","6.0","6.0","0.0","0.0","0.0","0.04","2"
"BWI2","NA","10076","USP","UNWIND DANCER ARM UNWIND SPRING","03 LOW","0.0","0.0","0.0","1.0","1.0","0.0","0.0","0.0","0.0067","1"
"BWI2","NA","10090","USP","Shoulder Screw,18-8 Stainless Steel,3/8"""" Shoulder Dia., 1"""" Shoulder Length,5/16-18 Thread,PK2","02 MED","0.0","0.0","0.0","1.0","1.0","0.0","0.0","0.0","0.0067","1"
"BWI2","NA","1071515","USP","Radial/Deep Groove Ball Bearing - Round Bore, 25 mm ID, 42 mm OD, 9 mm Width, Double Shielded, Internal Clearance","02 MED","0.0","0.0","0.0","0.0","1.0","0.0","0.0","0.0","0.0","0"
"BWI2","NA","11424","USP","UNWIND BRAKE BAND CTM PM-BB1030","03 LOW","0.0","0.0","0.0","0.0","2.0","0.0","0.0","0.0","0.0","0"
"BWI2","NA","3025738","USP","COATED 9"" FOUR HOLE AIR ASSIST TUBE - MP-211-2230-9","02 MED","0.0","0.0","0.0","2.0","2.0","0.0","0.0","0.0","0.0133","2"
"BWI2","NA","49345","USP","ZEBRA AIT PART KIT PRINTHEAD 300 DPI ZE521 RH & LH","03 LOW","0.0","1.0","1.0","4.0","15.0","0.0","0.0167","0.0111","0.0267","3"
"BWI2","NA","76580","USP","PROGRAMMED MAPLE DISPLAY UNIT FOR 3600A APPLICATOR","02 MED","0.0","0.0","0.0","0.0","1.0","0.0","0.0","0.0","0.0","0"
"BWI2","NA","N12270","USP","SMC Speed Control Valve: Elbow Fitting, Knob, 1/4 in/1/8 in Valve Body Size, 1/4 in Tube, Meter Out","02 MED","1.0","1.0","3.0","4.0","11.0","0.0333","0.0167","0.0333","0.0267","3"
"BWI2","NA","N37377","USP","SC300-2 SHOCK ABSORBER","01 HIGH","0.0","0.0","0.0","0.0","2.0","0.0","0.0","0.0","0.0","0"
"CLE3","NA","103691","EcoPac","roll ø50x1,5 gravity","03 LOW","0.0","2.0","2.0","2.0","4.0","0.0","0.0333","0.0222","0.0133","1"
"CLE3","NA","1068918","URL","Zebra, P1112750-039, Platen/Pinch & Peel Rollers, LH/RH","01 HIGH","1.0","5.0","7.01","15.01","24.009999999999998","0.0333","0.0833","0.0779","0.1001","13"
"CLE3","NA","1069940","EcoPac","SENSOR LASER ANALOGIC LR-TB5000C","02 MED","0.0","0.0","0.0","0.0","1.0","0.0","0.0","0.0","0.0","0"
"CLE3","NA","1070075","EcoPac","ZEBRA, P1112750-010, PRINTHEAD ASSEMBLY, 300 DPI, LH/RH",,"0.0","0.0","0.0","0.0","12.01","0.0","0.0","0.0","0.0","0"
"CLE3","NA","1070514","URL","PNEUMATICS AIR CYLINDER ASSEMBLY ADN-50-5-I-P-A","02 MED","2.0","4.0","4.0","5.0","14.0","0.0667","0.0667","0.0444","0.0333","3"
"CLE3","NA","1070793","URL","contact block for e-stop switch","01 HIGH","0.0","0.0","0.0","0.0","6.0","0.0","0.0","0.0","0.0","0"
"CLE3","NA","1072130","URL","SHAWMUT, ATDR6, TIME DELAY, 6A, 600V","03 LOW","0.0","0.0","0.0","3.0","10.0","0.0","0.0","0.0","0.02","1"
"CLE3","NA","1116543","URL","TIME DELAY FUSE, AMP TRAP 2000® 20A, ATDR KLASSE CC","03 LOW","0.0","0.0","0.0","0.0","4.0","0.0","0.0","0.0","0.0","0"
"CLE3","NA","1119770","URL","LABELLERS IN POSITION PROXIMITY SENSOR","02 MED","0.0","0.0","0.0","0.0","2.0","0.0","0.0","0.0","0.0","0"
"CLE3","NA","1125233","URL","Siemens SITOP PSU300S Switched Mode DIN Rail Power Supply, 340 → 550V","03 LOW","0.0","0.0","0.0","0.0","2.0","0.0","0.0","0.0","0.0","0"
"CLE3","NA","11300","URL","SPST-NO Contact Block for 22mm Panel-Mount Metal Switch","01 HIGH","0.0","0.0","0.0","3.0","6.0","0.0","0.0","0.0","0.02","2"
"CLE3","NA","2031551","URL","Zebra ZE511 print head 300dpi ZE511 RH&L","02 MED","0.0","2.0","5.99","20.990000000000002","54.99","0.0","0.0333","0.0666","0.1399","19"
"CLE3","NA","2036642","URL","Peel Bracket Assembly ZE511 RH & LH","02 MED","2.02","6.02","8.02","8.02","14.020000000000001","0.0673","0.1003","0.0891","0.0535","11"
"CLE3","NA","2038966","URL","Zebra, Kit, Print Mechanism, ZE511 Left Hand","02 MED","0.0","0.0","0.0","1.0","7.0","0.0","0.0","0.0","0.0067","1"
"CLE3","NA","3008729","URL","Oldham coupling disk","02 MED","1.0","1.0","1.0","1.0","1.0","0.0333","0.0167","0.0111","0.0067","1"
"CLE3","NA","3008738","URL","Outer disc incl. locking hub","02 MED","0.0","1.0","1.0","2.0","5.0","0.0","0.0167","0.0111","0.0133","2"
"CLE3","NA","3008745","URL","BOARD 200041062","02 MED","0.0","0.0","0.0","0.0","1.0","0.0","0.0","0.0","0.0","0"
"CLE3","NA","3008761","URL","S80 motor assembly","02 MED","0.0","1.0","2.0","2.0","2.0","0.0","0.0167","0.0222","0.0133","2"
"CLE3","NA","3037854","EcoPac","FLANGIA D69X24 D29","02 MED","6.0","6.0","6.0","6.0","6.0","0.2","0.1","0.0667","0.04","2"
"CLE3","NA","3077262","URL","Slide films ‐ three sets of three","03 LOW","0.0","0.0","0.0","0.0","5.0","0.0","0.0","0.0","0.0","0"
"CLE3","NA","3077264","URL","SOCKETS_BALL_SET_12","03 LOW","0.0","0.0","0.0","0.0","4.0","0.0","0.0","0.0","0.0","0"
"CLE3","NA","3077265","URL","Springs ‐ set of 6","03 LOW","0.0","0.0","0.0","0.0","4.0","0.0","0.0","0.0","0.0","0"
"CLE3","NA","3077266","URL","Telescopic axis","03 LOW","1.0","1.0","1.0","1.0","1.0","0.0333","0.0167","0.0111","0.0067","1"
"CLE3","NA","3077267","URL","P6 ROBOT ARM ASSEMBLY","02 MED","0.0","0.0","0.0","0.0","1.0","0.0","0.0","0.0","0.0","0"
"CLE3","NA","3077271","URL","INTERLOCK SW. (FULLY CODED) 24VDC","03 LOW","0.0","0.0","0.0","0.0","2.0","0.0","0.0","0.0","0.0","0"
"CLE3","NA","3129284","URL","Encoder Roller","03 LOW","0.0","0.0","0.0","0.0","3.0","0.0","0.0","0.0","0.0","0"
"CLE3","NA","3129285","URL","RJ45 INDUSTRIAL PLUG 09451511100","03 LOW","0.0","0.0","0.0","0.0","1.0","0.0","0.0","0.0","0.0","0"
"CLE3","NA","3129286","URL","Encoder Roller Bearing","03 LOW","0.0","0.0","0.0","0.0","5.0","0.0","0.0","0.0","0.0","0"
"CLE3","NA","3129287","URL","Drive Roller Bearing","02 MED","0.0","0.0","0.0","0.0","6.0","0.0","0.0","0.0","0.0","0"
"CLE3","NA","3129289","URL","O RING, 10026407 BS1806-020 VMQ70","01 HIGH","24.0","24.0","24.0","24.0","72.0","0.8","0.4","0.2667","0.16","1"
"CLE3","NA","3129290","URL","Roller Table Assembly - LH","03 LOW","0.0","0.0","0.0","0.0","1.0","0.0","0.0","0.0","0.0","0"
"CLE3","NA","3129293","URL","Vacuum Generator","03 LOW","0.0","0.0","0.0","3.0","3.0","0.0","0.0","0.0","0.02","1"
"CLE3","NA","3129312","URL","ILLUMINATED ESTOP STATION","03 LOW","0.0","0.0","0.0","0.0","3.0","0.0","0.0","0.0","0.0","0"
"CLE3","NA","3129323","URL","CONTROL SYSTEM","03 LOW","0.0","0.0","0.0","0.0","2.0","0.0","0.0","0.0","0.0","0"
"CLE3","NA","3129347","URL","SWITCHING AUTOMATION LIGHT GRIDS SLG-2 (SLG10S-010SBR21D40)","01 HIGH","1.0","1.0","1.0","1.0","9.0","0.0333","0.0167","0.0111","0.0067","1"
"CLE3","NA","3288498","URL","Conveyor Belt","01 HIGH","1.0","3.0","3.0","3.0","12.0","0.0333","0.05","0.0333","0.02","3"
"CLE3","NA","3288501","URL","Tension Roller Assembly","01 HIGH","0.0","1.0","1.0","1.0","1.0","0.0","0.0167","0.0111","0.0067","1"
"CLE3","NA","3288502","URL","RJ45 INDUSTRIAL PLUG 09451511100","01 HIGH","2.0","2.0","2.0","2.0","5.0","0.0667","0.0333","0.0222","0.0133","2"
"CLE3","NA","3288503","URL","Drive Roller Bearing","01 HIGH","4.0","4.0","5.0","6.0","19.0","0.1333","0.0667","0.0556","0.04","4"
"CLE3","NA","3524503","EcoPac","STAFFA 101X15X15","02 MED","0.0","1.0","1.0","1.0","1.0","0.0","0.0167","0.0111","0.0067","1"
"CLE3","NA","3524530","EcoPac","ROD 835 X 30 X 8","02 MED","0.0","1.0","1.0","2.0","4.0","0.0","0.0167","0.0111","0.0133","2"
"CLE3","NA","3524548","EcoPac","STOP 200X18X8","02 MED","2.0","2.0","2.0","2.0","2.0","0.0667","0.0333","0.0222","0.0133","1"
"CLE3","NA","3524549","EcoPac","STOP 48.5X18X9","02 MED","2.0","2.0","2.0","2.0","2.0","0.0667","0.0333","0.0222","0.0133","1"
"CLE3","NA","3524550","EcoPac","STOP 211.5X18X8","02 MED","2.0","2.0","2.0","2.0","2.0","0.0667","0.0333","0.0222","0.0133","1"
"CLE3","NA","65023","URL","Zebra Kit Medien Führung ZE500 Serie","02 MED","0.0","0.0","0.0","0.0","3.0","0.0","0.0","0.0","0.0","0"
"CLE3","NA","69834","URL","OUTPUT TERMINAL-WAGO TYPE 750-530 FOR PLC10 SATELLITE PANEL","03 LOW","0.0","0.0","0.0","0.0","1.0","0.0","0.0","0.0","0.0","0"
"CLE3","NA","72899","URL","Zebra - P1046696-146, Extended Life Drive Belts","01 HIGH","2.0","2.0","2.0","3.0","9.0","0.0667","0.0333","0.0222","0.02","2"
"CLE3","NA","79667","EcoPac","RSSB ID 36637-1-POINT I/O Dual Port Network Adaptor","03 LOW","0.0","0.0","0.0","0.0","4.0","0.0","0.0","0.0","0.0","0"
"CLE3","NA","87441","URL","SITOP PSU300S/3AC/24VDC/20A","03 LOW","0.0","0.0","0.0","0.0","2.0","0.0","0.0","0.0","0.0","0"
"CLE3","NA","92775","URL","SERIES 7000 21"" X 5.85' (22 ROWS) TRANSVERSE ROLLER V3 GREY ACETAL WITH BLACK POLYURETHANE AND ORANGE WEAR RESISTANT ACETAL ROLLER AND WHITE NYLON AXLE BOXED BELT WITH NATURAL ABRASION RESISTANT RODS","01 HIGH","0.99","0.99","0.99","0.99","0.99","0.033","0.0165","0.011","0.0066","3"
"CLE3","NA","97607","URL","UL 489 CIRCUIT BREAKER, 3A, 1 POLE, CURVE C, 10KAIC @ 480/277VAC","03 LOW","0.0","0.0","0.0","0.0","1.0","0.0","0.0","0.0","0.0","0"
"CLE3","NA","C-1005","EcoPac","PHOTOCEL S45-PH-5-B03-PH","03 LOW","0.0","0.0","0.0","0.0","18.0","0.0","0.0","0.0","0.0","0"
"CLE3","NA","C-1020","EcoPac","PHOTOCEL S45-PH-5-B03-PH","02 MED","2.0","2.0","2.0","3.0","17.0","0.0667","0.0333","0.0222","0.02","2"
"CLE3","NA","C-1049","EcoPac","PHOTOCEL S45-PH-5-B03-PH","02 MED","3.0","3.0","5.0","6.0","8.0","0.1","0.05","0.0556","0.04","5"
"CLE3","NA","C-1083","EcoPac","PHOTOCEL S45-PH-5-B03-PH","02 MED","0.0","0.0","0.0","0.0","1.0","0.0","0.0","0.0","0.0","0"
"CLE3","NA","C-1087","EcoPac","YF8U14-050UA3XLEAX","01 HIGH","0.0","1.0","1.0","1.0","1.0","0.0","0.0167","0.0111","0.0067","1"
"CLE3","NA","C-1105","EcoPac","PHOTOCEL S45-PH-5-B03-PH","03 LOW","0.0","0.0","0.0","0.0","18.0","0.0","0.0","0.0","0.0","0"
"CLE3","NA","C-1163","EcoPac","FUSE, DELAY CLASS CC 600V 4AMP","02 MED","0.0","0.0","0.0","3.0","45.0","0.0","0.0","0.0","0.02","1"
"CLE3","NA","C-1165","EcoPac","FUSE,CLASS CC,600 VOLTS,10 AMPS","03 LOW","0.0","0.0","0.0","0.0","50.0","0.0","0.0","0.0","0.0","0"
"CLE3","NA","C-1167","EcoPac","FUSE,CLASS CC,600 VOLTS,6 AMPS","03 LOW","0.0","0.0","0.0","0.0","12.0","0.0","0.0","0.0","0.0","0"
"CLE3","NA","C-1204","EcoPac","PHOTOCEL S45-PH-5-B03-PH","03 LOW","0.0","0.0","0.0","0.0","1.0","0.0","0.0","0.0","0.0","0"
"CLE3","NA","C-1218","EcoPac","ND-PISTOLA MB2-BE00AIATTSSFP41-000000","01 HIGH","0.0","1.0","1.0","1.0","7.0","0.0","0.0167","0.0111","0.0067","2"
"CLE3","NA","C-1261","EcoPac","SOLID STATE RELAY","03 LOW","0.0","0.0","0.0","0.0","6.0","0.0","0.0","0.0","0.0","0"
"CLE3","NA","C-1304","EcoPac","SENSOR SMT-8M-A-PS-24V-E-0.3-N-M8D","01 HIGH","1.0","5.0","6.0","7.0","20.0","0.0333","0.0833","0.0667","0.0467","7"
"CLE3","NA","C-1350","EcoPac","SUCTION CUP V 25/CS SILICON","01 HIGH","49.0","206.0","231.0","376.0","776.0","1.6333","3.4333","2.5667","2.5067","7"
"CLE3","NA","C-1358","EcoPac","SUPPORT SUM  -10  H15  -M 6","01 HIGH","10.0","13.0","13.0","41.0","101.0","0.3333","0.2167","0.1444","0.2733","4"
"CLE3","NA","C-1413","EcoPac","SUPPORT SFT 20","03 LOW","0.0","0.0","0.0","2.0","12.0","0.0","0.0","0.0","0.0133","1"
"CLE3","NA","C-1639","EcoPac","FUSE ATQR20 20A CLASS CC TIME DELAY","03 LOW","0.0","0.0","0.0","0.0","50.0","0.0","0.0","0.0","0.0","0"
"CLE3","NA","C-1687","EcoPac","SHRINK DISK RCK13 25X50","02 MED","0.0","0.0","0.0","0.0","6.0","0.0","0.0","0.0","0.0","0"
"CLE3","NA","C-1723","EcoPac","PHOTOCEL S45-PH-5-B03-PH","02 MED","0.0","0.0","0.0","0.0","3.0","0.0","0.0","0.0","0.0","0"
"CLE3","NA","C-1804","EcoPac","REDUCER XC40 R 1: 7,5 PAM 14-105","03 LOW","0.0","0.0","0.0","2.0","4.0","0.0","0.0","0.0","0.0133","2"
"CLE3","NA","C-2040","EcoPac","SHRINK DISK RCK13 19X47","02 MED","0.0","0.0","0.0","0.0","7.0","0.0","0.0","0.0","0.0","0"
"CLE3","NA","C-2041","EcoPac","SHRINK DISC RCK13 20X47","03 LOW","0.0","0.0","0.0","1.0","7.0","0.0","0.0","0.0","0.0067","1"
"CLE3","NA","C-2042","EcoPac","SHRINK DISK RCK13 22X47","02 MED","0.0","0.0","0.0","1.0","6.0","0.0","0.0","0.0","0.0067","1"
"CLE3","NA","C-2049","EcoPac","PHOTOCEL S45-PH-5-B03-PH","01 HIGH","1.0","1.0","1.0","1.0","5.0","0.0333","0.0167","0.0111","0.0067","1"
"CLE3","NA","C-2307","EcoPac","PHOTOCEL S45-PH-5-B03-PH","02 MED","2.0","6.0","7.0","7.0","23.0","0.0667","0.1","0.0778","0.0467","4"
"CLE3","NA","C-2309","EcoPac","PHOTOCEL S45-PH-5-B03-PH","02 MED","1.0","1.0","1.0","1.0","20.0","0.0333","0.0167","0.0111","0.0067","1"
"CLE3","NA","C-2348","EcoPac","PHOTOCEL S45-PH-5-B03-PH","01 HIGH","2.0","2.0","2.0","2.0","2.0","0.0667","0.0333","0.0222","0.0133","1"
"CLE3","NA","C-2635","EcoPac","SLIDER  MGN  12 HZ0H","02 MED","0.0","0.0","0.0","0.0","11.0","0.0","0.0","0.0","0.0","0"
"CLE3","NA","C-2636","EcoPac","SPRING  D11X8.4 D1.5 N.7 SPIRE COMP","02 MED","9.0","9.0","9.0","9.0","9.0","0.3","0.15","0.1","0.06","1"
"CLE3","NA","C-2678","EcoPac","SERVOMOTOR VPL-B0633M-PJ12AA 1.3NM ASS/D","01 HIGH","0.0","4.0","4.0","4.0","9.0","0.0","0.0667","0.0444","0.0267","3"
"CLE3","NA","C-2721","EcoPac","PHOTOCEL S45-PH-5-B03-PH","02 MED","1.0","1.0","2.0","2.0","22.0","0.0333","0.0167","0.0222","0.0133","2"
"CLE3","NA","C-2723","EcoPac","PHOTOCEL S45-PH-5-B03-PH","02 MED","0.0","0.0","0.0","0.0","17.0","0.0","0.0","0.0","0.0","0"
"CLE3","NA","C-2760","EcoPac","TOOTHED BELT 375 5M-25 HTD","02 MED","0.0","0.0","0.0","0.0","2.0","0.0","0.0","0.0","0.0","0"
"CLE3","NA","C-2766","EcoPac","RID.XC 50 R 1:10 PAM 19-120","02 MED","0.0","0.0","0.0","0.0","1.0","0.0","0.0","0.0","0.0","0"
"CLE3","NA","C-2777","EcoPac","TOOTHED BELT 1790 5M-25 HTD","01 HIGH","0.0","0.0","0.0","0.0","1.0","0.0","0.0","0.0","0.0","0"
"CLE3","NA","C-2811","EcoPac","VENTOSA B20 D24 1 SOFFIETTO","01 HIGH","51.0","63.0","91.0","97.0","146.0","1.7","1.05","1.0111","0.6467","7"
"CLE3","NA","C-2824","EcoPac","PHOTOCEL S45-PH-5-B03-PH","02 MED","0.0","0.0","0.0","1.0","1.0","0.0","0.0","0.0","0.0067","1"
"CLE3","NA","C-2825","EcoPac","PHOTOCEL S45-PH-5-B03-PH","02 MED","1.0","1.0","1.0","2.0","2.0","0.0333","0.0167","0.0111","0.0133","2"
"CLE3","NA","C-2831","EcoPac","PHOTOCEL S45-PH-5-B03-PH","01 HIGH","0.0","1.0","2.0","5.0","7.0","0.0","0.0167","0.0222","0.0333","5"
"CLE3","NA","C-2832","EcoPac","PHOTOCEL S45-PH-5-B03-PH","01 HIGH","0.0","1.0","2.0","2.0","5.0","0.0","0.0167","0.0222","0.0133","2"
"CLE3","NA","C-2836","EcoPac","WHEEL D69X27 D47 FOLLE","02 MED","0.0","0.0","0.0","2.0","2.0","0.0","0.0","0.0","0.0133","2"
"CLE3","NA","C-2837","EcoPac","RUOTA D74X10 D33 MOTRICE","02 MED","1.0","2.0","3.0","3.0","4.0","0.0333","0.0333","0.0333","0.02","4"
"CLE3","NA","C-2843","EcoPac","PHOTOCEL S45-PH-5-B03-PH","01 HIGH","6.0","6.0","8.0","14.0","30.0","0.2","0.1","0.0889","0.0933","6"
"CLE3","NA","C-2844","EcoPac","PHOTOCEL S45-PH-5-B03-PH","02 MED","2.0","2.0","2.0","2.0","2.0","0.0667","0.0333","0.0222","0.0133","1"
"CLE3","NA","C-2855","EcoPac","PHOTOCEL S45-PH-5-B03-PH","02 MED","3.0","3.0","3.0","8.0","13.0","0.1","0.05","0.0333","0.0533","5"
"CLE3","NA","C-3033","EcoPac","PHOTOCELLS45-PH-5-B03-PH","02 MED","0.0","2.0","2.0","2.0","4.0","0.0","0.0333","0.0222","0.0133","1"
"CLE3","NA","C-3712","EcoPac","PHOTOCEL S45-PH-5-B03-PH","02 MED","0.0","0.0","0.0","0.0","6.0","0.0","0.0","0.0","0.0","0"
"CLE3","NA","C-3714","EcoPac","SPRING  VL VERDE DI-8 DE-16 L-25","02 MED","0.0","8.0","8.0","8.0","16.0","0.0","0.1333","0.0889","0.0533","1"
"CLE3","NA","C-3715","EcoPac","PHOTOCEL S45-PH-5-B03-PH","02 MED","0.0","3.0","4.0","4.0","12.0","0.0","0.05","0.0444","0.0267","3"
"CLE3","NA","C-3742","EcoPac","RUBBER ROLLER  D55X60    D42","02 MED","0.0","0.0","0.0","0.0","12.0","0.0","0.0","0.0","0.0","0"
"CLE3","NA","C-3745","EcoPac","SHAFT D 25X1472","02 MED","0.0","0.0","0.0","0.0","1.0","0.0","0.0","0.0","0.0","0"
"CLE3","NA","C-3750","EcoPac","PHOTOCEL S45-PH-5-B03-PH","02 MED","1.0","1.0","2.0","2.0","9.0","0.0333","0.0167","0.0222","0.0133","2"
"CLE3","NA","C-3755","EcoPac","WHEEL D69X19.3 D47 FOLLE","02 MED","0.0","0.0","0.0","0.0","12.0","0.0","0.0","0.0","0.0","0"
"CLE3","NA","C-3765","EcoPac","PHOTOCEL S45-PH-5-B03-PH","01 HIGH","1.0","2.0","4.0","4.0","20.0","0.0333","0.0333","0.0444","0.0267","3"
"CLE3","NA","C-3766","EcoPac","PHOTOCEL S45-PH-5-B03-PH","02 MED","0.0","3.0","3.0","6.0","10.0","0.0","0.05","0.0333","0.04","4"
"CLE3","NA","C-3783","EcoPac","PHOTOCEL S45-PH-5-B03-PH","02 MED","0.0","0.0","0.0","0.0","4.0","0.0","0.0","0.0","0.0","0"
"CLE3","NA","C-3786","EcoPac","SPRING-LOADED PRESSER KIT","02 MED","2.0","2.0","2.0","2.0","2.0","0.0667","0.0333","0.0222","0.0133","1"
"CLE3","NA","C-3787","EcoPac","SPRING-LOADED PRESSER KIT GREEN SPRING","02 MED","2.0","2.0","3.0","3.0","6.0","0.0667","0.0333","0.0333","0.02","2"
"CLE3","NA","C-3793","EcoPac","PHOTOCEL S45-PH-5-B03-PH","02 MED","0.0","0.0","1.0","1.0","1.0","0.0","0.0","0.0111","0.0067","1"
"CLE3","NA","C-3817","EcoPac","PHOTOCEL S45-PH-5-B03-PH","03 LOW","0.0","0.0","0.0","0.0","1.0","0.0","0.0","0.0","0.0","0"
"CLE3","NA","C-3857","EcoPac","TOOTHED BELT 480 8M-30 HTD","02 MED","1.0","1.0","2.0","2.0","7.0","0.0333","0.0167","0.0222","0.0133","2"
"CLE3","NA","N43532","EcoPac","ZERO-FORCE TOUCH BUTTON 800Z-GL2Q5","02 MED","1.0","2.0","2.0","2.0","5.0","0.0333","0.0333","0.0222","0.0133","2"
"DAB2","NA","1000078","USP","Sensor, proximity, SME-8M-DS-24V-K-0, 3-M8D","02 MED","0.0","2.0","2.0","3.0","7.0","0.0","0.0333","0.0222","0.02","4"
"DAB2","NA","1002613","USP","VALVE, CHECK VALVE,ASSEMBLY:FLOW CONTROL W/ PILOT CHECK VALVE 1/4 TUBE WITH1/8 T","02 MED","0.0","0.0","0.0","1.0","1.0","0.0","0.0","0.0","0.0067","1"
"DAB2","NA","1004322","USP","PUSHBUTTON METAL LATCH","02 MED","0.0","0.0","0.0","0.0","5.0","0.0","0.0","0.0","0.0","0"
"DAB2","NA","1061526","USP","SERVO DRVE AMP JR_AUTO JR0000549642","02 MED","0.0","1.0","5.0","7.0","7.0","0.0","0.0167","0.0556","0.0467","3"
"DAB2","NA","1061778","USP","RT-B1221","02 MED","0.0","0.0","0.0","0.0","1.0","0.0","0.0","0.0","0.0","0"
"DAB2","NA","10683","USP","WHEEL, WHEEL: LOAD ASSEMBLY","02 MED","1.0","2.0","2.0","4.0","6.0","0.0333","0.0333","0.0222","0.0267","5"
"DAB2","NA","1071515","USP","Radial/Deep Groove Ball Bearing - Round Bore, 25 mm ID, 42 mm OD, 9 mm Width, Double Shielded, Internal Clearance","02 MED","0.0","16.0","16.0","16.0","16.0","0.0","0.2667","0.1778","0.1067","1"
"DAB2","NA","11082","USP","SMART PACK FILTER REPLACEMENT  (PID)","02 MED","0.0","0.0","0.0","0.0","1.0","0.0","0.0","0.0","0.0","0"
"DAB2","NA","11424","USP","UNWIND BRAKE BAND CTM PM-BB1030","02 MED","2.0","2.0","2.0","2.0","2.0","0.0667","0.0333","0.0222","0.0133","1"
"DAB2","NA","129227","USP","F.O. AMPLIFIER FS-NEO",,"0.0","0.0","8.0","8.0","9.0","0.0","0.0","0.0889","0.0533","1"
"DAB2","NA","3015434","USP","SWIVEL GRIPPER HEAD","01 HIGH","5.0","5.0","10.0","10.0","10.0","0.1667","0.0833","0.1111","0.0667","5"
"DAB2","NA","3022950","USP","HORIZONTAL FRONT, POWERSONIC MATED M12 + LBO3K","01 HIGH","1.0","1.0","1.0","1.0","1.0","0.0333","0.0167","0.0111","0.0067","1"
"DAB2","NA","3022951","USP","RTD, PT100, DIA 3MM, L 18MM, 3","01 HIGH","1.0","1.0","1.0","1.0","1.0","0.0333","0.0167","0.0111","0.0067","1"
"DAB2","NA","3022969","USP","VERTICAL CARTRIDGE HEATER","01 HIGH","1.0","1.0","1.0","1.0","1.0","0.0333","0.0167","0.0111","0.0067","1"
"DAB2","NA","3022970","USP","CUTTING KNIFE ASSEMBLY","01 HIGH","0.0","1.0","1.0","1.0","1.0","0.0","0.0167","0.0111","0.0067","1"
"DAB2","NA","3037848","USP","LEFT VER HEATER CABLE ASSY","01 HIGH","1.0","1.0","1.0","1.0","1.0","0.0333","0.0167","0.0111","0.0067","1"
"DAB2","NA","3037852","USP","LEFT HOR HEATER CABLE ASSY","01 HIGH","1.0","1.0","1.0","1.0","1.0","0.0333","0.0167","0.0111","0.0067","1"
"DAB2","NA","3043376","USP","ZLD18-BFZ4B8 SIMPLE SENSE","02 MED","0.0","0.0","0.0","2.0","2.0","0.0","0.0","0.0","0.0133","1"
"DAB2","NA","3043388","USP","SENSOR REED PARA CILINDRO","02 MED","0.0","0.0","0.0","0.0","1.0","0.0","0.0","0.0","0.0","0"
"DAB2","NA","3043405","USP","SENSOR CABLE FEMALE 5-POLE M12 STRAIGHT A CODED TO OPEN END PUR BLACK 5M","02 MED","0.0","0.0","0.0","2.0","2.0","0.0","0.0","0.0","0.0133","1"
"DAB2","NA","3043407","USP","SICK IME2S Series Non-Flush Inductive Non-Contact Safety Switch, 24V dc, Nickel Plated Brass Housing, 2NO, M12","02 MED","0.0","1.0","1.0","1.0","1.0","0.0","0.0167","0.0111","0.0067","1"
"DAB2","NA","3043418","USP","350870-18-SPINDLE ASSY, 3"" IDLER, 18W","02 MED","0.0","0.0","0.0","2.0","2.0","0.0","0.0","0.0","0.0133","1"
"DAB2","NA","3043423","USP","FUSE,5 AMP,250V","02 MED","3.0","3.0","7.0","7.0","7.0","0.1","0.05","0.0778","0.0467","2"
"DAB2","NA","3043436","USP","Kinetix 5700 Servo Drive","02 MED","0.0","0.0","1.0","2.0","2.0","0.0","0.0","0.0111","0.0133","2"
"DAB2","NA","3466127","USP","SCANNER,BARCODE:DM363 SMARTPACK PRESENTATION READER","02 MED","0.0","0.0","0.0","2.0","2.0","0.0","0.0","0.0","0.0133","1"
"DAB2","NA","3466144","USP","SERVO DRIVE","01 HIGH","0.0","1.0","2.0","2.0","2.0","0.0","0.0167","0.0222","0.0133","2"
"DAB2","NA","3466243","USP","LEFT HORIZONTAL SEAL BAR ASSY","01 HIGH","1.0","1.0","1.0","1.0","1.0","0.0333","0.0167","0.0111","0.0067","1"
"DAB2","NA","49344","USP","Zebra ZE52163-R010000Z Print Engine","02 MED","1.0","1.0","1.0","1.0","6.0","0.0333","0.0167","0.0111","0.0067","1"
"DAB2","NA","49345","USP","ZEBRA AIT PART KIT PRINTHEAD 300 DPI ZE521 RH & LH","02 MED","0.0","0.0","0.0","2.0","5.0","0.0","0.0","0.0","0.0133","2"
"DAB2","NA","72902","USP","kit,motor assy, high speed...","02 MED","2.0","2.0","4.0","4.0","4.0","0.0667","0.0333","0.0444","0.0267","4"
"DAB2","NA","N12270","USP","SMC Speed Control Valve: Elbow Fitting, Knob, 1/4 in/1/8 in Valve Body Size, 1/4 in Tube, Meter Out","02 MED","0.0","0.0","0.0","0.0","1.0","0.0","0.0","0.0","0.0","0"
"DAB2","NA","N45907","USP","Valve flow control one way","02 MED","0.0","0.0","0.0","1.0","1.0","0.0","0.0","0.0","0.0067","1"
"DEN4","NA","10191","USP","THRUST BALL BEARING, 3/4"" ID X 1-5/16"" OD X 9/32"" HT., STEEL","01 HIGH","0.0","0.0","1.0","2.0","3.0","0.0","0.0","0.0111","0.0133","2"
"DEN4","NA","1061778","USP","RT-B1221","02 MED","1.0","1.0","1.0","1.0","1.0","0.0333","0.0167","0.0111","0.0067","1"
"DEN4","NA","1071515","USP","Radial/Deep Groove Ball Bearing - Round Bore, 25 mm ID, 42 mm OD, 9 mm Width, Double Shielded, Internal Clearance","02 MED","0.0","0.0","0.0","0.0","3.0","0.0","0.0","0.0","0.0","0"
"DEN4","NA","11147","USP","VHI425A-GV W/ GV4G6","01 HIGH","1.0","1.0","1.0","1.0","1.0","0.0333","0.0167","0.0111","0.0067","1"
"DEN4","NA","1124355","USP","FIXED DRAW ROLLER, SMART PAC","02 MED","0.0","0.0","0.0","0.0","1.0","0.0","0.0","0.0","0.0","0"
"DEN4","NA","11409","USP","TAMPA","02 MED","0.0","0.0","0.0","1.0","1.0","0.0","0.0","0.0","0.0067","1"
"DEN4","NA","11424","USP","UNWIND BRAKE BAND CTM PM-BB1030","01 HIGH","1.0","1.0","1.0","1.0","4.0","0.0333","0.0167","0.0111","0.0067","1"
"DEN4","NA","3015435","USP","VERTICAL JAW CABLE MANAGEMENT BACKING PLATE","01 HIGH","2.0","2.0","2.0","2.0","2.0","0.0667","0.0333","0.0222","0.0133","1"
"DEN4","NA","3022931","USP","MALE INSERT 5 PIN","01 HIGH","2.0","2.0","2.0","2.0","2.0","0.0667","0.0333","0.0222","0.0133","1"
"DEN4","NA","3022942","USP","CLAMP, LOOP NYLON 7/8"" X 1 1/2","01 HIGH","2.0","2.0","2.0","2.0","2.0","0.0667","0.0333","0.0222","0.0133","1"
"DEN4","NA","3022949","USP","MCMASTER ZIP TIE MOUNT","01 HIGH","2.0","2.0","2.0","2.0","2.0","0.0667","0.0333","0.0222","0.0133","1"
"DEN4","NA","3022951","USP","RTD, PT100, DIA 3MM, L 18MM, 3","01 HIGH","2.0","2.0","2.0","2.0","2.0","0.0667","0.0333","0.0222","0.0133","1"
"DEN4","NA","3022958","USP","DIVERT PLATE, TOP","01 HIGH","2.0","2.0","2.0","2.0","2.0","0.0667","0.0333","0.0222","0.0133","1"
"DEN4","NA","3022977","USP","GUIDED PNUEMATIC CYLINDER DFM-16-125-B-PPV-A-KF","01 HIGH","2.0","2.0","2.0","2.0","2.0","0.0667","0.0333","0.0222","0.0133","1"
"DEN4","NA","3022982","USP","LEFT ISOLATOR PLATE","01 HIGH","4.0","4.0","4.0","4.0","4.0","0.1333","0.0667","0.0444","0.0267","3"
"DEN4","NA","3022983","USP","RIGHT ISOLATOR PLATE","01 HIGH","6.0","6.0","6.0","6.0","6.0","0.2","0.1","0.0667","0.04","1"
"DEN4","NA","3022987","USP","IO-LINK MASTER, ETHERNET/IP INTERFACE, TOTAL IN- AND OUTPUTS: 16, 4X 2A OUTPUTS","01 HIGH","2.0","2.0","2.0","2.0","2.0","0.0667","0.0333","0.0222","0.0133","1"
"DEN4","NA","3031139","USP","RIGHT HORIZONTAL HEATER CABLE","01 HIGH","2.0","2.0","2.0","2.0","2.0","0.0667","0.0333","0.0222","0.0133","1"
"DEN4","NA","3032133","USP","COMPRESSION SPRING T=1.4 OD=20 ID=17","01 HIGH","12.0","12.0","12.0","12.0","12.0","0.4","0.2","0.1333","0.08","1"
"DEN4","NA","3037848","USP","LEFT VER HEATER CABLE ASSY","01 HIGH","2.0","2.0","2.0","2.0","2.0","0.0667","0.0333","0.0222","0.0133","1"
"DEN4","NA","3037849","USP","RIGHT VER HEATER CABLE ASSY","01 HIGH","2.0","2.0","2.0","2.0","2.0","0.0667","0.0333","0.0222","0.0133","1"
"DEN4","NA","3043368","USP","Sensor Cable, 5m Grey, M12 Female 4P Angled to Open Ended, Continuous Flex, PUR","02 MED","0.0","0.0","1.0","1.0","1.0","0.0","0.0","0.0111","0.0067","1"
"DEN4","NA","3043407","USP","SICK IME2S Series Non-Flush Inductive Non-Contact Safety Switch, 24V dc, Nickel Plated Brass Housing, 2NO, M12","01 HIGH","0.0","0.0","2.0","2.0","2.0","0.0","0.0","0.0222","0.0133","1"
"DEN4","NA","3208459","USP","FIELD ATTACHABLE CONNECTOR","02 MED","1.0","1.0","1.0","1.0","1.0","0.0333","0.0167","0.0111","0.0067","1"
"DEN4","NA","3361381","USP","Fork sensor","01 HIGH","2.0","2.0","2.0","2.0","2.0","0.0667","0.0333","0.0222","0.0133","1"
"DEN4","NA","3464199","USP","SENSOR, FIBER OPTIC THIN ZERO SPACE, SIDE VIEW TYP","01 HIGH","2.0","2.0","2.0","2.0","2.0","0.0667","0.0333","0.0222","0.0133","1"
"DEN4","NA","3466127","USP","SCANNER,BARCODE:DM363 SMARTPACK PRESENTATION READER","01 HIGH","2.0","2.0","2.0","2.0","2.0","0.0667","0.0333","0.0222","0.0133","1"
"DEN4","NA","3466145","USP","RIGHT HORIZONTAL SEAL BAR ASSY","01 HIGH","2.0","2.0","2.0","2.0","2.0","0.0667","0.0333","0.0222","0.0133","1"
"DEN4","NA","3466149","USP","PIVOT BLOCK","01 HIGH","2.0","2.0","2.0","2.0","2.0","0.0667","0.0333","0.0222","0.0133","1"
"DEN4","NA","3466153","USP","RIGHT VERTICAL SEAL BAR ASSY","01 HIGH","2.0","2.0","2.0","2.0","2.0","0.0667","0.0333","0.0222","0.0133","1"
"DEN4","NA","3466170","USP","DSNU, BORE 25MM, STROKE 100MM, DOUBLE ACTING, LATERAL AIR,","01 HIGH","2.0","2.0","2.0","2.0","2.0","0.0667","0.0333","0.0222","0.0133","1"
"DEN4","NA","3466223","USP","243TEETH 32 T5/1215","01 HIGH","2.0","2.0","2.0","2.0","2.0","0.0667","0.0333","0.0222","0.0133","1"
"DEN4","NA","3466243","USP","LEFT HORIZONTAL SEAL BAR ASSY","01 HIGH","2.0","2.0","2.0","2.0","2.0","0.0667","0.0333","0.0222","0.0133","1"
"DEN4","NA","3466248","USP","PRECISION LINEAR SHAFT, DIA 12","01 HIGH","2.0","2.0","2.0","2.0","2.0","0.0667","0.0333","0.0222","0.0133","1"
"DEN4","NA","3466251","USP","PIVOT BLOCK - LEFT HORIZONTAL","01 HIGH","2.0","2.0","2.0","2.0","2.0","0.0667","0.0333","0.0222","0.0133","1"
"DEN4","NA","3466258","USP","LEFT VERTICAL SEAL BAR ASSY","01 HIGH","2.0","2.0","2.0","2.0","2.0","0.0667","0.0333","0.0222","0.0133","1"
"DEN4","NA","3466261","USP","SHANK THREAD SIZE(M10X1.25), ID 10MM, JAW OPENING W 10MM,","01 HIGH","12.0","12.0","12.0","12.0","12.0","0.4","0.2","0.1333","0.08","1"
"DEN4","NA","3546294","USP","Kinetix VP Motor Cable, 4m","01 HIGH","1.0","1.0","1.0","1.0","1.0","0.0333","0.0167","0.0111","0.0067","1"
"DEN4","NA","49345","USP","ZEBRA AIT PART KIT PRINTHEAD 300 DPI ZE521 RH & LH","01 HIGH","7.0","9.0","11.0","11.0","24.009999999999998","0.2333","0.15","0.1222","0.0733","9"
"DEN4","NA","49346","USP","ZEBRA AIT PART KIT PLATEN, PINCH, & PEEL ROLLERS ZE521 RH & LH","01 HIGH","0.0","0.0","0.0","0.0","5.0","0.0","0.0","0.0","0.0","0"
"DEN4","NA","49960","USP","MDC100-050101 DRIVE","01 HIGH","0.0","0.0","0.0","0.0","2.0","0.0","0.0","0.0","0.0","0"
"DEN4","NA","61591","USP","TUBE FITTING, M5 TO 4MM","02 MED","0.0","0.0","0.0","0.0","2.0","0.0","0.0","0.0","0.0","0"
"DEN4","NA","N12270","USP","SMC Speed Control Valve: Elbow Fitting, Knob, 1/4 in/1/8 in Valve Body Size, 1/4 in Tube, Meter Out","01 HIGH","0.0","0.0","0.0","2.0","4.0","0.0","0.0","0.0","0.0133","2"
"DEN4","NA","N37377","USP","SC300-2 SHOCK ABSORBER","02 MED","0.0","0.0","0.0","0.0","1.0","0.0","0.0","0.0","0.0","0"
"DET6","NA","1000078","USP","Sensor, proximity, SME-8M-DS-24V-K-0, 3-M8D","01 HIGH","7.0","7.0","8.0","8.0","12.0","0.2333","0.1167","0.0889","0.0533","5"
"DET6","NA","1001191","USP","VPL-B1003F-PJ12AA SERVO MOTOR","02 MED","0.0","3.0","3.0","3.0","3.0","0.0","0.05","0.0333","0.02","1"
"DET6","NA","1001803","USP","Switch, Auxiliary, Supplementary Protector Accessory","02 MED","0.0","0.0","2.0","2.0","2.0","0.0","0.0","0.0222","0.0133","1"
"DET6","NA","1002613","USP","VALVE, CHECK VALVE,ASSEMBLY:FLOW CONTROL W/ PILOT CHECK VALVE 1/4 TUBE WITH1/8 T","01 HIGH","0.0","0.0","0.0","0.0","1.0","0.0","0.0","0.0","0.0","0"
"DET6","NA","1004322","USP","PUSHBUTTON METAL LATCH","02 MED","0.0","0.0","16.0","16.0","16.0","0.0","0.0","0.1778","0.1067","1"
"DET6","NA","10076","USP","UNWIND DANCER ARM UNWIND SPRING","02 MED","0.0","0.0","2.0","2.0","7.0","0.0","0.0","0.0222","0.0133","1"
"DET6","NA","1060925","USP","RING-GRIP QUICK-RELEASE PIN","01 HIGH","2.0","2.0","2.0","2.0","2.0","0.0667","0.0333","0.0222","0.0133","1"
"DET6","NA","1063086","USP","SWITCH 2VDC PNP 0.5M LEAD M8 C","02 MED","1.0","1.0","4.0","4.0","4.0","0.0333","0.0167","0.0444","0.0267","2"
"DET6","NA","10683","USP","WHEEL, WHEEL: LOAD ASSEMBLY","01 HIGH","2.0","2.0","4.0","5.0","9.0","0.0667","0.0333","0.0444","0.0333","6"
"DET6","NA","1071516","USP","REPLACEMENT BELT – 18”W FOR CO","01 HIGH","1.0","1.0","1.0","1.0","1.0","0.0333","0.0167","0.0111","0.0067","1"
"DET6","NA","1113249","USP","URGU48R1-04090N","02 MED","2.0","2.0","4.0","4.0","6.0","0.0667","0.0333","0.0444","0.0267","2"
"DET6","NA","11147","USP","VHI425A-GV W/ GV4G6","01 HIGH","2.0","2.0","4.0","4.0","5.0","0.0667","0.0333","0.0444","0.0267","2"
"DET6","NA","1124355","USP","FIXED DRAW ROLLER, SMART PAC","02 MED","0.0","0.0","2.0","2.0","2.0","0.0","0.0","0.0222","0.0133","2"
"DET6","NA","11424","USP","UNWIND BRAKE BAND CTM PM-BB1030","01 HIGH","0.0","0.0","2.0","2.0","7.0","0.0","0.0","0.0222","0.0133","1"
"DET6","NA","3015434","USP","SWIVEL GRIPPER HEAD","01 HIGH","5.0","5.0","5.0","5.0","5.0","0.1667","0.0833","0.0556","0.0333","3"
"DET6","NA","3022945","USP","VERTICAL BOTTOM LOAD CELL","01 HIGH","1.0","1.0","1.0","1.0","1.0","0.0333","0.0167","0.0111","0.0067","1"
"DET6","NA","3022970","USP","CUTTING KNIFE ASSEMBLY","01 HIGH","1.0","1.0","1.0","1.0","1.0","0.0333","0.0167","0.0111","0.0067","1"
"DET6","NA","3025738","USP","COATED 9"" FOUR HOLE AIR ASSIST TUBE - MP-211-2230-9","02 MED","0.0","0.0","0.0","2.0","2.0","0.0","0.0","0.0","0.0133","1"
"DET6","NA","3037848","USP","LEFT VER HEATER CABLE ASSY","01 HIGH","2.0","2.0","2.0","2.0","2.0","0.0667","0.0333","0.0222","0.0133","2"
"DET6","NA","3043423","USP","FUSE,5 AMP,250V","01 HIGH","2.0","2.0","2.0","2.0","2.0","0.0667","0.0333","0.0222","0.0133","1"
"DET6","NA","3466258","USP","LEFT VERTICAL SEAL BAR ASSY","01 HIGH","3.0","3.0","3.0","3.0","3.0","0.1","0.05","0.0333","0.02","3"
"DET6","NA","49344","USP","Zebra ZE52163-R010000Z Print Engine","02 MED","0.0","0.0","2.0","2.0","4.0","0.0","0.0","0.0222","0.0133","3"
"DET6","NA","49345","USP","ZEBRA AIT PART KIT PRINTHEAD 300 DPI ZE521 RH & LH","01 HIGH","2.0","4.0","16.0","24.0","58.989999999999995","0.0667","0.0667","0.1778","0.16","25"
"DET6","NA","49346","USP","ZEBRA AIT PART KIT PLATEN, PINCH, & PEEL ROLLERS ZE521 RH & LH","01 HIGH","2.0","3.0","20.0","21.0","27.0","0.0667","0.05","0.2222","0.14","9"
"DET6","NA","49960","USP","MDC100-050101 DRIVE","01 HIGH","0.0","0.0","1.0","1.0","2.0","0.0","0.0","0.0111","0.0067","1"
"DET6","NA","61591","USP","TUBE FITTING, M5 TO 4MM","02 MED","0.0","0.0","11.0","11.0","11.0","0.0","0.0","0.1222","0.0733","1"
"DET6","NA","72902","USP","kit,motor assy, high speed...","03 LOW","0.0","0.0","2.0","2.0","4.0","0.0","0.0","0.0222","0.0133","2"
"DET6","NA","816958","USP","IN-SIGHT STD. POWER & I/O BREAKOUT CABLE, 5M (15')","02 MED","0.0","0.0","0.0","4.99","4.99","0.0","0.0","0.0","0.0333","3"
"DET6","NA","N12270","USP","SMC Speed Control Valve: Elbow Fitting, Knob, 1/4 in/1/8 in Valve Body Size, 1/4 in Tube, Meter Out","01 HIGH","0.0","0.0","0.0","0.0","1.0","0.0","0.0","0.0","0.0","0"
"DET6","NA","N24793","USP","Slim Electromechanical Relay, SPDT, 6A,24VDC, PCB Terminal, 34 Series","01 HIGH","0.0","1.0","1.0","1.0","1.0","0.0","0.0167","0.0111","0.0067","1"
"DET6","NA","N37377","USP","SC300-2 SHOCK ABSORBER","02 MED","0.0","0.0","1.0","1.0","3.0","0.0","0.0","0.0111","0.0067","2"
"DET6","NA","N41977","USP","R SERIES BEARING - .750 X 1.625 X .437","02 MED","0.0","0.0","3.0","3.0","10.0","0.0","0.0","0.0333","0.02","1"
"DET6","NA","N54020","USP","STOPPER BOLT, M6X1.0, L 20MM, WITH HEX SOCKET TIP, STRAIGHT TYPE, BUMPER URETHAN","03 LOW","0.0","0.0","3.0","3.0","3.0","0.0","0.0","0.0333","0.02","1"
"DUS4","EU","1000078","USP","Sensor, proximity, SME-8M-DS-24V-K-0, 3-M8D","01 HIGH","2.0","2.0","2.0","2.0","2.0","0.0667","0.0333","0.0222","0.0133","1"
"DUS4","EU","107980","USP","X CODE M12X8 TO RJ45 CBL","01 HIGH","6.0","6.0","6.0","6.0","21.0","0.2","0.1","0.0667","0.04","1"
"DUS4","EU","132054","USP","ZEBRA - P1046696-146, EXTENDED LIFE DRIVE BELTS, ZE500/ZE511, HTC 8443.99.2550 C","02 MED","0.0","0.0","0.0","0.0","4.0","0.0","0.0","0.0","0.0","0"
"DUS4","EU","20076","USP","SKF 6004-2RSH/C3 1-reihig Kugellager glatt, Innen-Ø 20 mm / Außen-Ø 42 mm Außen-ø , Breite 12 mm","03 LOW","0.0","0.0","0.0","6.0","24.0","0.0","0.0","0.0","0.04","1"
"DUS4","EU","3022934","USP","SMC Shock Absorber, RBC1007, 46.7 mm Body Length, 63.7 mm Body Length, M10 x 1 Thread Size","01 HIGH","6.0","6.0","6.0","6.0","6.0","0.2","0.1","0.0667","0.04","3"
"DUS4","EU","3022970","USP","CUTTING KNIFE ASSEMBLY","01 HIGH","2.0","5.0","5.0","5.0","5.0","0.0667","0.0833","0.0556","0.0333","5"
"DUS4","EU","3022983","USP","RIGHT ISOLATOR PLATE","03 LOW","4.0","4.0","4.0","4.0","4.0","0.1333","0.0667","0.0444","0.0267","1"
"DUS4","EU","3022984","USP","8MM X 14MM LOW SOCKET HEAD MACHINE SCREWS (OR BLACK OXIDE EQUIVALENT)","02 MED","2.0","2.0","2.0","2.0","2.0","0.0667","0.0333","0.0222","0.0133","1"
"DUS4","EU","3043376","USP","ZLD18-BFZ4B8 SIMPLE SENSE","02 MED","0.0","0.0","0.0","1.0","1.0","0.0","0.0","0.0","0.0067","1"
"DUS4","EU","3043387","USP","FIBRE UNIT / THRUBEAM TYPE THIN, FLAT-ON SIDE VIEW","01 HIGH","0.0","0.0","0.0","0.0","2.0","0.0","0.0","0.0","0.0","0"
"DUS4","EU","3043388","USP","SENSOR REED PARA CILINDRO","02 MED","4.0","5.0","8.0","8.0","8.0","0.1333","0.0833","0.0889","0.0533","9"
"DUS4","EU","3043389","USP","MOTOR CABLE FOR D-MAX CONTROLLER 1M LENGTH","02 MED","1.0","1.0","1.0","1.0","1.0","0.0333","0.0167","0.0111","0.0067","1"
"DUS4","EU","3043407","USP","SICK IME2S Series Non-Flush Inductive Non-Contact Safety Switch, 24V dc, Nickel Plated Brass Housing, 2NO, M12","02 MED","2.0","4.0","7.0","11.0","15.0","0.0667","0.0667","0.0778","0.0733","6"
"DUS4","EU","3466127","USP","SCANNER,BARCODE:DM363 SMARTPACK PRESENTATION READER","01 HIGH","0.0","1.0","1.0","1.0","1.0","0.0","0.0167","0.0111","0.0067","2"
"DUS4","EU","61591","USP","TUBE FITTING, M5 TO 4MM","03 LOW","2.0","2.0","2.0","2.0","2.0","0.0667","0.0333","0.0222","0.0133","1"
"DUS4","EU","N45907","USP","Valve flow control one way","01 HIGH","4.0","4.0","4.0","4.0","4.0","0.1333","0.0667","0.0444","0.0267","1"
"DUS4","EU","N53951","USP","RADIAL BALL BEARING","01 HIGH","14.0","14.0","14.0","14.0","14.0","0.4667","0.2333","0.1556","0.0933","2"
"ELP1","NA","1001191","USP","VPL-B1003F-PJ12AA SERVO MOTOR","01 HIGH","0.0","0.0","0.0","0.0","2.0","0.0","0.0","0.0","0.0","0"
"ELP1","NA","10683","USP","WHEEL, WHEEL: LOAD ASSEMBLY","02 MED","0.0","2.0","6.0","7.0","39.0","0.0","0.0333","0.0667","0.0467","3"
"ELP1","NA","1071516","USP","REPLACEMENT BELT – 18”W FOR CO","02 MED","0.0","0.0","0.0","0.0","1.0","0.0","0.0","0.0","0.0","0"
"ELP1","NA","11424","USP","UNWIND BRAKE BAND CTM PM-BB1030","02 MED","0.0","0.0","0.0","2.0","2.0","0.0","0.0","0.0","0.0133","1"
"ELP1","NA","3022934","USP","SMC Shock Absorber, RBC1007, 46.7 mm Body Length, 63.7 mm Body Length, M10 x 1 Thread Size","02 MED","2.0","4.0","19.0","19.0","19.0","0.0667","0.0667","0.2111","0.1267","3"
"ELP1","NA","3022941","USP","VERTICAL TOP, POWERSONIC MATED M12 + LBO2K","02 MED","1.0","6.0","7.0","8.0","8.0","0.0333","0.1","0.0778","0.0533","6"
"ELP1","NA","3022944","USP","CAPTIVE GUARDING SCREWS","01 HIGH","23.0","23.0","23.0","23.0","23.0","0.7667","0.3833","0.2556","0.1533","1"
"ELP1","NA","3022945","USP","VERTICAL BOTTOM LOAD CELL","02 MED","5.0","5.0","5.0","5.0","5.0","0.1667","0.0833","0.0556","0.0333","2"
"ELP1","NA","3022949","USP","MCMASTER ZIP TIE MOUNT","01 HIGH","2.0","2.0","2.0","2.0","2.0","0.0667","0.0333","0.0222","0.0133","1"
"ELP1","NA","3022978","USP","LIDAR SENSOR PICS150-01000 core 1","02 MED","0.0","0.0","2.0","2.0","2.0","0.0","0.0","0.0222","0.0133","2"
"ELP1","NA","3022982","USP","LEFT ISOLATOR PLATE","02 MED","3.0","3.0","3.0","3.0","3.0","0.1","0.05","0.0333","0.02","1"
"ELP1","NA","3022984","USP","8MM X 14MM LOW SOCKET HEAD MACHINE SCREWS (OR BLACK OXIDE EQUIVALENT)","01 HIGH","2.0","2.0","2.0","2.0","2.0","0.0667","0.0333","0.0222","0.0133","1"
"ELP1","NA","3037848","USP","LEFT VER HEATER CABLE ASSY",,"1.0","1.0","1.0","1.0","1.0","0.0333","0.0167","0.0111","0.0067","1"
"ELP1","NA","3464199","USP","SENSOR, FIBER OPTIC THIN ZERO SPACE, SIDE VIEW TYP","02 MED","0.0","0.0","1.0","1.0","1.0","0.0","0.0","0.0111","0.0067","1"
"ELP1","NA","3466149","USP","PIVOT BLOCK","01 HIGH","1.0","1.0","1.0","1.0","1.0","0.0333","0.0167","0.0111","0.0067","1"
"ELP1","NA","3466170","USP","DSNU, BORE 25MM, STROKE 100MM, DOUBLE ACTING, LATERAL AIR,","01 HIGH","0.0","1.0","1.0","1.0","1.0","0.0","0.0167","0.0111","0.0067","1"
"ELP1","NA","3466258","USP","LEFT VERTICAL SEAL BAR ASSY","01 HIGH","1.0","1.0","1.0","1.0","1.0","0.0333","0.0167","0.0111","0.0067","1"
"ELP1","NA","49346","USP","ZEBRA AIT PART KIT PLATEN, PINCH, & PEEL ROLLERS ZE521 RH & LH","02 MED","0.0","0.0","0.0","1.0","1.0","0.0","0.0","0.0","0.0067","1"
"ELP1","NA","49960","USP","MDC100-050101 DRIVE","01 HIGH","0.0","0.0","0.0","0.0","4.0","0.0","0.0","0.0","0.0","0"
"ELP1","NA","72902","USP","kit,motor assy, high speed...","01 HIGH","1.0","1.0","1.0","1.0","1.0","0.0333","0.0167","0.0111","0.0067","1"
"ELP1","NA","N24793","USP","Slim Electromechanical Relay, SPDT, 6A,24VDC, PCB Terminal, 34 Series","01 HIGH","0.0","0.0","0.0","0.0","1.0","0.0","0.0","0.0","0.0","0"
"ELP1","NA","N37377","USP","SC300-2 SHOCK ABSORBER","02 MED","0.0","0.0","0.0","0.0","1.0","0.0","0.0","0.0","0.0","0"
"EMA2","EU","107980","USP","X CODE M12X8 TO RJ45 CBL","01 HIGH","1.0","1.0","1.0","1.0","1.0","0.0333","0.0167","0.0111","0.0067","1"
"EMA2","EU","132054","USP","ZEBRA - P1046696-146, EXTENDED LIFE DRIVE BELTS, ZE500/ZE511, HTC 8443.99.2550 C","02 MED","0.0","1.0","1.0","4.0","4.0","0.0","0.0167","0.0111","0.0267","3"
"EMA2","EU","3022934","USP","SMC Shock Absorber, RBC1007, 46.7 mm Body Length, 63.7 mm Body Length, M10 x 1 Thread Size","01 HIGH","2.0","2.0","2.0","2.0","2.0","0.0667","0.0333","0.0222","0.0133","2"
"EMA2","EU","3022970","USP","CUTTING KNIFE ASSEMBLY","01 HIGH","2.0","2.0","2.0","2.0","2.0","0.0667","0.0333","0.0222","0.0133","1"
"EMA2","EU","72902","USP","kit,motor assy, high speed...","01 HIGH","1.0","1.0","1.0","1.0","1.0","0.0333","0.0167","0.0111","0.0067","1"
"FSD1","NA","1002613","USP","VALVE, CHECK VALVE,ASSEMBLY:FLOW CONTROL W/ PILOT CHECK VALVE 1/4 TUBE WITH1/8 T","02 MED","0.0","1.0","1.0","1.0","4.0","0.0","0.0167","0.0111","0.0067","2"
"FSD1","NA","1061778","USP","RT-B1221","01 HIGH","0.0","0.0","3.0","4.0","5.0","0.0","0.0","0.0333","0.0267","4"
"FSD1","NA","10683","USP","WHEEL, WHEEL: LOAD ASSEMBLY","02 MED","0.0","0.0","0.0","0.0","1.0","0.0","0.0","0.0","0.0","0"
"FSD1","NA","1071515","USP","Radial/Deep Groove Ball Bearing - Round Bore, 25 mm ID, 42 mm OD, 9 mm Width, Double Shielded, Internal Clearance","02 MED","0.0","0.0","0.0","0.0","4.0","0.0","0.0","0.0","0.0","0"
"FSD1","NA","3015435","USP","VERTICAL JAW CABLE MANAGEMENT BACKING PLATE","01 HIGH","1.0","1.0","1.0","1.0","1.0","0.0333","0.0167","0.0111","0.0067","1"
"FSD1","NA","3466147","USP","COMPACT CYLINDER ADN-32-25-I-P-A-S2","01 HIGH","1.0","1.0","1.0","1.0","1.0","0.0333","0.0167","0.0111","0.0067","1"
"FSD1","NA","49345","USP","ZEBRA AIT PART KIT PRINTHEAD 300 DPI ZE521 RH & LH","01 HIGH","2.01","3.01","4.01","4.01","4.01","0.067","0.0502","0.0446","0.0267","5"
"FSD1","NA","72902","USP","kit,motor assy, high speed...","01 HIGH","0.0","3.0","4.0","5.0","5.0","0.0","0.05","0.0444","0.0333","7"
"FSD1","NA","N24793","USP","Slim Electromechanical Relay, SPDT, 6A,24VDC, PCB Terminal, 34 Series","01 HIGH","1.0","1.0","1.0","1.0","1.0","0.0333","0.0167","0.0111","0.0067","1"
"FSD1","NA","N37377","USP","SC300-2 SHOCK ABSORBER","02 MED","0.0","0.0","0.0","1.0","3.0","0.0","0.0","0.0","0.0067","1"
"FSD1","NA","N45907","USP","Valve flow control one way","02 MED","0.0","0.0","0.0","0.0","3.0","0.0","0.0","0.0","0.0","0"
"GEG1","NA","1001803","USP","Switch, Auxiliary, Supplementary Protector Accessory","02 MED","0.0","0.0","0.0","2.0","2.0","0.0","0.0","0.0","0.0133","1"
"GEG1","NA","10191","USP","THRUST BALL BEARING, 3/4"" ID X 1-5/16"" OD X 9/32"" HT., STEEL","02 MED","0.0","3.0","3.0","5.0","10.0","0.0","0.05","0.0333","0.0333","5"
"GEG1","NA","1060925","USP","RING-GRIP QUICK-RELEASE PIN","01 HIGH","2.0","2.0","2.0","2.0","2.0","0.0667","0.0333","0.0222","0.0133","1"
"GEG1","NA","10683","USP","WHEEL, WHEEL: LOAD ASSEMBLY","01 HIGH","0.0","1.0","2.0","3.0","8.0","0.0","0.0167","0.0222","0.02","3"
"GEG1","NA","1124355","USP","FIXED DRAW ROLLER, SMART PAC","02 MED","0.0","0.0","0.0","1.01","1.01","0.0","0.0","0.0","0.0067","2"
"GEG1","NA","1124729","USP","Pan and Tilt Camera Mount PTU-BE","01 HIGH","2.0","2.0","2.0","2.0","2.0","0.0667","0.0333","0.0222","0.0133","1"
"GEG1","NA","226234","USP","SERIAL RS232 TO USB CONVERTER","02 MED","0.0","0.0","0.0","1.0","3.0","0.0","0.0","0.0","0.0067","1"
"GEG1","NA","3022934","USP","SMC Shock Absorber, RBC1007, 46.7 mm Body Length, 63.7 mm Body Length, M10 x 1 Thread Size","01 HIGH","10.0","10.0","10.0","10.0","10.0","0.3333","0.1667","0.1111","0.0667","4"
"GEG1","NA","3022941","USP","VERTICAL TOP, POWERSONIC MATED M12 + LBO2K","01 HIGH","1.0","1.0","1.0","1.0","1.0","0.0333","0.0167","0.0111","0.0067","1"
"GEG1","NA","3022944","USP","CAPTIVE GUARDING SCREWS","01 HIGH","13.0","13.0","13.0","13.0","13.0","0.4333","0.2167","0.1444","0.0867","1"
"GEG1","NA","3022953","USP","GUARDING T-BLOCK","01 HIGH","25.0","25.0","25.0","25.0","25.0","0.8333","0.4167","0.2778","0.1667","1"
"GEG1","NA","3022956","USP","ROTATED CABLE EXIT VERTICAL LOAD CELL HOLDER BLOCK","01 HIGH","2.0","2.0","2.0","2.0","2.0","0.0667","0.0333","0.0222","0.0133","1"
"GEG1","NA","3022967","USP","ZIP TIES, STANDARD","01 HIGH","1.0","1.0","1.0","1.0","1.0","0.0333","0.0167","0.0111","0.0067","1"
"GEG1","NA","3022971","USP","FAST CONNECTION-PEG","01 HIGH","2.0","2.0","2.0","2.0","2.0","0.0667","0.0333","0.0222","0.0133","1"
"GEG1","NA","3022984","USP","8MM X 14MM LOW SOCKET HEAD MACHINE SCREWS (OR BLACK OXIDE EQUIVALENT)","01 HIGH","2.0","2.0","2.0","2.0","2.0","0.0667","0.0333","0.0222","0.0133","1"
"GEG1","NA","3025738","USP","COATED 9"" FOUR HOLE AIR ASSIST TUBE - MP-211-2230-9","02 MED","0.0","0.0","0.0","2.0","2.0","0.0","0.0","0.0","0.0133","1"
"GEG1","NA","3032133","USP","COMPRESSION SPRING T=1.4 OD=20 ID=17","01 HIGH","12.0","12.0","12.0","12.0","12.0","0.4","0.2","0.1333","0.08","2"
"GEG1","NA","3037850","USP","ZIP TIES, STANDARD","01 HIGH","1.0","1.0","1.0","1.0","1.0","0.0333","0.0167","0.0111","0.0067","1"
"GEG1","NA","3043423","USP","FUSE,5 AMP,250V","02 MED","2.0","2.0","2.0","2.0","2.0","0.0667","0.0333","0.0222","0.0133","1"
"GEG1","NA","3208459","USP","FIELD ATTACHABLE CONNECTOR","02 MED","1.0","1.0","1.0","1.0","1.0","0.0333","0.0167","0.0111","0.0067","1"
"GEG1","NA","3464199","USP","SENSOR, FIBER OPTIC THIN ZERO SPACE, SIDE VIEW TYP","01 HIGH","2.0","2.0","2.0","2.0","2.0","0.0667","0.0333","0.0222","0.0133","1"
"GEG1","NA","3466132","USP","PNUEMATIC FITTING","01 HIGH","2.0","2.0","2.0","2.0","2.0","0.0667","0.0333","0.0222","0.0133","1"
"GEG1","NA","3466147","USP","COMPACT CYLINDER ADN-32-25-I-P-A-S2","01 HIGH","2.0","2.0","2.0","2.0","2.0","0.0667","0.0333","0.0222","0.0133","1"
"GEG1","NA","3466149","USP","PIVOT BLOCK","01 HIGH","2.0","2.0","2.0","2.0","2.0","0.0667","0.0333","0.0222","0.0133","1"
"GEG1","NA","3466191","USP","ROD COUPLER, M10X1.25, STEEL (","01 HIGH","2.0","2.0","2.0","2.0","2.0","0.0667","0.0333","0.0222","0.0133","1"
"GEG1","NA","3466223","USP","243TEETH 32 T5/1215","01 HIGH","2.0","2.0","2.0","2.0","2.0","0.0667","0.0333","0.0222","0.0133","1"
"GEG1","NA","3466248","USP","PRECISION LINEAR SHAFT, DIA 12","01 HIGH","2.0","2.0","2.0","2.0","2.0","0.0667","0.0333","0.0222","0.0133","1"
"GEG1","NA","3466251","USP","PIVOT BLOCK - LEFT HORIZONTAL","01 HIGH","2.0","2.0","2.0","2.0","2.0","0.0667","0.0333","0.0222","0.0133","1"
"GEG1","NA","3466261","USP","SHANK THREAD SIZE(M10X1.25), ID 10MM, JAW OPENING W 10MM,","01 HIGH","12.0","12.0","12.0","12.0","12.0","0.4","0.2","0.1333","0.08","1"
"GEG1","NA","N24793","USP","Slim Electromechanical Relay, SPDT, 6A,24VDC, PCB Terminal, 34 Series","01 HIGH","0.0","0.0","0.0","2.0","2.0","0.0","0.0","0.0","0.0133","1"
"GEG1","NA","N37377","USP","SC300-2 SHOCK ABSORBER","02 MED","0.0","0.0","0.0","0.0","5.0","0.0","0.0","0.0","0.0","0"
"HOU6","NA","1001803","USP","Switch, Auxiliary, Supplementary Protector Accessory","02 MED","0.0","0.0","0.0","0.0","1.0","0.0","0.0","0.0","0.0","0"
"HOU6","NA","10191","USP","THRUST BALL BEARING, 3/4"" ID X 1-5/16"" OD X 9/32"" HT., STEEL","01 HIGH","0.0","0.0","1.0","2.0","4.0","0.0","0.0","0.0111","0.0133","2"
"HOU6","NA","1061526","USP","SERVO DRVE AMP JR_AUTO JR0000549642","02 MED","0.0","0.0","0.0","1.0","1.0","0.0","0.0","0.0","0.0067","1"
"HOU6","NA","1116318","USP","ULTRASONIC SENSOR, PICO+","02 MED","0.0","0.0","0.0","0.0","4.0","0.0","0.0","0.0","0.0","0"
"HOU6","NA","1124355","USP","FIXED DRAW ROLLER, SMART PAC","02 MED","0.0","0.0","2.0","2.0","3.0","0.0","0.0","0.0222","0.0133","2"
"HOU6","NA","3015434","USP","SWIVEL GRIPPER HEAD","03 LOW","2.0","2.0","2.0","2.0","2.0","0.0667","0.0333","0.0222","0.0133","1"
"HOU6","NA","3022934","USP","SMC Shock Absorber, RBC1007, 46.7 mm Body Length, 63.7 mm Body Length, M10 x 1 Thread Size","01 HIGH","3.0","4.0","4.0","4.0","4.0","0.1","0.0667","0.0444","0.0267","4"
"HOU6","NA","3022941","USP","VERTICAL TOP, POWERSONIC MATED M12 + LBO2K","01 HIGH","2.0","2.0","2.0","2.0","2.0","0.0667","0.0333","0.0222","0.0133","2"
"HOU6","NA","3022943","USP","HORIZONTAL REAR, POWERSONIC MATED M12 + LBO3K","01 HIGH","1.0","1.0","1.0","1.0","1.0","0.0333","0.0167","0.0111","0.0067","1"
"HOU6","NA","3022945","USP","VERTICAL BOTTOM LOAD CELL","01 HIGH","1.0","1.0","1.0","1.0","1.0","0.0333","0.0167","0.0111","0.0067","1"
"HOU6","NA","3022953","USP","GUARDING T-BLOCK","01 HIGH","0.0","0.0","0.0","23.0","23.0","0.0","0.0","0.0","0.1533","1"
"HOU6","NA","3022978","USP","LIDAR SENSOR PICS150-01000 core 1","01 HIGH","1.0","1.0","1.0","1.0","1.0","0.0333","0.0167","0.0111","0.0067","1"
"HOU6","NA","3464199","USP","SENSOR, FIBER OPTIC THIN ZERO SPACE, SIDE VIEW TYP","01 HIGH","1.0","1.0","1.0","1.0","1.0","0.0333","0.0167","0.0111","0.0067","1"
"HOU6","NA","3466132","USP","PNUEMATIC FITTING","01 HIGH","0.0","1.0","2.0","2.0","2.0","0.0","0.0167","0.0222","0.0133","2"
"HOU6","NA","3466258","USP","LEFT VERTICAL SEAL BAR ASSY","01 HIGH","2.0","2.0","2.0","2.0","2.0","0.0667","0.0333","0.0222","0.0133","2"
"HOU6","NA","3466261","USP","SHANK THREAD SIZE(M10X1.25), ID 10MM, JAW OPENING W 10MM,","01 HIGH","0.0","0.0","0.0","14.0","14.0","0.0","0.0","0.0","0.0933","1"
"HOU6","NA","49344","USP","Zebra ZE52163-R010000Z Print Engine","02 MED","2.0","2.0","2.0","2.0","2.0","0.0667","0.0333","0.0222","0.0133","6"
"HOU6","NA","49345","USP","ZEBRA AIT PART KIT PRINTHEAD 300 DPI ZE521 RH & LH","01 HIGH","2.0","2.0","2.0","3.0","9.0","0.0667","0.0333","0.0222","0.02","2"
"HOU6","NA","N12270","USP","SMC Speed Control Valve: Elbow Fitting, Knob, 1/4 in/1/8 in Valve Body Size, 1/4 in Tube, Meter Out","01 HIGH","0.0","0.0","1.0","1.0","1.0","0.0","0.0","0.0111","0.0067","1"
"HOU6","NA","N37377","USP","SC300-2 SHOCK ABSORBER","02 MED","1.0","1.0","1.0","1.0","3.0","0.0333","0.0167","0.0111","0.0067","2"
"HOU6","NA","N53951","USP","RADIAL BALL BEARING","01 HIGH","0.0","0.0","0.0","2.0","2.0","0.0","0.0","0.0","0.0133","1"
"IGQ1","NA","1000078","USP","Sensor, proximity, SME-8M-DS-24V-K-0, 3-M8D","01 HIGH","2.0","4.0","4.0","4.0","4.0","0.0667","0.0667","0.0444","0.0267","2"
"IGQ1","NA","10191","USP","THRUST BALL BEARING, 3/4"" ID X 1-5/16"" OD X 9/32"" HT., STEEL","01 HIGH","1.0","1.0","1.0","1.0","5.0","0.0333","0.0167","0.0111","0.0067","1"
"IGQ1","NA","1061526","USP","SERVO DRVE AMP JR_AUTO JR0000549642","02 MED","0.0","0.0","0.0","0.0","2.0","0.0","0.0","0.0","0.0","0"
"IGQ1","NA","10683","USP","WHEEL, WHEEL: LOAD ASSEMBLY","01 HIGH","3.0","3.0","5.0","5.0","7.01","0.1","0.05","0.0556","0.0333","2"
"IGQ1","NA","1071515","USP","Radial/Deep Groove Ball Bearing - Round Bore, 25 mm ID, 42 mm OD, 9 mm Width, Double Shielded, Internal Clearance","02 MED","4.0","4.0","4.0","4.0","4.0","0.1333","0.0667","0.0444","0.0267","1"
"IGQ1","NA","1071516","USP","REPLACEMENT BELT – 18”W FOR CO","01 HIGH","3.0","3.0","3.0","4.0","8.0","0.1","0.05","0.0333","0.0267","2"
"IGQ1","NA","1124355","USP","FIXED DRAW ROLLER, SMART PAC","02 MED","0.0","0.0","2.0","6.0","6.0","0.0","0.0","0.0222","0.04","2"
"IGQ1","NA","11409","USP","TAMPA","02 MED","0.0","0.0","0.0","0.0","5.0","0.0","0.0","0.0","0.0","0"
"IGQ1","NA","11519","USP","Zebra Kit Maint Door Open Swch RH/LH","02 MED","0.0","0.0","0.0","0.0","2.0","0.0","0.0","0.0","0.0","0"
"IGQ1","NA","14325","USP","WIRING TOOL required for insertion/extraction @ terminal strip","02 MED","5.0","5.0","5.0","5.0","5.0","0.1667","0.0833","0.0556","0.0333","1"
"IGQ1","NA","3022941","USP","VERTICAL TOP, POWERSONIC MATED M12 + LBO2K","01 HIGH","1.0","1.0","1.0","1.0","1.0","0.0333","0.0167","0.0111","0.0067","1"
"IGQ1","NA","3022970","USP","CUTTING KNIFE ASSEMBLY","01 HIGH","1.0","1.0","1.0","1.0","1.0","0.0333","0.0167","0.0111","0.0067","1"
"IGQ1","NA","3037848","USP","LEFT VER HEATER CABLE ASSY","01 HIGH","3.0","3.0","3.0","3.0","3.0","0.1","0.05","0.0333","0.02","2"
"IGQ1","NA","33053","USP","SENSOR CABLE, 5M GREY, M12 FEMALE 8P STRAIGHT TO OPEN ENDED, CONTINUOUS FLEX, PUR-OB","02 MED","2.0","2.0","2.0","2.0","2.0","0.0667","0.0333","0.0222","0.0133","1"
"IGQ1","NA","3466127","USP","SCANNER,BARCODE:DM363 SMARTPACK PRESENTATION READER","01 HIGH","1.0","1.0","1.0","1.0","1.0","0.0333","0.0167","0.0111","0.0067","2"
"IGQ1","NA","3466147","USP","COMPACT CYLINDER ADN-32-25-I-P-A-S2","01 HIGH","1.0","1.0","1.0","1.0","1.0","0.0333","0.0167","0.0111","0.0067","1"
"IGQ1","NA","49345","USP","ZEBRA AIT PART KIT PRINTHEAD 300 DPI ZE521 RH & LH","01 HIGH","2.0","3.0","3.0","4.0","5.0","0.0667","0.05","0.0333","0.0267","11"
"IGQ1","NA","49346","USP","ZEBRA AIT PART KIT PLATEN, PINCH, & PEEL ROLLERS ZE521 RH & LH","01 HIGH","1.0","1.0","2.0","2.0","2.0","0.0333","0.0167","0.0222","0.0133","4"
"IGQ1","NA","49960","USP","MDC100-050101 DRIVE","01 HIGH","0.0","0.0","0.0","1.0","4.0","0.0","0.0","0.0","0.0067","2"
"IGQ1","NA","61591","USP","TUBE FITTING, M5 TO 4MM","02 MED","0.0","0.0","0.0","0.0","2.0","0.0","0.0","0.0","0.0","0"
"IGQ1","NA","72902","USP","kit,motor assy, high speed...","02 MED","0.0","0.0","0.0","0.0","3.0","0.0","0.0","0.0","0.0","0"
"IGQ1","NA","N12270","USP","SMC Speed Control Valve: Elbow Fitting, Knob, 1/4 in/1/8 in Valve Body Size, 1/4 in Tube, Meter Out","01 HIGH","2.0","2.0","2.0","2.0","6.0","0.0667","0.0333","0.0222","0.0133","3"
"IGQ1","NA","N24793","USP","Slim Electromechanical Relay, SPDT, 6A,24VDC, PCB Terminal, 34 Series","01 HIGH","0.0","0.0","0.0","1.0","1.0","0.0","0.0","0.0","0.0067","1"
"LUK2","NA","1000078","USP","Sensor, proximity, SME-8M-DS-24V-K-0, 3-M8D","02 MED","0.0","0.0","0.0","0.0","3.0","0.0","0.0","0.0","0.0","0"
"LUK2","NA","1002613","USP","VALVE, CHECK VALVE,ASSEMBLY:FLOW CONTROL W/ PILOT CHECK VALVE 1/4 TUBE WITH1/8 T","02 MED","1.0","1.0","1.0","1.0","1.0","0.0333","0.0167","0.0111","0.0067","2"
"LUK2","NA","10105","USP","SPRING: REWIND CLUTCH, MED DUTY, .97OD X .080 WIRE DIA","03 LOW","0.0","0.0","0.0","2.0","2.0","0.0","0.0","0.0","0.0133","1"
"LUK2","NA","10191","USP","THRUST BALL BEARING, 3/4"" ID X 1-5/16"" OD X 9/32"" HT., STEEL","02 MED","0.0","0.0","0.0","2.0","3.0","0.0","0.0","0.0","0.0133","1"
"LUK2","NA","1060925","USP","RING-GRIP QUICK-RELEASE PIN","02 MED","2.0","2.0","2.0","9.0","21.0","0.0667","0.0333","0.0222","0.06","4"
"LUK2","NA","10683","USP","WHEEL, WHEEL: LOAD ASSEMBLY","02 MED","0.0","0.0","0.0","1.0","1.0","0.0","0.0","0.0","0.0067","1"
"LUK2","NA","1113249","USP","URGU48R1-04090N","02 MED","0.0","0.0","1.0","1.0","6.0","0.0","0.0","0.0111","0.0067","1"
"LUK2","NA","11424","USP","UNWIND BRAKE BAND CTM PM-BB1030","02 MED","0.0","0.0","0.0","1.0","1.0","0.0","0.0","0.0","0.0067","1"
"LUK2","NA","11519","USP","Zebra Kit Maint Door Open Swch RH/LH","02 MED","1.0","1.0","1.0","2.0","8.0","0.0333","0.0167","0.0111","0.0133","2"
"LUK2","NA","3022934","USP","SMC Shock Absorber, RBC1007, 46.7 mm Body Length, 63.7 mm Body Length, M10 x 1 Thread Size","01 HIGH","3.0","3.0","3.0","3.0","3.0","0.1","0.05","0.0333","0.02","1"
"LUK2","NA","3022982","USP","LEFT ISOLATOR PLATE","01 HIGH","2.0","2.0","2.0","2.0","2.0","0.0667","0.0333","0.0222","0.0133","2"
"LUK2","NA","3022983","USP","RIGHT ISOLATOR PLATE","01 HIGH","1.0","1.0","1.0","1.0","1.0","0.0333","0.0167","0.0111","0.0067","1"
"LUK2","NA","49344","USP","Zebra ZE52163-R010000Z Print Engine","02 MED","0.0","1.0","1.0","2.0","6.0","0.0","0.0167","0.0111","0.0133","2"
"LUK2","NA","49345","USP","ZEBRA AIT PART KIT PRINTHEAD 300 DPI ZE521 RH & LH","02 MED","2.0","4.0","4.0","10.0","24.0","0.0667","0.0667","0.0444","0.0667","15"
"LUK2","NA","49346","USP","ZEBRA AIT PART KIT PLATEN, PINCH, & PEEL ROLLERS ZE521 RH & LH","02 MED","0.0","0.0","0.0","2.0","9.0","0.0","0.0","0.0","0.0133","2"
"LUK2","NA","61591","USP","TUBE FITTING, M5 TO 4MM","02 MED","0.0","0.0","1.0","1.0","12.0","0.0","0.0","0.0111","0.0067","1"
"LUK2","NA","72902","USP","kit,motor assy, high speed...","01 HIGH","1.0","1.0","1.0","1.0","1.0","0.0333","0.0167","0.0111","0.0067","1"
"LUK2","NA","N12270","USP","SMC Speed Control Valve: Elbow Fitting, Knob, 1/4 in/1/8 in Valve Body Size, 1/4 in Tube, Meter Out","02 MED","0.0","0.0","0.0","1.0","1.0","0.0","0.0","0.0","0.0067","1"
"LUK2","NA","N24793","USP","Slim Electromechanical Relay, SPDT, 6A,24VDC, PCB Terminal, 34 Series","01 HIGH","2.0","9.0","9.0","9.0","12.0","0.0667","0.15","0.1","0.06","4"
"LUK2","NA","N45907","USP","Valve flow control one way","02 MED","0.0","0.0","0.0","0.0","2.0","0.0","0.0","0.0","0.0","0"
"LUK2","NA","N54020","USP","STOPPER BOLT, M6X1.0, L 20MM, WITH HEX SOCKET TIP, STRAIGHT TYPE, BUMPER URETHAN","02 MED","0.0","0.0","0.0","0.0","3.0","0.0","0.0","0.0","0.0","0"
"MDW7","NA","1070075","EcoPac","ZEBRA, P1112750-010, PRINTHEAD ASSEMBLY, 300 DPI, LH/RH","01 HIGH","1.0","2.0","3.01","4.01","9.01","0.0333","0.0333","0.0334","0.0267","5"
"MDW7","NA","3471325","EcoPac","SEEGER E 17X1 UNI7435",,"0.0","0.0","0.0","0.0","4.0","0.0","0.0","0.0","0.0","0"
"MDW7","NA","3524374","EcoPac","PHOTOCEL S45-PH-5-B03-PH",,"0.0","0.0","0.0","0.0","2.0","0.0","0.0","0.0","0.0","0"
"MDW7","NA","3524548","EcoPac","STOP 200X18X8",,"0.0","0.0","0.0","0.0","2.0","0.0","0.0","0.0","0.0","0"
"MDW7","NA","3524549","EcoPac","STOP 48.5X18X9",,"0.0","0.0","0.0","0.0","2.0","0.0","0.0","0.0","0.0","0"
"MDW7","NA","3524550","EcoPac","STOP 211.5X18X8",,"0.0","0.0","0.0","0.0","2.0","0.0","0.0","0.0","0.0","0"
"MDW7","NA","3524569","EcoPac","PHOTOCEL S45-PH-5-B03-PH",,"0.0","0.0","0.0","0.0","1.0","0.0","0.0","0.0","0.0","0"
"MDW7","NA","3524593","EcoPac","PHOTOCEL S45-PH-5-B03-PH",,"0.0","0.0","0.0","0.0","2.0","0.0","0.0","0.0","0.0","0"
"MDW7","NA","79667","EcoPac","RSSB ID 36637-1-POINT I/O Dual Port Network Adaptor","02 MED","0.0","0.0","0.0","0.0","3.0","0.0","0.0","0.0","0.0","0"
"MDW7","NA","C-1020","EcoPac","PHOTOCEL S45-PH-5-B03-PH",,"0.0","0.0","0.0","0.0","1.0","0.0","0.0","0.0","0.0","0"
"MDW7","NA","C-1087","EcoPac","YF8U14-050UA3XLEAX",,"0.0","0.0","0.0","0.0","1.0","0.0","0.0","0.0","0.0","0"
"MDW7","NA","C-1105","EcoPac","PHOTOCEL S45-PH-5-B03-PH",,"0.0","0.0","0.0","0.0","1.0","0.0","0.0","0.0","0.0","0"
"MDW7","NA","C-1184","EcoPac","ROD EYE, 9261",,"0.0","0.0","0.0","0.0","1.0","0.0","0.0","0.0","0.0","0"
"MDW7","NA","C-1204","EcoPac","PHOTOCEL S45-PH-5-B03-PH",,"0.0","0.0","0.0","0.0","1.0","0.0","0.0","0.0","0.0","0"
"MDW7","NA","C-1232","EcoPac","SICK RAY26P-34162530A00 4P M12ST MONITORING HEIGHT 55MM, PRODUCT MIN 5MM (LIGHT",,"0.0","0.0","0.0","0.0","2.0","0.0","0.0","0.0","0.0","0"
"MDW7","NA","C-1236","EcoPac","STRAP PLATE HTD 8M LARGH.30",,"0.0","0.0","0.0","0.0","1.0","0.0","0.0","0.0","0.0","0"
"MDW7","NA","C-1260","EcoPac","RELE' MY4-US 24VDC 4 SCAMBI",,"0.0","0.0","0.0","0.0","1.0","0.0","0.0","0.0","0.0","0"
"MDW7","NA","C-1261","EcoPac","SOLID STATE RELAY",,"0.0","0.0","0.0","0.0","2.0","0.0","0.0","0.0","0.0","0"
"MDW7","NA","C-1262","EcoPac","RELE' PLC-RSC-24DC/21 1SC. + ZOCCOLO",,"0.0","0.0","0.0","0.0","3.0","0.0","0.0","0.0","0.0","0"
"MDW7","NA","C-1304","EcoPac","SENSOR SMT-8M-A-PS-24V-E-0.3-N-M8D",,"0.0","0.0","0.0","0.0","3.0","0.0","0.0","0.0","0.0","0"
"MDW7","NA","C-1342","EcoPac","SPRING D22X32 D3 N.7 SPIRE COMP",,"0.0","0.0","0.0","0.0","1.0","0.0","0.0","0.0","0.0","0"
"MDW7","NA","C-1346","EcoPac","SPRING D35X17.5 D3.5 N.4 SPIRE TORS",,"0.0","0.0","0.0","0.0","2.0","0.0","0.0","0.0","0.0","0"
"MDW7","NA","C-1350","EcoPac","SUCTION CUP V 25/CS SILICON",,"0.0","0.0","0.0","0.0","40.0","0.0","0.0","0.0","0.0","0"
"MDW7","NA","C-1372","EcoPac","TOOTHED BELT 720 8M-30 HTD",,"0.0","0.0","0.0","0.0","1.0","0.0","0.0","0.0","0.0","0"
"MDW7","NA","C-1389","EcoPac","SOLENOID VALVE VUVS-L20-M52-AD-G18-F7-1C1",,"0.0","0.0","0.0","0.0","1.0","0.0","0.0","0.0","0.0","0"
"MDW7","NA","C-1411","EcoPac","VITE M6X L126 DX",,"0.0","0.0","0.0","0.0","1.0","0.0","0.0","0.0","0.0","0"
"MDW7","NA","C-1413","EcoPac","SUPPORT SFT 20",,"0.0","0.0","0.0","0.0","1.0","0.0","0.0","0.0","0.0","0"
"MDW7","NA","C-1687","EcoPac","SHRINK DISK RCK13 25X50",,"0.0","0.0","0.0","0.0","1.0","0.0","0.0","0.0","0.0","0"
"MDW7","NA","C-1689","EcoPac","SHRINK DISK RCK80 14X23",,"0.0","0.0","0.0","0.0","1.0","0.0","0.0","0.0","0.0","0"
"MDW7","NA","C-1706","EcoPac","SECURITY MODULE  PNOZ X2.8P",,"0.0","0.0","0.0","0.0","1.0","0.0","0.0","0.0","0.0","0"
"MDW7","NA","C-1956","EcoPac","SOLENOID VALVE VUVS-L20-M32C-AD-G18-F7-1C1",,"0.0","0.0","0.0","0.0","1.0","0.0","0.0","0.0","0.0","0"
"MDW7","NA","C-2040","EcoPac","SHRINK DISK RCK13 19X47",,"0.0","0.0","0.0","0.0","1.0","0.0","0.0","0.0","0.0","0"
"MDW7","NA","C-2041","EcoPac","SHRINK DISC RCK13 20X47",,"0.0","0.0","0.0","0.0","1.0","0.0","0.0","0.0","0.0","0"
"MDW7","NA","C-2042","EcoPac","SHRINK DISK RCK13 22X47",,"0.0","0.0","0.0","0.0","1.0","0.0","0.0","0.0","0.0","0"
"MDW7","NA","C-2307","EcoPac","PHOTOCEL S45-PH-5-B03-PH",,"0.0","0.0","0.0","0.0","1.0","0.0","0.0","0.0","0.0","0"
"MDW7","NA","C-2598","EcoPac","PLATE BELT 5M-25",,"0.0","0.0","0.0","0.0","2.0","0.0","0.0","0.0","0.0","0"
"MDW7","NA","C-2635","EcoPac","SLIDER  MGN  12 HZ0H",,"0.0","0.0","0.0","0.0","2.0","0.0","0.0","0.0","0.0","0"
"MDW7","NA","C-2636","EcoPac","SPRING  D11X8.4 D1.5 N.7 SPIRE COMP",,"0.0","0.0","0.0","0.0","2.0","0.0","0.0","0.0","0.0","0"
"MDW7","NA","C-2716","EcoPac","TOOTHED BELT 640 8M-30 HTD",,"0.0","0.0","0.0","0.0","1.0","0.0","0.0","0.0","0.0","0"
"MDW7","NA","C-2721","EcoPac","PHOTOCEL S45-PH-5-B03-PH",,"0.0","0.0","0.0","0.0","1.0","0.0","0.0","0.0","0.0","0"
"MDW7","NA","C-2723","EcoPac","PHOTOCEL S45-PH-5-B03-PH",,"0.0","0.0","0.0","0.0","4.0","0.0","0.0","0.0","0.0","0"
"MDW7","NA","C-2760","EcoPac","TOOTHED BELT 375 5M-25 HTD",,"0.0","0.0","0.0","0.0","1.0","0.0","0.0","0.0","0.0","0"
"MDW7","NA","C-2807","EcoPac","VALVE GROUP   DFM 32-125 PA-KF",,"0.0","0.0","0.0","0.0","1.0","0.0","0.0","0.0","0.0","0"
"MDW7","NA","C-2811","EcoPac","VENTOSA B20 D24 1 SOFFIETTO",,"0.0","0.0","0.0","0.0","16.0","0.0","0.0","0.0","0.0","0"
"MDW7","NA","C-2836","EcoPac","WHEEL D69X27 D47 FOLLE",,"0.0","0.0","0.0","0.0","2.0","0.0","0.0","0.0","0.0","0"
"MDW7","NA","C-2844","EcoPac","PHOTOCEL S45-PH-5-B03-PH",,"0.0","0.0","0.0","0.0","4.0","0.0","0.0","0.0","0.0","0"
"MDW7","NA","C-2855","EcoPac","PHOTOCEL S45-PH-5-B03-PH",,"0.0","0.0","0.0","0.0","1.0","0.0","0.0","0.0","0.0","0"
"MDW7","NA","C-2861","EcoPac","SPHERICAL JOINT JAF 12 RIGHT",,"0.0","0.0","0.0","0.0","1.0","0.0","0.0","0.0","0.0","0"
"MDW7","NA","C-2864","EcoPac","VALVOLA VFOF-LE-BAH-G14-Q8",,"0.0","0.0","0.0","0.0","1.0","0.0","0.0","0.0","0.0","0"
"MDW7","NA","C-3711","EcoPac","PHOTOCEL S45-PH-5-B03-PH",,"0.0","0.0","0.0","0.0","1.0","0.0","0.0","0.0","0.0","0"
"MDW7","NA","C-3712","EcoPac","PHOTOCEL S45-PH-5-B03-PH",,"0.0","0.0","0.0","0.0","2.0","0.0","0.0","0.0","0.0","0"
"MDW7","NA","C-3714","EcoPac","SPRING  VL VERDE DI-8 DE-16 L-25",,"0.0","0.0","0.0","0.0","2.0","0.0","0.0","0.0","0.0","0"
"MDW7","NA","C-3715","EcoPac","PHOTOCEL S45-PH-5-B03-PH",,"0.0","0.0","0.0","0.0","1.0","0.0","0.0","0.0","0.0","0"
"MDW7","NA","C-3730","EcoPac","SENSOR KI-3250NFPKG M12 4P M",,"0.0","0.0","0.0","0.0","1.0","0.0","0.0","0.0","0.0","0"
"MDW7","NA","C-3742","EcoPac","RUBBER ROLLER  D55X60    D42",,"0.0","0.0","0.0","0.0","1.0","0.0","0.0","0.0","0.0","0"
"MDW7","NA","C-3783","EcoPac","PHOTOCEL S45-PH-5-B03-PH",,"0.0","0.0","0.0","0.0","1.0","0.0","0.0","0.0","0.0","0"
"MDW7","NA","N43532","EcoPac","ZERO-FORCE TOUCH BUTTON 800Z-GL2Q5","01 HIGH","0.0","1.0","1.0","2.0","2.0","0.0","0.0167","0.0111","0.0133","2"
"MLI1","NA","1000078","USP","Sensor, proximity, SME-8M-DS-24V-K-0, 3-M8D","02 MED","0.0","0.0","0.0","0.0","4.0","0.0","0.0","0.0","0.0","0"
"MLI1","NA","1001803","USP","Switch, Auxiliary, Supplementary Protector Accessory","02 MED","0.0","0.0","0.0","0.0","1.0","0.0","0.0","0.0","0.0","0"
"MLI1","NA","1002613","USP","VALVE, CHECK VALVE,ASSEMBLY:FLOW CONTROL W/ PILOT CHECK VALVE 1/4 TUBE WITH1/8 T","02 MED","0.0","0.0","0.0","1.0","3.0","0.0","0.0","0.0","0.0067","1"
"MLI1","NA","10043","USP","PLC, CONTROLLER,PROGRAMMABLE:2-1/2 INHT,3-1/2 INWD,1-1/2 INDP,24 V DCVOLT,2.6 MACURRE","02 MED","0.0","2.0","2.0","2.0","3.0","0.0","0.0333","0.0222","0.0133","2"
"MLI1","NA","1004322","USP","PUSHBUTTON METAL LATCH","01 HIGH","0.0","0.0","0.0","0.0","3.0","0.0","0.0","0.0","0.0","0"
"MLI1","NA","10076","USP","UNWIND DANCER ARM UNWIND SPRING","02 MED","0.0","0.0","0.0","0.0","3.0","0.0","0.0","0.0","0.0","0"
"MLI1","NA","10105","USP","SPRING: REWIND CLUTCH, MED DUTY, .97OD X .080 WIRE DIA","03 LOW","0.0","0.0","0.0","0.0","1.0","0.0","0.0","0.0","0.0","0"
"MLI1","NA","10191","USP","THRUST BALL BEARING, 3/4"" ID X 1-5/16"" OD X 9/32"" HT., STEEL","02 MED","0.0","0.0","0.0","0.0","1.0","0.0","0.0","0.0","0.0","0"
"MLI1","NA","1061526","USP","SERVO DRVE AMP JR_AUTO JR0000549642","02 MED","0.0","0.0","0.0","0.0","1.0","0.0","0.0","0.0","0.0","0"
"MLI1","NA","1063086","USP","SWITCH 2VDC PNP 0.5M LEAD M8 C","02 MED","0.0","0.0","0.0","0.0","2.0","0.0","0.0","0.0","0.0","0"
"MLI1","NA","10683","USP","WHEEL, WHEEL: LOAD ASSEMBLY","02 MED","0.0","0.0","1.0","1.0","1.0","0.0","0.0","0.0111","0.0067","1"
"MLI1","NA","1069554","USP","POWER IO CABLE M12 FOR COGNEX CONN MODULE W DB9","02 MED","0.0","0.0","0.0","0.0","1.0","0.0","0.0","0.0","0.0","0"
"MLI1","NA","1071515","USP","Radial/Deep Groove Ball Bearing - Round Bore, 25 mm ID, 42 mm OD, 9 mm Width, Double Shielded, Internal Clearance","02 MED","0.0","0.0","0.0","0.0","2.0","0.0","0.0","0.0","0.0","0"
"MLI1","NA","1071516","USP","REPLACEMENT BELT – 18”W FOR CO","02 MED","0.0","0.0","0.0","1.0","4.0","0.0","0.0","0.0","0.0067","2"
"MLI1","NA","11082","USP","SMART PACK FILTER REPLACEMENT  (PID)","02 MED","0.0","0.0","0.0","0.0","3.0","0.0","0.0","0.0","0.0","0"
"MLI1","NA","1113249","USP","URGU48R1-04090N","03 LOW","0.0","0.0","0.0","2.0","4.0","0.0","0.0","0.0","0.0133","2"
"MLI1","NA","11147","USP","VHI425A-GV W/ GV4G6","02 MED","0.0","0.0","0.0","0.0","3.0","0.0","0.0","0.0","0.0","0"
"MLI1","NA","1116318","USP","ULTRASONIC SENSOR, PICO+","02 MED","0.0","0.0","0.0","0.0","2.0","0.0","0.0","0.0","0.0","0"
"MLI1","NA","1124355","USP","FIXED DRAW ROLLER, SMART PAC","02 MED","0.0","0.0","0.0","0.0","2.0","0.0","0.0","0.0","0.0","0"
"MLI1","NA","11424","USP","UNWIND BRAKE BAND CTM PM-BB1030","02 MED","0.0","1.0","1.0","1.0","4.0","0.0","0.0167","0.0111","0.0067","1"
"MLI1","NA","11519","USP","Zebra Kit Maint Door Open Swch RH/LH","02 MED","0.0","0.0","0.0","0.0","1.0","0.0","0.0","0.0","0.0","0"
"MLI1","NA","14325","USP","WIRING TOOL required for insertion/extraction @ terminal strip","03 LOW","0.0","0.0","0.0","0.0","1.0","0.0","0.0","0.0","0.0","0"
"MLI1","NA","19978","USP","TIME DELAY FUSE, 30A, CLASS J, 300KA, 600VAC","02 MED","0.0","0.0","0.0","0.0","4.0","0.0","0.0","0.0","0.0","0"
"MLI1","NA","23103","USP","Time Delay, Cylindrical, Fuse, GDC Series, 250VAC, Indicating (5 PK)","03 LOW","0.0","0.0","0.0","0.0","2.0","0.0","0.0","0.0","0.0","0"
"MLI1","NA","3015435","USP","VERTICAL JAW CABLE MANAGEMENT BACKING PLATE","02 MED","0.0","1.0","1.0","1.0","1.0","0.0","0.0167","0.0111","0.0067","1"
"MLI1","NA","3022934","USP","SMC Shock Absorber, RBC1007, 46.7 mm Body Length, 63.7 mm Body Length, M10 x 1 Thread Size","03 LOW","11.0","101.0","101.0","175.0","175.0","0.3667","1.6833","1.1222","1.1667","13"
"MLI1","NA","3022944","USP","CAPTIVE GUARDING SCREWS","02 MED","0.0","13.0","13.0","13.0","13.0","0.0","0.2167","0.1444","0.0867","1"
"MLI1","NA","3022948","USP","FLAT HEAD SOCKET CAP SCREW","02 MED","0.0","1.0","1.0","2.0","2.0","0.0","0.0167","0.0111","0.0133","2"
"MLI1","NA","3022949","USP","MCMASTER ZIP TIE MOUNT","02 MED","0.0","1.0","1.0","1.0","1.0","0.0","0.0167","0.0111","0.0067","1"
"MLI1","NA","3022970","USP","CUTTING KNIFE ASSEMBLY","02 MED","3.5","36.5","37.5","37.5","37.5","0.1167","0.6083","0.4167","0.25","5"
"MLI1","NA","3022971","USP","FAST CONNECTION-PEG","02 MED","3.0","3.0","3.0","3.0","3.0","0.1","0.05","0.0333","0.02","1"
"MLI1","NA","3022976","USP","FLAT HEAD SOCKET CAP SCREW","02 MED","0.0","1.0","1.0","1.0","1.0","0.0","0.0167","0.0111","0.0067","1"
"MLI1","NA","3022982","USP","LEFT ISOLATOR PLATE","02 MED","0.0","0.0","2.0","3.0","3.0","0.0","0.0","0.0222","0.02","3"
"MLI1","NA","3022983","USP","RIGHT ISOLATOR PLATE","02 MED","0.0","1.0","2.0","2.0","2.0","0.0","0.0167","0.0222","0.0133","2"
"MLI1","NA","3022987","USP","IO-LINK MASTER, ETHERNET/IP INTERFACE, TOTAL IN- AND OUTPUTS: 16, 4X 2A OUTPUTS","02 MED","0.0","0.0","0.0","1.0","1.0","0.0","0.0","0.0","0.0067","1"
"MLI1","NA","33053","USP","SENSOR CABLE, 5M GREY, M12 FEMALE 8P STRAIGHT TO OPEN ENDED, CONTINUOUS FLEX, PUR-OB","02 MED","0.0","0.0","0.0","0.0","1.0","0.0","0.0","0.0","0.0","0"
"MLI1","NA","3464199","USP","SENSOR, FIBER OPTIC THIN ZERO SPACE, SIDE VIEW TYP","03 LOW","1.0","1.0","2.0","2.0","2.0","0.0333","0.0167","0.0222","0.0133","2"
"MLI1","NA","3466132","USP","PNUEMATIC FITTING","02 MED","0.0","1.0","1.0","1.0","1.0","0.0","0.0167","0.0111","0.0067","1"
"MLI1","NA","3466191","USP","ROD COUPLER, M10X1.25, STEEL (","02 MED","1.0","1.0","1.0","1.0","1.0","0.0333","0.0167","0.0111","0.0067","1"
"MLI1","NA","49344","USP","Zebra ZE52163-R010000Z Print Engine","02 MED","0.0","3.0","3.0","5.0","8.0","0.0","0.05","0.0333","0.0333","6"
"MLI1","NA","49345","USP","ZEBRA AIT PART KIT PRINTHEAD 300 DPI ZE521 RH & LH","02 MED","4.0","4.0","6.02","7.01","31.030000000000005","0.1333","0.0667","0.0669","0.0467","13"
"MLI1","NA","49346","USP","ZEBRA AIT PART KIT PLATEN, PINCH, & PEEL ROLLERS ZE521 RH & LH","02 MED","1.0","1.0","1.0","1.0","4.0","0.0333","0.0167","0.0111","0.0067","2"
"MLI1","NA","49960","USP","MDC100-050101 DRIVE","01 HIGH","0.0","0.0","0.0","0.0","6.0","0.0","0.0","0.0","0.0","0"
"MLI1","NA","61591","USP","TUBE FITTING, M5 TO 4MM","02 MED","3.0","3.0","3.0","3.0","10.0","0.1","0.05","0.0333","0.02","1"
"MLI1","NA","724166","USP","X-CODED ETHERNET CABLE 2METER","01 HIGH","0.0","0.0","0.0","0.0","81.0","0.0","0.0","0.0","0.0","0"
"MLI1","NA","72902","USP","kit,motor assy, high speed...","01 HIGH","0.0","0.0","0.0","0.0","2.0","0.0","0.0","0.0","0.0","0"
"MLI1","NA","76580","USP","PROGRAMMED MAPLE DISPLAY UNIT FOR 3600A APPLICATOR","02 MED","0.0","0.0","0.0","1.0","1.0","0.0","0.0","0.0","0.0067","1"
"MLI1","NA","N12270","USP","SMC Speed Control Valve: Elbow Fitting, Knob, 1/4 in/1/8 in Valve Body Size, 1/4 in Tube, Meter Out","02 MED","0.0","0.0","0.0","0.0","2.0","0.0","0.0","0.0","0.0","0"
"MLI1","NA","N24793","USP","Slim Electromechanical Relay, SPDT, 6A,24VDC, PCB Terminal, 34 Series","02 MED","0.0","0.0","2.0","2.0","2.0","0.0","0.0","0.0222","0.0133","1"
"MLI1","NA","N37377","USP","SC300-2 SHOCK ABSORBER","02 MED","1.01","1.01","1.01","3.0199999999999996","6.02","0.0337","0.0168","0.0112","0.0201","7"
"MLI1","NA","N45907","USP","Valve flow control one way","02 MED","0.0","0.0","0.0","0.0","2.99","0.0","0.0","0.0","0.0","0"
"MLI1","NA","N53951","USP","RADIAL BALL BEARING","02 MED","0.0","0.0","0.0","0.0","3.0","0.0","0.0","0.0","0.0","0"
"MLI1","NA","N53990","USP","LINEAR RAIL","02 MED","0.0","0.0","0.0","0.0","3.0","0.0","0.0","0.0","0.0","0"
"MLI1","NA","N54020","USP","STOPPER BOLT, M6X1.0, L 20MM, WITH HEX SOCKET TIP, STRAIGHT TYPE, BUMPER URETHAN","02 MED","0.0","0.0","0.0","0.0","3.0","0.0","0.0","0.0","0.0","0"
"MQY1","NA","1001191","USP","VPL-B1003F-PJ12AA SERVO MOTOR","02 MED","0.0","0.0","0.0","1.0","2.0","0.0","0.0","0.0","0.0067","1"
"MQY1","NA","1001803","USP","Switch, Auxiliary, Supplementary Protector Accessory","02 MED","3.0","3.0","3.0","3.0","3.0","0.1","0.05","0.0333","0.02","1"
"MQY1","NA","1002613","USP","VALVE, CHECK VALVE,ASSEMBLY:FLOW CONTROL W/ PILOT CHECK VALVE 1/4 TUBE WITH1/8 T","01 HIGH","0.0","1.0","1.0","1.0","1.0","0.0","0.0167","0.0111","0.0067","1"
"MQY1","NA","10043","USP","PLC, CONTROLLER,PROGRAMMABLE:2-1/2 INHT,3-1/2 INWD,1-1/2 INDP,24 V DCVOLT,2.6 MACURRE","02 MED","1.0","1.0","1.0","1.0","1.0","0.0333","0.0167","0.0111","0.0067","1"
"MQY1","NA","1060925","USP","RING-GRIP QUICK-RELEASE PIN","02 MED","0.0","0.0","0.0","2.0","5.0","0.0","0.0","0.0","0.0133","1"
"MQY1","NA","1061778","USP","RT-B1221","02 MED","2.0","2.0","2.0","2.0","4.0","0.0667","0.0333","0.0222","0.0133","1"
"MQY1","NA","10683","USP","WHEEL, WHEEL: LOAD ASSEMBLY","01 HIGH","0.0","3.0","3.0","6.0","21.0","0.0","0.05","0.0333","0.04","2"
"MQY1","NA","1071515","USP","Radial/Deep Groove Ball Bearing - Round Bore, 25 mm ID, 42 mm OD, 9 mm Width, Double Shielded, Internal Clearance","02 MED","0.0","0.0","0.0","0.0","4.0","0.0","0.0","0.0","0.0","0"
"MQY1","NA","1071516","USP","REPLACEMENT BELT – 18”W FOR CO","01 HIGH","0.0","1.0","1.0","1.0","1.0","0.0","0.0167","0.0111","0.0067","1"
"MQY1","NA","11147","USP","VHI425A-GV W/ GV4G6","01 HIGH","1.0","1.0","1.0","1.0","1.0","0.0333","0.0167","0.0111","0.0067","1"
"MQY1","NA","1124355","USP","FIXED DRAW ROLLER, SMART PAC","02 MED","0.0","0.0","0.0","0.0","2.0","0.0","0.0","0.0","0.0","0"
"MQY1","NA","11424","USP","UNWIND BRAKE BAND CTM PM-BB1030","01 HIGH","0.0","3.0","3.0","3.0","5.0","0.0","0.05","0.0333","0.02","2"
"MQY1","NA","19978","USP","TIME DELAY FUSE, 30A, CLASS J, 300KA, 600VAC","02 MED","0.0","0.0","4.0","4.0","4.0","0.0","0.0","0.0444","0.0267","2"
"MQY1","NA","3022934","USP","SMC Shock Absorber, RBC1007, 46.7 mm Body Length, 63.7 mm Body Length, M10 x 1 Thread Size","01 HIGH","4.0","4.0","4.0","4.0","12.0","0.1333","0.0667","0.0444","0.0267","3"
"MQY1","NA","3022941","USP","VERTICAL TOP, POWERSONIC MATED M12 + LBO2K","01 HIGH","1.0","1.0","2.0","2.0","2.0","0.0333","0.0167","0.0222","0.0133","2"
"MQY1","NA","3022945","USP","VERTICAL BOTTOM LOAD CELL","01 HIGH","2.0","2.0","2.0","2.0","2.0","0.0667","0.0333","0.0222","0.0133","2"
"MQY1","NA","3022950","USP","HORIZONTAL FRONT, POWERSONIC MATED M12 + LBO3K","01 HIGH","4.0","4.0","4.0","4.0","4.0","0.1333","0.0667","0.0444","0.0267","1"
"MQY1","NA","3022978","USP","LIDAR SENSOR PICS150-01000 core 1","01 HIGH","16.0","19.009999999999998","20.009999999999998","24.009999999999998","27.009999999999998","0.5333","0.3168","0.2223","0.1601","12"
"MQY1","NA","3022982","USP","LEFT ISOLATOR PLATE","01 HIGH","0.0","2.0","7.0","8.0","8.0","0.0","0.0333","0.0778","0.0533","3"
"MQY1","NA","3022983","USP","RIGHT ISOLATOR PLATE","01 HIGH","0.0","2.0","2.0","2.0","2.0","0.0","0.0333","0.0222","0.0133","1"
"MQY1","NA","3022987","USP","IO-LINK MASTER, ETHERNET/IP INTERFACE, TOTAL IN- AND OUTPUTS: 16, 4X 2A OUTPUTS","01 HIGH","0.0","1.0","1.0","1.0","1.0","0.0","0.0167","0.0111","0.0067","1"
"MQY1","NA","3032133","USP","COMPRESSION SPRING T=1.4 OD=20 ID=17","01 HIGH","6.0","6.0","6.0","6.0","6.0","0.2","0.1","0.0667","0.04","2"
"MQY1","NA","3043388","USP","SENSOR REED PARA CILINDRO","03 LOW","0.0","0.0","0.0","0.0","10.0","0.0","0.0","0.0","0.0","0"
"MQY1","NA","3043436","USP","Kinetix 5700 Servo Drive","02 MED","2.0","2.0","2.0","2.0","2.0","0.0667","0.0333","0.0222","0.0133","1"
"MQY1","NA","33053","USP","SENSOR CABLE, 5M GREY, M12 FEMALE 8P STRAIGHT TO OPEN ENDED, CONTINUOUS FLEX, PUR-OB","02 MED","4.0","4.0","4.0","4.0","8.0","0.1333","0.0667","0.0444","0.0267","1"
"MQY1","NA","3464199","USP","SENSOR, FIBER OPTIC THIN ZERO SPACE, SIDE VIEW TYP","02 MED","2.0","3.0","3.0","6.0","11.0","0.0667","0.05","0.0333","0.04","9"
"MQY1","NA","3466127","USP","SCANNER,BARCODE:DM363 SMARTPACK PRESENTATION READER","02 MED","0.0","0.0","0.0","0.0","1.0","0.0","0.0","0.0","0.0","0"
"MQY1","NA","3466132","USP","PNUEMATIC FITTING","02 MED","8.0","8.0","8.0","8.0","12.0","0.2667","0.1333","0.0889","0.0533","1"
"MQY1","NA","3466138","USP","VERTICAL VPL SERIES, FRAME SIZE 100MM, T WINDING, RATED SPEED 7200-80","02 MED","0.0","0.0","0.0","0.0","5.0","0.0","0.0","0.0","0.0","0"
"MQY1","NA","3466140","USP","KINETIX VP LOW INERTIA MOTOR,","01 HIGH","0.0","0.0","0.0","0.0","6.0","0.0","0.0","0.0","0.0","0"
"MQY1","NA","3466144","USP","SERVO DRIVE","01 HIGH","6.0","6.0","6.0","6.0","7.0","0.2","0.1","0.0667","0.04","1"
"MQY1","NA","3466145","USP","RIGHT HORIZONTAL SEAL BAR ASSY","03 LOW","0.0","0.0","0.0","1.0","1.0","0.0","0.0","0.0","0.0067","2"
"MQY1","NA","3466147","USP","COMPACT CYLINDER ADN-32-25-I-P-A-S2","02 MED","8.0","8.0","8.0","8.0","8.0","0.2667","0.1333","0.0889","0.0533","1"
"MQY1","NA","3466170","USP","DSNU, BORE 25MM, STROKE 100MM, DOUBLE ACTING, LATERAL AIR,","01 HIGH","4.0","8.0","8.0","8.0","8.0","0.1333","0.1333","0.0889","0.0533","2"
"MQY1","NA","3466191","USP","ROD COUPLER, M10X1.25, STEEL (","03 LOW","8.0","8.0","8.0","8.0","8.0","0.2667","0.1333","0.0889","0.0533","1"
"MQY1","NA","3466223","USP","243TEETH 32 T5/1215","01 HIGH","8.0","8.0","8.0","8.0","8.0","0.2667","0.1333","0.0889","0.0533","1"
"MQY1","NA","3466243","USP","LEFT HORIZONTAL SEAL BAR ASSY","03 LOW","0.0","0.0","0.0","0.0","3.0","0.0","0.0","0.0","0.0","0"
"MQY1","NA","3466248","USP","PRECISION LINEAR SHAFT, DIA 12","02 MED","0.0","3.0","3.0","5.0","8.0","0.0","0.05","0.0333","0.0333","9"
"MQY1","NA","3466251","USP","PIVOT BLOCK - LEFT HORIZONTAL","01 HIGH","0.0","0.0","0.0","0.0","1.0","0.0","0.0","0.0","0.0","0"
"MQY1","NA","3466258","USP","LEFT VERTICAL SEAL BAR ASSY","03 LOW","0.0","3.0","4.0","4.0","5.0","0.0","0.05","0.0444","0.0267","7"
"MQY1","NA","3466261","USP","SHANK THREAD SIZE(M10X1.25), ID 10MM, JAW OPENING W 10MM,","02 MED","20.0","20.0","20.0","20.0","20.0","0.6667","0.3333","0.2222","0.1333","1"
"MQY1","NA","49345","USP","ZEBRA AIT PART KIT PRINTHEAD 300 DPI ZE521 RH & LH","01 HIGH","10.0","21.0","29.0","39.0","46.0","0.3333","0.35","0.3222","0.26","26"
"MQY1","NA","49346","USP","ZEBRA AIT PART KIT PLATEN, PINCH, & PEEL ROLLERS ZE521 RH & LH","01 HIGH","5.0","5.0","6.0","9.0","9.0","0.1667","0.0833","0.0667","0.06","3"
"MQY1","NA","61591","USP","TUBE FITTING, M5 TO 4MM","02 MED","0.0","0.0","0.0","0.0","1.0","0.0","0.0","0.0","0.0","0"
"MQY1","NA","72902","USP","kit,motor assy, high speed...","02 MED","6.0","7.0","7.0","7.0","7.0","0.2","0.1167","0.0778","0.0467","3"
"MQY1","NA","816958","USP","IN-SIGHT STD. POWER & I/O BREAKOUT CABLE, 5M (15')","02 MED","0.0","0.0","2.0","2.0","4.0","0.0","0.0","0.0222","0.0133","2"
"MQY1","NA","N12270","USP","SMC Speed Control Valve: Elbow Fitting, Knob, 1/4 in/1/8 in Valve Body Size, 1/4 in Tube, Meter Out","01 HIGH","0.0","0.0","0.0","0.0","1.01","0.0","0.0","0.0","0.0","0"
"MQY1","NA","N24793","USP","Slim Electromechanical Relay, SPDT, 6A,24VDC, PCB Terminal, 34 Series","01 HIGH","0.0","0.0","0.0","0.99","4.99","0.0","0.0","0.0","0.0066","3"
"MQY1","NA","N37377","USP","SC300-2 SHOCK ABSORBER","02 MED","0.0","1.0","1.0","1.0","1.0","0.0","0.0167","0.0111","0.0067","1"
"MQY1","NA","N53977","USP","I110-E0454 SAFETY SWITCH","02 MED","5.0","5.0","5.0","5.0","6.0","0.1667","0.0833","0.0556","0.0333","1"
"MQY1","NA","N54020","USP","STOPPER BOLT, M6X1.0, L 20MM, WITH HEX SOCKET TIP, STRAIGHT TYPE, BUMPER URETHAN","02 MED","0.0","0.0","2.0","2.0","2.0","0.0","0.0","0.0222","0.0133","1"
"MTN1","NA","1000078","USP","Sensor, proximity, SME-8M-DS-24V-K-0, 3-M8D","01 HIGH","1.0","4.0","4.0","11.0","26.0","0.0333","0.0667","0.0444","0.0733","15"
"MTN1","NA","1001191","USP","VPL-B1003F-PJ12AA SERVO MOTOR","02 MED","0.0","0.0","0.0","0.0","3.0","0.0","0.0","0.0","0.0","0"
"MTN1","NA","1002613","USP","VALVE, CHECK VALVE,ASSEMBLY:FLOW CONTROL W/ PILOT CHECK VALVE 1/4 TUBE WITH1/8 T",,"0.0","0.0","0.0","0.0","8.0","0.0","0.0","0.0","0.0","0"
"MTN1","NA","1004322","USP","PUSHBUTTON METAL LATCH","02 MED","0.0","0.0","0.0","1.0","13.0","0.0","0.0","0.0","0.0067","1"
"MTN1","NA","10105","USP","SPRING: REWIND CLUTCH, MED DUTY, .97OD X .080 WIRE DIA","02 MED","0.0","0.0","0.0","0.0","11.0","0.0","0.0","0.0","0.0","0"
"MTN1","NA","10191","USP","THRUST BALL BEARING, 3/4"" ID X 1-5/16"" OD X 9/32"" HT., STEEL","01 HIGH","0.0","5.01","6.01","8.01","25.009999999999998","0.0","0.0835","0.0668","0.0534","5"
"MTN1","NA","1063086","USP","SWITCH 2VDC PNP 0.5M LEAD M8 C","02 MED","0.0","0.0","0.0","0.0","1.0","0.0","0.0","0.0","0.0","0"
"MTN1","NA","10683","USP","WHEEL, WHEEL: LOAD ASSEMBLY","01 HIGH","0.0","0.0","0.0","2.0","2.0","0.0","0.0","0.0","0.0133","2"
"MTN1","NA","1071515","USP","Radial/Deep Groove Ball Bearing - Round Bore, 25 mm ID, 42 mm OD, 9 mm Width, Double Shielded, Internal Clearance","02 MED","0.0","0.0","0.0","0.0","4.0","0.0","0.0","0.0","0.0","0"
"MTN1","NA","1116318","USP","ULTRASONIC SENSOR, PICO+","02 MED","0.0","0.0","0.0","0.0","4.0","0.0","0.0","0.0","0.0","0"
"MTN1","NA","1124355","USP","FIXED DRAW ROLLER, SMART PAC","02 MED","0.0","0.0","0.0","0.0","2.0","0.0","0.0","0.0","0.0","0"
"MTN1","NA","11409","USP","TAMPA","02 MED","0.0","0.0","1.0","1.0","5.0","0.0","0.0","0.0111","0.0067","1"
"MTN1","NA","11519","USP","Zebra Kit Maint Door Open Swch RH/LH","02 MED","0.0","0.0","0.0","0.0","2.0","0.0","0.0","0.0","0.0","0"
"MTN1","NA","23103","USP","Time Delay, Cylindrical, Fuse, GDC Series, 250VAC, Indicating (5 PK)","03 LOW","0.0","0.0","0.0","1.0","1.0","0.0","0.0","0.0","0.0067","1"
"MTN1","NA","3022978","USP","LIDAR SENSOR PICS150-01000 core 1","01 HIGH","0.0","0.0","1.0","1.0","1.0","0.0","0.0","0.0111","0.0067","1"
"MTN1","NA","3022982","USP","LEFT ISOLATOR PLATE","01 HIGH","0.0","2.0","2.0","3.0","6.0","0.0","0.0333","0.0222","0.02","3"
"MTN1","NA","3022987","USP","IO-LINK MASTER, ETHERNET/IP INTERFACE, TOTAL IN- AND OUTPUTS: 16, 4X 2A OUTPUTS","01 HIGH","0.0","0.0","0.0","0.0","2.0","0.0","0.0","0.0","0.0","0"
"MTN1","NA","3032133","USP","COMPRESSION SPRING T=1.4 OD=20 ID=17","01 HIGH","2.0","4.0","4.0","4.0","4.0","0.0667","0.0667","0.0444","0.0267","2"
"MTN1","NA","3043407","USP","SICK IME2S Series Non-Flush Inductive Non-Contact Safety Switch, 24V dc, Nickel Plated Brass Housing, 2NO, M12","02 MED","1.0","1.0","1.0","12.0","29.0","0.0333","0.0167","0.0111","0.08","9"
"MTN1","NA","3464199","USP","SENSOR, FIBER OPTIC THIN ZERO SPACE, SIDE VIEW TYP","01 HIGH","1.0","1.0","1.0","1.0","1.0","0.0333","0.0167","0.0111","0.0067","1"
"MTN1","NA","3466170","USP","DSNU, BORE 25MM, STROKE 100MM, DOUBLE ACTING, LATERAL AIR,","01 HIGH","0.0","0.0","0.0","1.0","1.0","0.0","0.0","0.0","0.0067","1"
"MTN1","NA","3466248","USP","PRECISION LINEAR SHAFT, DIA 12","01 HIGH","0.0","1.0","1.0","1.0","1.0","0.0","0.0167","0.0111","0.0067","1"
"MTN1","NA","49344","USP","Zebra ZE52163-R010000Z Print Engine","02 MED","2.0","2.0","2.0","2.0","6.0","0.0667","0.0333","0.0222","0.0133","2"
"MTN1","NA","49345","USP","ZEBRA AIT PART KIT PRINTHEAD 300 DPI ZE521 RH & LH","01 HIGH","0.0","2.0","2.0","6.0","9.0","0.0","0.0333","0.0222","0.04","4"
"MTN1","NA","49346","USP","ZEBRA AIT PART KIT PLATEN, PINCH, & PEEL ROLLERS ZE521 RH & LH","01 HIGH","0.0","4.0","4.0","4.0","13.0","0.0","0.0667","0.0444","0.0267","2"
"MTN1","NA","61591","USP","TUBE FITTING, M5 TO 4MM","02 MED","0.0","0.0","0.0","0.0","20.0","0.0","0.0","0.0","0.0","0"
"MTN1","NA","72902","USP","kit,motor assy, high speed...","02 MED","2.0","2.0","2.0","2.0","10.0","0.0667","0.0333","0.0222","0.0133","2"
"MTN1","NA","N12270","USP","SMC Speed Control Valve: Elbow Fitting, Knob, 1/4 in/1/8 in Valve Body Size, 1/4 in Tube, Meter Out","02 MED","0.0","0.0","0.0","1.0","7.0","0.0","0.0","0.0","0.0067","1"
"MTN1","NA","N24793","USP","Slim Electromechanical Relay, SPDT, 6A,24VDC, PCB Terminal, 34 Series","01 HIGH","0.0","0.0","0.0","4.0","13.0","0.0","0.0","0.0","0.0267","3"
"MTN1","NA","N37377","USP","SC300-2 SHOCK ABSORBER","02 MED","0.0","0.0","0.0","0.0","2.0","0.0","0.0","0.0","0.0","0"
"MTN1","NA","N37843","USP","REWIND CONTROL/POWER ON RELAY FOR 3600A APPLICATORS - PE-RE1017","02 MED","0.0","0.0","0.0","0.0","3.0","0.0","0.0","0.0","0.0","0"
"MTN1","NA","N45907","USP","Valve flow control one way",,"0.0","0.0","0.0","0.0","4.0","0.0","0.0","0.0","0.0","0"
"MTN1","NA","N53951","USP","RADIAL BALL BEARING","01 HIGH","0.0","0.0","0.0","0.0","2.0","0.0","0.0","0.0","0.0","0"
"MTN1","NA","N54020","USP","STOPPER BOLT, M6X1.0, L 20MM, WITH HEX SOCKET TIP, STRAIGHT TYPE, BUMPER URETHAN","02 MED","0.0","0.0","0.0","0.0","2.0","0.0","0.0","0.0","0.0","0"
"NCL1","EU","1000078","USP","Sensor, proximity, SME-8M-DS-24V-K-0, 3-M8D","01 HIGH","2.0","10.0","10.0","10.0","10.0","0.0667","0.1667","0.1111","0.0667","4"
"NCL1","EU","10683","USP","WHEEL, WHEEL: LOAD ASSEMBLY","01 HIGH","0.0","1.0","1.0","1.0","1.0","0.0","0.0167","0.0111","0.0067","1"
"NCL1","EU","132054","USP","ZEBRA - P1046696-146, EXTENDED LIFE DRIVE BELTS, ZE500/ZE511, HTC 8443.99.2550 C","01 HIGH","1.0","2.0","7.0","14.0","20.0","0.0333","0.0333","0.0778","0.0933","9"
"NCL1","EU","3022934","USP","SMC Shock Absorber, RBC1007, 46.7 mm Body Length, 63.7 mm Body Length, M10 x 1 Thread Size","01 HIGH","4.0","4.0","4.0","4.0","4.0","0.1333","0.0667","0.0444","0.0267","4"
"NCL1","EU","3022987","USP","IO-LINK MASTER, ETHERNET/IP INTERFACE, TOTAL IN- AND OUTPUTS: 16, 4X 2A OUTPUTS","01 HIGH","0.0","1.0","1.0","1.0","1.0","0.0","0.0167","0.0111","0.0067","1"
"NCL1","EU","3043388","USP","SENSOR REED PARA CILINDRO","01 HIGH","0.0","4.0","4.0","4.0","4.0","0.0","0.0667","0.0444","0.0267","1"
"NCL1","EU","61591","USP","TUBE FITTING, M5 TO 4MM","01 HIGH","0.0","1.0","1.0","1.0","1.0","0.0","0.0167","0.0111","0.0067","1"
"OMA2","NA","1000078","USP","Sensor, proximity, SME-8M-DS-24V-K-0, 3-M8D","02 MED","0.0","0.0","0.0","0.0","2.0","0.0","0.0","0.0","0.0","0"
"OMA2","NA","1001191","USP","VPL-B1003F-PJ12AA SERVO MOTOR","02 MED","0.0","0.0","0.0","1.0","2.0","0.0","0.0","0.0","0.0067","1"
"OMA2","NA","1002613","USP","VALVE, CHECK VALVE,ASSEMBLY:FLOW CONTROL W/ PILOT CHECK VALVE 1/4 TUBE WITH1/8 T","02 MED","0.0","0.0","0.0","0.99","1.98","0.0","0.0","0.0","0.0066","3"
"OMA2","NA","10105","USP","SPRING: REWIND CLUTCH, MED DUTY, .97OD X .080 WIRE DIA","03 LOW","0.0","0.0","2.0","2.0","3.0","0.0","0.0","0.0222","0.0133","2"
"OMA2","NA","10191","USP","THRUST BALL BEARING, 3/4"" ID X 1-5/16"" OD X 9/32"" HT., STEEL","03 LOW","0.0","0.0","2.0","2.0","3.0","0.0","0.0","0.0222","0.0133","2"
"OMA2","NA","1063086","USP","SWITCH 2VDC PNP 0.5M LEAD M8 C","03 LOW","0.0","0.0","0.0","0.0","1.0","0.0","0.0","0.0","0.0","0"
"OMA2","NA","10683","USP","WHEEL, WHEEL: LOAD ASSEMBLY","02 MED","1.0","4.0","5.0","7.0","12.0","0.0333","0.0667","0.0556","0.0467","6"
"OMA2","NA","11147","USP","VHI425A-GV W/ GV4G6","02 MED","0.0","0.0","0.0","1.0","3.0","0.0","0.0","0.0","0.0067","1"
"OMA2","NA","11409","USP","TAMPA","03 LOW","0.0","0.0","2.0","2.0","3.0","0.0","0.0","0.0222","0.0133","2"
"OMA2","NA","11519","USP","Zebra Kit Maint Door Open Swch RH/LH","02 MED","0.0","0.0","0.0","0.0","2.0","0.0","0.0","0.0","0.0","0"
"OMA2","NA","3022978","USP","LIDAR SENSOR PICS150-01000 core 1","01 HIGH","1.0","1.0","1.0","1.0","1.0","0.0333","0.0167","0.0111","0.0067","1"
"OMA2","NA","49345","USP","ZEBRA AIT PART KIT PRINTHEAD 300 DPI ZE521 RH & LH","02 MED","5.0200000000000005","5.0200000000000005","8.02","11.01","23.99","0.1673","0.0837","0.0891","0.0734","16"
"OMA2","NA","49346","USP","ZEBRA AIT PART KIT PLATEN, PINCH, & PEEL ROLLERS ZE521 RH & LH","02 MED","0.0","0.0","1.0","4.0","5.0","0.0","0.0","0.0111","0.0267","3"
"OMA2","NA","72902","USP","kit,motor assy, high speed...","02 MED","0.0","0.0","0.0","0.0","1.0","0.0","0.0","0.0","0.0","0"
"OMA2","NA","N24793","USP","Slim Electromechanical Relay, SPDT, 6A,24VDC, PCB Terminal, 34 Series","01 HIGH","2.0","2.0","2.0","2.0","2.0","0.0667","0.0333","0.0222","0.0133","1"
"OMA2","NA","N37377","USP","SC300-2 SHOCK ABSORBER","02 MED","0.0","0.0","0.0","0.0","1.0","0.0","0.0","0.0","0.0","0"
"OMA2","NA","N53977","USP","I110-E0454 SAFETY SWITCH","02 MED","0.0","0.0","0.0","1.0","1.0","0.0","0.0","0.0","0.0067","2"
"ORD5","NA","1001191","USP","VPL-B1003F-PJ12AA SERVO MOTOR","02 MED","0.0","0.0","0.0","0.0","2.0","0.0","0.0","0.0","0.0","0"
"ORD5","NA","1002613","USP","VALVE, CHECK VALVE,ASSEMBLY:FLOW CONTROL W/ PILOT CHECK VALVE 1/4 TUBE WITH1/8 T","01 HIGH","0.0","0.0","0.0","0.0","6.02","0.0","0.0","0.0","0.0","0"
"ORD5","NA","10096","USP","WASHER: THRUST, BRONZE","03 LOW","0.0","0.0","4.0","4.0","4.0","0.0","0.0","0.0444","0.0267","1"
"ORD5","NA","10105","USP","SPRING: REWIND CLUTCH, MED DUTY, .97OD X .080 WIRE DIA","03 LOW","0.0","0.0","2.0","2.0","2.0","0.0","0.0","0.0222","0.0133","1"
"ORD5","NA","10191","USP","THRUST BALL BEARING, 3/4"" ID X 1-5/16"" OD X 9/32"" HT., STEEL","01 HIGH","0.0","2.0","2.0","5.0","9.0","0.0","0.0333","0.0222","0.0333","2"
"ORD5","NA","1061526","USP","SERVO DRVE AMP JR_AUTO JR0000549642","02 MED","0.0","0.0","0.0","0.0","3.0","0.0","0.0","0.0","0.0","0"
"ORD5","NA","10683","USP","WHEEL, WHEEL: LOAD ASSEMBLY","01 HIGH","0.0","0.0","0.0","1.0","9.0","0.0","0.0","0.0","0.0067","1"
"ORD5","NA","1069554","USP","POWER IO CABLE M12 FOR COGNEX CONN MODULE W DB9","02 MED","0.0","0.0","0.0","0.0","3.0","0.0","0.0","0.0","0.0","0"
"ORD5","NA","1124355","USP","FIXED DRAW ROLLER, SMART PAC","02 MED","0.0","0.0","0.0","0.0","2.0","0.0","0.0","0.0","0.0","0"
"ORD5","NA","11409","USP","TAMPA","02 MED","0.0","0.0","0.0","3.0","5.0","0.0","0.0","0.0","0.02","1"
"ORD5","NA","11519","USP","Zebra Kit Maint Door Open Swch RH/LH","02 MED","0.0","1.0","1.0","2.0","5.0","0.0","0.0167","0.0111","0.0133","2"
"ORD5","NA","3015435","USP","VERTICAL JAW CABLE MANAGEMENT BACKING PLATE","01 HIGH","0.0","1.0","1.0","1.0","1.0","0.0","0.0167","0.0111","0.0067","1"
"ORD5","NA","3022934","USP","SMC Shock Absorber, RBC1007, 46.7 mm Body Length, 63.7 mm Body Length, M10 x 1 Thread Size","01 HIGH","0.0","10.0","10.0","19.0","21.0","0.0","0.1667","0.1111","0.1267","6"
"ORD5","NA","3022941","USP","VERTICAL TOP, POWERSONIC MATED M12 + LBO2K","01 HIGH","0.0","3.0","5.0","5.0","9.0","0.0","0.05","0.0556","0.0333","3"
"ORD5","NA","3022945","USP","VERTICAL BOTTOM LOAD CELL","01 HIGH","0.0","4.0","6.0","6.0","8.0","0.0","0.0667","0.0667","0.04","4"
"ORD5","NA","3022950","USP","HORIZONTAL FRONT, POWERSONIC MATED M12 + LBO3K","01 HIGH","0.0","0.0","1.0","2.0","3.0","0.0","0.0","0.0111","0.0133","2"
"ORD5","NA","3022970","USP","CUTTING KNIFE ASSEMBLY","01 HIGH","3.0","3.0","3.0","3.0","3.0","0.1","0.05","0.0333","0.02","1"
"ORD5","NA","3022978","USP","LIDAR SENSOR PICS150-01000 core 1","01 HIGH","0.0","5.0","5.0","7.0","8.0","0.0","0.0833","0.0556","0.0467","6"
"ORD5","NA","3022982","USP","LEFT ISOLATOR PLATE","01 HIGH","0.0","0.0","0.0","3.0","3.0","0.0","0.0","0.0","0.02","1"
"ORD5","NA","3022983","USP","RIGHT ISOLATOR PLATE","01 HIGH","0.0","0.0","0.0","1.0","1.0","0.0","0.0","0.0","0.0067","1"
"ORD5","NA","3022987","USP","IO-LINK MASTER, ETHERNET/IP INTERFACE, TOTAL IN- AND OUTPUTS: 16, 4X 2A OUTPUTS","01 HIGH","0.0","0.0","0.0","0.0","3.0","0.0","0.0","0.0","0.0","0"
"ORD5","NA","3037848","USP","LEFT VER HEATER CABLE ASSY","01 HIGH","0.0","3.0","3.0","5.0","5.0","0.0","0.05","0.0333","0.0333","3"
"ORD5","NA","3037849","USP","RIGHT VER HEATER CABLE ASSY","01 HIGH","0.0","0.0","2.0","2.0","2.0","0.0","0.0","0.0222","0.0133","1"
"ORD5","NA","3043388","USP","SENSOR REED PARA CILINDRO","02 MED","0.0","0.0","0.0","0.0","2.0100000000000002","0.0","0.0","0.0","0.0","0"
"ORD5","NA","3043436","USP","Kinetix 5700 Servo Drive","02 MED","1.0","1.0","1.0","1.0","1.0","0.0333","0.0167","0.0111","0.0067","1"
"ORD5","NA","3466144","USP","SERVO DRIVE","01 HIGH","0.0","0.0","0.0","1.0","1.0","0.0","0.0","0.0","0.0067","1"
"ORD5","NA","3466149","USP","PIVOT BLOCK","01 HIGH","0.0","0.0","0.0","1.0","1.0","0.0","0.0","0.0","0.0067","1"
"ORD5","NA","3466223","USP","243TEETH 32 T5/1215","01 HIGH","0.0","0.0","0.0","1.0","1.0","0.0","0.0","0.0","0.0067","1"
"ORD5","NA","3466243","USP","LEFT HORIZONTAL SEAL BAR ASSY","01 HIGH","0.0","4.0","4.0","4.0","4.0","0.0","0.0667","0.0444","0.0267","2"
"ORD5","NA","3466248","USP","PRECISION LINEAR SHAFT, DIA 12","01 HIGH","0.0","0.0","1.0","1.0","1.0","0.0","0.0","0.0111","0.0067","1"
"ORD5","NA","3466251","USP","PIVOT BLOCK - LEFT HORIZONTAL","01 HIGH","0.0","1.0","1.0","1.0","1.0","0.0","0.0167","0.0111","0.0067","1"
"ORD5","NA","49344","USP","Zebra ZE52163-R010000Z Print Engine","02 MED","0.0","0.0","0.0","0.0","3.0","0.0","0.0","0.0","0.0","0"
"ORD5","NA","49345","USP","ZEBRA AIT PART KIT PRINTHEAD 300 DPI ZE521 RH & LH","01 HIGH","6.01","13.01","17.009999999999998","28.009999999999998","38.01","0.2003","0.2168","0.189","0.1867","23"
"ORD5","NA","49960","USP","MDC100-050101 DRIVE","01 HIGH","0.0","0.0","0.0","0.0","1.0","0.0","0.0","0.0","0.0","0"
"ORD5","NA","816958","USP","IN-SIGHT STD. POWER & I/O BREAKOUT CABLE, 5M (15')","02 MED","1.0","1.0","1.0","1.0","3.0","0.0333","0.0167","0.0111","0.0067","1"
"ORD5","NA","N12270","USP","SMC Speed Control Valve: Elbow Fitting, Knob, 1/4 in/1/8 in Valve Body Size, 1/4 in Tube, Meter Out","01 HIGH","0.0","0.0","0.0","0.0","2.0","0.0","0.0","0.0","0.0","0"
"ORD5","NA","N24793","USP","Slim Electromechanical Relay, SPDT, 6A,24VDC, PCB Terminal, 34 Series","01 HIGH","0.0","0.0","0.0","0.0","7.0","0.0","0.0","0.0","0.0","0"
"ORD5","NA","N37377","USP","SC300-2 SHOCK ABSORBER","02 MED","0.0","0.0","0.0","0.0","1.0","0.0","0.0","0.0","0.0","0"
"ORF3","NA","1002613","USP","VALVE, CHECK VALVE,ASSEMBLY:FLOW CONTROL W/ PILOT CHECK VALVE 1/4 TUBE WITH1/8 T","01 HIGH","0.0","0.0","0.0","0.0","1.0","0.0","0.0","0.0","0.0","0"
"ORF3","NA","10683","USP","WHEEL, WHEEL: LOAD ASSEMBLY","01 HIGH","1.0","1.0","1.0","2.0","9.0","0.0333","0.0167","0.0111","0.0133","3"
"ORF3","NA","1071516","USP","REPLACEMENT BELT – 18”W FOR CO","01 HIGH","1.0","1.0","1.0","2.0","3.0","0.0333","0.0167","0.0111","0.0133","2"
"ORF3","NA","1124355","USP","FIXED DRAW ROLLER, SMART PAC","02 MED","0.0","1.0","1.0","1.0","1.0","0.0","0.0167","0.0111","0.0067","2"
"ORF3","NA","11424","USP","UNWIND BRAKE BAND CTM PM-BB1030","01 HIGH","0.0","0.0","0.0","2.0","4.0","0.0","0.0","0.0","0.0133","1"
"ORF3","NA","3022945","USP","VERTICAL BOTTOM LOAD CELL","01 HIGH","0.0","1.0","1.0","1.0","1.0","0.0","0.0167","0.0111","0.0067","1"
"ORF3","NA","3022970","USP","CUTTING KNIFE ASSEMBLY","01 HIGH","2.0","2.0","2.0","2.0","2.0","0.0667","0.0333","0.0222","0.0133","1"
"ORF3","NA","3037848","USP","LEFT VER HEATER CABLE ASSY","01 HIGH","1.0","1.0","1.0","1.0","1.0","0.0333","0.0167","0.0111","0.0067","1"
"ORF3","NA","3464199","USP","SENSOR, FIBER OPTIC THIN ZERO SPACE, SIDE VIEW TYP","02 MED","1.0","1.0","1.0","1.0","1.0","0.0333","0.0167","0.0111","0.0067","1"
"ORF3","NA","3466170","USP","DSNU, BORE 25MM, STROKE 100MM, DOUBLE ACTING, LATERAL AIR,","01 HIGH","0.0","1.0","2.0","2.0","2.0","0.0","0.0167","0.0222","0.0133","2"
"ORF3","NA","3466258","USP","LEFT VERTICAL SEAL BAR ASSY","01 HIGH","2.0","2.0","2.0","2.0","2.0","0.0667","0.0333","0.0222","0.0133","2"
"ORF3","NA","49345","USP","ZEBRA AIT PART KIT PRINTHEAD 300 DPI ZE521 RH & LH","01 HIGH","0.0","0.0","0.0","2.0","12.0","0.0","0.0","0.0","0.0133","2"
"ORF3","NA","49960","USP","MDC100-050101 DRIVE","01 HIGH","0.0","0.0","0.0","1.0","1.0","0.0","0.0","0.0","0.0067","1"
"ORF3","NA","N24793","USP","Slim Electromechanical Relay, SPDT, 6A,24VDC, PCB Terminal, 34 Series","01 HIGH","0.0","0.0","0.0","2.0","2.0","0.0","0.0","0.0","0.0133","1"
"ORF3","NA","N37377","USP","SC300-2 SHOCK ABSORBER","02 MED","0.0","0.0","0.0","0.0","1.0","0.0","0.0","0.0","0.0","0"
"ORF4","NA","1000078","USP","Sensor, proximity, SME-8M-DS-24V-K-0, 3-M8D","02 MED","0.0","0.0","0.0","2.0","4.0","0.0","0.0","0.0","0.0133","2"
"ORF4","NA","1000863","EcoPac","Point IO Sinking Input Module, 8-Point","02 MED","0.0","0.0","0.0","1.0","1.0","0.0","0.0","0.0","0.0067","1"
"ORF4","NA","1002613","USP","VALVE, CHECK VALVE,ASSEMBLY:FLOW CONTROL W/ PILOT CHECK VALVE 1/4 TUBE WITH1/8 T","02 MED","0.0","0.0","1.0","1.0","1.0","0.0","0.0","0.0111","0.0067","1"
"ORF4","NA","1060925","USP","RING-GRIP QUICK-RELEASE PIN","02 MED","0.0","1.0","1.0","3.0","6.0","0.0","0.0167","0.0111","0.02","2"
"ORF4","NA","10683","USP","WHEEL, WHEEL: LOAD ASSEMBLY","02 MED","0.0","0.0","0.0","0.0","2.01","0.0","0.0","0.0","0.0","0"
"ORF4","NA","1070019","URL","SWITCHMODUL:IE3000","01 HIGH","0.0","0.0","0.0","0.0","1.0","0.0","0.0","0.0","0.0","0"
"ORF4","NA","1070075","EcoPac","ZEBRA, P1112750-010, PRINTHEAD ASSEMBLY, 300 DPI, LH/RH","01 HIGH","1.0","3.0","3.0","3.0","5.0","0.0333","0.05","0.0333","0.02","3"
"ORF4","NA","1072130","URL","SHAWMUT, ATDR6, TIME DELAY, 6A, 600V","02 MED","0.0","0.0","0.0","3.0","3.0","0.0","0.0","0.0","0.02","1"
"ORF4","NA","1113249","USP","URGU48R1-04090N","02 MED","0.0","1.0","1.0","1.0","1.0","0.0","0.0167","0.0111","0.0067","1"
"ORF4","NA","1119770","URL","LABELLERS IN POSITION PROXIMITY SENSOR","01 HIGH","0.0","0.0","0.0","1.0","1.0","0.0","0.0","0.0","0.0067","1"
"ORF4","NA","2031551","URL","Zebra ZE511 print head 300dpi ZE511 RH&L","02 MED","5.0","7.0","14.0","26.0","32.0","0.1667","0.1167","0.1556","0.1733","20"
"ORF4","NA","3008709","URL","Tube guide roller incl. bearings","02 MED","0.0","0.0","1.0","1.0","1.0","0.0","0.0","0.0111","0.0067","1"
"ORF4","NA","3008721","URL","PRODUCT CONVEYOR BELT","03 LOW","0.0","0.0","1.0","1.0","2.0","0.0","0.0","0.0111","0.0067","1"
"ORF4","NA","3008731","URL","REWINDER_BACKING_PAPER_LH","02 MED","0.0","0.0","1.0","1.0","1.0","0.0","0.0","0.0111","0.0067","1"
"ORF4","NA","3008776","URL","Tube guide roller Shaft","02 MED","0.0","0.0","0.0","1.0","1.0","0.0","0.0","0.0","0.0067","1"
"ORF4","NA","3015435","USP","VERTICAL JAW CABLE MANAGEMENT BACKING PLATE","01 HIGH","0.0","0.0","0.0","1.0","1.0","0.0","0.0","0.0","0.0067","1"
"ORF4","NA","3022934","USP","SMC Shock Absorber, RBC1007, 46.7 mm Body Length, 63.7 mm Body Length, M10 x 1 Thread Size","01 HIGH","52.0","58.0","63.0","66.0","66.0","1.7333","0.9667","0.7","0.44","18"
"ORF4","NA","3022951","USP","RTD, PT100, DIA 3MM, L 18MM, 3","01 HIGH","2.0","2.0","2.0","2.0","2.0","0.0667","0.0333","0.0222","0.0133","1"
"ORF4","NA","3022970","USP","CUTTING KNIFE ASSEMBLY","01 HIGH","1.0","1.0","1.0","1.0","1.0","0.0333","0.0167","0.0111","0.0067","1"
"ORF4","NA","3022982","USP","LEFT ISOLATOR PLATE","01 HIGH","1.0","1.0","1.0","1.0","1.0","0.0333","0.0167","0.0111","0.0067","1"
"ORF4","NA","3022983","USP","RIGHT ISOLATOR PLATE","01 HIGH","3.0","3.0","4.0","4.0","4.0","0.1","0.05","0.0444","0.0267","4"
"ORF4","NA","3022987","URL","IO-LINK MASTER, ETHERNET/IP INTERFACE, TOTAL IN- AND OUTPUTS: 16, 4X 2A OUTPUTS","01 HIGH","0.0","0.0","0.0","0.0","2.0","0.0","0.0","0.0","0.0","0"
"ORF4","NA","3022987","USP","IO-LINK MASTER, ETHERNET/IP INTERFACE, TOTAL IN- AND OUTPUTS: 16, 4X 2A OUTPUTS","01 HIGH","0.0","0.0","0.0","0.0","2.0","0.0","0.0","0.0","0.0","0"
"ORF4","NA","3037852","USP","LEFT HOR HEATER CABLE ASSY","01 HIGH","2.0","2.0","2.0","2.0","2.0","0.0667","0.0333","0.0222","0.0133","1"
"ORF4","NA","3043388","USP","SENSOR REED PARA CILINDRO","03 LOW","1.0","1.0","1.0","1.0","2.0","0.0333","0.0167","0.0111","0.0067","1"
"ORF4","NA","3077265","URL","Springs ‐ set of 6","02 MED","0.0","0.0","0.0","0.0","1.0","0.0","0.0","0.0","0.0","0"
"ORF4","NA","3129265","URL","Solenoid Valve","02 MED","0.0","0.0","0.0","0.0","1.0","0.0","0.0","0.0","0.0","0"
"ORF4","NA","3129284","URL","Encoder Roller","01 HIGH","0.0","0.0","0.0","1.0","1.0","0.0","0.0","0.0","0.0067","1"
"ORF4","NA","3129289","URL","O RING, 10026407 BS1806-020 VMQ70","02 MED","755.0","755.0","755.0","755.0","755.0","25.1667","12.5833","8.3889","5.0333","1"
"ORF4","NA","3129347","URL","SWITCHING AUTOMATION LIGHT GRIDS SLG-2 (SLG10S-010SBR21D40)","02 MED","1.0","4.0","5.0","8.0","12.0","0.0333","0.0667","0.0556","0.0533","7"
"ORF4","NA","3132058","URL","METTLER TOLEDO 24114964 BELT","02 MED","1.0","1.0","1.0","1.0","2.0","0.0333","0.0167","0.0111","0.0067","1"
"ORF4","NA","3288498","URL","Conveyor Belt","02 MED","0.0","0.0","0.0","7.0","12.0","0.0","0.0","0.0","0.0467","5"
"ORF4","NA","3288499","URL","TT End Roller","02 MED","0.0","0.0","3.0","4.0","4.0","0.0","0.0","0.0333","0.0267","3"
"ORF4","NA","3288502","URL","RJ45 INDUSTRIAL PLUG 09451511100","02 MED","3.0","3.0","3.0","11.0","13.0","0.1","0.05","0.0333","0.0733","5"
"ORF4","NA","3288503","URL","Drive Roller Bearing","02 MED","0.0","0.0","0.0","7.0","11.0","0.0","0.0","0.0","0.0467","5"
"ORF4","NA","3466145","USP","RIGHT HORIZONTAL SEAL BAR ASSY","01 HIGH","0.0","0.0","0.0","1.0","1.0","0.0","0.0","0.0","0.0067","1"
"ORF4","NA","3466170","USP","DSNU, BORE 25MM, STROKE 100MM, DOUBLE ACTING, LATERAL AIR,","01 HIGH","0.0","0.0","0.0","1.0","2.0","0.0","0.0","0.0","0.0067","1"
"ORF4","NA","3466243","USP","LEFT HORIZONTAL SEAL BAR ASSY","01 HIGH","0.0","2.0","2.0","2.0","2.0","0.0","0.0333","0.0222","0.0133","1"
"ORF4","NA","3466258","USP","LEFT VERTICAL SEAL BAR ASSY","01 HIGH","1.0","5.0","5.0","5.0","5.0","0.0333","0.0833","0.0556","0.0333","3"
"ORF4","NA","3466261","USP","SHANK THREAD SIZE(M10X1.25), ID 10MM, JAW OPENING W 10MM,","02 MED","0.0","0.0","0.0","0.0","4.0","0.0","0.0","0.0","0.0","0"
"ORF4","NA","3471325","EcoPac","SEEGER E 17X1 UNI7435","02 MED","0.0","2.0","2.0","2.0","4.0","0.0","0.0333","0.0222","0.0133","1"
"ORF4","NA","3516118","URL","UNWIND UNIT SPRINGS MT910532SP","02 MED","0.0","0.0","0.0","7.0","7.0","0.0","0.0","0.0","0.0467","3"
"ORF4","NA","3524277","EcoPac","PHOTOCEL S45-PH-5-B03-PH","01 HIGH","1.0","1.0","1.0","2.0","4.0","0.0333","0.0167","0.0111","0.0133","2"
"ORF4","NA","3524381","EcoPac","PHOTOCELL GL6-P4111S92+bracket","01 HIGH","0.0","0.0","0.0","0.0","1.0","0.0","0.0","0.0","0.0","0"
"ORF4","NA","3524503","EcoPac","STAFFA 101X15X15","01 HIGH","0.0","0.0","0.0","1.0","1.0","0.0","0.0","0.0","0.0067","1"
"ORF4","NA","3524569","EcoPac","PHOTOCEL S45-PH-5-B03-PH","01 HIGH","0.0","0.0","1.0","1.0","1.0","0.0","0.0","0.0111","0.0067","1"
"ORF4","NA","3524604","EcoPac","PHOTOCEL S45-PH-5-B03-PH","01 HIGH","0.0","0.0","0.0","1.0","1.0","0.0","0.0","0.0","0.0067","1"
"ORF4","NA","49345","USP","ZEBRA AIT PART KIT PRINTHEAD 300 DPI ZE521 RH & LH","02 MED","3.0","3.0","3.0","3.0","3.0","0.1","0.05","0.0333","0.02","3"
"ORF4","NA","49346","USP","ZEBRA AIT PART KIT PLATEN, PINCH, & PEEL ROLLERS ZE521 RH & LH","02 MED","0.0","1.0","1.0","1.0","2.0","0.0","0.0167","0.0111","0.0067","1"
"ORF4","NA","61591","USP","TUBE FITTING, M5 TO 4MM","02 MED","0.0","0.0","0.0","0.0","2.0","0.0","0.0","0.0","0.0","0"
"ORF4","NA","72902","USP","kit,motor assy, high speed...","02 MED","2.0","4.0","4.0","5.0","5.0","0.0667","0.0667","0.0444","0.0333","4"
"ORF4","NA","C-1083","EcoPac","PHOTOCEL S45-PH-5-B03-PH","01 HIGH","0.0","0.0","1.0","1.0","2.0","0.0","0.0","0.0111","0.0067","1"
"ORF4","NA","C-1218","EcoPac","ND-PISTOLA MB2-BE00AIATTSSFP41-000000","01 HIGH","1.0","1.0","2.0","3.0","5.0","0.0333","0.0167","0.0222","0.02","3"
"ORF4","NA","C-1304","EcoPac","SENSOR SMT-8M-A-PS-24V-E-0.3-N-M8D","01 HIGH","0.0","0.0","0.0","5.0","21.0","0.0","0.0","0.0","0.0333","5"
"ORF4","NA","C-1350","EcoPac","SUCTION CUP V 25/CS SILICON","01 HIGH","8.0","8.0","8.0","37.0","97.0","0.2667","0.1333","0.0889","0.2467","5"
"ORF4","NA","C-1726","EcoPac","PHOTOCEL S45-PH-5-B03-PH","01 HIGH","1.0","1.0","1.0","1.0","1.0","0.0333","0.0167","0.0111","0.0067","1"
"ORF4","NA","C-1804","EcoPac","REDUCER XC40 R 1: 7,5 PAM 14-105","01 HIGH","0.0","0.0","0.0","0.0","2.0","0.0","0.0","0.0","0.0","0"
"ORF4","NA","C-2678","EcoPac","SERVOMOTOR VPL-B0633M-PJ12AA 1.3NM ASS/D","01 HIGH","0.0","0.0","1.0","1.0","1.0","0.0","0.0","0.0111","0.0067","1"
"ORF4","NA","C-2811","EcoPac","VENTOSA B20 D24 1 SOFFIETTO","01 HIGH","4.0","12.0","52.0","67.0","107.0","0.1333","0.2","0.5778","0.4467","6"
"ORF4","NA","C-2831","EcoPac","PHOTOCEL S45-PH-5-B03-PH","01 HIGH","0.0","0.0","1.0","1.0","1.0","0.0","0.0","0.0111","0.0067","1"
"ORF4","NA","C-2832","EcoPac","PHOTOCEL S45-PH-5-B03-PH","01 HIGH","0.0","0.0","1.0","2.0","3.0","0.0","0.0","0.0111","0.0133","2"
"ORF4","NA","C-2843","EcoPac","PHOTOCEL S45-PH-5-B03-PH","01 HIGH","0.0","0.0","0.0","1.0","1.0","0.0","0.0","0.0","0.0067","1"
"ORF4","NA","C-3715","EcoPac","PHOTOCEL S45-PH-5-B03-PH","01 HIGH","0.0","3.0","4.0","7.0","7.0","0.0","0.05","0.0444","0.0467","7"
"ORF4","NA","C-3765","EcoPac","PHOTOCEL S45-PH-5-B03-PH","01 HIGH","1.0","2.0","2.0","3.0","9.0","0.0333","0.0333","0.0222","0.02","3"
"ORF4","NA","C-3766","EcoPac","PHOTOCEL S45-PH-5-B03-PH","01 HIGH","1.0","3.0","4.0","8.0","11.0","0.0333","0.05","0.0444","0.0533","7"
"ORF4","NA","C-3836","EcoPac","PHOTOCEL S45-PH-5-B03-PH","01 HIGH","0.0","1.0","1.0","1.0","1.0","0.0","0.0167","0.0111","0.0067","1"
"ORF4","NA","N12270","USP","SMC Speed Control Valve: Elbow Fitting, Knob, 1/4 in/1/8 in Valve Body Size, 1/4 in Tube, Meter Out","02 MED","1.0","1.0","1.0","1.0","1.0","0.0333","0.0167","0.0111","0.0067","1"
"OXR1","NA","1000078","USP","Sensor, proximity, SME-8M-DS-24V-K-0, 3-M8D","01 HIGH","0.0","0.0","0.0","1.0","1.0","0.0","0.0","0.0","0.0067","2"
"OXR1","NA","10105","USP","SPRING: REWIND CLUTCH, MED DUTY, .97OD X .080 WIRE DIA","02 MED","0.0","0.0","0.0","0.0","1.0","0.0","0.0","0.0","0.0","0"
"OXR1","NA","10191","USP","THRUST BALL BEARING, 3/4"" ID X 1-5/16"" OD X 9/32"" HT., STEEL","02 MED","0.0","0.0","0.0","1.0","8.0","0.0","0.0","0.0","0.0067","1"
"OXR1","NA","1071516","USP","REPLACEMENT BELT – 18”W FOR CO","02 MED","0.0","1.0","1.0","1.0","2.0","0.0","0.0167","0.0111","0.0067","1"
"OXR1","NA","1124355","USP","FIXED DRAW ROLLER, SMART PAC","02 MED","0.0","0.0","2.0","5.0","7.0","0.0","0.0","0.0222","0.0333","5"
"OXR1","NA","11519","USP","Zebra Kit Maint Door Open Swch RH/LH","02 MED","0.0","0.0","7.0","8.0","10.0","0.0","0.0","0.0778","0.0533","2"
"OXR1","NA","19978","USP","TIME DELAY FUSE, 30A, CLASS J, 300KA, 600VAC","01 HIGH","0.0","0.0","0.0","1.0","36.0","0.0","0.0","0.0","0.0067","1"
"OXR1","NA","3015434","USP","SWIVEL GRIPPER HEAD","01 HIGH","0.0","2.0","8.0","8.0","8.0","0.0","0.0333","0.0889","0.0533","5"
"OXR1","NA","3022949","USP","MCMASTER ZIP TIE MOUNT","01 HIGH","0.0","3.0","3.0","3.0","3.0","0.0","0.05","0.0333","0.02","1"
"OXR1","NA","3022958","USP","DIVERT PLATE, TOP","01 HIGH","1.0","1.0","1.0","1.0","1.0","0.0333","0.0167","0.0111","0.0067","1"
"OXR1","NA","3022970","USP","CUTTING KNIFE ASSEMBLY","01 HIGH","2.0","2.0","4.0","4.0","4.0","0.0667","0.0333","0.0444","0.0267","4"
"OXR1","NA","3022987","USP","IO-LINK MASTER, ETHERNET/IP INTERFACE, TOTAL IN- AND OUTPUTS: 16, 4X 2A OUTPUTS","01 HIGH","0.0","0.0","0.0","1.0","1.0","0.0","0.0","0.0","0.0067","1"
"OXR1","NA","3037849","USP","RIGHT VER HEATER CABLE ASSY","01 HIGH","0.0","1.0","1.0","1.0","1.0","0.0","0.0167","0.0111","0.0067","1"
"OXR1","NA","3043368","USP","Sensor Cable, 5m Grey, M12 Female 4P Angled to Open Ended, Continuous Flex, PUR","02 MED","0.0","0.0","0.0","3.0","3.0","0.0","0.0","0.0","0.02","1"
"OXR1","NA","3043423","USP","FUSE,5 AMP,250V","02 MED","1.0","1.0","1.0","1.0","1.0","0.0333","0.0167","0.0111","0.0067","1"
"OXR1","NA","3464199","USP","SENSOR, FIBER OPTIC THIN ZERO SPACE, SIDE VIEW TYP","01 HIGH","0.0","2.0","2.0","2.0","2.0","0.0","0.0333","0.0222","0.0133","1"
"OXR1","NA","3466127","USP","SCANNER,BARCODE:DM363 SMARTPACK PRESENTATION READER","01 HIGH","0.0","1.0","1.0","2.0","2.0","0.0","0.0167","0.0111","0.0133","2"
"OXR1","NA","3466147","USP","COMPACT CYLINDER ADN-32-25-I-P-A-S2","01 HIGH","0.0","2.0","2.0","2.0","2.0","0.0","0.0333","0.0222","0.0133","1"
"OXR1","NA","3466251","USP","PIVOT BLOCK - LEFT HORIZONTAL","01 HIGH","0.0","1.0","1.0","1.0","1.0","0.0","0.0167","0.0111","0.0067","1"
"OXR1","NA","49345","USP","ZEBRA AIT PART KIT PRINTHEAD 300 DPI ZE521 RH & LH","01 HIGH","1.0","1.0","1.0","1.0","1.0","0.0333","0.0167","0.0111","0.0067","1"
"OXR1","NA","49960","USP","MDC100-050101 DRIVE","02 MED","1.0","1.0","2.0","3.0","3.0","0.0333","0.0167","0.0222","0.02","3"
"OXR1","NA","N12270","USP","SMC Speed Control Valve: Elbow Fitting, Knob, 1/4 in/1/8 in Valve Body Size, 1/4 in Tube, Meter Out","03 LOW","0.0","2.0","2.0","2.0","2.0","0.0","0.0333","0.0222","0.0133","1"
"OXR1","NA","N24793","USP","Slim Electromechanical Relay, SPDT, 6A,24VDC, PCB Terminal, 34 Series","01 HIGH","0.0","0.0","1.0","3.0","3.0","0.0","0.0","0.0111","0.02","2"
"OXR1","NA","N37377","USP","SC300-2 SHOCK ABSORBER","02 MED","0.0","0.0","0.0","0.0","1.0","0.0","0.0","0.0","0.0","0"
"PAE2","NA","1000078","USP","Sensor, proximity, SME-8M-DS-24V-K-0, 3-M8D","02 MED","0.0","0.0","0.0","0.0","1.0","0.0","0.0","0.0","0.0","0"
"PAE2","NA","10076","USP","UNWIND DANCER ARM UNWIND SPRING","02 MED","0.0","0.0","0.0","0.0","2.0","0.0","0.0","0.0","0.0","0"
"PAE2","NA","1060925","USP","RING-GRIP QUICK-RELEASE PIN","02 MED","2.0","2.0","2.0","2.0","14.0","0.0667","0.0333","0.0222","0.0133","2"
"PAE2","NA","1061526","USP","SERVO DRVE AMP JR_AUTO JR0000549642","02 MED","0.0","0.0","0.0","0.0","1.0","0.0","0.0","0.0","0.0","0"
"PAE2","NA","1061778","USP","RT-B1221","01 HIGH","0.0","0.0","0.0","1.0","2.0","0.0","0.0","0.0","0.0067","1"
"PAE2","NA","10683","USP","WHEEL, WHEEL: LOAD ASSEMBLY","02 MED","1.0","1.0","4.0","5.0","5.0","0.0333","0.0167","0.0444","0.0333","3"
"PAE2","NA","1071515","USP","Radial/Deep Groove Ball Bearing - Round Bore, 25 mm ID, 42 mm OD, 9 mm Width, Double Shielded, Internal Clearance","02 MED","0.0","0.0","0.0","2.0","2.0","0.0","0.0","0.0","0.0133","1"
"PAE2","NA","132054","USP","ZEBRA - P1046696-146, EXTENDED LIFE DRIVE BELTS, ZE500/ZE511, HTC 8443.99.2550 C","02 MED","1.0","1.0","1.0","2.0","2.0","0.0333","0.0167","0.0111","0.0133","2"
"PAE2","NA","3022934","USP","SMC Shock Absorber, RBC1007, 46.7 mm Body Length, 63.7 mm Body Length, M10 x 1 Thread Size","01 HIGH","4.0","4.0","4.0","4.0","4.0","0.1333","0.0667","0.0444","0.0267","1"
"PAE2","NA","3022948","USP","FLAT HEAD SOCKET CAP SCREW","01 HIGH","0.0","4.0","4.0","4.0","4.0","0.0","0.0667","0.0444","0.0267","2"
"PAE2","NA","3022970","USP","CUTTING KNIFE ASSEMBLY","01 HIGH","2.0","8.0","10.0","10.0","10.0","0.0667","0.1333","0.1111","0.0667","9"
"PAE2","NA","3022982","USP","LEFT ISOLATOR PLATE","01 HIGH","0.0","2.0","2.0","2.0","2.0","0.0","0.0333","0.0222","0.0133","2"
"PAE2","NA","3466132","USP","PNUEMATIC FITTING","01 HIGH","0.0","1.0","1.0","1.0","1.0","0.0","0.0167","0.0111","0.0067","1"
"PAE2","NA","49345","USP","ZEBRA AIT PART KIT PRINTHEAD 300 DPI ZE521 RH & LH","01 HIGH","3.0","8.0","9.0","16.0","25.0","0.1","0.1333","0.1","0.1067","16"
"PAE2","NA","49346","USP","ZEBRA AIT PART KIT PLATEN, PINCH, & PEEL ROLLERS ZE521 RH & LH","02 MED","2.0","2.0","2.0","2.0","3.0","0.0667","0.0333","0.0222","0.0133","2"
"PAE2","NA","72902","USP","kit,motor assy, high speed...","02 MED","0.0","0.0","0.0","1.0","1.0","0.0","0.0","0.0","0.0067","1"
"PAE2","NA","N37843","USP","REWIND CONTROL/POWER ON RELAY FOR 3600A APPLICATORS - PE-RE1017","02 MED","0.0","0.0","1.0","1.0","1.0","0.0","0.0","0.0111","0.0067","1"
"PDX8","NA","1000078","USP","Sensor, proximity, SME-8M-DS-24V-K-0, 3-M8D","01 HIGH","1.0","6.0","7.000000000000001","7.000000000000001","7.000000000000001","0.0333","0.1","0.0778","0.0467","5"
"PDX8","NA","1002613","USP","VALVE, CHECK VALVE,ASSEMBLY:FLOW CONTROL W/ PILOT CHECK VALVE 1/4 TUBE WITH1/8 T","02 MED","0.0","0.0","0.0","0.0","2.0","0.0","0.0","0.0","0.0","0"
"PDX8","NA","10043","USP","PLC, CONTROLLER,PROGRAMMABLE:2-1/2 INHT,3-1/2 INWD,1-1/2 INDP,24 V DCVOLT,2.6 MACURRE","01 HIGH","0.0","0.0","0.0","0.0","2.0","0.0","0.0","0.0","0.0","0"
"PDX8","NA","1113249","USP","URGU48R1-04090N","02 MED","0.0","0.0","0.0","0.0","1.0","0.0","0.0","0.0","0.0","0"
"PDX8","NA","11424","USP","UNWIND BRAKE BAND CTM PM-BB1030","01 HIGH","0.0","0.0","0.0","0.0","1.0","0.0","0.0","0.0","0.0","0"
"PDX8","NA","11519","USP","Zebra Kit Maint Door Open Swch RH/LH","01 HIGH","0.0","0.0","0.0","0.0","1.0","0.0","0.0","0.0","0.0","0"
"PDX8","NA","3015434","USP","SWIVEL GRIPPER HEAD","01 HIGH","5.0","5.0","5.0","5.0","5.0","0.1667","0.0833","0.0556","0.0333","1"
"PDX8","NA","3022944","USP","CAPTIVE GUARDING SCREWS","01 HIGH","0.0","2.0","2.0","2.0","2.0","0.0","0.0333","0.0222","0.0133","1"
"PDX8","NA","3022945","USP","VERTICAL BOTTOM LOAD CELL","01 HIGH","0.0","1.0","1.0","1.0","1.0","0.0","0.0167","0.0111","0.0067","1"
"PDX8","NA","3022953","USP","GUARDING T-BLOCK","01 HIGH","0.0","25.0","25.0","25.0","25.0","0.0","0.4167","0.2778","0.1667","1"
"PDX8","NA","3022969","USP","VERTICAL CARTRIDGE HEATER","01 HIGH","0.0","2.0","2.0","2.0","2.0","0.0","0.0333","0.0222","0.0133","1"
"PDX8","NA","3022970","USP","CUTTING KNIFE ASSEMBLY","01 HIGH","3.0","3.0","3.0","3.0","3.0","0.1","0.05","0.0333","0.02","3"
"PDX8","NA","3022971","USP","FAST CONNECTION-PEG","01 HIGH","2.0","2.0","2.0","2.0","2.0","0.0667","0.0333","0.0222","0.0133","1"
"PDX8","NA","3022982","USP","LEFT ISOLATOR PLATE","01 HIGH","0.0","6.0","6.0","6.0","6.0","0.0","0.1","0.0667","0.04","2"
"PDX8","NA","3022983","USP","RIGHT ISOLATOR PLATE","01 HIGH","0.0","5.0","5.0","5.0","5.0","0.0","0.0833","0.0556","0.0333","1"
"PDX8","NA","3022987","USP","IO-LINK MASTER, ETHERNET/IP INTERFACE, TOTAL IN- AND OUTPUTS: 16, 4X 2A OUTPUTS",,"0.0","0.0","0.0","4.0","4.0","0.0","0.0","0.0","0.0267","1"
"PDX8","NA","3037848","USP","LEFT VER HEATER CABLE ASSY","01 HIGH","2.0","3.0","3.0","3.0","3.0","0.0667","0.05","0.0333","0.02","3"
"PDX8","NA","3464199","USP","SENSOR, FIBER OPTIC THIN ZERO SPACE, SIDE VIEW TYP","01 HIGH","0.0","1.0","1.0","1.0","1.0","0.0","0.0167","0.0111","0.0067","1"
"PDX8","NA","3466127","USP","SCANNER,BARCODE:DM363 SMARTPACK PRESENTATION READER","01 HIGH","0.0","1.0","3.0","3.0","3.0","0.0","0.0167","0.0333","0.02","2"
"PDX8","NA","3466132","USP","PNUEMATIC FITTING","01 HIGH","2.0","4.0","4.0","4.0","4.0","0.0667","0.0667","0.0444","0.0267","3"
"PDX8","NA","3466138","USP","VERTICAL VPL SERIES, FRAME SIZE 100MM, T WINDING, RATED SPEED 7200-80","01 HIGH","0.0","1.0","1.0","1.0","1.0","0.0","0.0167","0.0111","0.0067","1"
"PDX8","NA","3466149","USP","PIVOT BLOCK","01 HIGH","0.0","2.0","2.0","2.0","2.0","0.0","0.0333","0.0222","0.0133","1"
"PDX8","NA","3466191","USP","ROD COUPLER, M10X1.25, STEEL (","01 HIGH","0.0","2.0","2.0","2.0","2.0","0.0","0.0333","0.0222","0.0133","1"
"PDX8","NA","3466251","USP","PIVOT BLOCK - LEFT HORIZONTAL","01 HIGH","0.0","2.0","2.0","2.0","2.0","0.0","0.0333","0.0222","0.0133","1"
"PDX8","NA","3466258","USP","LEFT VERTICAL SEAL BAR ASSY","01 HIGH","1.0","2.0","2.0","2.0","2.0","0.0333","0.0333","0.0222","0.0133","2"
"PDX8","NA","49344","USP","Zebra ZE52163-R010000Z Print Engine","02 MED","0.0","0.0","0.0","0.0","5.0","0.0","0.0","0.0","0.0","0"
"PDX8","NA","49345","USP","ZEBRA AIT PART KIT PRINTHEAD 300 DPI ZE521 RH & LH","02 MED","7.0","12.0","12.0","16.0","28.000000000000004","0.2333","0.2","0.1333","0.1067","17"
"PDX8","NA","49346","USP","ZEBRA AIT PART KIT PLATEN, PINCH, & PEEL ROLLERS ZE521 RH & LH","02 MED","0.0","0.0","0.0","0.0","4.0","0.0","0.0","0.0","0.0","0"
"PDX8","NA","49960","USP","MDC100-050101 DRIVE","01 HIGH","0.0","0.0","0.0","1.0","3.0","0.0","0.0","0.0","0.0067","2"
"PDX8","NA","N12270","USP","SMC Speed Control Valve: Elbow Fitting, Knob, 1/4 in/1/8 in Valve Body Size, 1/4 in Tube, Meter Out","02 MED","0.0","0.0","0.0","0.0","2.0","0.0","0.0","0.0","0.0","0"
"PDX8","NA","N24793","USP","Slim Electromechanical Relay, SPDT, 6A,24VDC, PCB Terminal, 34 Series","01 HIGH","0.0","1.0","1.0","1.0","1.0","0.0","0.0167","0.0111","0.0067","1"
"POZ2","EU","132054","USP","ZEBRA - P1046696-146, EXTENDED LIFE DRIVE BELTS, ZE500/ZE511, HTC 8443.99.2550 C","03 LOW","1.0","1.0","1.0","1.0","8.0","0.0333","0.0167","0.0111","0.0067","1"
"POZ2","EU","226234","USP","SERIAL RS232 TO USB CONVERTER","03 LOW","1.0","1.0","1.0","1.0","1.0","0.0333","0.0167","0.0111","0.0067","1"
"POZ2","EU","3015434","USP","SWIVEL GRIPPER HEAD","01 HIGH","10.0","10.0","10.0","10.0","10.0","0.3333","0.1667","0.1111","0.0667","6"
"POZ2","EU","3022943","USP","HORIZONTAL REAR, POWERSONIC MATED M12 + LBO3K","01 HIGH","3.0","3.0","3.0","3.0","3.0","0.1","0.05","0.0333","0.02","1"
"POZ2","EU","3022950","USP","HORIZONTAL FRONT, POWERSONIC MATED M12 + LBO3K","01 HIGH","3.0","3.0","3.0","3.0","3.0","0.1","0.05","0.0333","0.02","1"
"POZ2","EU","3466243","USP","LEFT HORIZONTAL SEAL BAR ASSY","01 HIGH","1.0","1.0","1.0","1.0","1.0","0.0333","0.0167","0.0111","0.0067","1"
"PVD2","NA","1004322","USP","PUSHBUTTON METAL LATCH","02 MED","0.0","0.0","0.0","0.0","1.0","0.0","0.0","0.0","0.0","0"
"PVD2","NA","1060925","USP","RING-GRIP QUICK-RELEASE PIN","02 MED","9.0","9.0","9.0","11.0","27.0","0.3","0.15","0.1","0.0733","3"
"PVD2","NA","1061526","USP","SERVO DRVE AMP JR_AUTO JR0000549642","01 HIGH","0.0","0.0","0.0","1.0","3.0","0.0","0.0","0.0","0.0067","1"
"PVD2","NA","107980","USP","X CODE M12X8 TO RJ45 CBL","02 MED","1.0","1.0","1.0","1.0","1.0","0.0333","0.0167","0.0111","0.0067","2"
"PVD2","NA","1113249","USP","URGU48R1-04090N","02 MED","0.0","0.0","0.0","4.0","8.0","0.0","0.0","0.0","0.0267","1"
"PVD2","NA","11424","USP","UNWIND BRAKE BAND CTM PM-BB1030","01 HIGH","0.0","0.0","0.0","4.0","5.0","0.0","0.0","0.0","0.0267","2"
"PVD2","NA","3015435","USP","VERTICAL JAW CABLE MANAGEMENT BACKING PLATE","01 HIGH","0.0","2.0","2.0","2.0","2.0","0.0","0.0333","0.0222","0.0133","2"
"PVD2","NA","3022941","USP","VERTICAL TOP, POWERSONIC MATED M12 + LBO2K","01 HIGH","2.0","2.0","2.0","2.0","2.0","0.0667","0.0333","0.0222","0.0133","1"
"PVD2","NA","3022945","USP","VERTICAL BOTTOM LOAD CELL","01 HIGH","1.0","1.0","1.0","1.0","1.0","0.0333","0.0167","0.0111","0.0067","1"
"PVD2","NA","3022970","USP","CUTTING KNIFE ASSEMBLY","01 HIGH","2.0","2.0","2.0","2.0","2.0","0.0667","0.0333","0.0222","0.0133","1"
"PVD2","NA","3022978","USP","LIDAR SENSOR PICS150-01000 core 1","01 HIGH","0.0","1.0","1.0","1.0","1.0","0.0","0.0167","0.0111","0.0067","1"
"PVD2","NA","3022983","USP","RIGHT ISOLATOR PLATE","01 HIGH","7.0","7.0","7.0","7.0","7.0","0.2333","0.1167","0.0778","0.0467","2"
"PVD2","NA","3022987","USP","IO-LINK MASTER, ETHERNET/IP INTERFACE, TOTAL IN- AND OUTPUTS: 16, 4X 2A OUTPUTS","01 HIGH","0.0","0.0","2.0","2.0","2.0","0.0","0.0","0.0222","0.0133","1"
"PVD2","NA","3043405","USP","SENSOR CABLE FEMALE 5-POLE M12 STRAIGHT A CODED TO OPEN END PUR BLACK 5M","01 HIGH","0.0","1.0","1.0","1.0","1.0","0.0","0.0167","0.0111","0.0067","1"
"PVD2","NA","3043407","USP","SICK IME2S Series Non-Flush Inductive Non-Contact Safety Switch, 24V dc, Nickel Plated Brass Housing, 2NO, M12","02 MED","0.0","0.0","0.0","0.0","1.0","0.0","0.0","0.0","0.0","0"
"PVD2","NA","3466127","USP","SCANNER,BARCODE:DM363 SMARTPACK PRESENTATION READER","01 HIGH","0.0","0.0","2.0","2.0","2.0","0.0","0.0","0.0222","0.0133","1"
"PVD2","NA","3466149","USP","PIVOT BLOCK","01 HIGH","2.0","2.0","2.0","2.0","2.0","0.0667","0.0333","0.0222","0.0133","1"
"PVD2","NA","3466243","USP","LEFT HORIZONTAL SEAL BAR ASSY","01 HIGH","2.0","2.0","2.0","2.0","2.0","0.0667","0.0333","0.0222","0.0133","2"
"PVD2","NA","3466251","USP","PIVOT BLOCK - LEFT HORIZONTAL","01 HIGH","1.0","1.0","1.0","1.0","1.0","0.0333","0.0167","0.0111","0.0067","1"
"PVD2","NA","3546294","USP","Kinetix VP Motor Cable, 4m","01 HIGH","1.0","1.0","1.0","1.0","1.0","0.0333","0.0167","0.0111","0.0067","1"
"PVD2","NA","49344","USP","Zebra ZE52163-R010000Z Print Engine","02 MED","0.0","0.0","0.0","0.0","1.0","0.0","0.0","0.0","0.0","0"
"PVD2","NA","49345","USP","ZEBRA AIT PART KIT PRINTHEAD 300 DPI ZE521 RH & LH","02 MED","7.0","9.0","11.0","18.0","51.0","0.2333","0.15","0.1222","0.12","16"
"PVD2","NA","49346","USP","ZEBRA AIT PART KIT PLATEN, PINCH, & PEEL ROLLERS ZE521 RH & LH","02 MED","0.0","0.0","2.0","2.0","10.0","0.0","0.0","0.0222","0.0133","1"
"PVD2","NA","N37377","USP","SC300-2 SHOCK ABSORBER","02 MED","0.0","0.0","0.0","0.0","1.0","0.0","0.0","0.0","0.0","0"
"RIC4","NA","1000078","USP","Sensor, proximity, SME-8M-DS-24V-K-0, 3-M8D","02 MED","0.0","0.0","2.0","6.0","9.0","0.0","0.0","0.0222","0.04","6"
"RIC4","NA","1001191","USP","VPL-B1003F-PJ12AA SERVO MOTOR","02 MED","0.0","0.0","0.0","1.0","3.0","0.0","0.0","0.0","0.0067","1"
"RIC4","NA","10043","USP","PLC, CONTROLLER,PROGRAMMABLE:2-1/2 INHT,3-1/2 INWD,1-1/2 INDP,24 V DCVOLT,2.6 MACURRE","02 MED","0.0","1.0","1.0","1.0","2.0","0.0","0.0167","0.0111","0.0067","1"
"RIC4","NA","1004322","USP","PUSHBUTTON METAL LATCH","01 HIGH","0.0","0.0","0.0","0.0","1.0","0.0","0.0","0.0","0.0","0"
"RIC4","NA","1061198","USP","OLFLEXÂ® VFD SLIM, 14 AWG/4C, REDUCED DIAMETER VFD CABLE WITH ""SURGE GUARD""","02 MED","0.0","0.0","0.0","1.0","3.0","0.0","0.0","0.0","0.0067","1"
"RIC4","NA","1063086","USP","SWITCH 2VDC PNP 0.5M LEAD M8 C","02 MED","0.0","0.0","1.0","4.0","4.0","0.0","0.0","0.0111","0.0267","3"
"RIC4","NA","10683","USP","WHEEL, WHEEL: LOAD ASSEMBLY","02 MED","0.0","0.0","0.0","0.0","3.0","0.0","0.0","0.0","0.0","0"
"RIC4","NA","1069554","USP","POWER IO CABLE M12 FOR COGNEX CONN MODULE W DB9","02 MED","0.0","0.0","0.0","0.0","2.0","0.0","0.0","0.0","0.0","0"
"RIC4","NA","1071515","USP","Radial/Deep Groove Ball Bearing - Round Bore, 25 mm ID, 42 mm OD, 9 mm Width, Double Shielded, Internal Clearance","02 MED","0.0","0.0","0.0","0.0","4.0","0.0","0.0","0.0","0.0","0"
"RIC4","NA","1124355","USP","FIXED DRAW ROLLER, SMART PAC","02 MED","2.0","2.0","2.0","2.0","2.0","0.0667","0.0333","0.0222","0.0133","2"
"RIC4","NA","11424","USP","UNWIND BRAKE BAND CTM PM-BB1030","02 MED","0.0","0.0","0.0","0.0","5.0","0.0","0.0","0.0","0.0","0"
"RIC4","NA","2066703","USP","BEARING BLOCK, LINEAR","02 MED","0.0","0.0","2.0","12.0","36.0","0.0","0.0","0.0222","0.08","2"
"RIC4","NA","3022931","USP","MALE INSERT 5 PIN","01 HIGH","0.0","0.0","0.0","1.0","1.0","0.0","0.0","0.0","0.0067","1"
"RIC4","NA","3022934","USP","SMC Shock Absorber, RBC1007, 46.7 mm Body Length, 63.7 mm Body Length, M10 x 1 Thread Size","01 HIGH","0.0","0.0","0.0","6.0","19.0","0.0","0.0","0.0","0.04","2"
"RIC4","NA","3022941","USP","VERTICAL TOP, POWERSONIC MATED M12 + LBO2K","01 HIGH","2.0","2.0","4.0","4.0","4.0","0.0667","0.0333","0.0444","0.0267","2"
"RIC4","NA","3022945","USP","VERTICAL BOTTOM LOAD CELL","01 HIGH","0.0","0.0","0.0","4.0","4.0","0.0","0.0","0.0","0.0267","3"
"RIC4","NA","3022948","USP","FLAT HEAD SOCKET CAP SCREW","01 HIGH","2.0","2.0","2.0","2.0","2.0","0.0667","0.0333","0.0222","0.0133","1"
"RIC4","NA","3022950","USP","HORIZONTAL FRONT, POWERSONIC MATED M12 + LBO3K","01 HIGH","0.0","0.0","0.0","2.0","2.0","0.0","0.0","0.0","0.0133","1"
"RIC4","NA","3022951","USP","RTD, PT100, DIA 3MM, L 18MM, 3","01 HIGH","0.0","0.0","0.0","1.0","1.0","0.0","0.0","0.0","0.0067","1"
"RIC4","NA","3022953","USP","GUARDING T-BLOCK","01 HIGH","0.0","0.0","0.0","0.0","10.0","0.0","0.0","0.0","0.0","0"
"RIC4","NA","3022958","USP","DIVERT PLATE, TOP","01 HIGH","0.0","0.0","0.0","1.0","1.0","0.0","0.0","0.0","0.0067","1"
"RIC4","NA","3022970","USP","CUTTING KNIFE ASSEMBLY","01 HIGH","26.0","26.0","26.0","26.0","26.0","0.8667","0.4333","0.2889","0.1733","1"
"RIC4","NA","3022971","USP","FAST CONNECTION-PEG","01 HIGH","0.0","0.0","0.0","1.0","1.0","0.0","0.0","0.0","0.0067","1"
"RIC4","NA","3022978","USP","LIDAR SENSOR PICS150-01000 core 1","01 HIGH","1.0","1.0","3.0","4.0","4.0","0.0333","0.0167","0.0333","0.0267","5"
"RIC4","NA","3022982","USP","LEFT ISOLATOR PLATE","01 HIGH","0.0","0.0","1.0","1.0","1.0","0.0","0.0","0.0111","0.0067","1"
"RIC4","NA","3022987","USP","IO-LINK MASTER, ETHERNET/IP INTERFACE, TOTAL IN- AND OUTPUTS: 16, 4X 2A OUTPUTS","01 HIGH","0.0","0.0","0.0","0.0","4.0","0.0","0.0","0.0","0.0","0"
"RIC4","NA","3037852","USP","LEFT HOR HEATER CABLE ASSY","01 HIGH","4.0","4.0","4.0","4.0","4.0","0.1333","0.0667","0.0444","0.0267","1"
"RIC4","NA","3043408","USP","M12, 5-pin female to flying leads, 10m Cable","02 MED","0.0","0.0","0.0","0.0","2.0","0.0","0.0","0.0","0.0","0"
"RIC4","NA","33053","USP","SENSOR CABLE, 5M GREY, M12 FEMALE 8P STRAIGHT TO OPEN ENDED, CONTINUOUS FLEX, PUR-OB","02 MED","0.0","0.0","0.0","3.0","5.0","0.0","0.0","0.0","0.02","1"
"RIC4","NA","3466138","USP","VERTICAL VPL SERIES, FRAME SIZE 100MM, T WINDING, RATED SPEED 7200-80","01 HIGH","6.0","6.0","6.0","6.0","6.0","0.2","0.1","0.0667","0.04","2"
"RIC4","NA","3466140","USP","KINETIX VP LOW INERTIA MOTOR,","01 HIGH","1.0","1.0","1.0","1.0","1.0","0.0333","0.0167","0.0111","0.0067","1"
"RIC4","NA","3466144","USP","SERVO DRIVE","01 HIGH","10.0","10.0","10.0","10.0","10.0","0.3333","0.1667","0.1111","0.0667","2"
"RIC4","NA","3466145","USP","RIGHT HORIZONTAL SEAL BAR ASSY","01 HIGH","2.0","2.0","2.0","2.0","2.0","0.0667","0.0333","0.0222","0.0133","1"
"RIC4","NA","3466149","USP","PIVOT BLOCK","01 HIGH","4.0","4.0","4.0","4.0","4.0","0.1333","0.0667","0.0444","0.0267","1"
"RIC4","NA","3466170","USP","DSNU, BORE 25MM, STROKE 100MM, DOUBLE ACTING, LATERAL AIR,","01 HIGH","0.0","0.0","0.0","1.0","1.0","0.0","0.0","0.0","0.0067","1"
"RIC4","NA","3466223","USP","243TEETH 32 T5/1215","01 HIGH","0.0","0.0","3.0","4.0","5.0","0.0","0.0","0.0333","0.0267","4"
"RIC4","NA","3466248","USP","PRECISION LINEAR SHAFT, DIA 12","01 HIGH","0.0","0.0","1.0","1.0","2.0","0.0","0.0","0.0111","0.0067","1"
"RIC4","NA","3466251","USP","PIVOT BLOCK - LEFT HORIZONTAL","01 HIGH","1.0","1.0","1.0","1.0","1.0","0.0333","0.0167","0.0111","0.0067","1"
"RIC4","NA","49344","USP","Zebra ZE52163-R010000Z Print Engine","02 MED","1.0","2.0","2.0","3.0","3.0","0.0333","0.0333","0.0222","0.02","3"
"RIC4","NA","49345","USP","ZEBRA AIT PART KIT PRINTHEAD 300 DPI ZE521 RH & LH","02 MED","1.0","2.0","3.0","5.0","14.0","0.0333","0.0333","0.0333","0.0333","5"
"RIC4","NA","49346","USP","ZEBRA AIT PART KIT PLATEN, PINCH, & PEEL ROLLERS ZE521 RH & LH","02 MED","1.0","1.0","1.0","1.0","6.0","0.0333","0.0167","0.0111","0.0067","1"
"RIC4","NA","N12270","USP","SMC Speed Control Valve: Elbow Fitting, Knob, 1/4 in/1/8 in Valve Body Size, 1/4 in Tube, Meter Out","02 MED","0.0","0.0","0.0","1.0","1.0","0.0","0.0","0.0","0.0067","1"
"RIC4","NA","N53951","USP","RADIAL BALL BEARING","02 MED","0.0","0.0","0.0","0.0","2.0","0.0","0.0","0.0","0.0","0"
"SAN3","NA","1000078","USP","Sensor, proximity, SME-8M-DS-24V-K-0, 3-M8D","03 LOW","0.0","0.0","0.0","13.0","14.0","0.0","0.0","0.0","0.0867","2"
"SAN3","NA","1001191","USP","VPL-B1003F-PJ12AA SERVO MOTOR","02 MED","2.0","2.0","2.0","2.0","2.0","0.0667","0.0333","0.0222","0.0133","1"
"SAN3","NA","1001803","USP","Switch, Auxiliary, Supplementary Protector Accessory","02 MED","9.0","9.0","9.0","9.0","9.0","0.3","0.15","0.1","0.06","1"
"SAN3","NA","10043","USP","PLC, CONTROLLER,PROGRAMMABLE:2-1/2 INHT,3-1/2 INWD,1-1/2 INDP,24 V DCVOLT,2.6 MACURRE","02 MED","15.0","15.0","15.0","15.0","15.0","0.5","0.25","0.1667","0.1","2"
"SAN3","NA","1004322","USP","PUSHBUTTON METAL LATCH","02 MED","19.0","19.0","19.0","19.0","19.0","0.6333","0.3167","0.2111","0.1267","1"
"SAN3","NA","10076","USP","UNWIND DANCER ARM UNWIND SPRING","02 MED","3.0","3.0","3.0","3.0","3.0","0.1","0.05","0.0333","0.02","1"
"SAN3","NA","10086","USP","WASHER: CAPTURE CTM PM-FANU30375","03 LOW","5.0","5.0","5.0","5.0","5.0","0.1667","0.0833","0.0556","0.0333","1"
"SAN3","NA","10090","USP","Shoulder Screw,18-8 Stainless Steel,3/8"""" Shoulder Dia., 1"""" Shoulder Length,5/16-18 Thread,PK2","03 LOW","5.0","5.0","5.0","5.0","5.0","0.1667","0.0833","0.0556","0.0333","1"
"SAN3","NA","10095","USP","FLANGED BUSHING","03 LOW","5.0","5.0","5.0","5.0","5.0","0.1667","0.0833","0.0556","0.0333","1"
"SAN3","NA","10096","USP","WASHER: THRUST, BRONZE","03 LOW","5.0","5.0","5.0","5.0","5.0","0.1667","0.0833","0.0556","0.0333","1"
"SAN3","NA","10105","USP","SPRING: REWIND CLUTCH, MED DUTY, .97OD X .080 WIRE DIA","02 MED","6.0","6.0","6.0","6.0","6.0","0.2","0.1","0.0667","0.04","2"
"SAN3","NA","10191","USP","THRUST BALL BEARING, 3/4"" ID X 1-5/16"" OD X 9/32"" HT., STEEL","01 HIGH","4.0","4.0","4.0","4.0","4.0","0.1333","0.0667","0.0444","0.0267","1"
"SAN3","NA","1061526","USP","SERVO DRVE AMP JR_AUTO JR0000549642","02 MED","0.0","0.0","3.0","5.0","6.0","0.0","0.0","0.0333","0.0333","4"
"SAN3","NA","1063086","USP","SWITCH 2VDC PNP 0.5M LEAD M8 C","02 MED","2.0","2.0","2.0","2.0","2.0","0.0667","0.0333","0.0222","0.0133","1"
"SAN3","NA","10683","USP","WHEEL, WHEEL: LOAD ASSEMBLY","01 HIGH","0.0","0.0","4.0","4.0","7.0","0.0","0.0","0.0444","0.0267","2"
"SAN3","NA","1071515","USP","Radial/Deep Groove Ball Bearing - Round Bore, 25 mm ID, 42 mm OD, 9 mm Width, Double Shielded, Internal Clearance","02 MED","0.0","0.0","24.0","24.0","24.0","0.0","0.0","0.2667","0.16","1"
"SAN3","NA","1071516","USP","REPLACEMENT BELT – 18”W FOR CO","01 HIGH","24.0","24.0","24.0","24.0","24.0","0.8","0.4","0.2667","0.16","2"
"SAN3","NA","11082","USP","SMART PACK FILTER REPLACEMENT  (PID)","03 LOW","8.0","8.0","8.0","8.0","8.0","0.2667","0.1333","0.0889","0.0533","1"
"SAN3","NA","1113249","USP","URGU48R1-04090N","02 MED","0.0","0.0","0.0","0.0","1.0","0.0","0.0","0.0","0.0","0"
"SAN3","NA","11147","USP","VHI425A-GV W/ GV4G6","01 HIGH","2.0","2.0","2.0","2.0","2.0","0.0667","0.0333","0.0222","0.0133","1"
"SAN3","NA","1116318","USP","ULTRASONIC SENSOR, PICO+","02 MED","2.0","2.0","2.0","2.0","2.0","0.0667","0.0333","0.0222","0.0133","1"
"SAN3","NA","1124355","USP","FIXED DRAW ROLLER, SMART PAC","02 MED","0.0","0.0","0.0","0.0","2.0","0.0","0.0","0.0","0.0","0"
"SAN3","NA","11409","USP","TAMPA","02 MED","0.0","2.0","2.0","2.0","2.0","0.0","0.0333","0.0222","0.0133","1"
"SAN3","NA","11424","USP","UNWIND BRAKE BAND CTM PM-BB1030","01 HIGH","5.0","5.0","5.0","5.0","5.0","0.1667","0.0833","0.0556","0.0333","1"
"SAN3","NA","14325","USP","WIRING TOOL required for insertion/extraction @ terminal strip","02 MED","5.0","5.0","5.0","5.0","5.0","0.1667","0.0833","0.0556","0.0333","1"
"SAN3","NA","19978","USP","TIME DELAY FUSE, 30A, CLASS J, 300KA, 600VAC","02 MED","12.0","12.0","12.0","12.0","12.0","0.4","0.2","0.1333","0.08","1"
"SAN3","NA","2066701","USP","ROLLER, MOVING DRAW ROLLER (SMART PAC)","02 MED","0.0","0.0","0.0","2.0","2.0","0.0","0.0","0.0","0.0133","1"
"SAN3","NA","23103","USP","Time Delay, Cylindrical, Fuse, GDC Series, 250VAC, Indicating (5 PK)","03 LOW","6.0","6.0","6.0","6.0","6.0","0.2","0.1","0.0667","0.04","1"
"SAN3","NA","3015434","USP","SWIVEL GRIPPER HEAD","03 LOW","0.0","3.0","6.999999999999999","57.0","78.0","0.0","0.05","0.0778","0.38","7"
"SAN3","NA","3022934","USP","SMC Shock Absorber, RBC1007, 46.7 mm Body Length, 63.7 mm Body Length, M10 x 1 Thread Size","01 HIGH","0.0","5.0","5.0","7.0","8.0","0.0","0.0833","0.0556","0.0467","3"
"SAN3","NA","3022941","USP","VERTICAL TOP, POWERSONIC MATED M12 + LBO2K","01 HIGH","1.0","1.0","2.0","7.0","7.0","0.0333","0.0167","0.0222","0.0467","4"
"SAN3","NA","3022943","USP","HORIZONTAL REAR, POWERSONIC MATED M12 + LBO3K","01 HIGH","0.0","0.0","3.0","3.0","3.0","0.0","0.0","0.0333","0.02","1"
"SAN3","NA","3022970","USP","CUTTING KNIFE ASSEMBLY","01 HIGH","0.0","2.0","6.0","6.0","31.0","0.0","0.0333","0.0667","0.04","3"
"SAN3","NA","3022978","USP","LIDAR SENSOR PICS150-01000 core 1","01 HIGH","0.0","2.0","2.0","2.0","2.0","0.0","0.0333","0.0222","0.0133","1"
"SAN3","NA","3022987","USP","IO-LINK MASTER, ETHERNET/IP INTERFACE, TOTAL IN- AND OUTPUTS: 16, 4X 2A OUTPUTS","01 HIGH","0.0","0.0","0.0","0.0","2.0","0.0","0.0","0.0","0.0","0"
"SAN3","NA","3032133","USP","COMPRESSION SPRING T=1.4 OD=20 ID=17","01 HIGH","12.0","12.0","12.0","12.0","12.0","0.4","0.2","0.1333","0.08","1"
"SAN3","NA","3043408","USP","M12, 5-pin female to flying leads, 10m Cable","02 MED","0.0","0.0","0.0","2.0","2.0","0.0","0.0","0.0","0.0133","1"
"SAN3","NA","3043436","USP","Kinetix 5700 Servo Drive","02 MED","5.0","5.0","5.0","5.0","6.0","0.1667","0.0833","0.0556","0.0333","4"
"SAN3","NA","33053","USP","SENSOR CABLE, 5M GREY, M12 FEMALE 8P STRAIGHT TO OPEN ENDED, CONTINUOUS FLEX, PUR-OB","02 MED","8.0","8.0","8.0","8.0","8.0","0.2667","0.1333","0.0889","0.0533","2"
"SAN3","NA","3466147","USP","COMPACT CYLINDER ADN-32-25-I-P-A-S2","01 HIGH","0.0","2.0","4.0","4.0","4.0","0.0","0.0333","0.0444","0.0267","3"
"SAN3","NA","3466149","USP","PIVOT BLOCK","01 HIGH","4.0","4.0","4.0","4.0","4.0","0.1333","0.0667","0.0444","0.0267","1"
"SAN3","NA","3466170","USP","DSNU, BORE 25MM, STROKE 100MM, DOUBLE ACTING, LATERAL AIR,","01 HIGH","0.0","1.0","1.0","1.0","1.0","0.0","0.0167","0.0111","0.0067","1"
"SAN3","NA","49345","USP","ZEBRA AIT PART KIT PRINTHEAD 300 DPI ZE521 RH & LH","01 HIGH","20.000000000000004","28.0","32.0","37.99999999999999","49.00000000000001","0.6667","0.4667","0.3556","0.2533","24"
"SAN3","NA","49960","USP","MDC100-050101 DRIVE","01 HIGH","6.0","6.0","7.0","9.0","10.0","0.2","0.1","0.0778","0.06","6"
"SAN3","NA","61591","USP","TUBE FITTING, M5 TO 4MM","02 MED","9.0","9.0","9.0","9.0","10.0","0.3","0.15","0.1","0.06","2"
"SAN3","NA","72902","USP","kit,motor assy, high speed...","03 LOW","6.0","6.0","6.0","6.0","6.0","0.2","0.1","0.0667","0.04","2"
"SAN3","NA","76580","USP","PROGRAMMED MAPLE DISPLAY UNIT FOR 3600A APPLICATOR","02 MED","3.0","3.0","3.0","3.0","3.0","0.1","0.05","0.0333","0.02","1"
"SAN3","NA","N12270","USP","SMC Speed Control Valve: Elbow Fitting, Knob, 1/4 in/1/8 in Valve Body Size, 1/4 in Tube, Meter Out","01 HIGH","5.0","5.0","5.0","5.0","7.0","0.1667","0.0833","0.0556","0.0333","3"
"SAN3","NA","N24793","USP","Slim Electromechanical Relay, SPDT, 6A,24VDC, PCB Terminal, 34 Series","01 HIGH","0.0","0.0","6.0","6.0","7.0","0.0","0.0","0.0667","0.04","1"
"SAN3","NA","N37377","USP","SC300-2 SHOCK ABSORBER","02 MED","1.0","3.0","3.0","3.0","3.0","0.0333","0.05","0.0333","0.02","4"
"SAN3","NA","N53977","USP","I110-E0454 SAFETY SWITCH","02 MED","6.0","6.0","6.0","6.0","6.0","0.2","0.1","0.0667","0.04","1"
"SAN3","NA","N53990","USP","LINEAR RAIL","03 LOW","6.0","6.0","6.0","6.0","6.0","0.2","0.1","0.0667","0.04","1"
"SAT3","NA","1000078","USP","Sensor, proximity, SME-8M-DS-24V-K-0, 3-M8D","02 MED","0.0","0.0","0.0","0.0","2.0","0.0","0.0","0.0","0.0","0"
"SAT3","NA","1001803","USP","Switch, Auxiliary, Supplementary Protector Accessory","02 MED","1.0","1.0","1.0","1.0","1.0","0.0333","0.0167","0.0111","0.0067","1"
"SAT3","NA","10683","USP","WHEEL, WHEEL: LOAD ASSEMBLY","01 HIGH","0.0","0.0","0.0","0.0","2.0","0.0","0.0","0.0","0.0","0"
"SAT3","NA","1069554","USP","POWER IO CABLE M12 FOR COGNEX CONN MODULE W DB9","02 MED","0.0","0.0","0.0","0.0","1.0","0.0","0.0","0.0","0.0","0"
"SAT3","NA","1071516","USP","REPLACEMENT BELT – 18”W FOR CO","01 HIGH","0.0","0.0","0.0","0.0","14.0","0.0","0.0","0.0","0.0","0"
"SAT3","NA","1116318","USP","ULTRASONIC SENSOR, PICO+","02 MED","0.0","0.0","0.0","0.0","5.0","0.0","0.0","0.0","0.0","0"
"SAT3","NA","11424","USP","UNWIND BRAKE BAND CTM PM-BB1030","01 HIGH","0.0","0.0","0.0","2.0","3.0","0.0","0.0","0.0","0.0133","2"
"SAT3","NA","2066703","USP","BEARING BLOCK, LINEAR","02 MED","0.0","0.0","0.0","0.0","2.0","0.0","0.0","0.0","0.0","0"
"SAT3","NA","3022934","USP","SMC Shock Absorber, RBC1007, 46.7 mm Body Length, 63.7 mm Body Length, M10 x 1 Thread Size","01 HIGH","9.0","11.0","13.0","13.0","13.0","0.3","0.1833","0.1444","0.0867","5"
"SAT3","NA","3022958","USP","DIVERT PLATE, TOP","01 HIGH","2.0","2.0","2.0","2.0","2.0","0.0667","0.0333","0.0222","0.0133","1"
"SAT3","NA","3022978","USP","LIDAR SENSOR PICS150-01000 core 1","01 HIGH","2.0","2.0","2.0","2.0","2.0","0.0667","0.0333","0.0222","0.0133","2"
"SAT3","NA","3022982","USP","LEFT ISOLATOR PLATE","01 HIGH","0.0","0.0","0.0","1.0","1.0","0.0","0.0","0.0","0.0067","1"
"SAT3","NA","3022983","USP","RIGHT ISOLATOR PLATE","01 HIGH","0.0","0.0","4.0","6.0","6.0","0.0","0.0","0.0444","0.04","4"
"SAT3","NA","3037848","USP","LEFT VER HEATER CABLE ASSY","01 HIGH","2.0","2.0","2.0","2.0","2.0","0.0667","0.0333","0.0222","0.0133","2"
"SAT3","NA","3043388","USP","SENSOR REED PARA CILINDRO","02 MED","0.0","2.0","2.0","2.0","2.0","0.0","0.0333","0.0222","0.0133","1"
"SAT3","NA","33053","USP","SENSOR CABLE, 5M GREY, M12 FEMALE 8P STRAIGHT TO OPEN ENDED, CONTINUOUS FLEX, PUR-OB","02 MED","0.0","1.0","1.0","1.0","3.0","0.0","0.0167","0.0111","0.0067","1"
"SAT3","NA","3464199","USP","SENSOR, FIBER OPTIC THIN ZERO SPACE, SIDE VIEW TYP","01 HIGH","2.0","2.0","2.0","2.0","2.0","0.0667","0.0333","0.0222","0.0133","1"
"SAT3","NA","3466138","USP","VERTICAL VPL SERIES, FRAME SIZE 100MM, T WINDING, RATED SPEED 7200-80","01 HIGH","0.0","0.0","0.0","0.0","2.0","0.0","0.0","0.0","0.0","0"
"SAT3","NA","3466140","USP","KINETIX VP LOW INERTIA MOTOR,","01 HIGH","0.0","0.0","0.0","0.0","6.0","0.0","0.0","0.0","0.0","0"
"SAT3","NA","3466147","USP","COMPACT CYLINDER ADN-32-25-I-P-A-S2","01 HIGH","0.0","1.0","1.0","1.0","1.0","0.0","0.0167","0.0111","0.0067","1"
"SAT3","NA","3466170","USP","DSNU, BORE 25MM, STROKE 100MM, DOUBLE ACTING, LATERAL AIR,","01 HIGH","0.0","0.0","0.0","0.0","1.0","0.0","0.0","0.0","0.0","0"
"SAT3","NA","3466243","USP","LEFT HORIZONTAL SEAL BAR ASSY","01 HIGH","2.0","2.0","2.0","2.0","2.0","0.0667","0.0333","0.0222","0.0133","1"
"SAT3","NA","3466248","USP","PRECISION LINEAR SHAFT, DIA 12","01 HIGH","0.0","0.0","1.0","3.0","6.0","0.0","0.0","0.0111","0.02","2"
"SAT3","NA","3466258","USP","LEFT VERTICAL SEAL BAR ASSY","01 HIGH","1.0","1.0","1.0","1.0","1.0","0.0333","0.0167","0.0111","0.0067","1"
"SAT3","NA","3466261","USP","SHANK THREAD SIZE(M10X1.25), ID 10MM, JAW OPENING W 10MM,","01 HIGH","0.0","0.0","0.0","0.0","1.0","0.0","0.0","0.0","0.0","0"
"SAT3","NA","49344","USP","Zebra ZE52163-R010000Z Print Engine","02 MED","1.0","1.0","2.0","4.0","10.0","0.0333","0.0167","0.0222","0.0267","5"
"SAT3","NA","49345","USP","ZEBRA AIT PART KIT PRINTHEAD 300 DPI ZE521 RH & LH","01 HIGH","3.0","6.0","6.0","12.0","44.0","0.1","0.1","0.0667","0.08","13"
"SAT3","NA","49346","USP","ZEBRA AIT PART KIT PLATEN, PINCH, & PEEL ROLLERS ZE521 RH & LH","01 HIGH","2.0","3.0","4.0","9.0","13.0","0.0667","0.05","0.0444","0.06","9"
"SAT3","NA","49960","USP","MDC100-050101 DRIVE","01 HIGH","0.0","0.0","0.0","0.0","1.0","0.0","0.0","0.0","0.0","0"
"SAT3","NA","72902","USP","kit,motor assy, high speed...","02 MED","0.0","0.0","0.0","0.0","2.0","0.0","0.0","0.0","0.0","0"
"SAT3","NA","816958","USP","IN-SIGHT STD. POWER & I/O BREAKOUT CABLE, 5M (15')","02 MED","0.0","0.0","1.0","1.0","1.0","0.0","0.0","0.0111","0.0067","1"
"SAT3","NA","N24793","USP","Slim Electromechanical Relay, SPDT, 6A,24VDC, PCB Terminal, 34 Series","01 HIGH","0.0","0.0","0.0","1.0","1.0","0.0","0.0","0.0","0.0067","1"
"SAT3","NA","N37377","USP","SC300-2 SHOCK ABSORBER","02 MED","0.0","0.0","0.0","0.0","1.01","0.0","0.0","0.0","0.0","0"
"SAT3","NA","N37843","USP","REWIND CONTROL/POWER ON RELAY FOR 3600A APPLICATORS - PE-RE1017","02 MED","0.0","0.0","0.0","0.0","1.0","0.0","0.0","0.0","0.0","0"
"SAT3","NA","N53977","USP","I110-E0454 SAFETY SWITCH","02 MED","0.0","0.0","1.0","2.0","2.0","0.0","0.0","0.0111","0.0133","2"
"SAV4","NA","1000078","USP","Sensor, proximity, SME-8M-DS-24V-K-0, 3-M8D","02 MED","0.0","0.0","0.0","1.01","5.02","0.0","0.0","0.0","0.0067","4"
"SAV4","NA","1001803","USP","Switch, Auxiliary, Supplementary Protector Accessory","02 MED","0.0","0.0","0.0","0.0","3.0","0.0","0.0","0.0","0.0","0"
"SAV4","NA","1002613","USP","VALVE, CHECK VALVE,ASSEMBLY:FLOW CONTROL W/ PILOT CHECK VALVE 1/4 TUBE WITH1/8 T","02 MED","0.0","1.0","1.0","2.0","2.0","0.0","0.0167","0.0111","0.0133","2"
"SAV4","NA","10043","USP","PLC, CONTROLLER,PROGRAMMABLE:2-1/2 INHT,3-1/2 INWD,1-1/2 INDP,24 V DCVOLT,2.6 MACURRE","03 LOW","1.0","1.0","1.0","1.0","1.0","0.0333","0.0167","0.0111","0.0067","1"
"SAV4","NA","1004322","USP","PUSHBUTTON METAL LATCH","03 LOW","0.0","0.0","0.0","15.0","16.0","0.0","0.0","0.0","0.1","1"
"SAV4","NA","1060925","USP","RING-GRIP QUICK-RELEASE PIN","02 MED","0.0","0.0","0.0","0.0","11.0","0.0","0.0","0.0","0.0","0"
"SAV4","NA","1061526","USP","SERVO DRVE AMP JR_AUTO JR0000549642","02 MED","0.0","2.0","4.0","4.0","6.0","0.0","0.0333","0.0444","0.0267","2"
"SAV4","NA","1061778","USP","RT-B1221","01 HIGH","0.0","0.0","1.0","1.0","3.0","0.0","0.0","0.0111","0.0067","1"
"SAV4","NA","10683","USP","WHEEL, WHEEL: LOAD ASSEMBLY","02 MED","0.0","2.0","3.0","5.0","5.0","0.0","0.0333","0.0333","0.0333","5"
"SAV4","NA","1069554","USP","POWER IO CABLE M12 FOR COGNEX CONN MODULE W DB9","02 MED","0.0","1.0","1.0","1.0","3.0","0.0","0.0167","0.0111","0.0067","1"
"SAV4","NA","1113249","USP","URGU48R1-04090N","02 MED","1.0","1.0","1.0","1.0","1.0","0.0333","0.0167","0.0111","0.0067","1"
"SAV4","NA","11424","USP","UNWIND BRAKE BAND CTM PM-BB1030","01 HIGH","0.0","1.0","1.0","1.0","8.0","0.0","0.0167","0.0111","0.0067","2"
"SAV4","NA","11519","USP","Zebra Kit Maint Door Open Swch RH/LH","02 MED","0.0","0.0","1.0","1.0","1.0","0.0","0.0","0.0111","0.0067","1"
"SAV4","NA","3022931","USP","MALE INSERT 5 PIN","01 HIGH","0.0","0.0","0.0","0.0","1.0","0.0","0.0","0.0","0.0","0"
"SAV4","NA","3022934","USP","SMC Shock Absorber, RBC1007, 46.7 mm Body Length, 63.7 mm Body Length, M10 x 1 Thread Size","01 HIGH","0.0","18.0","20.0","22.0","38.0","0.0","0.3","0.2222","0.1467","6"
"SAV4","NA","3022941","USP","VERTICAL TOP, POWERSONIC MATED M12 + LBO2K","01 HIGH","0.0","0.0","0.0","0.0","2.0","0.0","0.0","0.0","0.0","0"
"SAV4","NA","3022945","USP","VERTICAL BOTTOM LOAD CELL","01 HIGH","0.0","1.0","1.0","1.0","3.0","0.0","0.0167","0.0111","0.0067","1"
"SAV4","NA","3022969","USP","VERTICAL CARTRIDGE HEATER","01 HIGH","0.0","0.0","0.0","2.0","4.0","0.0","0.0","0.0","0.0133","2"
"SAV4","NA","3022970","USP","CUTTING KNIFE ASSEMBLY","01 HIGH","0.0","16.0","42.0","43.0","43.0","0.0","0.2667","0.4667","0.2867","7"
"SAV4","NA","3022971","USP","FAST CONNECTION-PEG","01 HIGH","2.0","2.0","2.0","3.0","3.0","0.0667","0.0333","0.0222","0.02","2"
"SAV4","NA","3022978","USP","LIDAR SENSOR PICS150-01000 core 1","01 HIGH","2.0","3.0","3.0","3.0","4.0","0.0667","0.05","0.0333","0.02","3"
"SAV4","NA","3022982","USP","LEFT ISOLATOR PLATE","01 HIGH","0.0","1.0","1.0","8.0","8.0","0.0","0.0167","0.0111","0.0533","3"
"SAV4","NA","3022983","USP","RIGHT ISOLATOR PLATE","01 HIGH","0.0","6.0","6.0","7.0","8.0","0.0","0.1","0.0667","0.0467","2"
"SAV4","NA","3022987","USP","IO-LINK MASTER, ETHERNET/IP INTERFACE, TOTAL IN- AND OUTPUTS: 16, 4X 2A OUTPUTS","01 HIGH","0.0","0.0","0.0","0.0","2.0","0.0","0.0","0.0","0.0","0"
"SAV4","NA","3025738","USP","COATED 9"" FOUR HOLE AIR ASSIST TUBE - MP-211-2230-9","01 HIGH","0.0","0.0","0.0","1.0","1.0","0.0","0.0","0.0","0.0067","1"
"SAV4","NA","3026266","USP","Control Block","02 MED","0.0","0.0","0.0","3.0","3.0","0.0","0.0","0.0","0.02","1"
"SAV4","NA","3043388","USP","SENSOR REED PARA CILINDRO","02 MED","0.0","0.0","0.0","0.0","5.0","0.0","0.0","0.0","0.0","0"
"SAV4","NA","3043408","USP","M12, 5-pin female to flying leads, 10m Cable","02 MED","0.0","0.0","0.0","0.0","2.0","0.0","0.0","0.0","0.0","0"
"SAV4","NA","3466132","USP","PNUEMATIC FITTING","01 HIGH","0.0","2.0","2.0","2.0","2.0","0.0","0.0333","0.0222","0.0133","2"
"SAV4","NA","3466147","USP","COMPACT CYLINDER ADN-32-25-I-P-A-S2","01 HIGH","0.0","0.0","0.0","2.0","2.0","0.0","0.0","0.0","0.0133","2"
"SAV4","NA","3466170","USP","DSNU, BORE 25MM, STROKE 100MM, DOUBLE ACTING, LATERAL AIR,","01 HIGH","0.0","1.0","1.0","1.0","1.0","0.0","0.0167","0.0111","0.0067","1"
"SAV4","NA","3466248","USP","PRECISION LINEAR SHAFT, DIA 12","01 HIGH","0.0","1.0","1.0","1.0","1.0","0.0","0.0167","0.0111","0.0067","1"
"SAV4","NA","49344","USP","Zebra ZE52163-R010000Z Print Engine","01 HIGH","3.0200000000000005","7.030000000000001","7.030000000000001","7.030000000000001","16.03","0.1007","0.1172","0.0781","0.0469","14"
"SAV4","NA","49345","USP","ZEBRA AIT PART KIT PRINTHEAD 300 DPI ZE521 RH & LH","01 HIGH","2.01","2.01","6.02","15.02","40.029999999999994","0.067","0.0335","0.0669","0.1001","20"
"SAV4","NA","49346","USP","ZEBRA AIT PART KIT PLATEN, PINCH, & PEEL ROLLERS ZE521 RH & LH","02 MED","1.0","1.99","2.99","6.99","11.99","0.0333","0.0332","0.0332","0.0466","11"
"SAV4","NA","49960","USP","MDC100-050101 DRIVE","01 HIGH","0.0","0.0","0.0","0.0","4.0","0.0","0.0","0.0","0.0","0"
"SAV4","NA","61591","USP","TUBE FITTING, M5 TO 4MM","02 MED","0.0","0.0","0.0","0.0","1.0","0.0","0.0","0.0","0.0","0"
"SAV4","NA","N24793","USP","Slim Electromechanical Relay, SPDT, 6A,24VDC, PCB Terminal, 34 Series","03 LOW","0.0","0.0","0.0","2.0","6.0","0.0","0.0","0.0","0.0133","1"
"SAV4","NA","N37377","USP","SC300-2 SHOCK ABSORBER","02 MED","0.0","0.0","0.0","3.0","6.0","0.0","0.0","0.0","0.02","3"
"SAV4","NA","N53951","USP","RADIAL BALL BEARING","02 MED","0.0","27.0","27.0","27.0","27.0","0.0","0.45","0.3","0.18","1"
"SBD6","NA","1000078","USP","Sensor, proximity, SME-8M-DS-24V-K-0, 3-M8D","02 MED","0.0","0.0","0.0","6.0","6.0","0.0","0.0","0.0","0.04","3"
"SBD6","NA","1001191","USP","VPL-B1003F-PJ12AA SERVO MOTOR","02 MED","0.0","0.0","0.0","6.0","6.0","0.0","0.0","0.0","0.04","2"
"SBD6","NA","1002613","USP","VALVE, CHECK VALVE,ASSEMBLY:FLOW CONTROL W/ PILOT CHECK VALVE 1/4 TUBE WITH1/8 T","02 MED","0.0","0.0","0.0","4.0","4.0","0.0","0.0","0.0","0.0267","1"
"SBD6","NA","1004322","USP","PUSHBUTTON METAL LATCH","02 MED","0.0","0.0","0.0","3.0","3.0","0.0","0.0","0.0","0.02","1"
"SBD6","NA","10095","USP","FLANGED BUSHING","02 MED","0.0","0.0","0.0","3.0","3.0","0.0","0.0","0.0","0.02","1"
"SBD6","NA","10191","USP","THRUST BALL BEARING, 3/4"" ID X 1-5/16"" OD X 9/32"" HT., STEEL","02 MED","2.0","2.0","2.0","2.0","2.0","0.0667","0.0333","0.0222","0.0133","1"
"SBD6","NA","1061526","USP","SERVO DRVE AMP JR_AUTO JR0000549642","01 HIGH","0.0","0.0","0.0","1.0","6.0","0.0","0.0","0.0","0.0067","1"
"SBD6","NA","1061778","USP","RT-B1221","02 MED","0.0","1.0","2.0","4.0","4.0","0.0","0.0167","0.0222","0.0267","3"
"SBD6","NA","1063086","USP","SWITCH 2VDC PNP 0.5M LEAD M8 C","02 MED","0.0","0.0","0.0","2.0","2.0","0.0","0.0","0.0","0.0133","1"
"SBD6","NA","1071515","USP","Radial/Deep Groove Ball Bearing - Round Bore, 25 mm ID, 42 mm OD, 9 mm Width, Double Shielded, Internal Clearance","02 MED","0.0","0.0","0.0","2.0","2.0","0.0","0.0","0.0","0.0133","1"
"SBD6","NA","1071516","USP","REPLACEMENT BELT – 18”W FOR CO","02 MED","0.0","0.0","0.0","5.0","6.0","0.0","0.0","0.0","0.0333","3"
"SBD6","NA","1124355","USP","FIXED DRAW ROLLER, SMART PAC","02 MED","0.0","0.0","0.0","0.0","1.0","0.0","0.0","0.0","0.0","0"
"SBD6","NA","11519","USP","Zebra Kit Maint Door Open Swch RH/LH","02 MED","2.0","2.0","2.0","2.0","2.0","0.0667","0.0333","0.0222","0.0133","1"
"SBD6","NA","14325","USP","WIRING TOOL required for insertion/extraction @ terminal strip","02 MED","0.0","0.0","0.0","2.0","2.0","0.0","0.0","0.0","0.0133","1"
"SBD6","NA","226234","USP","SERIAL RS232 TO USB CONVERTER","03 LOW","0.0","0.0","0.0","10.0","49.0","0.0","0.0","0.0","0.0667","1"
"SBD6","NA","3022941","USP","VERTICAL TOP, POWERSONIC MATED M12 + LBO2K","01 HIGH","1.0","1.0","1.0","1.0","1.0","0.0333","0.0167","0.0111","0.0067","1"
"SBD6","NA","3022945","USP","VERTICAL BOTTOM LOAD CELL","01 HIGH","1.0","1.0","1.0","1.0","1.0","0.0333","0.0167","0.0111","0.0067","1"
"SBD6","NA","3022970","USP","CUTTING KNIFE ASSEMBLY","01 HIGH","0.0","5.0","5.0","5.0","5.0","0.0","0.0833","0.0556","0.0333","2"
"SBD6","NA","3022987","USP","IO-LINK MASTER, ETHERNET/IP INTERFACE, TOTAL IN- AND OUTPUTS: 16, 4X 2A OUTPUTS","01 HIGH","0.0","0.0","2.0","2.0","2.0","0.0","0.0","0.0222","0.0133","1"
"SBD6","NA","3025738","USP","COATED 9"" FOUR HOLE AIR ASSIST TUBE - MP-211-2230-9","02 MED","0.0","0.0","0.0","4.0","4.0","0.0","0.0","0.0","0.0267","2"
"SBD6","NA","3031139","USP","RIGHT HORIZONTAL HEATER CABLE","01 HIGH","2.0","2.0","2.0","2.0","2.0","0.0667","0.0333","0.0222","0.0133","1"
"SBD6","NA","3037848","USP","LEFT VER HEATER CABLE ASSY","01 HIGH","2.0","2.0","2.0","2.0","2.0","0.0667","0.0333","0.0222","0.0133","1"
"SBD6","NA","3037849","USP","RIGHT VER HEATER CABLE ASSY","01 HIGH","2.0","2.0","2.0","2.0","2.0","0.0667","0.0333","0.0222","0.0133","1"
"SBD6","NA","3037852","USP","LEFT HOR HEATER CABLE ASSY","01 HIGH","2.0","2.0","2.0","2.0","2.0","0.0667","0.0333","0.0222","0.0133","1"
"SBD6","NA","3043405","USP","SENSOR CABLE FEMALE 5-POLE M12 STRAIGHT A CODED TO OPEN END PUR BLACK 5M","02 MED","0.0","0.0","2.0","2.0","2.0","0.0","0.0","0.0222","0.0133","1"
"SBD6","NA","3043407","USP","SICK IME2S Series Non-Flush Inductive Non-Contact Safety Switch, 24V dc, Nickel Plated Brass Housing, 2NO, M12","01 HIGH","0.0","0.0","1.0","1.0","1.0","0.0","0.0","0.0111","0.0067","1"
"SBD6","NA","3466145","USP","RIGHT HORIZONTAL SEAL BAR ASSY","01 HIGH","4.0","4.0","4.0","4.0","4.0","0.1333","0.0667","0.0444","0.0267","2"
"SBD6","NA","3466153","USP","RIGHT VERTICAL SEAL BAR ASSY","01 HIGH","2.0","2.0","2.0","2.0","2.0","0.0667","0.0333","0.0222","0.0133","1"
"SBD6","NA","3466243","USP","LEFT HORIZONTAL SEAL BAR ASSY","01 HIGH","4.0","4.0","4.0","4.0","4.0","0.1333","0.0667","0.0444","0.0267","2"
"SBD6","NA","3466258","USP","LEFT VERTICAL SEAL BAR ASSY","01 HIGH","2.0","2.0","2.0","2.0","2.0","0.0667","0.0333","0.0222","0.0133","1"
"SBD6","NA","3546294","USP","Kinetix VP Motor Cable, 4m","01 HIGH","1.0","1.0","1.0","1.0","1.0","0.0333","0.0167","0.0111","0.0067","1"
"SBD6","NA","49344","USP","Zebra ZE52163-R010000Z Print Engine","02 MED","0.0","2.0","2.0","4.0","7.0","0.0","0.0333","0.0222","0.0267","5"
"SBD6","NA","49345","USP","ZEBRA AIT PART KIT PRINTHEAD 300 DPI ZE521 RH & LH","02 MED","2.0","8.0","8.0","12.0","18.0","0.0667","0.1333","0.0889","0.08","10"
"SBD6","NA","49346","USP","ZEBRA AIT PART KIT PLATEN, PINCH, & PEEL ROLLERS ZE521 RH & LH","02 MED","0.0","0.0","0.0","4.0","4.0","0.0","0.0","0.0","0.0267","2"
"SBD6","NA","49960","USP","MDC100-050101 DRIVE","02 MED","0.0","0.0","0.0","2.0","6.0","0.0","0.0","0.0","0.0133","1"
"SBD6","NA","61591","USP","TUBE FITTING, M5 TO 4MM","02 MED","0.0","0.0","0.0","7.0","7.0","0.0","0.0","0.0","0.0467","1"
"SBD6","NA","72902","USP","kit,motor assy, high speed...","02 MED","0.0","0.0","0.0","3.0","4.0","0.0","0.0","0.0","0.02","2"
"SBD6","NA","N12270","USP","SMC Speed Control Valve: Elbow Fitting, Knob, 1/4 in/1/8 in Valve Body Size, 1/4 in Tube, Meter Out","02 MED","1.0","1.0","1.0","5.0","7.0","0.0333","0.0167","0.0111","0.0333","4"
"SBD6","NA","N24793","USP","Slim Electromechanical Relay, SPDT, 6A,24VDC, PCB Terminal, 34 Series","01 HIGH","0.0","0.0","0.0","2.0","2.0","0.0","0.0","0.0","0.0133","1"
"SBD6","NA","N37377","USP","SC300-2 SHOCK ABSORBER","02 MED","0.0","1.0","1.0","3.0","3.0","0.0","0.0167","0.0111","0.02","4"
"SBD6","NA","N53977","USP","I110-E0454 SAFETY SWITCH","01 HIGH","0.0","0.0","0.0","6.0","6.0","0.0","0.0","0.0","0.04","1"
"SBD6","NA","N53990","USP","LINEAR RAIL","02 MED","0.0","0.0","0.0","2.0","2.0","0.0","0.0","0.0","0.0133","1"
"SBD6","NA","N54020","USP","STOPPER BOLT, M6X1.0, L 20MM, WITH HEX SOCKET TIP, STRAIGHT TYPE, BUMPER URETHAN","02 MED","0.0","0.0","0.0","2.0","2.0","0.0","0.0","0.0","0.0133","1"
"SCK6","NA","1000078","USP","Sensor, proximity, SME-8M-DS-24V-K-0, 3-M8D","01 HIGH","0.0","0.0","0.0","0.0","1.0","0.0","0.0","0.0","0.0","0"
"SCK6","NA","1001191","USP","VPL-B1003F-PJ12AA SERVO MOTOR","02 MED","0.0","0.0","0.0","0.0","2.0","0.0","0.0","0.0","0.0","0"
"SCK6","NA","1002613","USP","VALVE, CHECK VALVE,ASSEMBLY:FLOW CONTROL W/ PILOT CHECK VALVE 1/4 TUBE WITH1/8 T","01 HIGH","0.0","0.0","0.0","0.0","6.0","0.0","0.0","0.0","0.0","0"
"SCK6","NA","1004322","USP","PUSHBUTTON METAL LATCH","02 MED","0.0","0.0","0.0","2.0","2.0","0.0","0.0","0.0","0.0133","1"
"SCK6","NA","10086","USP","WASHER: CAPTURE CTM PM-FANU30375","03 LOW","0.0","0.0","0.0","0.0","8.0","0.0","0.0","0.0","0.0","0"
"SCK6","NA","10087","USP","THREADED INSERT CTM C-PM-INS1010","03 LOW","0.0","3.0","3.0","3.0","3.0","0.0","0.05","0.0333","0.02","1"
"SCK6","NA","10090","USP","Shoulder Screw,18-8 Stainless Steel,3/8"""" Shoulder Dia., 1"""" Shoulder Length,5/16-18 Thread,PK2","03 LOW","0.0","0.0","0.0","0.0","4.0","0.0","0.0","0.0","0.0","0"
"SCK6","NA","10191","USP","THRUST BALL BEARING, 3/4"" ID X 1-5/16"" OD X 9/32"" HT., STEEL","01 HIGH","0.0","0.0","0.0","0.0","5.0","0.0","0.0","0.0","0.0","0"
"SCK6","NA","1061198","USP","OLFLEXÂ® VFD SLIM, 14 AWG/4C, REDUCED DIAMETER VFD CABLE WITH ""SURGE GUARD""","02 MED","0.0","0.0","0.0","0.0","2.0","0.0","0.0","0.0","0.0","0"
"SCK6","NA","1061778","USP","RT-B1221","02 MED","0.0","0.0","0.0","0.0","28.0","0.0","0.0","0.0","0.0","0"
"SCK6","NA","1063086","USP","SWITCH 2VDC PNP 0.5M LEAD M8 C","02 MED","0.0","0.0","0.0","2.0","2.0","0.0","0.0","0.0","0.0133","1"
"SCK6","NA","10683","USP","WHEEL, WHEEL: LOAD ASSEMBLY","01 HIGH","0.0","4.0","4.0","4.0","6.0","0.0","0.0667","0.0444","0.0267","1"
"SCK6","NA","1069554","USP","POWER IO CABLE M12 FOR COGNEX CONN MODULE W DB9","02 MED","0.0","0.0","0.0","0.0","1.0","0.0","0.0","0.0","0.0","0"
"SCK6","NA","1071515","USP","Radial/Deep Groove Ball Bearing - Round Bore, 25 mm ID, 42 mm OD, 9 mm Width, Double Shielded, Internal Clearance","02 MED","0.0","0.0","0.0","0.0","27.0","0.0","0.0","0.0","0.0","0"
"SCK6","NA","1071516","USP","REPLACEMENT BELT – 18”W FOR CO","01 HIGH","0.0","0.0","0.0","0.0","10.0","0.0","0.0","0.0","0.0","0"
"SCK6","NA","1113249","USP","URGU48R1-04090N","02 MED","0.0","0.0","0.0","0.0","6.0","0.0","0.0","0.0","0.0","0"
"SCK6","NA","11409","USP","TAMPA","02 MED","0.0","0.0","0.0","2.0","2.0","0.0","0.0","0.0","0.0133","1"
"SCK6","NA","14325","USP","WIRING TOOL required for insertion/extraction @ terminal strip","02 MED","0.0","0.0","0.0","0.0","2.0","0.0","0.0","0.0","0.0","0"
"SCK6","NA","19978","USP","TIME DELAY FUSE, 30A, CLASS J, 300KA, 600VAC","02 MED","0.0","0.0","0.0","6.0","6.0","0.0","0.0","0.0","0.04","1"
"SCK6","NA","23103","USP","Time Delay, Cylindrical, Fuse, GDC Series, 250VAC, Indicating (5 PK)","03 LOW","0.0","0.0","0.0","4.0","4.0","0.0","0.0","0.0","0.0267","1"
"SCK6","NA","3022934","USP","SMC Shock Absorber, RBC1007, 46.7 mm Body Length, 63.7 mm Body Length, M10 x 1 Thread Size","01 HIGH","0.0","2.0","4.0","6.0","8.0","0.0","0.0333","0.0444","0.04","4"
"SCK6","NA","3022941","USP","VERTICAL TOP, POWERSONIC MATED M12 + LBO2K","01 HIGH","0.0","2.0","2.0","2.0","2.0","0.0","0.0333","0.0222","0.0133","2"
"SCK6","NA","3022942","USP","CLAMP, LOOP NYLON 7/8"" X 1 1/2","01 HIGH","0.0","2.0","2.0","2.0","2.0","0.0","0.0333","0.0222","0.0133","1"
"SCK6","NA","3022945","USP","VERTICAL BOTTOM LOAD CELL","01 HIGH","0.0","3.0","3.0","3.0","3.0","0.0","0.05","0.0333","0.02","2"
"SCK6","NA","3022970","USP","CUTTING KNIFE ASSEMBLY","01 HIGH","0.0","0.0","9.0","9.0","9.0","0.0","0.0","0.1","0.06","1"
"SCK6","NA","3022978","USP","LIDAR SENSOR PICS150-01000 core 1","01 HIGH","0.0","2.0","2.0","4.0","5.0","0.0","0.0333","0.0222","0.0267","4"
"SCK6","NA","3022982","USP","LEFT ISOLATOR PLATE","01 HIGH","0.0","2.0","2.0","2.0","2.0","0.0","0.0333","0.0222","0.0133","2"
"SCK6","NA","3022987","USP","IO-LINK MASTER, ETHERNET/IP INTERFACE, TOTAL IN- AND OUTPUTS: 16, 4X 2A OUTPUTS","01 HIGH","0.0","0.0","0.0","0.0","2.0","0.0","0.0","0.0","0.0","0"
"SCK6","NA","3043384","USP","SAFE COUPLING RELAY WITH SAFE","01 HIGH","0.0","0.0","0.0","0.0","2.0","0.0","0.0","0.0","0.0","0"
"SCK6","NA","3043401","USP","Stopper Bolt, M8x1.25, L 25mm, Standard Tip, Straight Type, Bumper Urethane","02 MED","0.0","0.0","0.0","0.0","24.0","0.0","0.0","0.0","0.0","0"
"SCK6","NA","3043404","USP","AC/DC Brick Power Supply, 90-264VAC In, 12VDC Out, 50 Watts, Standard DC Plug","02 MED","0.0","0.0","0.0","0.0","2.0","0.0","0.0","0.0","0.0","0"
"SCK6","NA","3043407","USP","SICK IME2S Series Non-Flush Inductive Non-Contact Safety Switch, 24V dc, Nickel Plated Brass Housing, 2NO, M12","02 MED","2.0","4.0","6.99","11.99","12.99","0.0667","0.0667","0.0777","0.0799","13"
"SCK6","NA","3043408","USP","M12, 5-pin female to flying leads, 10m Cable","02 MED","0.0","0.0","0.0","0.0","2.0","0.0","0.0","0.0","0.0","0"
"SCK6","NA","33053","USP","SENSOR CABLE, 5M GREY, M12 FEMALE 8P STRAIGHT TO OPEN ENDED, CONTINUOUS FLEX, PUR-OB","02 MED","0.0","0.0","0.0","0.0","4.0","0.0","0.0","0.0","0.0","0"
"SCK6","NA","3466132","USP","PNUEMATIC FITTING","01 HIGH","0.0","2.0","2.0","4.0","4.0","0.0","0.0333","0.0222","0.0267","3"
"SCK6","NA","3466170","USP","DSNU, BORE 25MM, STROKE 100MM, DOUBLE ACTING, LATERAL AIR,","01 HIGH","0.0","1.0","1.0","2.0","2.0","0.0","0.0167","0.0111","0.0133","2"
"SCK6","NA","3466223","USP","243TEETH 32 T5/1215","01 HIGH","0.0","2.0","2.0","2.0","2.0","0.0","0.0333","0.0222","0.0133","1"
"SCK6","NA","3466248","USP","PRECISION LINEAR SHAFT, DIA 12","01 HIGH","0.0","0.0","0.0","2.0","4.0","0.0","0.0","0.0","0.0133","1"
"SCK6","NA","3466258","USP","LEFT VERTICAL SEAL BAR ASSY","01 HIGH","0.0","0.0","0.0","1.0","1.0","0.0","0.0","0.0","0.0067","1"
"SCK6","NA","49344","USP","Zebra ZE52163-R010000Z Print Engine","02 MED","0.0","0.0","0.0","1.0","3.0","0.0","0.0","0.0","0.0067","1"
"SCK6","NA","49345","USP","ZEBRA AIT PART KIT PRINTHEAD 300 DPI ZE521 RH & LH","01 HIGH","3.0","3.0","6.0","12.0","31.0","0.1","0.05","0.0667","0.08","11"
"SCK6","NA","49346","USP","ZEBRA AIT PART KIT PLATEN, PINCH, & PEEL ROLLERS ZE521 RH & LH","01 HIGH","0.0","2.0","2.0","2.0","2.0","0.0","0.0333","0.0222","0.0133","1"
"SCK6","NA","N12270","USP","SMC Speed Control Valve: Elbow Fitting, Knob, 1/4 in/1/8 in Valve Body Size, 1/4 in Tube, Meter Out","01 HIGH","2.0","4.0","5.0","5.0","10.0","0.0667","0.0667","0.0556","0.0333","5"
"SCK6","NA","N37377","USP","SC300-2 SHOCK ABSORBER","02 MED","0.0","0.0","0.0","1.0","1.0","0.0","0.0","0.0","0.0067","2"
"SCK6","NA","N37843","USP","REWIND CONTROL/POWER ON RELAY FOR 3600A APPLICATORS - PE-RE1017","02 MED","0.0","0.0","0.0","0.0","1.0","0.0","0.0","0.0","0.0","0"
"SCK6","NA","N53951","USP","RADIAL BALL BEARING","01 HIGH","0.0","0.0","0.0","0.0","29.0","0.0","0.0","0.0","0.0","0"
"SCK6","NA","N53990","USP","LINEAR RAIL","02 MED","0.0","0.0","0.0","0.0","11.0","0.0","0.0","0.0","0.0","0"
"SHV1","NA","1000078","USP","Sensor, proximity, SME-8M-DS-24V-K-0, 3-M8D","02 MED","1.0","1.0","1.0","2.0","8.0","0.0333","0.0167","0.0111","0.0133","2"
"SHV1","NA","1000324","URL","FIELDBUS COUPLER ETHERNET/IP, 64 I/O MODULES, 24VDC, 4TH GEN","02 MED","10.0","10.0","10.0","10.0","21.0","0.3333","0.1667","0.1111","0.0667","1"
"SHV1","NA","1000863","EcoPac","Point IO Sinking Input Module, 8-Point","02 MED","6.0","6.0","6.0","6.0","11.0","0.2","0.1","0.0667","0.04","3"
"SHV1","NA","1001191","USP","VPL-B1003F-PJ12AA SERVO MOTOR","02 MED","0.0","0.0","0.0","0.0","6.0","0.0","0.0","0.0","0.0","0"
"SHV1","NA","100155","URL","MECHANICAL MACHINE COMPONENT BARCAP, SNAPS ON 7GA, 1.00IN LONG","01 HIGH","55.0","55.0","55.0","55.0","87.0","1.8333","0.9167","0.6111","0.3667","1"
"SHV1","NA","1001803","USP","Switch, Auxiliary, Supplementary Protector Accessory","02 MED","2.0","2.0","2.0","2.0","3.0","0.0667","0.0333","0.0222","0.0133","1"
"SHV1","NA","1002613","USP","VALVE, CHECK VALVE,ASSEMBLY:FLOW CONTROL W/ PILOT CHECK VALVE 1/4 TUBE WITH1/8 T","02 MED","0.0","0.0","0.0","0.0","6.0","0.0","0.0","0.0","0.0","0"
"SHV1","NA","100306","EcoPac","TOOTHED BELT 240 L075","01 HIGH","8.0","8.0","8.0","8.0","8.0","0.2667","0.1333","0.0889","0.0533","1"
"SHV1","NA","1004287","EcoPac","VOLTAGE MONITOR, DIGITAL PANEL METER","02 MED","2.0","2.0","2.0","2.0","2.0","0.0667","0.0333","0.0222","0.0133","1"
"SHV1","NA","10043","USP","PLC, CONTROLLER,PROGRAMMABLE:2-1/2 INHT,3-1/2 INWD,1-1/2 INDP,24 V DCVOLT,2.6 MACURRE","02 MED","2.0","2.0","2.0","2.0","6.0","0.0667","0.0333","0.0222","0.0133","1"
"SHV1","NA","1004322","USP","PUSHBUTTON METAL LATCH","02 MED","15.0","15.0","15.0","15.0","30.0","0.5","0.25","0.1667","0.1","1"
"SHV1","NA","10076","USP","UNWIND DANCER ARM UNWIND SPRING","02 MED","2.0","2.0","2.0","2.0","2.0","0.0667","0.0333","0.0222","0.0133","1"
"SHV1","NA","10086","USP","WASHER: CAPTURE CTM PM-FANU30375","02 MED","0.0","0.0","0.0","0.0","4.0","0.0","0.0","0.0","0.0","0"
"SHV1","NA","10087","USP","THREADED INSERT CTM C-PM-INS1010","02 MED","3.0","3.0","3.0","3.0","7.0","0.1","0.05","0.0333","0.02","1"
"SHV1","NA","10090","USP","Shoulder Screw,18-8 Stainless Steel,3/8"""" Shoulder Dia., 1"""" Shoulder Length,5/16-18 Thread,PK2","02 MED","0.0","0.0","0.0","0.0","4.0","0.0","0.0","0.0","0.0","0"
"SHV1","NA","10095","USP","FLANGED BUSHING","02 MED","0.0","0.0","0.0","0.0","7.0","0.0","0.0","0.0","0.0","0"
"SHV1","NA","10096","USP","WASHER: THRUST, BRONZE","02 MED","5.0","5.0","5.0","5.0","10.0","0.1667","0.0833","0.0556","0.0333","1"
"SHV1","NA","10105","USP","SPRING: REWIND CLUTCH, MED DUTY, .97OD X .080 WIRE DIA","02 MED","3.0","3.0","3.0","3.0","3.0","0.1","0.05","0.0333","0.02","1"
"SHV1","NA","10191","USP","THRUST BALL BEARING, 3/4"" ID X 1-5/16"" OD X 9/32"" HT., STEEL","02 MED","3.0","3.0","3.0","3.0","6.0","0.1","0.05","0.0333","0.02","1"
"SHV1","NA","103691","EcoPac","roll ø50x1,5 gravity","03 LOW","1.0","2.0","3.0","3.0","4.0","0.0333","0.0333","0.0333","0.02","4"
"SHV1","NA","1060068","URL","RING   RETAINING SPLIT COLLAR 2.5 SQ BOR","01 HIGH","5.0","5.0","5.0","5.0","12.0","0.1667","0.0833","0.0556","0.0333","2"
"SHV1","NA","1060925","USP","RING-GRIP QUICK-RELEASE PIN","02 MED","60.0","60.0","60.0","64.0","76.0","2.0","1.0","0.6667","0.4267","6"
"SHV1","NA","1061526","USP","SERVO DRVE AMP JR_AUTO JR0000549642","01 HIGH","0.0","0.0","0.0","0.0","24.0","0.0","0.0","0.0","0.0","0"
"SHV1","NA","1061778","USP","RT-B1221","02 MED","10.0","10.0","10.0","11.0","12.0","0.3333","0.1667","0.1111","0.0733","2"
"SHV1","NA","1063086","USP","SWITCH 2VDC PNP 0.5M LEAD M8 C","02 MED","2.0","2.0","4.0","4.0","4.0","0.0667","0.0333","0.0444","0.0267","2"
"SHV1","NA","1068036","URL","Unknown","02 MED","10.0","10.0","10.0","10.0","26.0","0.3333","0.1667","0.1111","0.0667","1"
"SHV1","NA","10683","USP","WHEEL, WHEEL: LOAD ASSEMBLY","02 MED","12.0","12.0","12.0","12.0","23.990000000000002","0.4","0.2","0.1333","0.08","2"
"SHV1","NA","1068301","URL","SR-50APW","02 MED","5.0","5.0","5.0","5.0","5.0","0.1667","0.0833","0.0556","0.0333","2"
"SHV1","NA","1068918","URL","Zebra, P1112750-039, Platen/Pinch & Peel Rollers, LH/RH","03 LOW","2.0","2.0","2.0","2.0","4.0","0.0667","0.0333","0.0222","0.0133","1"
"SHV1","NA","1069554","USP","POWER IO CABLE M12 FOR COGNEX CONN MODULE W DB9","02 MED","2.0","2.0","2.0","2.0","2.0","0.0667","0.0333","0.0222","0.0133","1"
"SHV1","NA","1069940","EcoPac","SENSOR LASER ANALOGIC LR-TB5000C","02 MED","1.0","1.0","1.0","1.0","1.0","0.0333","0.0167","0.0111","0.0067","1"
"SHV1","NA","1070019","URL","SWITCHMODUL:IE3000","01 HIGH","2.0","2.0","2.0","2.0","3.0","0.0667","0.0333","0.0222","0.0133","1"
"SHV1","NA","1070075","EcoPac","ZEBRA, P1112750-010, PRINTHEAD ASSEMBLY, 300 DPI, LH/RH","01 HIGH","1.0","1.0","1.0","1.0","5.0","0.0333","0.0167","0.0111","0.0067","1"
"SHV1","NA","1070514","URL","PNEUMATICS AIR CYLINDER ASSEMBLY ADN-50-5-I-P-A","02 MED","32.0","32.0","32.0","32.0","164.0","1.0667","0.5333","0.3556","0.2133","1"
"SHV1","NA","1070793","URL","contact block for e-stop switch","02 MED","0.0","0.0","0.0","6.0","24.0","0.0","0.0","0.0","0.04","1"
"SHV1","NA","1071515","USP","Radial/Deep Groove Ball Bearing - Round Bore, 25 mm ID, 42 mm OD, 9 mm Width, Double Shielded, Internal Clearance","02 MED","4.0","4.0","4.0","5.0","9.0","0.1333","0.0667","0.0444","0.0333","2"
"SHV1","NA","1071516","USP","REPLACEMENT BELT – 18”W FOR CO","02 MED","0.0","0.0","0.0","0.0","8.0","0.0","0.0","0.0","0.0","0"
"SHV1","NA","1072130","URL","SHAWMUT, ATDR6, TIME DELAY, 6A, 600V","02 MED","0.0","0.0","0.0","0.0","5.0","0.0","0.0","0.0","0.0","0"
"SHV1","NA","1072164","URL","UL489 20 A MINIATURE CIRCUIT BREAKER 1 POLE","02 MED","8.0","8.0","8.0","8.0","22.0","0.2667","0.1333","0.0889","0.0533","1"
"SHV1","NA","1073001","USP","3600 TAMP or SWING HOME SENSOR ASSEMBLY without MOUNT","02 MED","3.0","3.0","3.0","4.0","8.0","0.1","0.05","0.0333","0.0267","2"
"SHV1","NA","107980","USP","X CODE M12X8 TO RJ45 CBL","01 HIGH","1.0","1.0","1.0","1.0","5.0","0.0333","0.0167","0.0111","0.0067","2"
"SHV1","NA","11082","USP","SMART PACK FILTER REPLACEMENT  (PID)","02 MED","15.0","15.0","15.0","16.0","17.0","0.5","0.25","0.1667","0.1067","2"
"SHV1","NA","1113249","USP","URGU48R1-04090N","02 MED","0.0","1.0","1.0","1.0","5.0","0.0","0.0167","0.0111","0.0067","1"
"SHV1","NA","11147","USP","VHI425A-GV W/ GV4G6","01 HIGH","2.0","2.0","2.0","2.0","4.0","0.0667","0.0333","0.0222","0.0133","1"
"SHV1","NA","1116318","USP","ULTRASONIC SENSOR, PICO+","02 MED","4.0","4.0","4.0","4.0","8.0","0.1333","0.0667","0.0444","0.0267","1"
"SHV1","NA","1116543","URL","TIME DELAY FUSE, AMP TRAP 2000® 20A, ATDR KLASSE CC","02 MED","0.0","0.0","0.0","0.0","14.0","0.0","0.0","0.0","0.0","0"
"SHV1","NA","1121770","EcoPac","UNCLASS,UNCLASS:REFLECTOR R7 50X50 MICROPRISMI 1207651 n","02 MED","3.0","3.0","8.0","8.0","8.0","0.1","0.05","0.0889","0.0533","3"
"SHV1","NA","1122437","EcoPac","ELECTRONIC SWITCH PTCB E1 24DC/4A SI-R","03 LOW","2.0","2.0","2.0","2.0","4.0","0.0667","0.0333","0.0222","0.0133","1"
"SHV1","NA","1124355","USP","FIXED DRAW ROLLER, SMART PAC","02 MED","0.0","0.0","0.0","0.0","3.0","0.0","0.0","0.0","0.0","0"
"SHV1","NA","1125233","URL","Siemens SITOP PSU300S Switched Mode DIN Rail Power Supply, 340 → 550V","02 MED","6.0","6.0","6.0","6.0","6.0","0.2","0.1","0.0667","0.04","1"
"SHV1","NA","11300","URL","SPST-NO Contact Block for 22mm Panel-Mount Metal Switch","02 MED","8.0","8.0","8.0","8.0","11.0","0.2667","0.1333","0.0889","0.0533","1"
"SHV1","NA","11409","USP","TAMPA","02 MED","0.0","0.0","0.0","0.0","6.0","0.0","0.0","0.0","0.0","0"
"SHV1","NA","11424","USP","UNWIND BRAKE BAND CTM PM-BB1030","02 MED","0.0","0.0","0.0","0.0","5.0","0.0","0.0","0.0","0.0","0"
"SHV1","NA","11519","USP","Zebra Kit Maint Door Open Swch RH/LH","02 MED","0.0","1.0","1.0","1.0","1.0","0.0","0.0167","0.0111","0.0067","1"
"SHV1","NA","118954","URL","SQUARE_Sproket_60mm_#24_S2H0XXDHXXMT-10","02 MED","4.0","4.0","4.0","4.0","4.0","0.1333","0.0667","0.0444","0.0267","1"
"SHV1","NA","14325","USP","WIRING TOOL required for insertion/extraction @ terminal strip","02 MED","4.0","4.0","4.0","4.0","8.0","0.1333","0.0667","0.0444","0.0267","1"
"SHV1","NA","19774","URL","MECHANICAL PULLEY BUSHING PART 2012 1-1/8","02 MED","7.0","7.0","7.0","7.0","7.0","0.2333","0.1167","0.0778","0.0467","1"
"SHV1","NA","19811","URL","MODULE, END MODULE WAGO #750-600","01 HIGH","0.0","0.0","0.0","0.0","7.0","0.0","0.0","0.0","0.0","0"
"SHV1","NA","19978","USP","TIME DELAY FUSE, 30A, CLASS J, 300KA, 600VAC","02 MED","0.0","0.0","0.0","2.0","8.0","0.0","0.0","0.0","0.0133","1"
"SHV1","NA","2031551","URL","Zebra ZE511 print head 300dpi ZE511 RH&L","01 HIGH","15.0","16.0","19.0","21.0","75.0","0.5","0.2667","0.2111","0.14","5"
"SHV1","NA","23103","USP","Time Delay, Cylindrical, Fuse, GDC Series, 250VAC, Indicating (5 PK)","02 MED","0.0","0.0","0.0","0.0","18.0","0.0","0.0","0.0","0.0","0"
"SHV1","NA","29142","URL","MANIFOLD,VALVE,8 STATION,MODULAR","02 MED","1.0","1.0","1.0","1.0","1.0","0.0333","0.0167","0.0111","0.0067","1"
"SHV1","NA","3001681","EcoPac","PHOTOCEL S45-PH-5-B03-PH","02 MED","0.0","0.0","0.0","2.0","9.0","0.0","0.0","0.0","0.0133","1"
"SHV1","NA","3008709","URL","Tube guide roller incl. bearings","02 MED","12.0","12.0","13.0","13.0","13.0","0.4","0.2","0.1444","0.0867","2"
"SHV1","NA","3008738","URL","Outer disc incl. locking hub","01 HIGH","0.0","4.0","4.0","8.0","12.0","0.0","0.0667","0.0444","0.0533","2"
"SHV1","NA","3008761","URL","S80 motor assembly","02 MED","4.0","4.0","4.0","4.0","6.0","0.1333","0.0667","0.0444","0.0267","1"
"SHV1","NA","3008764","URL","CLIP DOMINO","02 MED","5.0","5.0","5.0","5.0","5.0","0.1667","0.0833","0.0556","0.0333","1"
"SHV1","NA","3008776","URL","Tube guide roller Shaft","02 MED","14.0","14.0","15.0","15.0","15.0","0.4667","0.2333","0.1667","0.1","2"
"SHV1","NA","3022941","USP","VERTICAL TOP, POWERSONIC MATED M12 + LBO2K","01 HIGH","1.0","3.0","5.0","10.0","12.0","0.0333","0.05","0.0556","0.0667","11"
"SHV1","NA","3022943","USP","HORIZONTAL REAR, POWERSONIC MATED M12 + LBO3K","01 HIGH","4.0","4.0","4.0","5.0","5.0","0.1333","0.0667","0.0444","0.0333","2"
"SHV1","NA","3022945","USP","VERTICAL BOTTOM LOAD CELL","01 HIGH","2.0","2.0","2.0","3.0","6.0","0.0667","0.0333","0.0222","0.02","4"
"SHV1","NA","3022947","USP","HORIZONTAL JAW CABLE MANAGEMENT BACKING PLATE","01 HIGH","4.0","4.0","4.0","4.0","4.0","0.1333","0.0667","0.0444","0.0267","1"
"SHV1","NA","3022950","USP","HORIZONTAL FRONT, POWERSONIC MATED M12 + LBO3K","01 HIGH","4.0","4.0","4.0","5.0","5.0","0.1333","0.0667","0.0444","0.0333","2"
"SHV1","NA","3022977","USP","GUIDED PNUEMATIC CYLINDER DFM-16-125-B-PPV-A-KF","01 HIGH","0.0","1.0","1.0","2.0","2.0","0.0","0.0167","0.0111","0.0133","2"
"SHV1","NA","3022982","USP","LEFT ISOLATOR PLATE","01 HIGH","1.0","3.0","3.0","3.0","3.0","0.0333","0.05","0.0333","0.02","3"
"SHV1","NA","3043388","USP","SENSOR REED PARA CILINDRO","02 MED","3.0","3.0","3.0","3.0","6.01","0.1","0.05","0.0333","0.02","3"
"SHV1","NA","3043389","USP","MOTOR CABLE FOR D-MAX CONTROLLER 1M LENGTH","01 HIGH","4.0","4.0","4.0","4.0","4.0","0.1333","0.0667","0.0444","0.0267","1"
"SHV1","NA","3043407","USP","SICK IME2S Series Non-Flush Inductive Non-Contact Safety Switch, 24V dc, Nickel Plated Brass Housing, 2NO, M12",,"0.0","5.0","5.0","5.0","6.01","0.0","0.0833","0.0556","0.0333","2"
"SHV1","NA","3055424","URL","OP-88439, 10M POWER CABLE","02 MED","4.0","4.0","4.0","4.0","6.0","0.1333","0.0667","0.0444","0.0267","1"
"SHV1","NA","3055556","URL","UL 489 CIRCUIT BREAKER, 2A, 1 POLE, CURVE C, 10KAIC @ 480/277VAC","02 MED","1.0","1.0","1.0","1.0","1.0","0.0333","0.0167","0.0111","0.0067","1"
"SHV1","NA","3062874","URL","KEYENCE - CA-E200LJ, LJ-X/LJ-V INPUT UNIT","02 MED","5.0","5.0","5.0","5.0","5.0","0.1667","0.0833","0.0556","0.0333","1"
"SHV1","NA","3077254","URL","XG-X2902LJ, CAMERA CONTROLLER","02 MED","5.0","5.0","5.0","5.0","5.0","0.1667","0.0833","0.0556","0.0333","1"
"SHV1","NA","3077261","URL","Parallel plate with bearing and ball pins","02 MED","0.0","0.0","0.0","0.0","24.0","0.0","0.0","0.0","0.0","0"
"SHV1","NA","3077262","URL","Slide films ‐ three sets of three","02 MED","15.0","15.0","15.0","15.0","18.0","0.5","0.25","0.1667","0.1","1"
"SHV1","NA","3077264","URL","SOCKETS_BALL_SET_12","02 MED","15.0","15.0","15.0","15.0","15.0","0.5","0.25","0.1667","0.1","1"
"SHV1","NA","3077265","URL","Springs ‐ set of 6","02 MED","15.0","15.0","15.0","15.0","15.0","0.5","0.25","0.1667","0.1","1"
"SHV1","NA","3077266","URL","Telescopic axis","02 MED","24.0","40.0","40.0","40.0","84.0","0.8","0.6667","0.4444","0.2667","4"
"SHV1","NA","3077267","URL","P6 ROBOT ARM ASSEMBLY","02 MED","12.0","12.0","12.0","12.0","36.0","0.4","0.2","0.1333","0.08","1"
"SHV1","NA","3077271","URL","INTERLOCK SW. (FULLY CODED) 24VDC","02 MED","13.0","13.0","13.0","13.0","14.0","0.4333","0.2167","0.1444","0.0867","1"
"SHV1","NA","3077289","URL","ALTIVAR 055KW ON MACHINE INVERTER","02 MED","5.0","5.0","5.0","5.0","16.0","0.1667","0.0833","0.0556","0.0333","1"
"SHV1","NA","3077292","URL","ALTIVAR 075KW ON MACHINE INVERTER","02 MED","4.0","4.0","4.0","4.0","15.0","0.1333","0.0667","0.0444","0.0267","1"
"SHV1","NA","3129265","URL","Solenoid Valve","02 MED","10.0","10.0","10.0","10.0","10.0","0.3333","0.1667","0.1111","0.0667","1"
"SHV1","NA","3129266","URL","Pressure Regulator","02 MED","10.0","10.0","10.0","10.0","20.0","0.3333","0.1667","0.1111","0.0667","1"
"SHV1","NA","3129284","URL","Encoder Roller","02 MED","0.0","0.0","0.0","0.0","8.0","0.0","0.0","0.0","0.0","0"
"SHV1","NA","3129285","URL","RJ45 INDUSTRIAL PLUG 09451511100","02 MED","0.0","0.0","0.0","11.0","27.0","0.0","0.0","0.0","0.0733","2"
"SHV1","NA","3129286","URL","Encoder Roller Bearing","02 MED","22.0","22.0","22.0","22.0","33.0","0.7333","0.3667","0.2444","0.1467","1"
"SHV1","NA","3129287","URL","Drive Roller Bearing","02 MED","17.0","17.0","17.0","20.0","26.0","0.5667","0.2833","0.1889","0.1333","4"
"SHV1","NA","3129289","URL","O RING, 10026407 BS1806-020 VMQ70","02 MED","0.0","88.0","88.0","88.0","1377.0","0.0","1.4667","0.9778","0.5867","2"
"SHV1","NA","3129290","URL","Roller Table Assembly - LH","02 MED","5.0","5.0","5.0","5.0","5.0","0.1667","0.0833","0.0556","0.0333","1"
"SHV1","NA","3129293","URL","Vacuum Generator","02 MED","1.0","1.0","1.0","4.0","4.0","0.0333","0.0167","0.0111","0.0267","2"
"SHV1","NA","3129312","URL","ILLUMINATED ESTOP STATION","02 MED","4.0","4.0","4.0","4.0","4.0","0.1333","0.0667","0.0444","0.0267","1"
"SHV1","NA","3129323","URL","CONTROL SYSTEM","02 MED","0.0","0.0","0.0","0.0","5.0","0.0","0.0","0.0","0.0","0"
"SHV1","NA","3129340","URL","PNOZ m EF SAFETYNET","02 MED","13.0","13.0","13.0","13.0","13.0","0.4333","0.2167","0.1444","0.0867","1"
"SHV1","NA","3129347","URL","SWITCHING AUTOMATION LIGHT GRIDS SLG-2 (SLG10S-010SBR21D40)","02 MED","26.0","27.0","27.0","29.0","32.0","0.8667","0.45","0.3","0.1933","5"
"SHV1","NA","3129354","URL","USB TO SERIAL CABLE","02 MED","4.0","4.0","4.0","4.0","8.0","0.1333","0.0667","0.0444","0.0267","1"
"SHV1","NA","3129371","URL","SERVO POWER SUPPLY","02 MED","4.0","4.0","4.0","5.0","14.0","0.1333","0.0667","0.0444","0.0333","2"
"SHV1","NA","3258486","URL","Power supply 380-480V / 24Vdc 20A screw terminal","02 MED","2.0","2.0","2.0","4.0","4.0","0.0667","0.0333","0.0222","0.0267","3"
"SHV1","NA","3288498","URL","Conveyor Belt","02 MED","0.0","0.0","0.0","1.0","14.0","0.0","0.0","0.0","0.0067","1"
"SHV1","NA","3288499","URL","TT End Roller","02 MED","0.0","0.0","0.0","4.0","20.0","0.0","0.0","0.0","0.0267","2"
"SHV1","NA","3288501","URL","Tension Roller Assembly","02 MED","2.0","2.0","2.0","2.0","2.0","0.0667","0.0333","0.0222","0.0133","1"
"SHV1","NA","3288502","URL","RJ45 INDUSTRIAL PLUG 09451511100","02 MED","6.0","6.0","6.0","10.0","12.0","0.2","0.1","0.0667","0.0667","3"
"SHV1","NA","3288503","URL","Drive Roller Bearing","02 MED","0.0","0.0","0.0","2.0","192.0","0.0","0.0","0.0","0.0133","1"
"SHV1","NA","3288504","URL","Drive Motor","02 MED","0.0","0.0","0.0","0.0","5.0","0.0","0.0","0.0","0.0","0"
"SHV1","NA","33053","USP","SENSOR CABLE, 5M GREY, M12 FEMALE 8P STRAIGHT TO OPEN ENDED, CONTINUOUS FLEX, PUR-OB","02 MED","2.0","2.0","2.0","2.0","2.0","0.0667","0.0333","0.0222","0.0133","1"
"SHV1","NA","3315619","URL","UL489 10A MINIATURE CIRCUIT BREAKER","02 MED","16.0","16.0","16.0","16.0","21.0","0.5333","0.2667","0.1778","0.1067","1"
"SHV1","NA","3316630","URL","FITTING_PLASTIC","01 HIGH","31.0","31.0","31.0","31.0","31.0","1.0333","0.5167","0.3444","0.2067","1"
"SHV1","NA","3316631","URL","FITTING_PLASTIC","01 HIGH","60.0","60.0","60.0","60.0","85.0","2.0","1.0","0.6667","0.4","1"
"SHV1","NA","3464199","USP","SENSOR, FIBER OPTIC THIN ZERO SPACE, SIDE VIEW TYP","01 HIGH","2.0","2.0","2.0","2.0","2.0","0.0667","0.0333","0.0222","0.0133","1"
"SHV1","NA","3466127","USP","SCANNER,BARCODE:DM363 SMARTPACK PRESENTATION READER","02 MED","2.0","2.0","2.0","3.0","7.0","0.0667","0.0333","0.0222","0.02","2"
"SHV1","NA","3466132","USP","PNUEMATIC FITTING","02 MED","4.0","4.0","4.0","8.0","8.0","0.1333","0.0667","0.0444","0.0533","2"
"SHV1","NA","3466140","USP","KINETIX VP LOW INERTIA MOTOR,","02 MED","4.0","4.0","4.0","4.0","4.0","0.1333","0.0667","0.0444","0.0267","1"
"SHV1","NA","3466144","USP","SERVO DRIVE","02 MED","4.0","4.0","4.0","4.0","4.0","0.1333","0.0667","0.0444","0.0267","1"
"SHV1","NA","3466145","USP","RIGHT HORIZONTAL SEAL BAR ASSY","02 MED","1.0","2.0","2.0","2.0","16.0","0.0333","0.0333","0.0222","0.0133","2"
"SHV1","NA","3466147","USP","COMPACT CYLINDER ADN-32-25-I-P-A-S2","02 MED","2.0","2.0","2.0","4.0","7.0","0.0667","0.0333","0.0222","0.0267","4"
"SHV1","NA","3466149","USP","PIVOT BLOCK","02 MED","8.0","8.0","8.0","8.0","16.0","0.2667","0.1333","0.0889","0.0533","1"
"SHV1","NA","3466153","USP","RIGHT VERTICAL SEAL BAR ASSY","02 MED","0.0","0.0","1.0","2.0","14.0","0.0","0.0","0.0111","0.0133","2"
"SHV1","NA","3466170","USP","DSNU, BORE 25MM, STROKE 100MM, DOUBLE ACTING, LATERAL AIR,","02 MED","4.0","4.0","4.0","4.0","4.0","0.1333","0.0667","0.0444","0.0267","1"
"SHV1","NA","3466191","USP","ROD COUPLER, M10X1.25, STEEL (","02 MED","4.0","4.0","4.0","8.0","8.0","0.1333","0.0667","0.0444","0.0533","2"
"SHV1","NA","3466223","USP","243TEETH 32 T5/1215","02 MED","0.0","0.0","0.0","0.0","6.0","0.0","0.0","0.0","0.0","0"
"SHV1","NA","3466243","USP","LEFT HORIZONTAL SEAL BAR ASSY","02 MED","0.0","1.0","1.0","1.0","8.0","0.0","0.0167","0.0111","0.0067","1"
"SHV1","NA","3466248","USP","PRECISION LINEAR SHAFT, DIA 12","02 MED","2.0","2.0","2.0","6.0","7.0","0.0667","0.0333","0.0222","0.04","4"
"SHV1","NA","3466251","USP","PIVOT BLOCK - LEFT HORIZONTAL","02 MED","3.0","3.0","3.0","3.0","8.0","0.1","0.05","0.0333","0.02","1"
"SHV1","NA","3466258","USP","LEFT VERTICAL SEAL BAR ASSY","02 MED","0.0","1.0","1.0","2.0","14.0","0.0","0.0167","0.0111","0.0133","2"
"SHV1","NA","3466261","USP","SHANK THREAD SIZE(M10X1.25), ID 10MM, JAW OPENING W 10MM,","02 MED","16.0","16.0","16.0","32.0","32.0","0.5333","0.2667","0.1778","0.2133","2"
"SHV1","NA","3471325","EcoPac","SEEGER E 17X1 UNI7435","02 MED","4.0","4.0","4.0","4.0","4.0","0.1333","0.0667","0.0444","0.0267","1"
"SHV1","NA","3516118","URL","UNWIND UNIT SPRINGS MT910532SP","02 MED","0.0","0.0","0.0","1.0","1.0","0.0","0.0","0.0","0.0067","1"
"SHV1","NA","3524194","EcoPac","STRAP D  5MM   POLYCORD","01 HIGH","4.0","4.0","4.0","4.0","8.0","0.1333","0.0667","0.0444","0.0267","1"
"SHV1","NA","3524277","EcoPac","PHOTOCEL S45-PH-5-B03-PH","01 HIGH","2.0","2.0","2.0","2.0","11.0","0.0667","0.0333","0.0222","0.0133","1"
"SHV1","NA","3524279","EcoPac","PHOTOCEL S45-PH-5-B03-PH","01 HIGH","9.0","9.0","9.0","10.0","37.0","0.3","0.15","0.1","0.0667","2"
"SHV1","NA","3524374","EcoPac","PHOTOCEL S45-PH-5-B03-PH","02 MED","0.0","0.0","0.0","0.0","4.0","0.0","0.0","0.0","0.0","0"
"SHV1","NA","3524417","EcoPac","VALVOLA VHEF-ES-B52-G18","02 MED","2.0","2.0","2.0","2.0","2.0","0.0667","0.0333","0.0222","0.0133","1"
"SHV1","NA","3524442","EcoPac","VALVOLA OBLIQUA  VZXF-L-M22C-M-A","02 MED","3.0","3.0","3.0","3.0","3.0","0.1","0.05","0.0333","0.02","1"
"SHV1","NA","3524502","EcoPac","PHOTOCEL S45-PH-5-B03-PH","02 MED","0.0","0.0","0.0","0.0","8.0","0.0","0.0","0.0","0.0","0"
"SHV1","NA","3524503","EcoPac","STAFFA 101X15X15","01 HIGH","1.0","1.0","1.0","1.0","1.0","0.0333","0.0167","0.0111","0.0067","1"
"SHV1","NA","3524548","EcoPac","STOP 200X18X8","01 HIGH","2.0","2.0","6.0","6.0","10.0","0.0667","0.0333","0.0667","0.04","2"
"SHV1","NA","3524549","EcoPac","STOP 48.5X18X9","01 HIGH","0.0","0.0","4.0","4.0","32.0","0.0","0.0","0.0444","0.0267","1"
"SHV1","NA","3524550","EcoPac","STOP 211.5X18X8","01 HIGH","1.0","1.0","5.0","5.0","9.0","0.0333","0.0167","0.0556","0.0333","2"
"SHV1","NA","3524569","EcoPac","PHOTOCEL S45-PH-5-B03-PH","02 MED","3.0","3.0","3.0","3.0","3.0","0.1","0.05","0.0333","0.02","1"
"SHV1","NA","3524582","EcoPac","PHOTOCEL S45-PH-5-B03-PH","02 MED","2.0","2.0","2.0","2.0","6.0","0.0667","0.0333","0.0222","0.0133","1"
"SHV1","NA","3546294","USP","Kinetix VP Motor Cable, 4m","02 MED","1.0","1.0","1.0","1.0","1.0","0.0333","0.0167","0.0111","0.0067","1"
"SHV1","NA","44819","URL","TN2511 ELECTRONIC TEMPERATURE SENSOR","01 HIGH","10.0","10.0","10.0","20.0","20.0","0.3333","0.1667","0.1111","0.1333","2"
"SHV1","NA","47016","URL","FLANGE BEARING, 2-HOLE, 1-7/16"" BORE","02 MED","0.0","0.0","0.0","0.0","4.0","0.0","0.0","0.0","0.0","0"
"SHV1","NA","48192","URL","WASHER, M10 SPRING LOCK INTRALOX DPP-0146630","01 HIGH","8.0","8.0","8.0","8.0","32.0","0.2667","0.1333","0.0889","0.0533","2"
"SHV1","NA","49344","USP","Zebra ZE52163-R010000Z Print Engine","02 MED","0.0","0.0","1.0","2.0","23.0","0.0","0.0","0.0111","0.0133","2"
"SHV1","NA","49345","USP","ZEBRA AIT PART KIT PRINTHEAD 300 DPI ZE521 RH & LH","02 MED","1.0","3.0","4.0","9.0","17.0","0.0333","0.05","0.0444","0.06","10"
"SHV1","NA","49346","USP","ZEBRA AIT PART KIT PLATEN, PINCH, & PEEL ROLLERS ZE521 RH & LH","02 MED","0.0","2.0","3.0","3.0","18.0","0.0","0.0333","0.0333","0.02","2"
"SHV1","NA","57792","URL","SPRKT,40 CH,20T,7/8""""FIN BORE","02 MED","0.0","0.0","0.0","0.0","25.0","0.0","0.0","0.0","0.0","0"
"SHV1","NA","61591","USP","TUBE FITTING, M5 TO 4MM","02 MED","9.0","10.0","10.0","10.0","20.0","0.3","0.1667","0.1111","0.0667","3"
"SHV1","NA","69833","URL","INPUT TERMINAL-WAGO TYPE 750-430 FOR PLC10 SATELLITE PANEL","02 MED","7.0","7.0","7.0","7.0","14.0","0.2333","0.1167","0.0778","0.0467","1"
"SHV1","NA","69834","URL","OUTPUT TERMINAL-WAGO TYPE 750-530 FOR PLC10 SATELLITE PANEL","02 MED","7.0","7.0","7.0","7.0","14.0","0.2333","0.1167","0.0778","0.0467","1"
"SHV1","NA","71920","URL","SMC - KQ2P-11, FITTING, 3/8""","02 MED","0.0","0.0","0.0","0.0","7.0","0.0","0.0","0.0","0.0","0"
"SHV1","NA","72899","URL","Zebra - P1046696-146, Extended Life Drive Belts","01 HIGH","11.0","11.0","11.0","11.0","20.0","0.3667","0.1833","0.1222","0.0733","1"
"SHV1","NA","72902","USP","kit,motor assy, high speed...","02 MED","2.0","2.0","2.0","2.0","2.0","0.0667","0.0333","0.0222","0.0133","1"
"SHV1","NA","76186","URL","UL1489, CIRCUIT BREAKER, UL1489, 1-POLE, TRIP CURVE C, 277VAC, 48VDC, 40 AMP","02 MED","4.0","4.0","4.0","4.0","4.0","0.1333","0.0667","0.0444","0.0267","2"
"SHV1","NA","76546","URL","PUSH-IN FITTING ELBOW PISCO #PL1/4-01-1.8","02 MED","40.0","40.0","40.0","40.0","40.0","1.3333","0.6667","0.4444","0.2667","1"
"SHV1","NA","76580","USP","PROGRAMMED MAPLE DISPLAY UNIT FOR 3600A APPLICATOR","02 MED","0.0","0.0","0.0","0.0","3.0","0.0","0.0","0.0","0.0","0"
"SHV1","NA","79667","EcoPac","RSSB ID 36637-1-POINT I/O Dual Port Network Adaptor","02 MED","10.0","10.0","10.0","11.0","15.0","0.3333","0.1667","0.1111","0.0733","2"
"SHV1","NA","92775","URL","SERIES 7000 21"" X 5.85' (22 ROWS) TRANSVERSE ROLLER V3 GREY ACETAL WITH BLACK POLYURETHANE AND ORANGE WEAR RESISTANT ACETAL ROLLER AND WHITE NYLON AXLE BOXED BELT WITH NATURAL ABRASION RESISTANT RODS","02 MED","0.0","1.77","2.0","11.0","27.0","0.0","0.0295","0.0222","0.0733","4"
"SHV1","NA","97607","URL","UL 489 CIRCUIT BREAKER, 3A, 1 POLE, CURVE C, 10KAIC @ 480/277VAC","02 MED","0.0","0.0","0.0","0.0","6.0","0.0","0.0","0.0","0.0","0"
"SHV1","NA","C-1005","EcoPac","PHOTOCEL S45-PH-5-B03-PH","01 HIGH","6.0","6.0","6.0","6.0","12.0","0.2","0.1","0.0667","0.04","1"
"SHV1","NA","C-1020","EcoPac","PHOTOCEL S45-PH-5-B03-PH","01 HIGH","6.0","6.0","6.0","6.0","6.0","0.2","0.1","0.0667","0.04","1"
"SHV1","NA","C-1049","EcoPac","PHOTOCEL S45-PH-5-B03-PH","01 HIGH","0.0","1.0","1.0","1.0","15.0","0.0","0.0167","0.0111","0.0067","2"
"SHV1","NA","C-1083","EcoPac","PHOTOCEL S45-PH-5-B03-PH","01 HIGH","1.0","1.0","1.0","1.0","5.0","0.0333","0.0167","0.0111","0.0067","1"
"SHV1","NA","C-1087","EcoPac","YF8U14-050UA3XLEAX","01 HIGH","4.0","4.0","4.0","4.0","8.0","0.1333","0.0667","0.0444","0.0267","1"
"SHV1","NA","C-1105","EcoPac","PHOTOCEL S45-PH-5-B03-PH","01 HIGH","6.0","6.0","6.0","6.0","12.0","0.2","0.1","0.0667","0.04","1"
"SHV1","NA","C-1158","EcoPac","TIME DELAY FUSE, AMP TRAP 2000® 10A, ATDR KLASSE CC","02 MED","0.0","0.0","0.0","0.0","12.0","0.0","0.0","0.0","0.0","0"
"SHV1","NA","C-1163","EcoPac","FUSE, DELAY CLASS CC 600V 4AMP","02 MED","0.0","0.0","0.0","0.0","22.0","0.0","0.0","0.0","0.0","0"
"SHV1","NA","C-1165","EcoPac","FUSE,CLASS CC,600 VOLTS,10 AMPS","02 MED","0.0","0.0","0.0","0.0","22.0","0.0","0.0","0.0","0.0","0"
"SHV1","NA","C-1167","EcoPac","FUSE,CLASS CC,600 VOLTS,6 AMPS","02 MED","0.0","0.0","0.0","0.0","44.0","0.0","0.0","0.0","0.0","0"
"SHV1","NA","C-1183","EcoPac","PHOTOCEL S45-PH-5-B03-PH","01 HIGH","1.0","1.0","1.0","1.0","4.0","0.0333","0.0167","0.0111","0.0067","1"
"SHV1","NA","C-1204","EcoPac","PHOTOCEL S45-PH-5-B03-PH","01 HIGH","1.0","1.0","1.0","1.0","2.0","0.0333","0.0167","0.0111","0.0067","3"
"SHV1","NA","C-1209","EcoPac","MOTOR 71B","01 HIGH","0.0","0.0","0.0","0.0","3.0","0.0","0.0","0.0","0.0","0"
"SHV1","NA","C-1217","EcoPac","PHOTOCEL S45-PH-5-B03-PH","01 HIGH","0.0","0.0","0.0","0.0","10.0","0.0","0.0","0.0","0.0","0"
"SHV1","NA","C-1218","EcoPac","ND-PISTOLA MB2-BE00AIATTSSFP41-000000","01 HIGH","1.0","1.0","1.0","1.0","2.0","0.0333","0.0167","0.0111","0.0067","1"
"SHV1","NA","C-1232","EcoPac","SICK RAY26P-34162530A00 4P M12ST MONITORING HEIGHT 55MM, PRODUCT MIN 5MM (LIGHT","01 HIGH","1.0","1.0","1.0","1.0","1.0","0.0333","0.0167","0.0111","0.0067","2"
"SHV1","NA","C-1236","EcoPac","STRAP PLATE HTD 8M LARGH.30","01 HIGH","4.0","4.0","4.0","4.0","5.0","0.1333","0.0667","0.0444","0.0267","1"
"SHV1","NA","C-1260","EcoPac","RELE' MY4-US 24VDC 4 SCAMBI","01 HIGH","1.0","1.0","1.0","1.0","1.0","0.0333","0.0167","0.0111","0.0067","1"
"SHV1","NA","C-1261","EcoPac","SOLID STATE RELAY","02 MED","2.0","2.0","2.0","2.0","2.0","0.0667","0.0333","0.0222","0.0133","2"
"SHV1","NA","C-1262","EcoPac","RELE' PLC-RSC-24DC/21 1SC. + ZOCCOLO","01 HIGH","2.0","2.0","2.0","2.0","2.0","0.0667","0.0333","0.0222","0.0133","2"
"SHV1","NA","C-1304","EcoPac","SENSOR SMT-8M-A-PS-24V-E-0.3-N-M8D","01 HIGH","3.0","4.0","5.0","5.0","16.0","0.1","0.0667","0.0556","0.0333","4"
"SHV1","NA","C-1306","EcoPac","SOLENOID PLUG 5M PVC CABLE","02 MED","2.0","4.0","4.0","4.0","4.0","0.0667","0.0667","0.0444","0.0267","2"
"SHV1","NA","C-1342","EcoPac","SPRING D22X32 D3 N.7 SPIRE COMP","01 HIGH","0.0","0.0","0.0","0.0","4.0","0.0","0.0","0.0","0.0","0"
"SHV1","NA","C-1346","EcoPac","SPRING D35X17.5 D3.5 N.4 SPIRE TORS","01 HIGH","2.0","2.0","2.0","2.0","4.0","0.0667","0.0333","0.0222","0.0133","1"
"SHV1","NA","C-1350","EcoPac","SUCTION CUP V 25/CS SILICON","01 HIGH","0.0","0.0","0.0","0.0","654.0","0.0","0.0","0.0","0.0","0"
"SHV1","NA","C-1358","EcoPac","SUPPORT SUM  -10  H15  -M 6","01 HIGH","24.0","24.0","24.0","25.0","88.0","0.8","0.4","0.2667","0.1667","2"
"SHV1","NA","C-1364","EcoPac","TOOTHED BELT     5M-15 HTD METRAGGIO","01 HIGH","70.0","70.0","70.0","70.0","210.0","2.3333","1.1667","0.7778","0.4667","1"
"SHV1","NA","C-1365","EcoPac","TOOTHED BELT, 1M-25 HTD","01 HIGH","0.0","0.0","0.0","0.0","49.0","0.0","0.0","0.0","0.0","0"
"SHV1","NA","C-1372","EcoPac","TOOTHED BELT 720 8M-30 HTD","01 HIGH","0.0","0.0","0.0","0.0","2.0","0.0","0.0","0.0","0.0","0"
"SHV1","NA","C-1389","EcoPac","SOLENOID VALVE VUVS-L20-M52-AD-G18-F7-1C1","01 HIGH","2.0","2.0","2.0","2.0","2.0","0.0667","0.0333","0.0222","0.0133","1"
"SHV1","NA","C-1411","EcoPac","VITE M6X L126 DX","02 MED","0.0","0.0","0.0","0.0","20.0","0.0","0.0","0.0","0.0","0"
"SHV1","NA","C-1413","EcoPac","SUPPORT SFT 20","01 HIGH","0.0","0.0","0.0","0.0","3.0","0.0","0.0","0.0","0.0","0"
"SHV1","NA","C-1639","EcoPac","FUSE ATQR20 20A CLASS CC TIME DELAY","02 MED","0.0","0.0","0.0","0.0","15.0","0.0","0.0","0.0","0.0","0"
"SHV1","NA","C-1687","EcoPac","SHRINK DISK RCK13 25X50","01 HIGH","1.0","1.0","1.0","1.0","2.0","0.0333","0.0167","0.0111","0.0067","1"
"SHV1","NA","C-1689","EcoPac","SHRINK DISK RCK80 14X23","01 HIGH","2.0","2.0","2.0","2.0","4.0","0.0667","0.0333","0.0222","0.0133","1"
"SHV1","NA","C-1706","EcoPac","SECURITY MODULE  PNOZ X2.8P","01 HIGH","1.0","1.0","1.0","1.0","1.0","0.0333","0.0167","0.0111","0.0067","1"
"SHV1","NA","C-1726","EcoPac","PHOTOCEL S45-PH-5-B03-PH","01 HIGH","0.0","0.0","0.0","0.0","1.0","0.0","0.0","0.0","0.0","0"
"SHV1","NA","C-1727","EcoPac","PHOTOCEL S45-PH-5-B03-PH","01 HIGH","0.0","0.0","0.0","0.0","2.0","0.0","0.0","0.0","0.0","0"
"SHV1","NA","C-1804","EcoPac","REDUCER XC40 R 1: 7,5 PAM 14-105","01 HIGH","1.0","1.0","1.0","1.0","3.0","0.0333","0.0167","0.0111","0.0067","1"
"SHV1","NA","C-1956","EcoPac","SOLENOID VALVE VUVS-L20-M32C-AD-G18-F7-1C1","01 HIGH","2.0","2.0","2.0","2.0","2.0","0.0667","0.0333","0.0222","0.0133","1"
"SHV1","NA","C-2040","EcoPac","SHRINK DISK RCK13 19X47","01 HIGH","1.0","1.0","1.0","1.0","2.0","0.0333","0.0167","0.0111","0.0067","1"
"SHV1","NA","C-2041","EcoPac","SHRINK DISC RCK13 20X47","01 HIGH","1.0","1.0","1.0","1.0","2.0","0.0333","0.0167","0.0111","0.0067","1"
"SHV1","NA","C-2042","EcoPac","SHRINK DISK RCK13 22X47","01 HIGH","0.0","0.0","0.0","0.0","2.0","0.0","0.0","0.0","0.0","0"
"SHV1","NA","C-2049","EcoPac","PHOTOCEL S45-PH-5-B03-PH","01 HIGH","1.0","1.0","1.0","1.0","2.0","0.0333","0.0167","0.0111","0.0067","1"
"SHV1","NA","C-2076","EcoPac","PHOTOCEL S45-PH-5-B03-PH","02 MED","1.0","1.0","1.0","1.0","2.0","0.0333","0.0167","0.0111","0.0067","1"
"SHV1","NA","C-2307","EcoPac","PHOTOCEL S45-PH-5-B03-PH","01 HIGH","6.0","6.0","6.0","6.0","6.0","0.2","0.1","0.0667","0.04","1"
"SHV1","NA","C-2309","EcoPac","PHOTOCEL S45-PH-5-B03-PH","01 HIGH","6.0","6.0","6.0","6.0","6.0","0.2","0.1","0.0667","0.04","1"
"SHV1","NA","C-2348","EcoPac","PHOTOCEL S45-PH-5-B03-PH","01 HIGH","2.0","2.0","2.0","2.0","2.0","0.0667","0.0333","0.0222","0.0133","1"
"SHV1","NA","C-2598","EcoPac","PLATE BELT 5M-25","01 HIGH","4.0","4.0","4.0","4.0","4.0","0.1333","0.0667","0.0444","0.0267","1"
"SHV1","NA","C-2635","EcoPac","SLIDER  MGN  12 HZ0H","01 HIGH","0.0","0.0","0.0","0.0","5.0","0.0","0.0","0.0","0.0","0"
"SHV1","NA","C-2636","EcoPac","SPRING  D11X8.4 D1.5 N.7 SPIRE COMP","01 HIGH","0.0","0.0","0.0","0.0","21.0","0.0","0.0","0.0","0.0","0"
"SHV1","NA","C-2678","EcoPac","SERVOMOTOR VPL-B0633M-PJ12AA 1.3NM ASS/D","01 HIGH","0.0","0.0","0.0","0.0","2.0","0.0","0.0","0.0","0.0","0"
"SHV1","NA","C-2716","EcoPac","TOOTHED BELT 640 8M-30 HTD","01 HIGH","2.0","2.0","2.0","2.0","4.0","0.0667","0.0333","0.0222","0.0133","1"
"SHV1","NA","C-2721","EcoPac","PHOTOCEL S45-PH-5-B03-PH","01 HIGH","6.0","6.0","6.0","6.0","6.0","0.2","0.1","0.0667","0.04","1"
"SHV1","NA","C-2723","EcoPac","PHOTOCEL S45-PH-5-B03-PH","01 HIGH","6.0","6.0","6.0","6.0","6.0","0.2","0.1","0.0667","0.04","1"
"SHV1","NA","C-2760","EcoPac","TOOTHED BELT 375 5M-25 HTD","01 HIGH","1.0","1.0","1.0","1.0","1.0","0.0333","0.0167","0.0111","0.0067","1"
"SHV1","NA","C-2766","EcoPac","RID.XC 50 R 1:10 PAM 19-120","01 HIGH","0.0","0.0","0.0","0.0","2.0","0.0","0.0","0.0","0.0","0"
"SHV1","NA","C-2777","EcoPac","TOOTHED BELT 1790 5M-25 HTD","01 HIGH","2.0","2.0","2.0","2.0","4.0","0.0667","0.0333","0.0222","0.0133","1"
"SHV1","NA","C-2807","EcoPac","VALVE GROUP   DFM 32-125 PA-KF","01 HIGH","1.0","1.0","1.0","1.0","2.0","0.0333","0.0167","0.0111","0.0067","1"
"SHV1","NA","C-2811","EcoPac","VENTOSA B20 D24 1 SOFFIETTO","01 HIGH","0.0","12.0","12.0","44.0","180.0","0.0","0.2","0.1333","0.2933","3"
"SHV1","NA","C-2822","EcoPac","PHOTOCEL S45-PH-5-B03-PH","01 HIGH","0.0","0.0","0.0","0.0","2.0","0.0","0.0","0.0","0.0","0"
"SHV1","NA","C-2824","EcoPac","PHOTOCEL S45-PH-5-B03-PH","01 HIGH","0.0","0.0","0.0","0.0","2.0","0.0","0.0","0.0","0.0","0"
"SHV1","NA","C-2825","EcoPac","PHOTOCEL S45-PH-5-B03-PH","01 HIGH","0.0","0.0","0.0","0.0","2.0","0.0","0.0","0.0","0.0","0"
"SHV1","NA","C-2826","EcoPac","PHOTOCEL S45-PH-5-B03-PH","01 HIGH","0.0","0.0","0.0","0.0","8.0","0.0","0.0","0.0","0.0","0"
"SHV1","NA","C-2831","EcoPac","PHOTOCEL S45-PH-5-B03-PH","01 HIGH","2.0","2.0","2.0","2.0","5.0","0.0667","0.0333","0.0222","0.0133","2"
"SHV1","NA","C-2832","EcoPac","PHOTOCEL S45-PH-5-B03-PH","01 HIGH","0.0","0.0","0.0","0.0","2.0","0.0","0.0","0.0","0.0","0"
"SHV1","NA","C-2836","EcoPac","WHEEL D69X27 D47 FOLLE","01 HIGH","0.0","0.0","0.0","0.0","3.0100000000000002","0.0","0.0","0.0","0.0","0"
"SHV1","NA","C-2837","EcoPac","RUOTA D74X10 D33 MOTRICE","01 HIGH","0.0","1.0","4.0","4.0","11.0","0.0","0.0167","0.0444","0.0267","2"
"SHV1","NA","C-2843","EcoPac","PHOTOCEL S45-PH-5-B03-PH","01 HIGH","6.0","6.0","6.0","6.0","12.0","0.2","0.1","0.0667","0.04","1"
"SHV1","NA","C-2844","EcoPac","PHOTOCEL S45-PH-5-B03-PH","01 HIGH","6.0","6.0","6.0","6.0","6.0","0.2","0.1","0.0667","0.04","1"
"SHV1","NA","C-2855","EcoPac","PHOTOCEL S45-PH-5-B03-PH","02 MED","0.0","0.0","0.0","0.0","2.0","0.0","0.0","0.0","0.0","0"
"SHV1","NA","C-2861","EcoPac","SPHERICAL JOINT JAF 12 RIGHT","02 MED","1.0","1.0","1.0","1.0","1.0","0.0333","0.0167","0.0111","0.0067","1"
"SHV1","NA","C-2879","EcoPac","SHAFT D 25X1420","01 HIGH","0.0","0.0","0.0","0.0","1.0","0.0","0.0","0.0","0.0","0"
"SHV1","NA","C-2951","EcoPac","PHOTOCEL S45-PH-5-B03-PH","01 HIGH","1.0","1.0","1.0","1.0","2.0","0.0333","0.0167","0.0111","0.0067","1"
"SHV1","NA","C-3033","EcoPac","PHOTOCELLS45-PH-5-B03-PH","02 MED","0.0","0.0","0.0","1.0","3.0","0.0","0.0","0.0","0.0067","1"
"SHV1","NA","C-3035","EcoPac","REGULATOR VRPA-LM-R18-Q8","03 LOW","3.0","3.0","3.0","4.0","4.0","0.1","0.05","0.0333","0.0267","2"
"SHV1","NA","C-3711","EcoPac","PHOTOCEL S45-PH-5-B03-PH","01 HIGH","0.0","0.0","0.0","0.0","1.0","0.0","0.0","0.0","0.0","0"
"SHV1","NA","C-3712","EcoPac","PHOTOCEL S45-PH-5-B03-PH","01 HIGH","2.0","2.0","2.0","2.0","2.0","0.0667","0.0333","0.0222","0.0133","1"
"SHV1","NA","C-3715","EcoPac","PHOTOCEL S45-PH-5-B03-PH","01 HIGH","0.0","0.0","0.0","2.0","23.0","0.0","0.0","0.0","0.0133","1"
"SHV1","NA","C-3716","EcoPac","PHOTOCEL S45-PH-5-B03-PH","03 LOW","2.0","2.0","2.0","2.0","4.0","0.0667","0.0333","0.0222","0.0133","1"
"SHV1","NA","C-3730","EcoPac","SENSOR KI-3250NFPKG M12 4P M","02 MED","1.0","1.0","1.0","1.0","1.0","0.0333","0.0167","0.0111","0.0067","1"
"SHV1","NA","C-3740","EcoPac","FUSE,CLASS CC,600 VOLTS,15 AMPS","02 MED","0.0","0.0","0.0","0.0","12.0","0.0","0.0","0.0","0.0","0"
"SHV1","NA","C-3745","EcoPac","SHAFT D 25X1472","01 HIGH","0.0","0.0","0.0","0.0","1.0","0.0","0.0","0.0","0.0","0"
"SHV1","NA","C-3746","EcoPac","SHAFT D 25X1364","01 HIGH","0.0","0.0","0.0","0.0","1.0","0.0","0.0","0.0","0.0","0"
"SHV1","NA","C-3750","EcoPac","PHOTOCEL S45-PH-5-B03-PH","01 HIGH","2.0","2.0","2.0","2.0","2.0","0.0667","0.0333","0.0222","0.0133","1"
"SHV1","NA","C-3755","EcoPac","WHEEL D69X19.3 D47 FOLLE","01 HIGH","0.0","0.0","0.0","0.0","2.0","0.0","0.0","0.0","0.0","0"
"SHV1","NA","C-3759","EcoPac","ROLLER D70X330 D35","01 HIGH","0.0","0.0","1.0","2.0","2.0","0.0","0.0","0.0111","0.0133","2"
"SHV1","NA","C-3765","EcoPac","PHOTOCEL S45-PH-5-B03-PH","01 HIGH","1.0","1.0","1.0","1.0","9.0","0.0333","0.0167","0.0111","0.0067","1"
"SHV1","NA","C-3766","EcoPac","PHOTOCEL S45-PH-5-B03-PH","01 HIGH","0.0","2.0","3.0","4.0","7.0","0.0","0.0333","0.0333","0.0267","4"
"SHV1","NA","C-3772","EcoPac","PHOTOCEL S45-PH-5-B03-PH","01 HIGH","2.0","2.0","2.0","2.0","6.0","0.0667","0.0333","0.0222","0.0133","1"
"SHV1","NA","C-3773","EcoPac","TOOTHED BELT L-2175 5M-25 HTD","01 HIGH","0.0","0.0","0.0","0.0","4.0","0.0","0.0","0.0","0.0","0"
"SHV1","NA","C-3783","EcoPac","PHOTOCEL S45-PH-5-B03-PH","01 HIGH","4.0","4.0","4.0","4.0","8.0","0.1333","0.0667","0.0444","0.0267","1"
"SHV1","NA","C-3786","EcoPac","SPRING-LOADED PRESSER KIT","02 MED","1.0","1.0","1.0","1.0","1.0","0.0333","0.0167","0.0111","0.0067","1"
"SHV1","NA","C-3787","EcoPac","SPRING-LOADED PRESSER KIT GREEN SPRING","02 MED","1.0","1.0","1.0","1.0","1.0","0.0333","0.0167","0.0111","0.0067","1"
"SHV1","NA","C-3790","EcoPac","SINGLE CORDINATOR KIT","02 MED","1.0","1.0","1.0","1.0","1.0","0.0333","0.0167","0.0111","0.0067","1"
"SHV1","NA","C-3793","EcoPac","PHOTOCEL S45-PH-5-B03-PH","01 HIGH","0.0","0.0","0.0","0.0","16.0","0.0","0.0","0.0","0.0","0"
"SHV1","NA","C-3816","EcoPac","SENSOR LASER ANALOGIC LR-TB5000C","02 MED","1.0","1.0","1.0","1.0","1.0","0.0333","0.0167","0.0111","0.0067","1"
"SHV1","NA","C-3817","EcoPac","PHOTOCEL S45-PH-5-B03-PH","01 HIGH","1.0","1.0","1.0","1.0","1.0","0.0333","0.0167","0.0111","0.0067","1"
"SHV1","NA","C-3821","EcoPac","VACUUM CUP VASB 30-1/8""-PUR-B","01 HIGH","14.0","14.0","14.0","14.0","42.0","0.4667","0.2333","0.1556","0.0933","1"
"SHV1","NA","C-3822","EcoPac","VALVE VTUG-14-VRAP-B1T-Q12-U-Q8S-KK6AL+TV","01 HIGH","1.0","1.0","1.0","1.0","5.0","0.0333","0.0167","0.0111","0.0067","1"
"SHV1","NA","C-3824","EcoPac","PHOTOCEL S45-PH-5-B03-PH","01 HIGH","1.0","1.0","1.0","1.0","1.0","0.0333","0.0167","0.0111","0.0067","1"
"SHV1","NA","C-3826","EcoPac","PHOTOCEL S45-PH-5-B03-PH","01 HIGH","1.0","1.0","1.0","2.0","2.0","0.0333","0.0167","0.0111","0.0133","2"
"SHV1","NA","C-3827","EcoPac","PHOTOCEL S45-PH-5-B03-PH","01 HIGH","1.0","1.0","1.0","1.0","2.0","0.0333","0.0167","0.0111","0.0067","1"
"SHV1","NA","C-3832","EcoPac","PHOTOCEL S45-PH-5-B03-PH","01 HIGH","2.0","2.0","2.0","3.0","3.0","0.0667","0.0333","0.0222","0.02","3"
"SHV1","NA","C-3836","EcoPac","PHOTOCEL S45-PH-5-B03-PH","01 HIGH","1.0","1.0","1.0","1.0","1.0","0.0333","0.0167","0.0111","0.0067","1"
"SHV1","NA","C-3844","EcoPac","PHOTOCEL S45-PH-5-B03-PH","01 HIGH","3.0","3.0","3.0","4.0","8.0","0.1","0.05","0.0333","0.0267","2"
"SHV1","NA","C-3857","EcoPac","TOOTHED BELT 480 8M-30 HTD","01 HIGH","1.0","1.0","1.0","1.0","2.0","0.0333","0.0167","0.0111","0.0067","1"
"SHV1","NA","C-3860","EcoPac","RULLO D70X495    D35","01 HIGH","0.0","0.0","0.0","0.0","5.0","0.0","0.0","0.0","0.0","0"
"SHV1","NA","N12270","USP","SMC Speed Control Valve: Elbow Fitting, Knob, 1/4 in/1/8 in Valve Body Size, 1/4 in Tube, Meter Out","02 MED","2.0","3.0","3.0","5.0","11.0","0.0667","0.05","0.0333","0.0333","3"
"SHV1","NA","N37377","USP","SC300-2 SHOCK ABSORBER","02 MED","2.0","2.0","2.0","2.0","10.0","0.0667","0.0333","0.0222","0.0133","1"
"SHV1","NA","N37843","USP","REWIND CONTROL/POWER ON RELAY FOR 3600A APPLICATORS - PE-RE1017","02 MED","2.0","2.0","2.0","2.0","4.0","0.0667","0.0333","0.0222","0.0133","1"
"SHV1","NA","N44133","EcoPac","TAPER LOCK RCK80 12X18","01 HIGH","1.0","1.0","1.0","1.0","3.0","0.0333","0.0167","0.0111","0.0067","1"
"SHV1","NA","N45907","USP","Valve flow control one way","02 MED","4.0","4.0","4.0","4.0","4.0","0.1333","0.0667","0.0444","0.0267","1"
"SHV1","NA","N53951","USP","RADIAL BALL BEARING","02 MED","0.0","0.0","0.0","0.0","3.0","0.0","0.0","0.0","0.0","0"
"SHV1","NA","N53977","USP","I110-E0454 SAFETY SWITCH","02 MED","3.0","3.0","3.0","3.0","3.0","0.1","0.05","0.0333","0.02","1"
"SHV1","NA","N53990","USP","LINEAR RAIL","02 MED","6.0","6.0","6.0","6.0","7.0","0.2","0.1","0.0667","0.04","1"
"SHV1","NA","N54020","USP","STOPPER BOLT, M6X1.0, L 20MM, WITH HEX SOCKET TIP, STRAIGHT TYPE, BUMPER URETHAN","02 MED","0.0","0.0","0.0","0.0","5.0","0.0","0.0","0.0","0.0","0"
"SMF1","NA","1000863","EcoPac","Point IO Sinking Input Module, 8-Point","02 MED","0.0","0.0","1.0","1.0","1.0","0.0","0.0","0.0111","0.0067","1"
"SMF1","NA","79667","EcoPac","RSSB ID 36637-1-POINT I/O Dual Port Network Adaptor","02 MED","0.0","0.0","0.0","0.0","2.0","0.0","0.0","0.0","0.0","0"
"SMF1","NA","C-1163","EcoPac","FUSE, DELAY CLASS CC 600V 4AMP",,"0.0","0.0","0.0","20.0","20.0","0.0","0.0","0.0","0.1333","1"
"SMF1","NA","C-1204","EcoPac","PHOTOCEL S45-PH-5-B03-PH",,"0.0","0.0","0.0","1.0","1.0","0.0","0.0","0.0","0.0067","1"
"SMF1","NA","C-1261","EcoPac","SOLID STATE RELAY",,"0.0","0.0","0.0","3.01","3.01","0.0","0.0","0.0","0.0201","3"
"SMF1","NA","C-1262","EcoPac","RELE' PLC-RSC-24DC/21 1SC. + ZOCCOLO",,"0.0","0.0","0.0","1.0","1.0","0.0","0.0","0.0","0.0067","3"
"SMF1","NA","C-1304","EcoPac","SENSOR SMT-8M-A-PS-24V-E-0.3-N-M8D",,"0.0","0.0","0.0","1.0","1.0","0.0","0.0","0.0","0.0067","2"
"SMF1","NA","C-2076","EcoPac","PHOTOCEL S45-PH-5-B03-PH",,"0.0","0.0","0.0","1.0","1.0","0.0","0.0","0.0","0.0067","2"
"SMF1","NA","C-2836","EcoPac","WHEEL D69X27 D47 FOLLE",,"0.0","0.0","0.0","1.0","1.0","0.0","0.0","0.0","0.0067","2"
"SYR1","NA","1000078","USP","Sensor, proximity, SME-8M-DS-24V-K-0, 3-M8D","01 HIGH","0.0","1.01","3.01","7.010000000000002","13.030000000000003","0.0","0.0168","0.0334","0.0467","14"
"SYR1","NA","1001191","USP","VPL-B1003F-PJ12AA SERVO MOTOR","02 MED","0.0","0.0","0.0","0.0","7.0","0.0","0.0","0.0","0.0","0"
"SYR1","NA","1001803","USP","Switch, Auxiliary, Supplementary Protector Accessory","02 MED","0.0","1.0","1.0","3.0","7.0","0.0","0.0167","0.0111","0.02","3"
"SYR1","NA","10043","USP","PLC, CONTROLLER,PROGRAMMABLE:2-1/2 INHT,3-1/2 INWD,1-1/2 INDP,24 V DCVOLT,2.6 MACURRE","02 MED","0.0","0.0","0.0","0.0","7.0","0.0","0.0","0.0","0.0","0"
"SYR1","NA","1004322","USP","PUSHBUTTON METAL LATCH","02 MED","0.0","1.0","1.0","1.0","1.0","0.0","0.0167","0.0111","0.0067","1"
"SYR1","NA","10076","USP","UNWIND DANCER ARM UNWIND SPRING","02 MED","0.0","0.0","0.0","0.0","1.0","0.0","0.0","0.0","0.0","0"
"SYR1","NA","10105","USP","SPRING: REWIND CLUTCH, MED DUTY, .97OD X .080 WIRE DIA","02 MED","0.0","0.0","0.0","0.0","3.0","0.0","0.0","0.0","0.0","0"
"SYR1","NA","1061198","USP","OLFLEXÂ® VFD SLIM, 14 AWG/4C, REDUCED DIAMETER VFD CABLE WITH ""SURGE GUARD""","02 MED","0.0","0.0","0.0","0.0","2.0","0.0","0.0","0.0","0.0","0"
"SYR1","NA","1061526","USP","SERVO DRVE AMP JR_AUTO JR0000549642","02 MED","0.0","4.0","4.0","4.0","4.0","0.0","0.0667","0.0444","0.0267","1"
"SYR1","NA","10683","USP","WHEEL, WHEEL: LOAD ASSEMBLY","01 HIGH","0.0","4.0","4.99","4.99","13.99","0.0","0.0667","0.0554","0.0333","4"
"SYR1","NA","1069554","USP","POWER IO CABLE M12 FOR COGNEX CONN MODULE W DB9","02 MED","0.0","0.0","0.0","0.0","2.0","0.0","0.0","0.0","0.0","0"
"SYR1","NA","1071515","USP","Radial/Deep Groove Ball Bearing - Round Bore, 25 mm ID, 42 mm OD, 9 mm Width, Double Shielded, Internal Clearance","02 MED","0.0","0.0","0.0","0.0","29.0","0.0","0.0","0.0","0.0","0"
"SYR1","NA","1071516","USP","REPLACEMENT BELT – 18”W FOR CO","01 HIGH","0.0","0.0","0.0","14.0","14.0","0.0","0.0","0.0","0.0933","2"
"SYR1","NA","1124355","USP","FIXED DRAW ROLLER, SMART PAC","02 MED","0.0","0.0","0.0","4.0","4.0","0.0","0.0","0.0","0.0267","1"
"SYR1","NA","11409","USP","TAMPA","02 MED","0.0","0.0","0.0","0.0","3.0","0.0","0.0","0.0","0.0","0"
"SYR1","NA","11424","USP","UNWIND BRAKE BAND CTM PM-BB1030","01 HIGH","0.0","0.0","0.0","2.0","2.0","0.0","0.0","0.0","0.0133","1"
"SYR1","NA","11519","USP","Zebra Kit Maint Door Open Swch RH/LH","02 MED","0.0","1.0","1.0","2.0","3.0","0.0","0.0167","0.0111","0.0133","2"
"SYR1","NA","19978","USP","TIME DELAY FUSE, 30A, CLASS J, 300KA, 600VAC","02 MED","1.0","1.0","1.0","1.0","1.0","0.0333","0.0167","0.0111","0.0067","2"
"SYR1","NA","2066701","USP","ROLLER, MOVING DRAW ROLLER (SMART PAC)","02 MED","0.0","0.0","0.0","2.0","4.0","0.0","0.0","0.0","0.0133","1"
"SYR1","NA","3015435","USP","VERTICAL JAW CABLE MANAGEMENT BACKING PLATE","01 HIGH","0.0","0.0","0.0","1.0","1.0","0.0","0.0","0.0","0.0067","1"
"SYR1","NA","3022934","USP","SMC Shock Absorber, RBC1007, 46.7 mm Body Length, 63.7 mm Body Length, M10 x 1 Thread Size","01 HIGH","4.0","8.0","10.0","14.0","14.0","0.1333","0.1333","0.1111","0.0933","7"
"SYR1","NA","3022941","USP","VERTICAL TOP, POWERSONIC MATED M12 + LBO2K","01 HIGH","0.0","3.0","3.0","6.0","9.0","0.0","0.05","0.0333","0.04","4"
"SYR1","NA","3022945","USP","VERTICAL BOTTOM LOAD CELL","01 HIGH","0.0","1.0","1.0","1.0","1.0","0.0","0.0167","0.0111","0.0067","1"
"SYR1","NA","3022970","USP","CUTTING KNIFE ASSEMBLY","01 HIGH","1.0","4.0","4.0","4.0","4.0","0.0333","0.0667","0.0444","0.0267","2"
"SYR1","NA","3022971","USP","FAST CONNECTION-PEG","01 HIGH","4.0","4.0","4.0","4.0","4.0","0.1333","0.0667","0.0444","0.0267","1"
"SYR1","NA","3022976","USP","FLAT HEAD SOCKET CAP SCREW","01 HIGH","0.0","2.0","2.0","2.0","2.0","0.0","0.0333","0.0222","0.0133","1"
"SYR1","NA","3022978","USP","LIDAR SENSOR PICS150-01000 core 1","01 HIGH","2.0","4.0","4.0","10.0","10.0","0.0667","0.0667","0.0444","0.0667","8"
"SYR1","NA","3022982","USP","LEFT ISOLATOR PLATE","01 HIGH","0.0","2.0","2.0","3.0","3.0","0.0","0.0333","0.0222","0.02","3"
"SYR1","NA","3022983","USP","RIGHT ISOLATOR PLATE","01 HIGH","0.0","0.0","0.0","1.0","8.0","0.0","0.0","0.0","0.0067","1"
"SYR1","NA","3022987","USP","IO-LINK MASTER, ETHERNET/IP INTERFACE, TOTAL IN- AND OUTPUTS: 16, 4X 2A OUTPUTS","01 HIGH","0.0","0.0","0.0","0.0","2.0","0.0","0.0","0.0","0.0","0"
"SYR1","NA","3025738","USP","COATED 9"" FOUR HOLE AIR ASSIST TUBE - MP-211-2230-9","02 MED","0.0","0.0","0.0","2.0","2.0","0.0","0.0","0.0","0.0133","1"
"SYR1","NA","3026266","USP","Control Block","01 HIGH","0.0","2.0","2.0","2.0","2.0","0.0","0.0333","0.0222","0.0133","2"
"SYR1","NA","3031139","USP","RIGHT HORIZONTAL HEATER CABLE","01 HIGH","0.0","2.0","2.0","2.0","2.0","0.0","0.0333","0.0222","0.0133","1"
"SYR1","NA","33053","USP","SENSOR CABLE, 5M GREY, M12 FEMALE 8P STRAIGHT TO OPEN ENDED, CONTINUOUS FLEX, PUR-OB","02 MED","0.0","0.0","0.0","2.0","2.0","0.0","0.0","0.0","0.0133","1"
"SYR1","NA","3361381","USP","Fork sensor","01 HIGH","0.0","0.0","0.0","2.0","2.0","0.0","0.0","0.0","0.0133","1"
"SYR1","NA","3464199","USP","SENSOR, FIBER OPTIC THIN ZERO SPACE, SIDE VIEW TYP","01 HIGH","0.0","1.0","1.0","1.0","1.0","0.0","0.0167","0.0111","0.0067","1"
"SYR1","NA","3466140","USP","KINETIX VP LOW INERTIA MOTOR,","01 HIGH","0.0","0.0","0.0","0.0","2.0","0.0","0.0","0.0","0.0","0"
"SYR1","NA","3466170","USP","DSNU, BORE 25MM, STROKE 100MM, DOUBLE ACTING, LATERAL AIR,","01 HIGH","0.0","0.0","0.0","3.0","3.0","0.0","0.0","0.0","0.02","3"
"SYR1","NA","3466223","USP","243TEETH 32 T5/1215","01 HIGH","0.0","0.0","0.0","2.0","2.0","0.0","0.0","0.0","0.0133","1"
"SYR1","NA","3466243","USP","LEFT HORIZONTAL SEAL BAR ASSY","01 HIGH","0.0","1.0","1.0","1.0","1.0","0.0","0.0167","0.0111","0.0067","1"
"SYR1","NA","3466248","USP","PRECISION LINEAR SHAFT, DIA 12","01 HIGH","3.0","5.0","5.0","5.0","5.0","0.1","0.0833","0.0556","0.0333","3"
"SYR1","NA","49345","USP","ZEBRA AIT PART KIT PRINTHEAD 300 DPI ZE521 RH & LH","01 HIGH","1.01","6.01","8.01","19.0","30.04","0.0337","0.1002","0.089","0.1267","25"
"SYR1","NA","49346","USP","ZEBRA AIT PART KIT PLATEN, PINCH, & PEEL ROLLERS ZE521 RH & LH","01 HIGH","0.0","1.0","1.0","1.0","1.0","0.0","0.0167","0.0111","0.0067","1"
"SYR1","NA","61591","USP","TUBE FITTING, M5 TO 4MM","02 MED","0.0","0.0","0.0","1.0","3.0","0.0","0.0","0.0","0.0067","1"
"SYR1","NA","72902","USP","kit,motor assy, high speed...","02 MED","0.0","0.0","0.0","3.0","3.0","0.0","0.0","0.0","0.02","1"
"SYR1","NA","816958","USP","IN-SIGHT STD. POWER & I/O BREAKOUT CABLE, 5M (15')","02 MED","0.0","0.0","0.0","4.0","6.0","0.0","0.0","0.0","0.0267","1"
"SYR1","NA","N12270","USP","SMC Speed Control Valve: Elbow Fitting, Knob, 1/4 in/1/8 in Valve Body Size, 1/4 in Tube, Meter Out","01 HIGH","0.0","1.0","3.0","5.0","5.0","0.0","0.0167","0.0333","0.0333","5"
"SYR1","NA","N24793","USP","Slim Electromechanical Relay, SPDT, 6A,24VDC, PCB Terminal, 34 Series","01 HIGH","1.0","1.0","1.0","3.0","3.0","0.0333","0.0167","0.0111","0.02","3"
"SYR1","NA","N37377","USP","SC300-2 SHOCK ABSORBER","02 MED","0.0","0.0","0.0","3.0","3.0","0.0","0.0","0.0","0.02","3"
"SYR1","NA","N37843","USP","REWIND CONTROL/POWER ON RELAY FOR 3600A APPLICATORS - PE-RE1017","02 MED","1.0","1.0","1.0","1.0","1.0","0.0333","0.0167","0.0111","0.0067","1"
"SYR1","NA","N53977","USP","I110-E0454 SAFETY SWITCH","01 HIGH","0.0","0.0","0.0","0.0","6.0","0.0","0.0","0.0","0.0","0"
"TLH2","NA","1000078","USP","Sensor, proximity, SME-8M-DS-24V-K-0, 3-M8D","02 MED","1.0","1.0","1.0","1.0","1.0","0.0333","0.0167","0.0111","0.0067","3"
"TLH2","NA","1001191","USP","VPL-B1003F-PJ12AA SERVO MOTOR","01 HIGH","0.0","0.0","0.0","0.0","1.0","0.0","0.0","0.0","0.0","0"
"TLH2","NA","1002613","USP","VALVE, CHECK VALVE,ASSEMBLY:FLOW CONTROL W/ PILOT CHECK VALVE 1/4 TUBE WITH1/8 T","02 MED","0.0","0.0","0.0","0.0","3.0","0.0","0.0","0.0","0.0","0"
"TLH2","NA","10191","USP","THRUST BALL BEARING, 3/4"" ID X 1-5/16"" OD X 9/32"" HT., STEEL","02 MED","2.0","5.0","5.0","8.0","13.0","0.0667","0.0833","0.0556","0.0533","7"
"TLH2","NA","1060925","USP","RING-GRIP QUICK-RELEASE PIN","02 MED","1.0","1.0","1.0","1.0","3.0","0.0333","0.0167","0.0111","0.0067","2"
"TLH2","NA","1061778","USP","RT-B1221","02 MED","0.0","0.0","2.0","3.0","3.0","0.0","0.0","0.0222","0.02","4"
"TLH2","NA","10683","USP","WHEEL, WHEEL: LOAD ASSEMBLY","02 MED","2.0","2.0","2.0","4.0","5.0","0.0667","0.0333","0.0222","0.0267","2"
"TLH2","NA","1071516","USP","REPLACEMENT BELT – 18”W FOR CO","02 MED","0.0","0.0","0.0","11.0","11.0","0.0","0.0","0.0","0.0733","1"
"TLH2","NA","11082","USP","SMART PACK FILTER REPLACEMENT  (PID)","02 MED","0.0","0.0","0.0","0.0","13.0","0.0","0.0","0.0","0.0","0"
"TLH2","NA","2066701","USP","ROLLER, MOVING DRAW ROLLER (SMART PAC)","02 MED","2.0","2.0","2.0","2.0","2.0","0.0667","0.0333","0.0222","0.0133","1"
"TLH2","NA","3022934","USP","SMC Shock Absorber, RBC1007, 46.7 mm Body Length, 63.7 mm Body Length, M10 x 1 Thread Size","01 HIGH","11.0","11.0","11.0","11.0","11.0","0.3667","0.1833","0.1222","0.0733","2"
"TLH2","NA","3037850","USP","ZIP TIES, STANDARD","01 HIGH","1.0","1.0","1.0","1.0","1.0","0.0333","0.0167","0.0111","0.0067","1"
"TLH2","NA","3037852","USP","LEFT HOR HEATER CABLE ASSY","01 HIGH","1.0","1.0","1.0","1.0","1.0","0.0333","0.0167","0.0111","0.0067","1"
"TLH2","NA","3466145","USP","RIGHT HORIZONTAL SEAL BAR ASSY","01 HIGH","1.0","1.0","1.0","1.0","1.0","0.0333","0.0167","0.0111","0.0067","1"
"TLH2","NA","3466258","USP","LEFT VERTICAL SEAL BAR ASSY","01 HIGH","1.0","1.0","1.0","1.0","1.0","0.0333","0.0167","0.0111","0.0067","1"
"TLH2","NA","49344","USP","Zebra ZE52163-R010000Z Print Engine","01 HIGH","0.0","0.0","0.0","1.0","4.0","0.0","0.0","0.0","0.0067","1"
"TLH2","NA","49345","USP","ZEBRA AIT PART KIT PRINTHEAD 300 DPI ZE521 RH & LH","01 HIGH","3.0","4.01","4.01","6.010000000000001","19.009999999999998","0.1","0.0668","0.0446","0.0401","11"
"TLH2","NA","61591","USP","TUBE FITTING, M5 TO 4MM","02 MED","0.0","0.0","0.0","0.0","8.0","0.0","0.0","0.0","0.0","0"
"TLH2","NA","N24793","USP","Slim Electromechanical Relay, SPDT, 6A,24VDC, PCB Terminal, 34 Series","02 MED","1.0","1.0","1.0","1.0","1.0","0.0333","0.0167","0.0111","0.0067","1"
"TLH2","NA","N37377","USP","SC300-2 SHOCK ABSORBER","02 MED","0.0","0.0","0.0","0.0","2.0","0.0","0.0","0.0","0.0","0"
"TLH2","NA","N41977","USP","R SERIES BEARING - .750 X 1.625 X .437","02 MED","0.0","0.0","0.0","2.0","2.0","0.0","0.0","0.0","0.0133","1"
"TLH2","NA","N45907","USP","Valve flow control one way","02 MED","0.0","0.0","0.0","0.0","2.0","0.0","0.0","0.0","0.0","0"
"TPA4","NA","1000078","USP","Sensor, proximity, SME-8M-DS-24V-K-0, 3-M8D","01 HIGH","0.0","0.0","0.0","3.0","3.0","0.0","0.0","0.0","0.02","6"
"TPA4","NA","11147","USP","VHI425A-GV W/ GV4G6","02 MED","0.0","2.0","2.0","2.0","2.0","0.0","0.0333","0.0222","0.0133","2"
"TPA4","NA","1124729","USP","Pan and Tilt Camera Mount PTU-BE","01 HIGH","1.0","1.0","1.0","1.0","1.0","0.0333","0.0167","0.0111","0.0067","1"
"TPA4","NA","3022941","USP","VERTICAL TOP, POWERSONIC MATED M12 + LBO2K","01 HIGH","2.0","2.0","2.0","2.0","2.0","0.0667","0.0333","0.0222","0.0133","2"
"TPA4","NA","3022947","USP","HORIZONTAL JAW CABLE MANAGEMENT BACKING PLATE","01 HIGH","1.0","1.0","1.0","1.0","1.0","0.0333","0.0167","0.0111","0.0067","1"
"TPA4","NA","3022970","USP","CUTTING KNIFE ASSEMBLY","01 HIGH","1.0","2.0","2.0","2.0","2.0","0.0333","0.0333","0.0222","0.0133","2"
"TPA4","NA","3022984","USP","8MM X 14MM LOW SOCKET HEAD MACHINE SCREWS (OR BLACK OXIDE EQUIVALENT)","01 HIGH","0.0","0.0","0.0","2.0","2.0","0.0","0.0","0.0","0.0133","1"
"TPA4","NA","3025738","USP","COATED 9"" FOUR HOLE AIR ASSIST TUBE - MP-211-2230-9","02 MED","0.0","0.0","0.0","2.0","2.0","0.0","0.0","0.0","0.0133","1"
"TPA4","NA","3043407","USP","SICK IME2S Series Non-Flush Inductive Non-Contact Safety Switch, 24V dc, Nickel Plated Brass Housing, 2NO, M12","01 HIGH","1.0","3.0","3.0","3.0","3.0","0.0333","0.05","0.0333","0.02","6"
"TPA4","NA","3466127","USP","SCANNER,BARCODE:DM363 SMARTPACK PRESENTATION READER","01 HIGH","0.0","0.0","0.0","2.0","2.0","0.0","0.0","0.0","0.0133","2"
"TPA4","NA","3466144","USP","SERVO DRIVE","01 HIGH","1.0","1.0","1.0","1.0","1.0","0.0333","0.0167","0.0111","0.0067","1"
"TPA4","NA","3466149","USP","PIVOT BLOCK","01 HIGH","0.0","0.0","1.0","1.0","1.0","0.0","0.0","0.0111","0.0067","1"
"TPA4","NA","49344","USP","Zebra ZE52163-R010000Z Print Engine","02 MED","0.0","0.0","1.0","5.0","5.0","0.0","0.0","0.0111","0.0333","7"
"TPA4","NA","49345","USP","ZEBRA AIT PART KIT PRINTHEAD 300 DPI ZE521 RH & LH","02 MED","1.0","3.0","4.0","7.0","14.0","0.0333","0.05","0.0444","0.0467","9"
"TPA4","NA","49346","USP","ZEBRA AIT PART KIT PLATEN, PINCH, & PEEL ROLLERS ZE521 RH & LH","02 MED","2.0","2.0","2.0","3.0","3.0","0.0667","0.0333","0.0222","0.02","3"
"TPA4","NA","49960","USP","MDC100-050101 DRIVE","01 HIGH","0.0","0.0","0.0","0.0","1.0","0.0","0.0","0.0","0.0","0"
"TPA4","NA","61591","USP","TUBE FITTING, M5 TO 4MM","02 MED","1.0","1.0","2.0","2.0","2.0","0.0333","0.0167","0.0222","0.0133","4"
"TPA4","NA","N12270","USP","SMC Speed Control Valve: Elbow Fitting, Knob, 1/4 in/1/8 in Valve Body Size, 1/4 in Tube, Meter Out","02 MED","0.0","0.0","0.0","0.0","1.0","0.0","0.0","0.0","0.0","0"
"TPA4","NA","N24793","USP","Slim Electromechanical Relay, SPDT, 6A,24VDC, PCB Terminal, 34 Series","02 MED","0.0","1.0","2.0","3.9999999999999996","3.9999999999999996","0.0","0.0167","0.0222","0.0267","4"
"TPA4","NA","N37377","USP","SC300-2 SHOCK ABSORBER","02 MED","0.0","0.0","0.0","0.0","1.0","0.0","0.0","0.0","0.0","0"
"TPA4","NA","N45907","USP","Valve flow control one way","02 MED","1.0","1.0","1.0","1.0","1.0","0.0333","0.0167","0.0111","0.0067","1"
"TPA4","NA","N54020","USP","STOPPER BOLT, M6X1.0, L 20MM, WITH HEX SOCKET TIP, STRAIGHT TYPE, BUMPER URETHAN","02 MED","0.0","1.0","1.0","1.0","1.0","0.0","0.0167","0.0111","0.0067","1"
"TYS1","NA","1000078","USP","Sensor, proximity, SME-8M-DS-24V-K-0, 3-M8D","02 MED","1.0","4.0","4.0","5.0","5.0","0.0333","0.0667","0.0444","0.0333","6"
"TYS1","NA","1001191","USP","VPL-B1003F-PJ12AA SERVO MOTOR","02 MED","0.0","0.0","0.0","0.0","2.0","0.0","0.0","0.0","0.0","0"
"TYS1","NA","1001803","USP","Switch, Auxiliary, Supplementary Protector Accessory","02 MED","1.0","1.0","1.0","1.0","1.0","0.0333","0.0167","0.0111","0.0067","1"
"TYS1","NA","1002613","USP","VALVE, CHECK VALVE,ASSEMBLY:FLOW CONTROL W/ PILOT CHECK VALVE 1/4 TUBE WITH1/8 T","02 MED","1.0","1.0","3.0100000000000002","3.0100000000000002","5.01","0.0333","0.0167","0.0334","0.0201","5"
"TYS1","NA","10076","USP","UNWIND DANCER ARM UNWIND SPRING","02 MED","0.0","0.0","2.0","2.0","3.0","0.0","0.0","0.0222","0.0133","1"
"TYS1","NA","10105","USP","SPRING: REWIND CLUTCH, MED DUTY, .97OD X .080 WIRE DIA","02 MED","0.0","0.0","2.0","2.0","2.0","0.0","0.0","0.0222","0.0133","1"
"TYS1","NA","10191","USP","THRUST BALL BEARING, 3/4"" ID X 1-5/16"" OD X 9/32"" HT., STEEL","02 MED","0.0","0.0","2.0","2.0","2.0","0.0","0.0","0.0222","0.0133","1"
"TYS1","NA","1063086","USP","SWITCH 2VDC PNP 0.5M LEAD M8 C","02 MED","1.0","1.0","1.0","1.0","1.0","0.0333","0.0167","0.0111","0.0067","1"
"TYS1","NA","10683","USP","WHEEL, WHEEL: LOAD ASSEMBLY","02 MED","1.0","6.0","6.0","8.0","20.0","0.0333","0.1","0.0667","0.0533","4"
"TYS1","NA","11147","USP","VHI425A-GV W/ GV4G6","02 MED","0.0","0.0","0.0","0.0","1.0","0.0","0.0","0.0","0.0","0"
"TYS1","NA","11424","USP","UNWIND BRAKE BAND CTM PM-BB1030","01 HIGH","1.0","1.0","3.0","3.0","3.0","0.0333","0.0167","0.0333","0.02","2"
"TYS1","NA","19978","USP","TIME DELAY FUSE, 30A, CLASS J, 300KA, 600VAC","02 MED","0.0","0.0","0.0","7.0","7.0","0.0","0.0","0.0","0.0467","1"
"TYS1","NA","3022982","USP","LEFT ISOLATOR PLATE","01 HIGH","1.0","1.0","1.0","1.0","1.0","0.0333","0.0167","0.0111","0.0067","1"
"TYS1","NA","3037848","USP","LEFT VER HEATER CABLE ASSY","01 HIGH","1.0","1.0","1.0","1.0","1.0","0.0333","0.0167","0.0111","0.0067","1"
"TYS1","NA","3464199","USP","SENSOR, FIBER OPTIC THIN ZERO SPACE, SIDE VIEW TYP","01 HIGH","1.0","1.0","1.0","1.0","1.0","0.0333","0.0167","0.0111","0.0067","1"
"TYS1","NA","3466132","USP","PNUEMATIC FITTING","01 HIGH","0.0","0.0","1.0","1.0","1.0","0.0","0.0","0.0111","0.0067","1"
"TYS1","NA","3466258","USP","LEFT VERTICAL SEAL BAR ASSY","01 HIGH","1.0","1.0","1.0","1.0","1.0","0.0333","0.0167","0.0111","0.0067","1"
"TYS1","NA","49344","USP","Zebra ZE52163-R010000Z Print Engine","01 HIGH","0.0","1.0","1.0","2.01","8.01","0.0","0.0167","0.0111","0.0134","4"
"TYS1","NA","49345","USP","ZEBRA AIT PART KIT PRINTHEAD 300 DPI ZE521 RH & LH","01 HIGH","1.0","4.0","5.0","9.020000000000001","31.019999999999996","0.0333","0.0667","0.0556","0.0601","18"
"TYS1","NA","49346","USP","ZEBRA AIT PART KIT PLATEN, PINCH, & PEEL ROLLERS ZE521 RH & LH","02 MED","1.0","2.0","3.0","3.0","11.0","0.0333","0.0333","0.0333","0.02","5"
"TYS1","NA","61591","USP","TUBE FITTING, M5 TO 4MM","02 MED","0.0","0.0","0.0","8.0","8.0","0.0","0.0","0.0","0.0533","2"
"TYS1","NA","72902","USP","kit,motor assy, high speed...","02 MED","1.0","1.0","1.0","1.0","1.0","0.0333","0.0167","0.0111","0.0067","1"
"TYS1","NA","N12270","USP","SMC Speed Control Valve: Elbow Fitting, Knob, 1/4 in/1/8 in Valve Body Size, 1/4 in Tube, Meter Out","02 MED","0.0","0.0","1.0","1.0","1.0","0.0","0.0","0.0111","0.0067","2"
"TYS1","NA","N37377","USP","SC300-2 SHOCK ABSORBER","02 MED","1.0","1.0","1.0","1.0","1.0","0.0333","0.0167","0.0111","0.0067","1"
"TYS1","NA","N45907","USP","Valve flow control one way","02 MED","0.0","0.0","0.0","2.0","2.0","0.0","0.0","0.0","0.0133","2"
"TYS1","NA","N54020","USP","STOPPER BOLT, M6X1.0, L 20MM, WITH HEX SOCKET TIP, STRAIGHT TYPE, BUMPER URETHAN","02 MED","0.0","0.0","0.0","3.0","3.0","0.0","0.0","0.0","0.02","1"
"YEG2","NA","1002613","USP","VALVE, CHECK VALVE,ASSEMBLY:FLOW CONTROL W/ PILOT CHECK VALVE 1/4 TUBE WITH1/8 T","02 MED","0.0","0.0","0.0","0.0","1.0","0.0","0.0","0.0","0.0","0"
"YEG2","NA","10076","USP","UNWIND DANCER ARM UNWIND SPRING","02 MED","0.0","0.0","0.0","0.0","1.0","0.0","0.0","0.0","0.0","0"
"YEG2","NA","10191","USP","THRUST BALL BEARING, 3/4"" ID X 1-5/16"" OD X 9/32"" HT., STEEL","02 MED","0.0","0.0","0.0","0.0","1.0","0.0","0.0","0.0","0.0","0"
"YEG2","NA","104735","USP","SENSOR CABLE","01 HIGH","0.0","2.0","2.0","2.0","2.0","0.0","0.0333","0.0222","0.0133","1"
"YEG2","NA","1071515","USP","Radial/Deep Groove Ball Bearing - Round Bore, 25 mm ID, 42 mm OD, 9 mm Width, Double Shielded, Internal Clearance","01 HIGH","0.0","0.0","0.0","2.0","2.0","0.0","0.0","0.0","0.0133","1"
"YEG2","NA","1113249","USP","URGU48R1-04090N","02 MED","0.0","0.0","0.0","1.0","2.0","0.0","0.0","0.0","0.0067","1"
"YEG2","NA","1116318","USP","ULTRASONIC SENSOR, PICO+","02 MED","0.0","0.0","0.0","0.0","1.0","0.0","0.0","0.0","0.0","0"
"YEG2","NA","3043399","USP","D-MAX WEB GUIDE CONTROLLER,INPUT VOLTAGE 24 - 48 VDC, 6 DIGITAL INPUTS, 2 OUTPUT","01 HIGH","0.0","1.0","1.0","1.0","1.0","0.0","0.0167","0.0111","0.0067","1"
"YEG2","NA","3043405","USP","SENSOR CABLE FEMALE 5-POLE M12 STRAIGHT A CODED TO OPEN END PUR BLACK 5M","01 HIGH","0.0","2.0","2.0","2.0","2.0","0.0","0.0333","0.0222","0.0133","2"
"YEG2","NA","3466258","USP","LEFT VERTICAL SEAL BAR ASSY","01 HIGH","1.0","1.0","1.0","1.0","1.0","0.0333","0.0167","0.0111","0.0067","1"
"YEG2","NA","49345","USP","ZEBRA AIT PART KIT PRINTHEAD 300 DPI ZE521 RH & LH","02 MED","0.0","0.99","1.98","7.97","29.96","0.0","0.0165","0.022","0.0531","14"
"YEG2","NA","49346","USP","ZEBRA AIT PART KIT PLATEN, PINCH, & PEEL ROLLERS ZE521 RH & LH","02 MED","1.0","1.0","1.0","1.0","4.0","0.0333","0.0167","0.0111","0.0067","2"
"YEG2","NA","61591","USP","TUBE FITTING, M5 TO 4MM","02 MED","0.0","0.0","0.0","0.0","1.0","0.0","0.0","0.0","0.0","0"
"YEG2","NA","72902","USP","kit,motor assy, high speed...","01 HIGH","0.0","0.0","0.0","1.0","1.0","0.0","0.0","0.0","0.0067","1"
"YEG2","NA","N12270","USP","SMC Speed Control Valve: Elbow Fitting, Knob, 1/4 in/1/8 in Valve Body Size, 1/4 in Tube, Meter Out","02 MED","0.0","0.0","0.0","0.0","0.99","0.0","0.0","0.0","0.0","0"
"YEG2","NA","N24793","USP","Slim Electromechanical Relay, SPDT, 6A,24VDC, PCB Terminal, 34 Series","01 HIGH","0.0","0.0","1.0","2.0","6.0","0.0","0.0","0.0111","0.0133","2"
"YEG2","NA","N37377","USP","SC300-2 SHOCK ABSORBER","02 MED","0.0","0.0","0.0","0.0","2.01","0.0","0.0","0.0","0.0","0"
"YHM1","NA","1000078","USP","Sensor, proximity, SME-8M-DS-24V-K-0, 3-M8D","01 HIGH","0.0","1.0","1.0","1.0","1.0","0.0","0.0167","0.0111","0.0067","2"
"YHM1","NA","1001191","USP","VPL-B1003F-PJ12AA SERVO MOTOR","02 MED","0.0","0.0","0.0","0.0","2.0","0.0","0.0","0.0","0.0","0"
"YHM1","NA","1001803","USP","Switch, Auxiliary, Supplementary Protector Accessory","03 LOW","0.0","0.0","0.0","0.0","1.0","0.0","0.0","0.0","0.0","0"
"YHM1","NA","1002613","USP","VALVE, CHECK VALVE,ASSEMBLY:FLOW CONTROL W/ PILOT CHECK VALVE 1/4 TUBE WITH1/8 T","02 MED","0.0","0.0","0.0","0.0","2.0","0.0","0.0","0.0","0.0","0"
"YHM1","NA","1061526","USP","SERVO DRVE AMP JR_AUTO JR0000549642","03 LOW","0.0","0.0","0.0","0.0","1.0","0.0","0.0","0.0","0.0","0"
"YHM1","NA","10683","USP","WHEEL, WHEEL: LOAD ASSEMBLY","02 MED","0.0","1.0","1.0","1.0","4.0","0.0","0.0167","0.0111","0.0067","1"
"YHM1","NA","1124355","USP","FIXED DRAW ROLLER, SMART PAC","02 MED","0.0","0.0","0.0","1.0","5.0","0.0","0.0","0.0","0.0067","2"
"YHM1","NA","226234","USP","SERIAL RS232 TO USB CONVERTER","02 MED","0.0","0.0","0.0","0.0","2.0","0.0","0.0","0.0","0.0","0"
"YHM1","NA","3022941","USP","VERTICAL TOP, POWERSONIC MATED M12 + LBO2K","01 HIGH","0.0","1.0","1.0","1.0","1.0","0.0","0.0167","0.0111","0.0067","1"
"YHM1","NA","3026266","USP","Control Block","03 LOW","0.0","0.0","0.0","1.0","1.0","0.0","0.0","0.0","0.0067","2"
"YHM1","NA","3361381","USP","Fork sensor","03 LOW","0.0","0.0","0.0","0.0","1.0","0.0","0.0","0.0","0.0","0"
"YHM1","NA","49345","USP","ZEBRA AIT PART KIT PRINTHEAD 300 DPI ZE521 RH & LH","02 MED","5.0","7.0","7.0","8.0","10.0","0.1667","0.1167","0.0778","0.0533","7"
"YHM1","NA","49346","USP","ZEBRA AIT PART KIT PLATEN, PINCH, & PEEL ROLLERS ZE521 RH & LH","03 LOW","2.0","3.0","4.0","4.0","4.0","0.0667","0.05","0.0444","0.0267","4"
"YHM1","NA","61591","USP","TUBE FITTING, M5 TO 4MM","02 MED","0.0","0.0","0.0","0.0","3.0","0.0","0.0","0.0","0.0","0"
"YHM1","NA","N12270","USP","SMC Speed Control Valve: Elbow Fitting, Knob, 1/4 in/1/8 in Valve Body Size, 1/4 in Tube, Meter Out","03 LOW","2.0","2.0","2.0","2.0","7.0","0.0667","0.0333","0.0222","0.0133","1"
"YHM1","NA","N37377","USP","SC300-2 SHOCK ABSORBER","02 MED","0.0","0.0","0.0","0.0","1.0","0.0","0.0","0.0","0.0","0"
"YXU1","NA","1000078","USP","Sensor, proximity, SME-8M-DS-24V-K-0, 3-M8D","02 MED","0.0","0.0","8.0","8.0","8.0","0.0","0.0","0.0889","0.0533","2"
"YXU1","NA","1002613","USP","VALVE, CHECK VALVE,ASSEMBLY:FLOW CONTROL W/ PILOT CHECK VALVE 1/4 TUBE WITH1/8 T","01 HIGH","0.0","0.0","0.0","0.0","2.0","0.0","0.0","0.0","0.0","0"
"YXU1","NA","1004322","USP","PUSHBUTTON METAL LATCH","02 MED","0.0","0.0","5.0","5.0","5.0","0.0","0.0","0.0556","0.0333","1"
"YXU1","NA","1061526","USP","SERVO DRVE AMP JR_AUTO JR0000549642","03 LOW","2.0","2.0","2.0","4.0","7.0","0.0667","0.0333","0.0222","0.0267","2"
"YXU1","NA","1061778","USP","RT-B1221","01 HIGH","0.0","2.0","2.0","2.0","2.0","0.0","0.0333","0.0222","0.0133","1"
"YXU1","NA","1071516","USP","REPLACEMENT BELT – 18”W FOR CO","02 MED","7.0","7.0","7.0","7.0","7.0","0.2333","0.1167","0.0778","0.0467","1"
"YXU1","NA","1073001","USP","3600 TAMP or SWING HOME SENSOR ASSEMBLY without MOUNT","02 MED","0.0","0.0","1.0","2.0","2.0","0.0","0.0","0.0111","0.0133","3"
"YXU1","NA","11082","USP","SMART PACK FILTER REPLACEMENT  (PID)","02 MED","1.0","1.0","1.0","1.0","1.0","0.0333","0.0167","0.0111","0.0067","1"
"YXU1","NA","11409","USP","TAMPA","02 MED","1.0","1.0","1.0","1.0","1.0","0.0333","0.0167","0.0111","0.0067","1"
"YXU1","NA","14325","USP","WIRING TOOL required for insertion/extraction @ terminal strip","03 LOW","2.0","2.0","2.0","2.0","2.0","0.0667","0.0333","0.0222","0.0133","1"
"YXU1","NA","3022934","USP","SMC Shock Absorber, RBC1007, 46.7 mm Body Length, 63.7 mm Body Length, M10 x 1 Thread Size","01 HIGH","1.0","5.0","5.0","5.0","5.0","0.0333","0.0833","0.0556","0.0333","3"
"YXU1","NA","3022970","USP","CUTTING KNIFE ASSEMBLY","01 HIGH","1.0","1.0","1.0","1.0","1.0","0.0333","0.0167","0.0111","0.0067","1"
"YXU1","NA","3025738","USP","COATED 9"" FOUR HOLE AIR ASSIST TUBE - MP-211-2230-9","02 MED","0.0","0.0","2.0","2.0","2.0","0.0","0.0","0.0222","0.0133","1"
"YXU1","NA","3466153","USP","RIGHT VERTICAL SEAL BAR ASSY","01 HIGH","1.0","1.0","1.0","1.0","1.0","0.0333","0.0167","0.0111","0.0067","1"
"YXU1","NA","3466170","USP","DSNU, BORE 25MM, STROKE 100MM, DOUBLE ACTING, LATERAL AIR,","01 HIGH","0.0","1.0","1.0","1.0","1.0","0.0","0.0167","0.0111","0.0067","1"
"YXU1","NA","3466261","USP","SHANK THREAD SIZE(M10X1.25), ID 10MM, JAW OPENING W 10MM,","01 HIGH","8.0","8.0","8.0","8.0","8.0","0.2667","0.1333","0.0889","0.0533","1"
"YXU1","NA","49344","USP","Zebra ZE52163-R010000Z Print Engine","03 LOW","1.0","1.0","1.0","1.0","2.0","0.0333","0.0167","0.0111","0.0067","1"
"YXU1","NA","49345","USP","ZEBRA AIT PART KIT PRINTHEAD 300 DPI ZE521 RH & LH","01 HIGH","6.0","6.0","6.0","7.0","21.009999999999998","0.2","0.1","0.0667","0.0467","14"
"YXU1","NA","61591","USP","TUBE FITTING, M5 TO 4MM","02 MED","4.0","4.0","4.0","4.0","4.0","0.1333","0.0667","0.0444","0.0267","1"
"YXU1","NA","N12270","USP","SMC Speed Control Valve: Elbow Fitting, Knob, 1/4 in/1/8 in Valve Body Size, 1/4 in Tube, Meter Out","02 MED","0.0","0.0","0.0","0.0","1.0","0.0","0.0","0.0","0.0","0"
"YXU1","NA","N24793","USP","Slim Electromechanical Relay, SPDT, 6A,24VDC, PCB Terminal, 34 Series","02 MED","0.0","1.0","1.0","1.0","1.0","0.0","0.0167","0.0111","0.0067","1"
"YYC4","NA","1061526","USP","SERVO DRVE AMP JR_AUTO JR0000549642","02 MED","0.0","0.0","0.0","0.0","1.0","0.0","0.0","0.0","0.0","0"
"YYC4","NA","10683","USP","WHEEL, WHEEL: LOAD ASSEMBLY","02 MED","1.0","3.0","3.0","3.0","6.0","0.0333","0.05","0.0333","0.02","2"
"YYC4","NA","1071516","USP","REPLACEMENT BELT – 18”W FOR CO","02 MED","0.0","0.0","0.0","0.0","2.0","0.0","0.0","0.0","0.0","0"
"YYC4","NA","1113249","USP","URGU48R1-04090N","02 MED","2.0","2.0","2.0","2.0","2.0","0.0667","0.0333","0.0222","0.0133","1"
"YYC4","NA","11424","USP","UNWIND BRAKE BAND CTM PM-BB1030","02 MED","0.0","0.0","0.0","0.0","1.0","0.0","0.0","0.0","0.0","0"
"YYC4","NA","2066701","USP","ROLLER, MOVING DRAW ROLLER (SMART PAC)","01 HIGH","2.0","2.0","2.0","2.0","2.0","0.0667","0.0333","0.0222","0.0133","1"
"YYC4","NA","3022934","USP","SMC Shock Absorber, RBC1007, 46.7 mm Body Length, 63.7 mm Body Length, M10 x 1 Thread Size","01 HIGH","2.0","2.0","2.0","2.0","2.0","0.0667","0.0333","0.0222","0.0133","1"
"YYC4","NA","3022970","USP","CUTTING KNIFE ASSEMBLY","01 HIGH","1.0","1.0","1.0","1.0","1.0","0.0333","0.0167","0.0111","0.0067","1"
"YYC4","NA","3022978","USP","LIDAR SENSOR PICS150-01000 core 1","01 HIGH","0.0","1.0","1.0","1.0","1.0","0.0","0.0167","0.0111","0.0067","1"
"YYC4","NA","3037848","USP","LEFT VER HEATER CABLE ASSY","01 HIGH","1.0","2.0","2.0","2.0","2.0","0.0333","0.0333","0.0222","0.0133","2"
"YYC4","NA","3043405","USP","SENSOR CABLE FEMALE 5-POLE M12 STRAIGHT A CODED TO OPEN END PUR BLACK 5M","01 HIGH","0.0","0.0","0.0","2.0","2.0","0.0","0.0","0.0","0.0133","1"
"YYC4","NA","3466153","USP","RIGHT VERTICAL SEAL BAR ASSY","01 HIGH","1.0","1.0","1.0","1.0","1.0","0.0333","0.0167","0.0111","0.0067","1"
"YYC4","NA","3466258","USP","LEFT VERTICAL SEAL BAR ASSY","01 HIGH","1.0","1.0","2.0","2.0","2.0","0.0333","0.0167","0.0222","0.0133","2"
"YYC4","NA","49345","USP","ZEBRA AIT PART KIT PRINTHEAD 300 DPI ZE521 RH & LH","02 MED","0.0","3.0","4.0","7.0","17.0","0.0","0.05","0.0444","0.0467","10"
"YYC4","NA","49346","USP","ZEBRA AIT PART KIT PLATEN, PINCH, & PEEL ROLLERS ZE521 RH & LH","02 MED","0.0","0.0","0.0","0.0","2.0","0.0","0.0","0.0","0.0","0"
"YYC4","NA","N12270","USP","SMC Speed Control Valve: Elbow Fitting, Knob, 1/4 in/1/8 in Valve Body Size, 1/4 in Tube, Meter Out","02 MED","0.0","0.0","0.0","0.0","3.0","0.0","0.0","0.0","0.0","0"
"YYC4","NA","N24793","USP","Slim Electromechanical Relay, SPDT, 6A,24VDC, PCB Terminal, 34 Series","01 HIGH","0.0","0.0","4.0","4.0","4.0","0.0","0.0","0.0444","0.0267","1"
"YYC4","NA","N37377","USP","SC300-2 SHOCK ABSORBER","02 MED","0.0","0.0","0.0","0.0","1.0","0.0","0.0","0.0","0.0","0"
