"site","region","apn","product","part_description","sto_class","min_level","supplier_lead_time","expected_daily_rate","actual_daily_rate","consumed_180d","actual_vs_expected_ratio"
"MQY1","NA","3022978","USP","LIDAR SENSOR PICS150-01000 core 1","01 HIGH","1.0","95.0","0.0105","0.1501","27.01","14.2595"
"SAV4","NA","N53951","USP","RADIAL BALL BEARING","02 MED","1.0","56.0","0.0179","0.15","27.0","8.4"
"DET6","NA","1004322","USP","PUSHBUTTON METAL LATCH","02 MED","1.0","87.0","0.0115","0.0889","16.0","7.7343"
"ORF4","NA","3022934","USP","SMC Shock Absorber, RBC1007, 46.7 mm Body Length, 63.7 mm Body Length, M10 x 1 Thread Size","01 HIGH","2.0","38.0","0.0526","0.3667","66.0","6.9673"
"SHV1","NA","3077266","URL","Telescopic axis","02 MED","1.0","30.0","0.0333","0.2222","40.0","6.666"
"CLE3","NA","1068918","URL","Zebra, P1112750-039, Platen/Pinch & Peel Rollers, LH/RH","01 HIGH","1.0","63.0","0.0159","0.1001","18.009999999999998","6.3063"
"SHV1","NA","76546","URL","PUSH-IN FITTING ELBOW PISCO #PL1/4-01-1.8","02 MED","1.0","28.0","0.0357","0.2222","40.0","6.2216"
"CLE3","NA","2031551","URL","Zebra ZE511 print head 300dpi ZE511 RH&L","02 MED","2.0","88.0","0.0227","0.1388","24.990000000000002","6.1072"
"SHV1","NA","3129347","URL","SWITCHING AUTOMATION LIGHT GRIDS SLG-2 (SLG10S-010SBR21D40)","02 MED","2.0","70.0","0.0286","0.1722","31.0","6.027"
"SYR1","NA","3022978","USP","LIDAR SENSOR PICS150-01000 core 1","01 HIGH","1.0","95.0","0.0105","0.0556","10.0","5.282"
"SHV1","NA","3129340","URL","PNOZ m EF SAFETYNET","02 MED","2.0","140.0","0.0143","0.0722","13.0","5.054"
"DAB2","NA","1061526","USP","SERVO DRVE AMP JR_AUTO JR0000549642","02 MED","1.0","113.0","0.0088","0.0389","7.0","4.3957"
"SAN3","NA","72902","USP","kit,motor assy, high speed...","03 LOW","1.0","126.0","0.0079","0.0333","6.0","4.1958"
"DET6","NA","49346","USP","ZEBRA AIT PART KIT PLATEN, PINCH, & PEEL ROLLERS ZE521 RH & LH","01 HIGH","1.0","35.0","0.0286","0.1167","21.0","4.0845"
"SHV1","NA","3077271","URL","INTERLOCK SW. (FULLY CODED) 24VDC","02 MED","2.0","110.0","0.0182","0.0722","13.0","3.971"
"ORD5","NA","3022978","USP","LIDAR SENSOR PICS150-01000 core 1","01 HIGH","1.0","95.0","0.0105","0.0389","7.0","3.6955"
"MLI1","NA","3022934","USP","SMC Shock Absorber, RBC1007, 46.7 mm Body Length, 63.7 mm Body Length, M10 x 1 Thread Size","03 LOW","10.0","38.0","0.2632","0.9722","175.0","3.6944"
"SYR1","NA","3022941","USP","VERTICAL TOP, POWERSONIC MATED M12 + LBO2K","01 HIGH","1.0","70.0","0.0143","0.05","9.0","3.5"
"SHV1","NA","3316631","URL","FITTING_PLASTIC","01 HIGH","2.0","21.0","0.0952","0.3333","60.0","3.4997"
"RIC4","NA","3022934","USP","SMC Shock Absorber, RBC1007, 46.7 mm Body Length, 63.7 mm Body Length, M10 x 1 Thread Size","01 HIGH","1.0","38.0","0.0263","0.0889","16.0","3.3782"
"PDX8","NA","3022953","USP","GUARDING T-BLOCK","01 HIGH","1.0","24.0","0.0417","0.1389","25.0","3.3336"
"ELP1","NA","3022944","USP","CAPTIVE GUARDING SCREWS","01 HIGH","1.0","24.0","0.0417","0.1278","23.0","3.0672"
"HOU6","NA","3022953","USP","GUARDING T-BLOCK","01 HIGH","1.0","24.0","0.0417","0.1278","23.0","3.0672"
"SHV1","NA","3288502","URL","RJ45 INDUSTRIAL PLUG 09451511100","02 MED","1.0","55.0","0.0182","0.0556","10.0","3.058"
"ORD5","NA","3037848","USP","LEFT VER HEATER CABLE ASSY","01 HIGH","1.0","108.0","0.0093","0.0278","5.0","3.0024"
"SYR1","NA","3022934","USP","SMC Shock Absorber, RBC1007, 46.7 mm Body Length, 63.7 mm Body Length, M10 x 1 Thread Size","01 HIGH","1.0","38.0","0.0263","0.0778","14.0","2.9564"
"SAN3","NA","1071516","USP","REPLACEMENT BELT – 18”W FOR CO","01 HIGH","1.0","21.0","0.0476","0.1333","24.0","2.7993"
"DAB2","NA","72902","USP","kit,motor assy, high speed...","02 MED","1.0","126.0","0.0079","0.0222","4.0","2.7972"
"PVD2","NA","3022983","USP","RIGHT ISOLATOR PLATE","01 HIGH","1.0","70.0","0.0143","0.0389","7.0","2.723"
"YXU1","NA","1071516","USP","REPLACEMENT BELT – 18”W FOR CO","02 MED","1.0","70.0","0.0143","0.0389","7.0","2.723"
"YXU1","NA","1004322","USP","PUSHBUTTON METAL LATCH","02 MED","1.0","96.0","0.0104","0.0278","5.0","2.6688"
"ABQ1","NA","3022978","USP","LIDAR SENSOR PICS150-01000 core 1","01 HIGH","1.0","95.0","0.0105","0.0278","5.0","2.641"
"SHV1","NA","92775","URL","SERIES 7000 21"" X 5.85' (22 ROWS) TRANSVERSE ROLLER V3 GREY ACETAL WITH BLACK POLYURETHANE AND ORANGE WEAR RESISTANT ACETAL ROLLER AND WHITE NYLON AXLE BOXED BELT WITH NATURAL ABRASION RESISTANT RODS","02 MED","1.0","38.0","0.0263","0.0667","12.0","2.5346"
"SHV1","NA","1068036","URL","Unknown","02 MED","1.0","45.0","0.0222","0.0556","10.0","2.502"
"SHV1","NA","3077262","URL","Slide films ‐ three sets of three","02 MED","1.0","30.0","0.0333","0.0833","15.0","2.499"
"SHV1","NA","3077264","URL","SOCKETS_BALL_SET_12","02 MED","1.0","30.0","0.0333","0.0833","15.0","2.499"
"SHV1","NA","3077265","URL","Springs ‐ set of 6","02 MED","1.0","30.0","0.0333","0.0833","15.0","2.499"
"MQY1","NA","72902","USP","kit,motor assy, high speed...","02 MED","2.0","126.0","0.0159","0.0389","7.0","2.4507"
"SAV4","NA","49345","USP","ZEBRA AIT PART KIT PRINTHEAD 300 DPI ZE521 RH & LH","01 HIGH","1.0","21.0","0.0476","0.1167","21.01","2.4507"
"CLE3","NA","3288503","URL","Drive Roller Bearing","01 HIGH","1.0","55.0","0.0182","0.0444","8.0","2.442"
"RIC4","NA","3037852","USP","LEFT HOR HEATER CABLE ASSY","01 HIGH","1.0","108.0","0.0093","0.0222","4.0","2.3976"
"LUK2","NA","61591","USP","TUBE FITTING, M5 TO 4MM","02 MED","2.0","70.0","0.0286","0.0667","12.0","2.3345"
"RIC4","NA","2066703","USP","BEARING BLOCK, LINEAR","02 MED","1.0","35.0","0.0286","0.0667","12.0","2.3345"
"DET6","NA","49345","USP","ZEBRA AIT PART KIT PRINTHEAD 300 DPI ZE521 RH & LH","01 HIGH","1.0","14.0","0.0714","0.1667","30.0","2.3338"
"PDX8","NA","3022982","USP","LEFT ISOLATOR PLATE","01 HIGH","1.0","70.0","0.0143","0.0333","6.0","2.331"
"SYR1","NA","N53977","USP","I110-E0454 SAFETY SWITCH","01 HIGH","1.0","70.0","0.0143","0.0333","6.0","2.331"
"SYR1","NA","1124355","USP","FIXED DRAW ROLLER, SMART PAC","02 MED","1.0","100.0","0.01","0.0222","4.0","2.22"
"SAN3","NA","1004322","USP","PUSHBUTTON METAL LATCH","02 MED","1.0","21.0","0.0476","0.1056","19.0","2.2176"
"SYR1","NA","49345","USP","ZEBRA AIT PART KIT PRINTHEAD 300 DPI ZE521 RH & LH","01 HIGH","1.0","14.0","0.0714","0.1558","28.039999999999996","2.1812"
"BOS3","NA","3466248","USP","PRECISION LINEAR SHAFT, DIA 12","01 HIGH","1.0","28.0","0.0357","0.0778","14.0","2.1784"
"DUS4","EU","N53951","USP","RADIAL BALL BEARING","01 HIGH","1.0","28.0","0.0357","0.0778","14.0","2.1784"
"ORD5","NA","49345","USP","ZEBRA AIT PART KIT PRINTHEAD 300 DPI ZE521 RH & LH","01 HIGH","1.0","14.0","0.0714","0.1556","28.01","2.1784"
"EMA2","EU","132054","USP","ZEBRA - P1046696-146, EXTENDED LIFE DRIVE BELTS, ZE500/ZE511, HTC 8443.99.2550 C","02 MED","1.0","98.0","0.0102","0.0222","4.0","2.1756"
"DET6","NA","61591","USP","TUBE FITTING, M5 TO 4MM","02 MED","1.0","35.0","0.0286","0.0611","11.0","2.1385"
"SAT3","NA","49346","USP","ZEBRA AIT PART KIT PLATEN, PINCH, & PEEL ROLLERS ZE521 RH & LH","01 HIGH","1.0","35.0","0.0286","0.0611","11.0","2.1385"
"RIC4","NA","3022978","USP","LIDAR SENSOR PICS150-01000 core 1","01 HIGH","1.0","95.0","0.0105","0.0222","4.0","2.109"
"SAV4","NA","3022978","USP","LIDAR SENSOR PICS150-01000 core 1","01 HIGH","1.0","95.0","0.0105","0.0222","4.0","2.109"
"SYR1","NA","72902","USP","kit,motor assy, high speed...","02 MED","1.0","126.0","0.0079","0.0167","3.0","2.1042"
"PAE2","NA","49345","USP","ZEBRA AIT PART KIT PRINTHEAD 300 DPI ZE521 RH & LH","01 HIGH","1.0","21.0","0.0476","0.1","18.0","2.1"
"SHV1","NA","3129285","URL","RJ45 INDUSTRIAL PLUG 09451511100","02 MED","2.0","56.0","0.0357","0.0722","13.0","2.0216"
"ORD5","NA","3022941","USP","VERTICAL TOP, POWERSONIC MATED M12 + LBO2K","01 HIGH","1.0","70.0","0.0143","0.0278","5.0","1.946"
"PDX8","NA","3022983","USP","RIGHT ISOLATOR PLATE","01 HIGH","1.0","70.0","0.0143","0.0278","5.0","1.946"
"SHV1","NA","3022941","USP","VERTICAL TOP, POWERSONIC MATED M12 + LBO2K","01 HIGH","2.0","70.0","0.0286","0.0556","10.0","1.946"
"BOS3","NA","1113249","USP","URGU48R1-04090N","02 MED","1.0","17.0","0.0588","0.1111","19.999999999999996","1.8887"
"SAN3","NA","3032133","USP","COMPRESSION SPRING T=1.4 OD=20 ID=17","01 HIGH","1.0","28.0","0.0357","0.0667","12.0","1.8676"
"BOS3","NA","N53951","USP","RADIAL BALL BEARING","02 MED","2.0","28.0","0.0714","0.1333","24.0","1.8662"
"SHV1","NA","10683","USP","WHEEL, WHEEL: LOAD ASSEMBLY","02 MED","2.0","28.0","0.0714","0.1333","23.990000000000002","1.8662"
"SHV1","NA","3288499","URL","TT End Roller","02 MED","1.0","55.0","0.0182","0.0333","6.0","1.8315"
"IGQ1","NA","3037848","USP","LEFT VER HEATER CABLE ASSY","01 HIGH","1.0","108.0","0.0093","0.0167","3.0","1.8036"
"PDX8","NA","3022970","USP","CUTTING KNIFE ASSEMBLY","01 HIGH","1.0","108.0","0.0093","0.0167","3.0","1.8036"
"PDX8","NA","3037848","USP","LEFT VER HEATER CABLE ASSY","01 HIGH","1.0","108.0","0.0093","0.0167","3.0","1.8036"
"SHV1","NA","44819","URL","TN2511 ELECTRONIC TEMPERATURE SENSOR","01 HIGH","2.0","32.0","0.0625","0.1111","20.0","1.7776"
"SAN3","NA","61591","USP","TUBE FITTING, M5 TO 4MM","02 MED","2.0","70.0","0.0286","0.05","9.0","1.75"
"SAV4","NA","1004322","USP","PUSHBUTTON METAL LATCH","03 LOW","1.0","21.0","0.0476","0.0833","15.0","1.7493"
"SHV1","NA","1004322","USP","PUSHBUTTON METAL LATCH","02 MED","1.0","21.0","0.0476","0.0833","15.0","1.7493"
"ORF4","NA","2031551","URL","Zebra ZE511 print head 300dpi ZE511 RH&L","02 MED","9.0","88.0","0.1023","0.1778","32.0","1.7385"
"SHV1","NA","C-2811","EcoPac","VENTOSA B20 D24 1 SOFFIETTO","01 HIGH","6.0","31.0","0.1935","0.3333","60.0","1.7221"
"SHV1","NA","3129289","URL","O RING, 10026407 BS1806-020 VMQ70","02 MED","4.0","14.0","0.2857","0.4889","88.0","1.7112"
"BDL4","NA","1071515","USP","Radial/Deep Groove Ball Bearing - Round Bore, 25 mm ID, 42 mm OD, 9 mm Width, Double Shielded, Internal Clearance","02 MED","1.0","28.0","0.0357","0.0611","11.0","1.7108"
"SAN3","NA","3022934","USP","SMC Shock Absorber, RBC1007, 46.7 mm Body Length, 63.7 mm Body Length, M10 x 1 Thread Size","01 HIGH","1.0","38.0","0.0263","0.0444","8.0","1.6872"
"SYR1","NA","1071516","USP","REPLACEMENT BELT – 18”W FOR CO","01 HIGH","1.0","21.0","0.0476","0.0778","14.0","1.6338"
"CLE3","NA","C-2811","EcoPac","VENTOSA B20 D24 1 SOFFIETTO","01 HIGH","11.0","31.0","0.3548","0.5556","100.0","1.5658"
"DUS4","EU","3022983","USP","RIGHT ISOLATOR PLATE","03 LOW","1.0","70.0","0.0143","0.0222","4.0","1.554"
"ELP1","NA","3022941","USP","VERTICAL TOP, POWERSONIC MATED M12 + LBO2K","02 MED","2.0","70.0","0.0286","0.0444","8.0","1.554"
"MQY1","NA","3022982","USP","LEFT ISOLATOR PLATE","01 HIGH","2.0","70.0","0.0286","0.0444","8.0","1.554"
"ORD5","NA","3022945","USP","VERTICAL BOTTOM LOAD CELL","01 HIGH","2.0","70.0","0.0286","0.0444","8.0","1.554"
"ORF4","NA","3129347","URL","SWITCHING AUTOMATION LIGHT GRIDS SLG-2 (SLG10S-010SBR21D40)","02 MED","2.0","70.0","0.0286","0.0444","8.0","1.554"
"RIC4","NA","3022941","USP","VERTICAL TOP, POWERSONIC MATED M12 + LBO2K","01 HIGH","1.0","70.0","0.0143","0.0222","4.0","1.554"
"SHV1","NA","100306","EcoPac","TOOTHED BELT 240 L075","01 HIGH","1.0","35.0","0.0286","0.0444","8.0","1.554"
"SYR1","NA","2066701","USP","ROLLER, MOVING DRAW ROLLER (SMART PAC)","02 MED","1.0","70.0","0.0143","0.0222","4.0","1.554"
"SYR1","NA","3022983","USP","RIGHT ISOLATOR PLATE","01 HIGH","2.0","70.0","0.0286","0.0444","8.0","1.554"
"MLI1","NA","3022970","USP","CUTTING KNIFE ASSEMBLY","02 MED","15.0","108.0","0.1389","0.2083","37.5","1.4998"
"ABQ1","NA","3022934","USP","SMC Shock Absorber, RBC1007, 46.7 mm Body Length, 63.7 mm Body Length, M10 x 1 Thread Size","01 HIGH","1.0","38.0","0.0263","0.0389","7.0","1.4782"
"SAN3","NA","49345","USP","ZEBRA AIT PART KIT PRINTHEAD 300 DPI ZE521 RH & LH","01 HIGH","2.0","14.0","0.1429","0.2111","38.0","1.4777"
"MDW7","NA","N43532","EcoPac","ZERO-FORCE TOUCH BUTTON 800Z-GL2Q5","01 HIGH","1.0","132.0","0.0076","0.0111","2.0","1.4652"
"SHV1","NA","1072164","URL","UL489 20 A MINIATURE CIRCUIT BREAKER 1 POLE","02 MED","1.0","32.0","0.0313","0.0444","8.0","1.4208"
"SAN3","NA","19978","USP","TIME DELAY FUSE, 30A, CLASS J, 300KA, 600VAC","02 MED","1.0","21.0","0.0476","0.0667","12.0","1.4007"
"MTN1","NA","72902","USP","kit,motor assy, high speed...","02 MED","1.0","126.0","0.0079","0.0111","2.0","1.3986"
"SCK6","NA","3043407","USP","SICK IME2S Series Non-Flush Inductive Non-Contact Safety Switch, 24V dc, Nickel Plated Brass Housing, 2NO, M12","02 MED","1.0","21.0","0.0476","0.0666","11.99","1.3986"
"SHV1","NA","72902","USP","kit,motor assy, high speed...","02 MED","1.0","126.0","0.0079","0.0111","2.0","1.3986"
"SHV1","NA","1000324","URL","FIELDBUS COUPLER ETHERNET/IP, 64 I/O MODULES, 24VDC, 4TH GEN","02 MED","1.0","25.0","0.04","0.0556","10.0","1.39"
"SAT3","NA","3022934","USP","SMC Shock Absorber, RBC1007, 46.7 mm Body Length, 63.7 mm Body Length, M10 x 1 Thread Size","01 HIGH","2.0","38.0","0.0526","0.0722","13.0","1.3718"
"SBD6","NA","N53977","USP","I110-E0454 SAFETY SWITCH","01 HIGH","1.0","41.0","0.0244","0.0333","6.0","1.3653"
"ORD5","NA","10191","USP","THRUST BALL BEARING, 3/4"" ID X 1-5/16"" OD X 9/32"" HT., STEEL","01 HIGH","1.0","35.0","0.0286","0.0389","7.0","1.3615"
"SAN3","NA","3022941","USP","VERTICAL TOP, POWERSONIC MATED M12 + LBO2K","01 HIGH","2.0","70.0","0.0286","0.0389","7.0","1.3615"
"SBD6","NA","61591","USP","TUBE FITTING, M5 TO 4MM","02 MED","1.0","35.0","0.0286","0.0389","7.0","1.3615"
"ORD5","NA","3022934","USP","SMC Shock Absorber, RBC1007, 46.7 mm Body Length, 63.7 mm Body Length, M10 x 1 Thread Size","01 HIGH","3.0","38.0","0.0789","0.1056","19.0","1.3376"
"DUS4","EU","3043388","USP","SENSOR REED PARA CILINDRO","02 MED","2.0","60.0","0.0333","0.0444","8.0","1.332"
"DUS4","EU","N45907","USP","Valve flow control one way","01 HIGH","1.0","60.0","0.0167","0.0222","4.0","1.332"
"SHV1","NA","11300","URL","SPST-NO Contact Block for 22mm Panel-Mount Metal Switch","02 MED","1.0","30.0","0.0333","0.0444","8.0","1.332"
"SAV4","NA","3022934","USP","SMC Shock Absorber, RBC1007, 46.7 mm Body Length, 63.7 mm Body Length, M10 x 1 Thread Size","01 HIGH","5.0","38.0","0.1316","0.1722","31.0","1.3087"
"SAV4","NA","3022970","USP","CUTTING KNIFE ASSEMBLY","01 HIGH","20.0","108.0","0.1852","0.2389","43.0","1.2901"
"SHV1","NA","79667","EcoPac","RSSB ID 36637-1-POINT I/O Dual Port Network Adaptor","02 MED","1.0","21.0","0.0476","0.0611","11.0","1.2831"
"DUS4","EU","3022934","USP","SMC Shock Absorber, RBC1007, 46.7 mm Body Length, 63.7 mm Body Length, M10 x 1 Thread Size","01 HIGH","1.0","38.0","0.0263","0.0333","6.0","1.2654"
"MQY1","NA","3022934","USP","SMC Shock Absorber, RBC1007, 46.7 mm Body Length, 63.7 mm Body Length, M10 x 1 Thread Size","01 HIGH","1.0","38.0","0.0263","0.0333","6.0","1.2654"
"SCK6","NA","3022934","USP","SMC Shock Absorber, RBC1007, 46.7 mm Body Length, 63.7 mm Body Length, M10 x 1 Thread Size","01 HIGH","1.0","38.0","0.0263","0.0333","6.0","1.2654"
"SAN3","NA","10043","USP","PLC, CONTROLLER,PROGRAMMABLE:2-1/2 INHT,3-1/2 INWD,1-1/2 INDP,24 V DCVOLT,2.6 MACURRE","02 MED","1.0","15.0","0.0667","0.0833","15.0","1.2495"
"SCK6","NA","49345","USP","ZEBRA AIT PART KIT PRINTHEAD 300 DPI ZE521 RH & LH","01 HIGH","1.0","14.0","0.0714","0.0889","16.0","1.2446"
"BOS3","NA","10683","USP","WHEEL, WHEEL: LOAD ASSEMBLY","02 MED","1.0","28.0","0.0357","0.0444","8.0","1.2432"
"SHV1","NA","1116318","USP","ULTRASONIC SENSOR, PICO+","02 MED","1.0","56.0","0.0179","0.0222","4.0","1.2432"
"SHV1","NA","3316630","URL","FITTING_PLASTIC","01 HIGH","3.0","21.0","0.1429","0.1722","31.0","1.2054"
"BOS3","NA","3037848","USP","LEFT VER HEATER CABLE ASSY","02 MED","1.0","108.0","0.0093","0.0111","2.0","1.1988"
"BOS3","NA","3037849","USP","RIGHT VER HEATER CABLE ASSY","02 MED","1.0","108.0","0.0093","0.0111","2.0","1.1988"
"DEN4","NA","3037848","USP","LEFT VER HEATER CABLE ASSY","01 HIGH","1.0","108.0","0.0093","0.0111","2.0","1.1988"
"DEN4","NA","3037849","USP","RIGHT VER HEATER CABLE ASSY","01 HIGH","1.0","108.0","0.0093","0.0111","2.0","1.1988"
"DET6","NA","3037848","USP","LEFT VER HEATER CABLE ASSY","01 HIGH","1.0","108.0","0.0093","0.0111","2.0","1.1988"
"GEG1","NA","3022956","USP","ROTATED CABLE EXIT VERTICAL LOAD CELL HOLDER BLOCK","01 HIGH","1.0","108.0","0.0093","0.0111","2.0","1.1988"
"ORD5","NA","3037849","USP","RIGHT VER HEATER CABLE ASSY","01 HIGH","1.0","108.0","0.0093","0.0111","2.0","1.1988"
"ORF3","NA","3022970","USP","CUTTING KNIFE ASSEMBLY","01 HIGH","1.0","108.0","0.0093","0.0111","2.0","1.1988"
"ORF4","NA","3037852","USP","LEFT HOR HEATER CABLE ASSY","01 HIGH","1.0","108.0","0.0093","0.0111","2.0","1.1988"
"PVD2","NA","3022970","USP","CUTTING KNIFE ASSEMBLY","01 HIGH","1.0","108.0","0.0093","0.0111","2.0","1.1988"
"SAT3","NA","3037848","USP","LEFT VER HEATER CABLE ASSY","01 HIGH","1.0","108.0","0.0093","0.0111","2.0","1.1988"
"SBD6","NA","3037848","USP","LEFT VER HEATER CABLE ASSY","01 HIGH","1.0","108.0","0.0093","0.0111","2.0","1.1988"
"SBD6","NA","3037849","USP","RIGHT VER HEATER CABLE ASSY","01 HIGH","1.0","108.0","0.0093","0.0111","2.0","1.1988"
"SBD6","NA","3037852","USP","LEFT HOR HEATER CABLE ASSY","01 HIGH","1.0","108.0","0.0093","0.0111","2.0","1.1988"
"YYC4","NA","3037848","USP","LEFT VER HEATER CABLE ASSY","01 HIGH","1.0","108.0","0.0093","0.0111","2.0","1.1988"
"SHV1","NA","1073001","USP","3600 TAMP or SWING HOME SENSOR ASSEMBLY without MOUNT","02 MED","1.0","53.0","0.0189","0.0222","4.0","1.1766"
"TYS1","NA","49345","USP","ZEBRA AIT PART KIT PRINTHEAD 300 DPI ZE521 RH & LH","01 HIGH","1.0","21.0","0.0476","0.0557","10.02","1.1697"
"AKC1","NA","3022982","USP","LEFT ISOLATOR PLATE","01 HIGH","1.0","70.0","0.0143","0.0167","3.0","1.169"
"DAB2","NA","3015434","USP","SWIVEL GRIPPER HEAD","01 HIGH","1.0","21.0","0.0476","0.0556","10.0","1.1676"
"RIC4","NA","3466144","USP","SERVO DRIVE","01 HIGH","1.0","21.0","0.0476","0.0556","10.0","1.1676"
"AUS2","NA","49345","USP","ZEBRA AIT PART KIT PRINTHEAD 300 DPI ZE521 RH & LH","01 HIGH","1.0","14.0","0.0714","0.0833","14.99","1.1662"
"BDL4","NA","N12270","USP","SMC Speed Control Valve: Elbow Fitting, Knob, 1/4 in/1/8 in Valve Body Size, 1/4 in Tube, Meter Out","01 HIGH","1.0","14.0","0.0714","0.0833","15.0","1.1662"
"DEN4","NA","3022983","USP","RIGHT ISOLATOR PLATE","01 HIGH","2.0","70.0","0.0286","0.0333","6.0","1.1655"
"MTN1","NA","3022982","USP","LEFT ISOLATOR PLATE","01 HIGH","2.0","70.0","0.0286","0.0333","6.0","1.1655"
"SAT3","NA","3022983","USP","RIGHT ISOLATOR PLATE","01 HIGH","2.0","70.0","0.0286","0.0333","6.0","1.1655"
"CLE3","NA","C-2678","EcoPac","SERVOMOTOR VPL-B0633M-PJ12AA 1.3NM ASS/D","01 HIGH","1.0","50.0","0.02","0.0222","4.0","1.11"
"HOU6","NA","1124355","USP","FIXED DRAW ROLLER, SMART PAC","02 MED","1.0","100.0","0.01","0.0111","2.0","1.11"
"YHM1","NA","1124355","USP","FIXED DRAW ROLLER, SMART PAC","02 MED","1.0","100.0","0.01","0.0111","2.0","1.11"
"SAT3","NA","49345","USP","ZEBRA AIT PART KIT PRINTHEAD 300 DPI ZE521 RH & LH","01 HIGH","2.0","21.0","0.0952","0.1056","19.0","1.1088"
"SAN3","NA","10683","USP","WHEEL, WHEEL: LOAD ASSEMBLY","01 HIGH","1.0","28.0","0.0357","0.0389","7.0","1.0892"
"YXU1","NA","1061526","USP","SERVO DRVE AMP JR_AUTO JR0000549642","03 LOW","1.0","49.0","0.0204","0.0222","4.0","1.0878"
"GEG1","NA","3022934","USP","SMC Shock Absorber, RBC1007, 46.7 mm Body Length, 63.7 mm Body Length, M10 x 1 Thread Size","01 HIGH","2.0","38.0","0.0526","0.0556","10.0","1.0564"
"ELP1","NA","3022978","USP","LIDAR SENSOR PICS150-01000 core 1","02 MED","1.0","95.0","0.0105","0.0111","2.0","1.0545"
"SAN3","NA","3022978","USP","LIDAR SENSOR PICS150-01000 core 1","01 HIGH","1.0","95.0","0.0105","0.0111","2.0","1.0545"
"SAT3","NA","3022978","USP","LIDAR SENSOR PICS150-01000 core 1","01 HIGH","1.0","95.0","0.0105","0.0111","2.0","1.0545"
"CLE3","NA","C-2636","EcoPac","SPRING  D11X8.4 D1.5 N.7 SPIRE COMP","02 MED","1.0","21.0","0.0476","0.05","9.0","1.05"
"SAN3","NA","49960","USP","MDC100-050101 DRIVE","01 HIGH","1.0","21.0","0.0476","0.05","9.0","1.05"
"DEN4","NA","3022958","USP","DIVERT PLATE, TOP","01 HIGH","1.0","94.0","0.0106","0.0111","2.0","1.0434"
"SHV1","NA","3043389","USP","MOTOR CABLE FOR D-MAX CONTROLLER 1M LENGTH","01 HIGH","2.0","94.0","0.0213","0.0222","4.0","1.0434"
"CLE3","NA","C-2831","EcoPac","PHOTOCEL S45-PH-5-B03-PH","01 HIGH","1.0","31.0","0.0323","0.0333","6.0","1.0323"
"SHV1","NA","11082","USP","SMART PACK FILTER REPLACEMENT  (PID)","02 MED","2.0","23.0","0.087","0.0889","16.0","1.0224"
"CLE3","NA","2036642","URL","Peel Bracket Assembly ZE511 RH & LH","02 MED","2.0","45.0","0.0444","0.0446","8.02","1.0035"
"DUS4","EU","3022970","USP","CUTTING KNIFE ASSEMBLY","01 HIGH","3.0","108.0","0.0278","0.0278","5.0","1.0008"
"ORF4","NA","3288502","URL","RJ45 INDUSTRIAL PLUG 09451511100","02 MED","2.0","30.0","0.0667","0.0667","12.0","1.0005"
"SHV1","NA","3077267","URL","P6 ROBOT ARM ASSEMBLY","02 MED","2.0","30.0","0.0667","0.0667","12.0","1.0005"
"SAN3","NA","N53977","USP","I110-E0454 SAFETY SWITCH","02 MED","1.0","30.0","0.0333","0.0333","6.0","0.999"
"AUS2","NA","49346","USP","ZEBRA AIT PART KIT PLATEN, PINCH, & PEEL ROLLERS ZE521 RH & LH","01 HIGH","1.0","35.0","0.0286","0.0278","5.0","0.973"
"ELP1","NA","3022945","USP","VERTICAL BOTTOM LOAD CELL","02 MED","2.0","70.0","0.0286","0.0278","5.0","0.973"
"SHV1","NA","3022943","USP","HORIZONTAL REAR, POWERSONIC MATED M12 + LBO3K","01 HIGH","2.0","70.0","0.0286","0.0278","5.0","0.973"
"SHV1","NA","3022950","USP","HORIZONTAL FRONT, POWERSONIC MATED M12 + LBO3K","01 HIGH","2.0","70.0","0.0286","0.0278","5.0","0.973"
"SHV1","NA","61591","USP","TUBE FITTING, M5 TO 4MM","02 MED","2.0","35.0","0.0571","0.0556","10.0","0.973"
"MLI1","NA","49345","USP","ZEBRA AIT PART KIT PRINTHEAD 300 DPI ZE521 RH & LH","02 MED","1.0","21.0","0.0476","0.0445","8.01","0.9345"
"OMA2","NA","49345","USP","ZEBRA AIT PART KIT PRINTHEAD 300 DPI ZE521 RH & LH","02 MED","1.0","14.0","0.0714","0.0667","12.0","0.9338"
"SHV1","NA","3315619","URL","UL489 10A MINIATURE CIRCUIT BREAKER","02 MED","2.0","21.0","0.0952","0.0889","16.0","0.9335"
"MQY1","NA","49345","USP","ZEBRA AIT PART KIT PRINTHEAD 300 DPI ZE521 RH & LH","01 HIGH","5.0","21.0","0.2381","0.2222","40.0","0.9332"
"AKC1","NA","10191","USP","THRUST BALL BEARING, 3/4"" ID X 1-5/16"" OD X 9/32"" HT., STEEL","01 HIGH","1.0","42.0","0.0238","0.0222","4.0","0.9324"
"MQY1","NA","3032133","USP","COMPRESSION SPRING T=1.4 OD=20 ID=17","01 HIGH","1.0","28.0","0.0357","0.0333","6.0","0.9324"
"MTN1","NA","49345","USP","ZEBRA AIT PART KIT PRINTHEAD 300 DPI ZE521 RH & LH","01 HIGH","1.0","21.0","0.0476","0.0444","8.0","0.9324"
"OXR1","NA","3015434","USP","SWIVEL GRIPPER HEAD","01 HIGH","1.0","21.0","0.0476","0.0444","8.0","0.9324"
"SAT3","NA","3466248","USP","PRECISION LINEAR SHAFT, DIA 12","01 HIGH","1.0","28.0","0.0357","0.0333","6.0","0.9324"
"SHV1","NA","3055424","URL","OP-88439, 10M POWER CABLE","02 MED","1.0","42.0","0.0238","0.0222","4.0","0.9324"
"ORF4","NA","C-2811","EcoPac","VENTOSA B20 D24 1 SOFFIETTO","01 HIGH","20.0","31.0","0.6452","0.5944","107.0","0.9213"
"BOS3","NA","1000078","USP","Sensor, proximity, SME-8M-DS-24V-K-0, 3-M8D","02 MED","1.0","15.0","0.0667","0.0611","11.0","0.9165"
"CLE3","NA","C-1350","EcoPac","SUCTION CUP V 25/CS SILICON","01 HIGH","32.0","14.0","2.2857","2.0889","376.0","0.9139"
"MDW7","NA","1070075","EcoPac","ZEBRA, P1112750-010, PRINTHEAD ASSEMBLY, 300 DPI, LH/RH","01 HIGH","1.0","27.0","0.037","0.0334","6.01","0.9018"
"CLE3","NA","1070514","URL","PNEUMATICS AIR CYLINDER ASSEMBLY ADN-50-5-I-P-A","02 MED","1.0","23.0","0.0435","0.0389","7.0","0.8947"
"SAN3","NA","11424","USP","UNWIND BRAKE BAND CTM PM-BB1030","01 HIGH","1.0","32.0","0.0313","0.0278","5.0","0.8896"
"YHM1","NA","49346","USP","ZEBRA AIT PART KIT PLATEN, PINCH, & PEEL ROLLERS ZE521 RH & LH","03 LOW","1.0","40.0","0.025","0.0222","4.0","0.888"
"ORF4","NA","72902","USP","kit,motor assy, high speed...","02 MED","4.0","126.0","0.0317","0.0278","5.0","0.8757"
"MTN1","NA","1000078","USP","Sensor, proximity, SME-8M-DS-24V-K-0, 3-M8D","01 HIGH","2.0","24.0","0.0833","0.0722","13.0","0.8664"
"BOS3","NA","49345","USP","ZEBRA AIT PART KIT PRINTHEAD 300 DPI ZE521 RH & LH","02 MED","5.0","21.0","0.2381","0.2056","37.0","0.8635"
"DEN4","NA","49345","USP","ZEBRA AIT PART KIT PRINTHEAD 300 DPI ZE521 RH & LH","01 HIGH","1.0","14.0","0.0714","0.0611","11.0","0.8554"
"SHV1","NA","3129287","URL","Drive Roller Bearing","02 MED","2.0","14.0","0.1429","0.1222","22.0","0.8554"
"SHV1","NA","49345","USP","ZEBRA AIT PART KIT PRINTHEAD 300 DPI ZE521 RH & LH","02 MED","1.0","14.0","0.0714","0.0611","11.0","0.8554"
"SHV1","NA","72899","URL","Zebra - P1046696-146, Extended Life Drive Belts","01 HIGH","2.0","28.0","0.0714","0.0611","11.0","0.8554"
"BDL4","NA","N24793","USP","Slim Electromechanical Relay, SPDT, 6A,24VDC, PCB Terminal, 34 Series","01 HIGH","1.0","17.0","0.0588","0.05","9.0","0.85"
"PAE2","NA","3022934","USP","SMC Shock Absorber, RBC1007, 46.7 mm Body Length, 63.7 mm Body Length, M10 x 1 Thread Size","01 HIGH","1.0","38.0","0.0263","0.0222","4.0","0.8436"
"NCL1","EU","1000078","USP","Sensor, proximity, SME-8M-DS-24V-K-0, 3-M8D","01 HIGH","4.0","60.0","0.0667","0.0556","10.0","0.834"
"SHV1","NA","3524279","EcoPac","PHOTOCEL S45-PH-5-B03-PH","01 HIGH","2.0","30.0","0.0667","0.0556","10.0","0.834"
"BDL4","NA","11409","USP","TAMPA","02 MED","1.0","25.0","0.04","0.0333","6.0","0.8325"
"SHV1","NA","1070793","URL","contact block for e-stop switch","02 MED","1.0","25.0","0.04","0.0333","6.0","0.8325"
"GEG1","NA","10191","USP","THRUST BALL BEARING, 3/4"" ID X 1-5/16"" OD X 9/32"" HT., STEEL","02 MED","2.0","42.0","0.0476","0.0389","7.0","0.8169"
"TYS1","NA","19978","USP","TIME DELAY FUSE, 30A, CLASS J, 300KA, 600VAC","02 MED","1.0","21.0","0.0476","0.0389","7.0","0.8169"
"AGS1","NA","49345","USP","ZEBRA AIT PART KIT PRINTHEAD 300 DPI ZE521 RH & LH","02 MED","1.0","14.0","0.0714","0.0556","10.0","0.7784"
"IGQ1","NA","10683","USP","WHEEL, WHEEL: LOAD ASSEMBLY","01 HIGH","1.0","28.0","0.0357","0.0278","5.0","0.7784"
"PAE2","NA","10683","USP","WHEEL, WHEEL: LOAD ASSEMBLY","02 MED","1.0","28.0","0.0357","0.0278","5.0","0.7784"
"SHV1","NA","3129265","URL","Solenoid Valve","02 MED","1.0","14.0","0.0714","0.0556","10.0","0.7784"
"SHV1","NA","3129290","URL","Roller Table Assembly - LH","02 MED","2.0","56.0","0.0357","0.0278","5.0","0.7784"
"SYR1","NA","3466248","USP","PRECISION LINEAR SHAFT, DIA 12","01 HIGH","1.0","28.0","0.0357","0.0278","5.0","0.7784"
"ABQ1","NA","3466145","USP","RIGHT HORIZONTAL SEAL BAR ASSY","01 HIGH","1.0","70.0","0.0143","0.0111","2.0","0.777"
"DEN4","NA","3022982","USP","LEFT ISOLATOR PLATE","01 HIGH","2.0","70.0","0.0286","0.0222","4.0","0.777"
"HOU6","NA","3022941","USP","VERTICAL TOP, POWERSONIC MATED M12 + LBO2K","01 HIGH","1.0","70.0","0.0143","0.0111","2.0","0.777"
"RIC4","NA","3022945","USP","VERTICAL BOTTOM LOAD CELL","01 HIGH","2.0","70.0","0.0286","0.0222","4.0","0.777"
"RIC4","NA","3022950","USP","HORIZONTAL FRONT, POWERSONIC MATED M12 + LBO3K","01 HIGH","1.0","70.0","0.0143","0.0111","2.0","0.777"
"SAV4","NA","1061526","USP","SERVO DRVE AMP JR_AUTO JR0000549642","02 MED","1.0","35.0","0.0286","0.0222","4.0","0.777"
"SBD6","NA","49346","USP","ZEBRA AIT PART KIT PLATEN, PINCH, & PEEL ROLLERS ZE521 RH & LH","02 MED","1.0","35.0","0.0286","0.0222","4.0","0.777"
"SHV1","NA","1121770","EcoPac","UNCLASS,UNCLASS:REFLECTOR R7 50X50 MICROPRISMI 1207651 n","02 MED","2.0","35.0","0.0571","0.0444","8.0","0.777"
"SHV1","NA","14325","USP","WIRING TOOL required for insertion/extraction @ terminal strip","02 MED","1.0","35.0","0.0286","0.0222","4.0","0.777"
"SHV1","NA","3022945","USP","VERTICAL BOTTOM LOAD CELL","01 HIGH","2.0","70.0","0.0286","0.0222","4.0","0.777"
"TLH2","NA","2066701","USP","ROLLER, MOVING DRAW ROLLER (SMART PAC)","02 MED","1.0","70.0","0.0143","0.0111","2.0","0.777"
"TYS1","NA","49346","USP","ZEBRA AIT PART KIT PLATEN, PINCH, & PEEL ROLLERS ZE521 RH & LH","02 MED","1.0","35.0","0.0286","0.0222","4.0","0.777"
"YYC4","NA","2066701","USP","ROLLER, MOVING DRAW ROLLER (SMART PAC)","01 HIGH","1.0","70.0","0.0143","0.0111","2.0","0.777"
"CLE3","NA","C-2843","EcoPac","PHOTOCEL S45-PH-5-B03-PH","01 HIGH","4.0","31.0","0.129","0.1","18.0","0.775"
"TLH2","NA","3022934","USP","SMC Shock Absorber, RBC1007, 46.7 mm Body Length, 63.7 mm Body Length, M10 x 1 Thread Size","01 HIGH","3.0","38.0","0.0789","0.0611","11.0","0.7739"
"SHV1","NA","N53990","USP","LINEAR RAIL","02 MED","1.0","23.0","0.0435","0.0333","6.0","0.7659"
"LUK2","NA","1060925","USP","RING-GRIP QUICK-RELEASE PIN","02 MED","2.0","21.0","0.0952","0.0722","13.0","0.7581"
"BDL4","NA","10096","USP","WASHER: THRUST, BRONZE","02 MED","2.0","27.0","0.0741","0.0556","10.0","0.7506"
"SBD6","NA","3022970","USP","CUTTING KNIFE ASSEMBLY","01 HIGH","4.0","108.0","0.037","0.0278","5.0","0.7506"
"DEN4","NA","3022931","USP","MALE INSERT 5 PIN","01 HIGH","1.0","66.0","0.0152","0.0111","2.0","0.7326"
"PDX8","NA","3022969","USP","VERTICAL CARTRIDGE HEATER","01 HIGH","1.0","66.0","0.0152","0.0111","2.0","0.7326"
"SAV4","NA","3022969","USP","VERTICAL CARTRIDGE HEATER","01 HIGH","1.0","66.0","0.0152","0.0111","2.0","0.7326"
"SHV1","NA","C-1358","EcoPac","SUPPORT SUM  -10  H15  -M 6","01 HIGH","3.0","14.0","0.2143","0.1556","28.0","0.7261"
"ORF3","NA","11424","USP","UNWIND BRAKE BAND CTM PM-BB1030","01 HIGH","1.0","32.0","0.0313","0.0222","4.0","0.7104"
"PVD2","NA","11424","USP","UNWIND BRAKE BAND CTM PM-BB1030","01 HIGH","1.0","32.0","0.0313","0.0222","4.0","0.7104"
"ELP1","NA","72902","USP","kit,motor assy, high speed...","01 HIGH","1.0","126.0","0.0079","0.0056","1.0","0.7056"
"LUK2","NA","72902","USP","kit,motor assy, high speed...","01 HIGH","1.0","126.0","0.0079","0.0056","1.0","0.7056"
"AUS2","NA","10191","USP","THRUST BALL BEARING, 3/4"" ID X 1-5/16"" OD X 9/32"" HT., STEEL","01 HIGH","1.0","42.0","0.0238","0.0167","3.0","0.7014"
"SAV4","NA","1001803","USP","Switch, Auxiliary, Supplementary Protector Accessory","02 MED","1.0","42.0","0.0238","0.0167","3.0","0.7014"
"TPA4","NA","3043407","USP","SICK IME2S Series Non-Flush Inductive Non-Contact Safety Switch, 24V dc, Nickel Plated Brass Housing, 2NO, M12","01 HIGH","1.0","42.0","0.0238","0.0167","3.0","0.7014"
"MTN1","NA","3043407","USP","SICK IME2S Series Non-Flush Inductive Non-Contact Safety Switch, 24V dc, Nickel Plated Brass Housing, 2NO, M12","02 MED","2.0","21.0","0.0952","0.0667","12.0","0.7004"
"RIC4","NA","3466138","USP","VERTICAL VPL SERIES, FRAME SIZE 100MM, T WINDING, RATED SPEED 7200-80","01 HIGH","1.0","21.0","0.0476","0.0333","6.0","0.6993"
"SAN3","NA","3043436","USP","Kinetix 5700 Servo Drive","02 MED","1.0","21.0","0.0476","0.0333","6.0","0.6993"
"SAN3","NA","N53990","USP","LINEAR RAIL","03 LOW","1.0","21.0","0.0476","0.0333","6.0","0.6993"
"SBD6","NA","1001191","USP","VPL-B1003F-PJ12AA SERVO MOTOR","02 MED","1.0","21.0","0.0476","0.0333","6.0","0.6993"
"SCK6","NA","19978","USP","TIME DELAY FUSE, 30A, CLASS J, 300KA, 600VAC","02 MED","1.0","21.0","0.0476","0.0333","6.0","0.6993"
"SHV1","NA","1068918","URL","Zebra, P1112750-039, Platen/Pinch & Peel Rollers, LH/RH","03 LOW","1.0","63.0","0.0159","0.0111","2.0","0.6993"
"ORD5","NA","11409","USP","TAMPA","02 MED","1.0","25.0","0.04","0.0278","5.0","0.695"
"SAN3","NA","10086","USP","WASHER: CAPTURE CTM PM-FANU30375","03 LOW","1.0","25.0","0.04","0.0278","5.0","0.695"
"CLE3","NA","C-2832","EcoPac","PHOTOCEL S45-PH-5-B03-PH","01 HIGH","1.0","31.0","0.0323","0.0222","4.0","0.6882"
"CLE3","NA","C-2855","EcoPac","PHOTOCEL S45-PH-5-B03-PH","02 MED","2.0","31.0","0.0645","0.0444","8.0","0.6882"
"SHV1","NA","N53977","USP","I110-E0454 SAFETY SWITCH","02 MED","1.0","41.0","0.0244","0.0167","3.0","0.6847"
"SAV4","NA","49346","USP","ZEBRA AIT PART KIT PLATEN, PINCH, & PEEL ROLLERS ZE521 RH & LH","02 MED","2.0","35.0","0.0571","0.0388","6.99","0.679"
"SAV4","NA","1069554","USP","POWER IO CABLE M12 FOR COGNEX CONN MODULE W DB9","02 MED","1.0","40.0","0.025","0.0167","3.0","0.668"
"GEG1","NA","3022953","USP","GUARDING T-BLOCK","01 HIGH","5.0","24.0","0.2083","0.1389","25.0","0.6667"
"MQY1","NA","3464199","USP","SENSOR, FIBER OPTIC THIN ZERO SPACE, SIDE VIEW TYP","02 MED","2.0","30.0","0.0667","0.0444","8.0","0.666"
"SHV1","NA","3524582","EcoPac","PHOTOCEL S45-PH-5-B03-PH","02 MED","1.0","30.0","0.0333","0.0222","4.0","0.666"
"TPA4","NA","N24793","USP","Slim Electromechanical Relay, SPDT, 6A,24VDC, PCB Terminal, 34 Series","02 MED","1.0","30.0","0.0333","0.0222","4.0","0.666"
"YXU1","NA","1000078","USP","Sensor, proximity, SME-8M-DS-24V-K-0, 3-M8D","02 MED","1.0","15.0","0.0667","0.0444","8.0","0.666"
"YYC4","NA","N24793","USP","Slim Electromechanical Relay, SPDT, 6A,24VDC, PCB Terminal, 34 Series","01 HIGH","1.0","30.0","0.0333","0.0222","4.0","0.666"
"PDX8","NA","49345","USP","ZEBRA AIT PART KIT PRINTHEAD 300 DPI ZE521 RH & LH","02 MED","2.0","14.0","0.1429","0.0944","17.0","0.6608"
"OMA2","NA","49346","USP","ZEBRA AIT PART KIT PLATEN, PINCH, & PEEL ROLLERS ZE521 RH & LH","02 MED","1.0","29.0","0.0345","0.0222","4.0","0.6438"
"DUS4","EU","3043407","USP","SICK IME2S Series Non-Flush Inductive Non-Contact Safety Switch, 24V dc, Nickel Plated Brass Housing, 2NO, M12","02 MED","2.0","21.0","0.0952","0.0611","11.0","0.6416"
"TLH2","NA","1071516","USP","REPLACEMENT BELT – 18”W FOR CO","02 MED","2.0","21.0","0.0952","0.0611","11.0","0.6416"
"LUK2","NA","3022934","USP","SMC Shock Absorber, RBC1007, 46.7 mm Body Length, 63.7 mm Body Length, M10 x 1 Thread Size","01 HIGH","1.0","38.0","0.0263","0.0167","3.0","0.6346"
"SHV1","NA","3055556","URL","UL 489 CIRCUIT BREAKER, 2A, 1 POLE, CURVE C, 10KAIC @ 480/277VAC","02 MED","1.0","113.0","0.0088","0.0056","1.0","0.6328"
"RIC4","NA","3022970","USP","CUTTING KNIFE ASSEMBLY","01 HIGH","25.0","108.0","0.2315","0.1444","26.0","0.6238"
"DEN4","NA","3032133","USP","COMPRESSION SPRING T=1.4 OD=20 ID=17","01 HIGH","3.0","28.0","0.1071","0.0667","12.0","0.6225"
"GEG1","NA","3032133","USP","COMPRESSION SPRING T=1.4 OD=20 ID=17","01 HIGH","3.0","28.0","0.1071","0.0667","12.0","0.6225"
"DUS4","EU","61591","USP","TUBE FITTING, M5 TO 4MM","03 LOW","1.0","56.0","0.0179","0.0111","2.0","0.6216"
"IGQ1","NA","1071515","USP","Radial/Deep Groove Ball Bearing - Round Bore, 25 mm ID, 42 mm OD, 9 mm Width, Double Shielded, Internal Clearance","02 MED","1.0","28.0","0.0357","0.0222","4.0","0.6216"
"MQY1","NA","19978","USP","TIME DELAY FUSE, 30A, CLASS J, 300KA, 600VAC","02 MED","2.0","56.0","0.0357","0.0222","4.0","0.6216"
"MTN1","NA","3032133","USP","COMPRESSION SPRING T=1.4 OD=20 ID=17","01 HIGH","1.0","28.0","0.0357","0.0222","4.0","0.6216"
"OMA2","NA","10683","USP","WHEEL, WHEEL: LOAD ASSEMBLY","02 MED","2.0","28.0","0.0714","0.0444","8.0","0.6216"
"SCK6","NA","3466248","USP","PRECISION LINEAR SHAFT, DIA 12","01 HIGH","1.0","28.0","0.0357","0.0222","4.0","0.6216"
"SHV1","NA","3129312","URL","ILLUMINATED ESTOP STATION","02 MED","1.0","28.0","0.0357","0.0222","4.0","0.6216"
"SHV1","NA","3466149","USP","PIVOT BLOCK","02 MED","1.0","14.0","0.0714","0.0444","8.0","0.6216"
"SHV1","NA","76186","URL","UL1489, CIRCUIT BREAKER, UL1489, 1-POLE, TRIP CURVE C, 277VAC, 48VDC, 40 AMP","02 MED","1.0","28.0","0.0357","0.0222","4.0","0.6216"
"NCL1","EU","3043388","USP","SENSOR REED PARA CILINDRO","01 HIGH","2.0","55.0","0.0364","0.0222","4.0","0.6105"
"SHV1","NA","3288501","URL","Tension Roller Assembly","02 MED","1.0","55.0","0.0182","0.0111","2.0","0.6105"
"AKC1","NA","3037848","USP","LEFT VER HEATER CABLE ASSY","01 HIGH","1.0","108.0","0.0093","0.0056","1.0","0.6048"
"BDL4","NA","3037848","USP","LEFT VER HEATER CABLE ASSY","01 HIGH","1.0","108.0","0.0093","0.0056","1.0","0.6048"
"BDL4","NA","3037852","USP","LEFT HOR HEATER CABLE ASSY","01 HIGH","1.0","108.0","0.0093","0.0056","1.0","0.6048"
"DAB2","NA","3037848","USP","LEFT VER HEATER CABLE ASSY","01 HIGH","1.0","108.0","0.0093","0.0056","1.0","0.6048"
"DAB2","NA","3037852","USP","LEFT HOR HEATER CABLE ASSY","01 HIGH","1.0","108.0","0.0093","0.0056","1.0","0.6048"
"DET6","NA","3022970","USP","CUTTING KNIFE ASSEMBLY","01 HIGH","1.0","108.0","0.0093","0.0056","1.0","0.6048"
"IGQ1","NA","3022970","USP","CUTTING KNIFE ASSEMBLY","01 HIGH","1.0","108.0","0.0093","0.0056","1.0","0.6048"
"ORF3","NA","3037848","USP","LEFT VER HEATER CABLE ASSY","01 HIGH","1.0","108.0","0.0093","0.0056","1.0","0.6048"
"OXR1","NA","3037849","USP","RIGHT VER HEATER CABLE ASSY","01 HIGH","1.0","108.0","0.0093","0.0056","1.0","0.6048"
"TYS1","NA","3037848","USP","LEFT VER HEATER CABLE ASSY","01 HIGH","1.0","108.0","0.0093","0.0056","1.0","0.6048"
"YYC4","NA","3022970","USP","CUTTING KNIFE ASSEMBLY","01 HIGH","1.0","108.0","0.0093","0.0056","1.0","0.6048"
"OXR1","NA","3022970","USP","CUTTING KNIFE ASSEMBLY","01 HIGH","4.0","108.0","0.037","0.0222","4.0","0.5994"
"YXU1","NA","1073001","USP","3600 TAMP or SWING HOME SENSOR ASSEMBLY without MOUNT","02 MED","1.0","53.0","0.0189","0.0111","2.0","0.5883"
"CLE3","NA","1072130","URL","SHAWMUT, ATDR6, TIME DELAY, 6A, 600V","03 LOW","1.0","35.0","0.0286","0.0167","3.0","0.5845"
"MLI1","NA","61591","USP","TUBE FITTING, M5 TO 4MM","02 MED","1.0","35.0","0.0286","0.0167","3.0","0.5845"
"OMA2","NA","10191","USP","THRUST BALL BEARING, 3/4"" ID X 1-5/16"" OD X 9/32"" HT., STEEL","03 LOW","1.0","35.0","0.0286","0.0167","3.0","0.5845"
"ORD5","NA","3022950","USP","HORIZONTAL FRONT, POWERSONIC MATED M12 + LBO3K","01 HIGH","2.0","70.0","0.0286","0.0167","3.0","0.5845"
"ORD5","NA","3022982","USP","LEFT ISOLATOR PLATE","01 HIGH","2.0","70.0","0.0286","0.0167","3.0","0.5845"
"PAE2","NA","49346","USP","ZEBRA AIT PART KIT PLATEN, PINCH, & PEEL ROLLERS ZE521 RH & LH","02 MED","1.0","35.0","0.0286","0.0167","3.0","0.5845"
"POZ2","EU","3022943","USP","HORIZONTAL REAR, POWERSONIC MATED M12 + LBO3K","01 HIGH","2.0","70.0","0.0286","0.0167","3.0","0.5845"
"POZ2","EU","3022950","USP","HORIZONTAL FRONT, POWERSONIC MATED M12 + LBO3K","01 HIGH","2.0","70.0","0.0286","0.0167","3.0","0.5845"
"SAN3","NA","3022943","USP","HORIZONTAL REAR, POWERSONIC MATED M12 + LBO3K","01 HIGH","2.0","70.0","0.0286","0.0167","3.0","0.5845"
"SHV1","NA","10191","USP","THRUST BALL BEARING, 3/4"" ID X 1-5/16"" OD X 9/32"" HT., STEEL","02 MED","1.0","35.0","0.0286","0.0167","3.0","0.5845"
"SHV1","NA","103691","EcoPac","roll ø50x1,5 gravity","03 LOW","1.0","35.0","0.0286","0.0167","3.0","0.5845"
"SHV1","NA","49346","USP","ZEBRA AIT PART KIT PLATEN, PINCH, & PEEL ROLLERS ZE521 RH & LH","02 MED","1.0","35.0","0.0286","0.0167","3.0","0.5845"
"SYR1","NA","3022982","USP","LEFT ISOLATOR PLATE","01 HIGH","2.0","70.0","0.0286","0.0167","3.0","0.5845"
"DET6","NA","10683","USP","WHEEL, WHEEL: LOAD ASSEMBLY","01 HIGH","1.0","21.0","0.0476","0.0278","5.0","0.5838"
"DET6","NA","3015434","USP","SWIVEL GRIPPER HEAD","01 HIGH","1.0","21.0","0.0476","0.0278","5.0","0.5838"
"PDX8","NA","3015434","USP","SWIVEL GRIPPER HEAD","01 HIGH","1.0","21.0","0.0476","0.0278","5.0","0.5838"
"SAN3","NA","10095","USP","FLANGED BUSHING","03 LOW","1.0","21.0","0.0476","0.0278","5.0","0.5838"
"SHV1","NA","3008764","URL","CLIP DOMINO","02 MED","2.0","42.0","0.0476","0.0278","5.0","0.5838"
"SHV1","NA","3129371","URL","SERVO POWER SUPPLY","02 MED","2.0","42.0","0.0476","0.0278","5.0","0.5838"
"SYR1","NA","1001803","USP","Switch, Auxiliary, Supplementary Protector Accessory","02 MED","1.0","21.0","0.0476","0.0278","5.0","0.5838"
"PDX8","NA","1000078","USP","Sensor, proximity, SME-8M-DS-24V-K-0, 3-M8D","01 HIGH","1.0","15.0","0.0667","0.0389","7.0","0.5835"
"BDL4","NA","10191","USP","THRUST BALL BEARING, 3/4"" ID X 1-5/16"" OD X 9/32"" HT., STEEL","01 HIGH","3.0","35.0","0.0857","0.05","9.0","0.5833"
"GEG1","NA","3022944","USP","CAPTIVE GUARDING SCREWS","01 HIGH","3.0","24.0","0.125","0.0722","13.0","0.5776"
"FSD1","NA","1061778","USP","RT-B1221","01 HIGH","1.0","26.0","0.0385","0.0222","4.0","0.5772"
"SAN3","NA","N24793","USP","Slim Electromechanical Relay, SPDT, 6A,24VDC, PCB Terminal, 34 Series","01 HIGH","1.0","17.0","0.0588","0.0333","6.0","0.5661"
"IGQ1","NA","14325","USP","WIRING TOOL required for insertion/extraction @ terminal strip","02 MED","1.0","20.0","0.05","0.0278","5.0","0.556"
"SHV1","NA","3524277","EcoPac","PHOTOCEL S45-PH-5-B03-PH","01 HIGH","1.0","50.0","0.02","0.0111","2.0","0.555"
"NCL1","EU","132054","USP","ZEBRA - P1046696-146, EXTENDED LIFE DRIVE BELTS, ZE500/ZE511, HTC 8443.99.2550 C","01 HIGH","2.0","14.0","0.1429","0.0778","14.0","0.5446"
"ORF4","NA","3288498","URL","Conveyor Belt","02 MED","2.0","28.0","0.0714","0.0389","7.0","0.5446"
"PVD2","NA","49345","USP","ZEBRA AIT PART KIT PRINTHEAD 300 DPI ZE521 RH & LH","02 MED","3.0","14.0","0.2143","0.1167","21.0","0.5446"
"TLH2","NA","49345","USP","ZEBRA AIT PART KIT PRINTHEAD 300 DPI ZE521 RH & LH","01 HIGH","1.0","14.0","0.0714","0.0389","7.01","0.5446"
"SHV1","NA","1001803","USP","Switch, Auxiliary, Supplementary Protector Accessory","02 MED","1.0","49.0","0.0204","0.0111","2.0","0.5439"
"TYS1","NA","11424","USP","UNWIND BRAKE BAND CTM PM-BB1030","01 HIGH","1.0","32.0","0.0313","0.0167","3.0","0.5344"
"SHV1","NA","3466261","USP","SHANK THREAD SIZE(M10X1.25), ID 10MM, JAW OPENING W 10MM,","02 MED","1.0","3.0","0.3333","0.1778","32.0","0.5334"
"BWI2","NA","1002613","USP","VALVE, CHECK VALVE,ASSEMBLY:FLOW CONTROL W/ PILOT CHECK VALVE 1/4 TUBE WITH1/8 T","02 MED","1.0","16.0","0.0625","0.0333","6.0","0.5328"
"CLE3","NA","C-3714","EcoPac","SPRING  VL VERDE DI-8 DE-16 L-25","02 MED","1.0","12.0","0.0833","0.0444","8.0","0.5328"
"SHV1","NA","1125233","URL","Siemens SITOP PSU300S Switched Mode DIN Rail Power Supply, 340 → 550V","02 MED","2.0","32.0","0.0625","0.0333","6.0","0.5328"
"SHV1","NA","3524548","EcoPac","STOP 200X18X8","01 HIGH","2.0","32.0","0.0625","0.0333","6.0","0.5328"
"MTN1","NA","3022978","USP","LIDAR SENSOR PICS150-01000 core 1","01 HIGH","1.0","95.0","0.0105","0.0056","1.0","0.532"
"OXR1","NA","3022958","USP","DIVERT PLATE, TOP","01 HIGH","1.0","94.0","0.0106","0.0056","1.0","0.5264"
"RIC4","NA","3022958","USP","DIVERT PLATE, TOP","01 HIGH","1.0","94.0","0.0106","0.0056","1.0","0.5264"
"LUK2","NA","N24793","USP","Slim Electromechanical Relay, SPDT, 6A,24VDC, PCB Terminal, 34 Series","01 HIGH","2.0","17.0","0.1176","0.0611","11.0","0.5194"
"TYS1","NA","10683","USP","WHEEL, WHEEL: LOAD ASSEMBLY","02 MED","3.0","28.0","0.1071","0.0556","10.0","0.5189"
"TYS1","NA","61591","USP","TUBE FITTING, M5 TO 4MM","02 MED","3.0","35.0","0.0857","0.0444","8.0","0.518"
"CLE3","NA","C-2837","EcoPac","RUOTA D74X10 D33 MOTRICE","02 MED","1.0","31.0","0.0323","0.0167","3.0","0.5177"
"SHV1","NA","C-2843","EcoPac","PHOTOCEL S45-PH-5-B03-PH","01 HIGH","2.0","31.0","0.0645","0.0333","6.0","0.5162"
"SHV1","NA","C-2844","EcoPac","PHOTOCEL S45-PH-5-B03-PH","01 HIGH","2.0","31.0","0.0645","0.0333","6.0","0.5162"
"DET6","NA","1063086","USP","SWITCH 2VDC PNP 0.5M LEAD M8 C","02 MED","1.0","23.0","0.0435","0.0222","4.0","0.5106"
"DET6","NA","11424","USP","UNWIND BRAKE BAND CTM PM-BB1030","01 HIGH","1.0","23.0","0.0435","0.0222","4.0","0.5106"
"FSD1","NA","49345","USP","ZEBRA AIT PART KIT PRINTHEAD 300 DPI ZE521 RH & LH","01 HIGH","2.0","45.0","0.0444","0.0223","4.01","0.5018"
"OXR1","NA","N24793","USP","Slim Electromechanical Relay, SPDT, 6A,24VDC, PCB Terminal, 34 Series","01 HIGH","1.0","30.0","0.0333","0.0167","3.0","0.501"
"SBD6","NA","1004322","USP","PUSHBUTTON METAL LATCH","02 MED","1.0","30.0","0.0333","0.0167","3.0","0.501"
"TLH2","NA","10191","USP","THRUST BALL BEARING, 3/4"" ID X 1-5/16"" OD X 9/32"" HT., STEEL","02 MED","2.0","20.0","0.1","0.05","9.0","0.5"
"DEN4","NA","3022987","USP","IO-LINK MASTER, ETHERNET/IP INTERFACE, TOTAL IN- AND OUTPUTS: 16, 4X 2A OUTPUTS","01 HIGH","1.0","45.0","0.0222","0.0111","2.0","0.4995"
"ORF4","NA","3022987","URL","IO-LINK MASTER, ETHERNET/IP INTERFACE, TOTAL IN- AND OUTPUTS: 16, 4X 2A OUTPUTS","01 HIGH","1.0","45.0","0.0222","0.0111","2.0","0.4995"
"ORF4","NA","3022987","USP","IO-LINK MASTER, ETHERNET/IP INTERFACE, TOTAL IN- AND OUTPUTS: 16, 4X 2A OUTPUTS","01 HIGH","1.0","45.0","0.0222","0.0111","2.0","0.4995"
"PVD2","NA","3022987","USP","IO-LINK MASTER, ETHERNET/IP INTERFACE, TOTAL IN- AND OUTPUTS: 16, 4X 2A OUTPUTS","01 HIGH","1.0","45.0","0.0222","0.0111","2.0","0.4995"
"RIC4","NA","1000078","USP","Sensor, proximity, SME-8M-DS-24V-K-0, 3-M8D","02 MED","1.0","15.0","0.0667","0.0333","6.0","0.4995"
"SAN3","NA","3022987","USP","IO-LINK MASTER, ETHERNET/IP INTERFACE, TOTAL IN- AND OUTPUTS: 16, 4X 2A OUTPUTS","01 HIGH","1.0","45.0","0.0222","0.0111","2.0","0.4995"
"SBD6","NA","1000078","USP","Sensor, proximity, SME-8M-DS-24V-K-0, 3-M8D","02 MED","1.0","15.0","0.0667","0.0333","6.0","0.4995"
"SBD6","NA","3022987","USP","IO-LINK MASTER, ETHERNET/IP INTERFACE, TOTAL IN- AND OUTPUTS: 16, 4X 2A OUTPUTS","01 HIGH","1.0","45.0","0.0222","0.0111","2.0","0.4995"
"SAN3","NA","14325","USP","WIRING TOOL required for insertion/extraction @ terminal strip","02 MED","2.0","35.0","0.0571","0.0278","5.0","0.4865"
"BOS3","NA","11424","USP","UNWIND BRAKE BAND CTM PM-BB1030","02 MED","3.0","23.0","0.1304","0.0611","11.0","0.4684"
"BDL4","NA","11519","USP","Zebra Kit Maint Door Open Swch RH/LH","02 MED","1.0","28.0","0.0357","0.0167","3.0","0.4676"
"CLE3","NA","C-3765","EcoPac","PHOTOCEL S45-PH-5-B03-PH","01 HIGH","1.0","12.0","0.0833","0.0389","7.0","0.4668"
"SHV1","NA","C-3821","EcoPac","VACUUM CUP VASB 30-1/8""-PUR-B","01 HIGH","2.0","12.0","0.1667","0.0778","14.0","0.4668"
"ABQ1","NA","10191","USP","THRUST BALL BEARING, 3/4"" ID X 1-5/16"" OD X 9/32"" HT., STEEL","02 MED","1.0","42.0","0.0238","0.0111","2.0","0.4662"
"ABQ1","NA","3466170","USP","DSNU, BORE 25MM, STROKE 100MM, DOUBLE ACTING, LATERAL AIR,","01 HIGH","1.0","21.0","0.0476","0.0222","4.0","0.4662"
"ABQ1","NA","N12270","USP","SMC Speed Control Valve: Elbow Fitting, Knob, 1/4 in/1/8 in Valve Body Size, 1/4 in Tube, Meter Out","02 MED","1.0","21.0","0.0476","0.0222","4.0","0.4662"
"BDL4","NA","1116318","USP","ULTRASONIC SENSOR, PICO+","02 MED","1.0","21.0","0.0476","0.0222","4.0","0.4662"
"CLE3","NA","C-1049","EcoPac","PHOTOCEL S45-PH-5-B03-PH","02 MED","1.0","14.0","0.0714","0.0333","6.0","0.4662"
"DEN4","NA","10191","USP","THRUST BALL BEARING, 3/4"" ID X 1-5/16"" OD X 9/32"" HT., STEEL","01 HIGH","1.0","42.0","0.0238","0.0111","2.0","0.4662"
"DEN4","NA","3015435","USP","VERTICAL JAW CABLE MANAGEMENT BACKING PLATE","01 HIGH","1.0","42.0","0.0238","0.0111","2.0","0.4662"
"DEN4","NA","3043407","USP","SICK IME2S Series Non-Flush Inductive Non-Contact Safety Switch, 24V dc, Nickel Plated Brass Housing, 2NO, M12","01 HIGH","1.0","42.0","0.0238","0.0111","2.0","0.4662"
"HOU6","NA","10191","USP","THRUST BALL BEARING, 3/4"" ID X 1-5/16"" OD X 9/32"" HT., STEEL","01 HIGH","1.0","42.0","0.0238","0.0111","2.0","0.4662"
"MQY1","NA","33053","USP","SENSOR CABLE, 5M GREY, M12 FEMALE 8P STRAIGHT TO OPEN ENDED, CONTINUOUS FLEX, PUR-OB","02 MED","1.0","21.0","0.0476","0.0222","4.0","0.4662"
"MQY1","NA","3466132","USP","PNUEMATIC FITTING","02 MED","2.0","21.0","0.0952","0.0444","8.0","0.4662"
"MQY1","NA","3466147","USP","COMPACT CYLINDER ADN-32-25-I-P-A-S2","02 MED","2.0","21.0","0.0952","0.0444","8.0","0.4662"
"MQY1","NA","3466170","USP","DSNU, BORE 25MM, STROKE 100MM, DOUBLE ACTING, LATERAL AIR,","01 HIGH","2.0","21.0","0.0952","0.0444","8.0","0.4662"
"MQY1","NA","3466191","USP","ROD COUPLER, M10X1.25, STEEL (","03 LOW","2.0","21.0","0.0952","0.0444","8.0","0.4662"
"MQY1","NA","3466258","USP","LEFT VERTICAL SEAL BAR ASSY","03 LOW","1.0","21.0","0.0476","0.0222","4.0","0.4662"
"ORF4","NA","3288499","URL","TT End Roller","02 MED","2.0","42.0","0.0476","0.0222","4.0","0.4662"
"PDX8","NA","3466132","USP","PNUEMATIC FITTING","01 HIGH","1.0","21.0","0.0476","0.0222","4.0","0.4662"
"PVD2","NA","3015435","USP","VERTICAL JAW CABLE MANAGEMENT BACKING PLATE","01 HIGH","1.0","42.0","0.0238","0.0111","2.0","0.4662"
"RIC4","NA","49345","USP","ZEBRA AIT PART KIT PRINTHEAD 300 DPI ZE521 RH & LH","02 MED","2.0","21.0","0.0952","0.0444","8.0","0.4662"
"SAN3","NA","10191","USP","THRUST BALL BEARING, 3/4"" ID X 1-5/16"" OD X 9/32"" HT., STEEL","01 HIGH","2.0","42.0","0.0476","0.0222","4.0","0.4662"
"SAN3","NA","3466147","USP","COMPACT CYLINDER ADN-32-25-I-P-A-S2","01 HIGH","1.0","21.0","0.0476","0.0222","4.0","0.4662"
"SAV4","NA","1060925","USP","RING-GRIP QUICK-RELEASE PIN","02 MED","2.0","21.0","0.0952","0.0444","8.0","0.4662"
"SBD6","NA","10191","USP","THRUST BALL BEARING, 3/4"" ID X 1-5/16"" OD X 9/32"" HT., STEEL","02 MED","1.0","42.0","0.0238","0.0111","2.0","0.4662"
"SBD6","NA","3025738","USP","COATED 9"" FOUR HOLE AIR ASSIST TUBE - MP-211-2230-9","02 MED","1.0","21.0","0.0476","0.0222","4.0","0.4662"
"SBD6","NA","3466145","USP","RIGHT HORIZONTAL SEAL BAR ASSY","01 HIGH","1.0","21.0","0.0476","0.0222","4.0","0.4662"
"SBD6","NA","3466243","USP","LEFT HORIZONTAL SEAL BAR ASSY","01 HIGH","1.0","21.0","0.0476","0.0222","4.0","0.4662"
"SCK6","NA","3466132","USP","PNUEMATIC FITTING","01 HIGH","1.0","21.0","0.0476","0.0222","4.0","0.4662"
"SHV1","NA","1063086","USP","SWITCH 2VDC PNP 0.5M LEAD M8 C","02 MED","1.0","21.0","0.0476","0.0222","4.0","0.4662"
"SHV1","NA","118954","URL","SQUARE_Sproket_60mm_#24_S2H0XXDHXXMT-10","02 MED","2.0","42.0","0.0476","0.0222","4.0","0.4662"
"SHV1","NA","3129293","URL","Vacuum Generator","02 MED","1.0","21.0","0.0476","0.0222","4.0","0.4662"
"SHV1","NA","3466147","USP","COMPACT CYLINDER ADN-32-25-I-P-A-S2","02 MED","1.0","21.0","0.0476","0.0222","4.0","0.4662"
"SHV1","NA","N45907","USP","Valve flow control one way","02 MED","1.0","21.0","0.0476","0.0222","4.0","0.4662"
"TYS1","NA","10191","USP","THRUST BALL BEARING, 3/4"" ID X 1-5/16"" OD X 9/32"" HT., STEEL","02 MED","1.0","42.0","0.0238","0.0111","2.0","0.4662"
"EMA2","EU","107980","USP","X CODE M12X8 TO RJ45 CBL","01 HIGH","1.0","81.0","0.0123","0.0056","1.0","0.4536"
"SHV1","NA","3524550","EcoPac","STOP 211.5X18X8","01 HIGH","2.0","32.0","0.0625","0.0278","5.0","0.4448"
"SAV4","NA","3022982","USP","LEFT ISOLATOR PLATE","01 HIGH","7.0","70.0","0.1","0.0444","8.0","0.444"
"SYR1","NA","1069554","USP","POWER IO CABLE M12 FOR COGNEX CONN MODULE W DB9","02 MED","1.0","40.0","0.025","0.0111","2.0","0.444"
"YYC4","NA","1113249","USP","URGU48R1-04090N","02 MED","1.0","40.0","0.025","0.0111","2.0","0.444"
"AGS1","NA","3022934","USP","SMC Shock Absorber, RBC1007, 46.7 mm Body Length, 63.7 mm Body Length, M10 x 1 Thread Size","01 HIGH","5.0","38.0","0.1316","0.0556","10.0","0.4226"
"DEN4","NA","3022951","USP","RTD, PT100, DIA 3MM, L 18MM, 3","01 HIGH","1.0","38.0","0.0263","0.0111","2.0","0.4218"
"DEN4","NA","N12270","USP","SMC Speed Control Valve: Elbow Fitting, Knob, 1/4 in/1/8 in Valve Body Size, 1/4 in Tube, Meter Out","01 HIGH","1.0","38.0","0.0263","0.0111","2.0","0.4218"
"GEG1","NA","1124729","USP","Pan and Tilt Camera Mount PTU-BE","01 HIGH","1.0","38.0","0.0263","0.0111","2.0","0.4218"
"ORF4","NA","3022951","USP","RTD, PT100, DIA 3MM, L 18MM, 3","01 HIGH","1.0","38.0","0.0263","0.0111","2.0","0.4218"
"BDL4","NA","11424","USP","UNWIND BRAKE BAND CTM PM-BB1030","01 HIGH","1.0","25.0","0.04","0.0167","3.0","0.4175"
"OMA2","NA","11409","USP","TAMPA","03 LOW","1.0","25.0","0.04","0.0167","3.0","0.4175"
"SYR1","NA","11409","USP","TAMPA","02 MED","1.0","25.0","0.04","0.0167","3.0","0.4175"
"SYR1","NA","11519","USP","Zebra Kit Maint Door Open Swch RH/LH","02 MED","1.0","25.0","0.04","0.0167","3.0","0.4175"
"ABQ1","NA","3464199","USP","SENSOR, FIBER OPTIC THIN ZERO SPACE, SIDE VIEW TYP","02 MED","2.0","30.0","0.0667","0.0278","5.0","0.417"
"TYS1","NA","1000078","USP","Sensor, proximity, SME-8M-DS-24V-K-0, 3-M8D","02 MED","1.0","15.0","0.0667","0.0278","5.0","0.417"
"MQY1","NA","3466144","USP","SERVO DRIVE","01 HIGH","2.0","21.0","0.0952","0.0389","7.0","0.4085"
"ELP1","NA","3022934","USP","SMC Shock Absorber, RBC1007, 46.7 mm Body Length, 63.7 mm Body Length, M10 x 1 Thread Size","02 MED","10.0","38.0","0.2632","0.1056","19.0","0.4013"
"MLI1","NA","3022971","USP","FAST CONNECTION-PEG","02 MED","1.0","24.0","0.0417","0.0167","3.0","0.4008"
"OXR1","NA","3022949","USP","MCMASTER ZIP TIE MOUNT","01 HIGH","1.0","24.0","0.0417","0.0167","3.0","0.4008"
"SHV1","NA","3001681","EcoPac","PHOTOCEL S45-PH-5-B03-PH","02 MED","1.0","24.0","0.0417","0.0167","3.0","0.4008"
"CLE3","NA","C-3766","EcoPac","PHOTOCEL S45-PH-5-B03-PH","02 MED","1.0","12.0","0.0833","0.0333","6.0","0.3996"
"EMA2","EU","3022970","USP","CUTTING KNIFE ASSEMBLY","01 HIGH","3.0","108.0","0.0278","0.0111","2.0","0.3996"
"ORF4","NA","C-3765","EcoPac","PHOTOCEL S45-PH-5-B03-PH","01 HIGH","1.0","12.0","0.0833","0.0333","6.0","0.3996"
"HOU6","NA","3022943","USP","HORIZONTAL REAR, POWERSONIC MATED M12 + LBO3K","01 HIGH","1.0","70.0","0.0143","0.0056","1.0","0.392"
"HOU6","NA","3022945","USP","VERTICAL BOTTOM LOAD CELL","01 HIGH","1.0","70.0","0.0143","0.0056","1.0","0.392"
"RIC4","NA","3022982","USP","LEFT ISOLATOR PLATE","01 HIGH","1.0","70.0","0.0143","0.0056","1.0","0.392"
"TYS1","NA","3022982","USP","LEFT ISOLATOR PLATE","01 HIGH","1.0","70.0","0.0143","0.0056","1.0","0.392"
"SAV4","NA","49344","USP","Zebra ZE52163-R010000Z Print Engine","01 HIGH","1.0","10.0","0.1","0.0391","7.029999999999999","0.391"
"SHV1","NA","3022982","USP","LEFT ISOLATOR PLATE","01 HIGH","3.0","70.0","0.0429","0.0167","3.0","0.3897"
"BWI2","NA","49345","USP","ZEBRA AIT PART KIT PRINTHEAD 300 DPI ZE521 RH & LH","03 LOW","1.0","14.0","0.0714","0.0278","5.0","0.3892"
"CLE3","NA","C-1304","EcoPac","SENSOR SMT-8M-A-PS-24V-E-0.3-N-M8D","01 HIGH","2.0","14.0","0.1429","0.0556","10.0","0.3892"
"MQY1","NA","3466248","USP","PRECISION LINEAR SHAFT, DIA 12","02 MED","2.0","28.0","0.0714","0.0278","5.0","0.3892"
"SHV1","NA","1071515","USP","Radial/Deep Groove Ball Bearing - Round Bore, 25 mm ID, 42 mm OD, 9 mm Width, Double Shielded, Internal Clearance","02 MED","1.0","14.0","0.0714","0.0278","5.0","0.3892"
"SHV1","NA","3077254","URL","XG-X2902LJ, CAMERA CONTROLLER","02 MED","2.0","28.0","0.0714","0.0278","5.0","0.3892"
"SHV1","NA","3129266","URL","Pressure Regulator","02 MED","2.0","14.0","0.1429","0.0556","10.0","0.3892"
"DAB2","NA","3043423","USP","FUSE,5 AMP,250V","02 MED","3.0","30.0","0.1","0.0389","7.0","0.389"
"MTN1","NA","N24793","USP","Slim Electromechanical Relay, SPDT, 6A,24VDC, PCB Terminal, 34 Series","01 HIGH","3.0","30.0","0.1","0.0389","7.0","0.389"
"SAV4","NA","3022983","USP","RIGHT ISOLATOR PLATE","01 HIGH","7.0","70.0","0.1","0.0389","7.0","0.389"
"ABQ1","NA","49346","USP","ZEBRA AIT PART KIT PLATEN, PINCH, & PEEL ROLLERS ZE521 RH & LH","02 MED","1.0","35.0","0.0286","0.0111","2.0","0.3885"
"LUK2","NA","3022982","USP","LEFT ISOLATOR PLATE","01 HIGH","2.0","70.0","0.0286","0.0111","2.0","0.3885"
"LUK2","NA","49346","USP","ZEBRA AIT PART KIT PLATEN, PINCH, & PEEL ROLLERS ZE521 RH & LH","02 MED","1.0","35.0","0.0286","0.0111","2.0","0.3885"
"MQY1","NA","3022983","USP","RIGHT ISOLATOR PLATE","01 HIGH","2.0","70.0","0.0286","0.0111","2.0","0.3885"
"PVD2","NA","3022941","USP","VERTICAL TOP, POWERSONIC MATED M12 + LBO2K","01 HIGH","2.0","70.0","0.0286","0.0111","2.0","0.3885"
"PVD2","NA","49346","USP","ZEBRA AIT PART KIT PLATEN, PINCH, & PEEL ROLLERS ZE521 RH & LH","02 MED","1.0","35.0","0.0286","0.0111","2.0","0.3885"
"SCK6","NA","3022982","USP","LEFT ISOLATOR PLATE","01 HIGH","2.0","70.0","0.0286","0.0111","2.0","0.3885"
"YXU1","NA","14325","USP","WIRING TOOL required for insertion/extraction @ terminal strip","03 LOW","1.0","35.0","0.0286","0.0111","2.0","0.3885"
"DET6","NA","N54020","USP","STOPPER BOLT, M6X1.0, L 20MM, WITH HEX SOCKET TIP, STRAIGHT TYPE, BUMPER URETHAN","03 LOW","1.0","23.0","0.0435","0.0167","3.0","0.3841"
"LUK2","NA","N54020","USP","STOPPER BOLT, M6X1.0, L 20MM, WITH HEX SOCKET TIP, STRAIGHT TYPE, BUMPER URETHAN","02 MED","1.0","23.0","0.0435","0.0167","3.0","0.3841"
"TYS1","NA","N54020","USP","STOPPER BOLT, M6X1.0, L 20MM, WITH HEX SOCKET TIP, STRAIGHT TYPE, BUMPER URETHAN","02 MED","1.0","23.0","0.0435","0.0167","3.0","0.3841"
"DET6","NA","1113249","USP","URGU48R1-04090N","02 MED","1.0","17.0","0.0588","0.0222","4.0","0.3774"
"SAN3","NA","10096","USP","WASHER: THRUST, BRONZE","03 LOW","2.0","27.0","0.0741","0.0278","5.0","0.3753"
"SBD6","NA","226234","USP","SERIAL RS232 TO USB CONVERTER","03 LOW","3.0","20.0","0.15","0.0556","10.0","0.3707"
"DAB2","NA","3022969","USP","VERTICAL CARTRIDGE HEATER","01 HIGH","1.0","66.0","0.0152","0.0056","1.0","0.3696"
"RIC4","NA","3022931","USP","MALE INSERT 5 PIN","01 HIGH","1.0","66.0","0.0152","0.0056","1.0","0.3696"
"SHV1","NA","1060925","USP","RING-GRIP QUICK-RELEASE PIN","02 MED","3.0","3.0","1.0","0.3556","64.0","0.3556"
"DAB2","NA","11424","USP","UNWIND BRAKE BAND CTM PM-BB1030","02 MED","1.0","32.0","0.0313","0.0111","2.0","0.3552"
"ELP1","NA","11424","USP","UNWIND BRAKE BAND CTM PM-BB1030","02 MED","1.0","32.0","0.0313","0.0111","2.0","0.3552"
"PVD2","NA","1061526","USP","SERVO DRVE AMP JR_AUTO JR0000549642","01 HIGH","1.0","32.0","0.0313","0.0111","2.0","0.3552"
"SHV1","NA","10043","USP","PLC, CONTROLLER,PROGRAMMABLE:2-1/2 INHT,3-1/2 INWD,1-1/2 INDP,24 V DCVOLT,2.6 MACURRE","02 MED","1.0","32.0","0.0313","0.0111","2.0","0.3552"
"SHV1","NA","1122437","EcoPac","ELECTRONIC SWITCH PTCB E1 24DC/4A SI-R","03 LOW","1.0","32.0","0.0313","0.0111","2.0","0.3552"
"AKC1","NA","3022934","USP","SMC Shock Absorber, RBC1007, 46.7 mm Body Length, 63.7 mm Body Length, M10 x 1 Thread Size","01 HIGH","3.0","38.0","0.0789","0.0278","5.0","0.3521"
"CLE3","NA","3129293","URL","Vacuum Generator","03 LOW","1.0","21.0","0.0476","0.0167","3.0","0.3507"
"DET6","NA","1001191","USP","VPL-B1003F-PJ12AA SERVO MOTOR","02 MED","1.0","21.0","0.0476","0.0167","3.0","0.3507"
"MQY1","NA","1001803","USP","Switch, Auxiliary, Supplementary Protector Accessory","02 MED","1.0","21.0","0.0476","0.0167","3.0","0.3507"
"OMA2","NA","10105","USP","SPRING: REWIND CLUTCH, MED DUTY, .97OD X .080 WIRE DIA","03 LOW","1.0","21.0","0.0476","0.0167","3.0","0.3507"
"OXR1","NA","3043368","USP","Sensor Cable, 5m Grey, M12 Female 4P Angled to Open Ended, Continuous Flex, PUR","02 MED","1.0","21.0","0.0476","0.0167","3.0","0.3507"
"OXR1","NA","49960","USP","MDC100-050101 DRIVE","02 MED","1.0","21.0","0.0476","0.0167","3.0","0.3507"
"POZ2","EU","132054","USP","ZEBRA - P1046696-146, EXTENDED LIFE DRIVE BELTS, ZE500/ZE511, HTC 8443.99.2550 C","03 LOW","1.0","21.0","0.0476","0.0167","3.0","0.3507"
"RIC4","NA","33053","USP","SENSOR CABLE, 5M GREY, M12 FEMALE 8P STRAIGHT TO OPEN ENDED, CONTINUOUS FLEX, PUR-OB","02 MED","1.0","21.0","0.0476","0.0167","3.0","0.3507"
"SAN3","NA","10076","USP","UNWIND DANCER ARM UNWIND SPRING","02 MED","1.0","21.0","0.0476","0.0167","3.0","0.3507"
"SAV4","NA","3026266","USP","Control Block","02 MED","1.0","21.0","0.0476","0.0167","3.0","0.3507"
"SHV1","NA","10105","USP","SPRING: REWIND CLUTCH, MED DUTY, .97OD X .080 WIRE DIA","02 MED","1.0","21.0","0.0476","0.0167","3.0","0.3507"
"SHV1","NA","3466145","USP","RIGHT HORIZONTAL SEAL BAR ASSY","02 MED","1.0","21.0","0.0476","0.0167","3.0","0.3507"
"SHV1","NA","3466251","USP","PIVOT BLOCK - LEFT HORIZONTAL","02 MED","1.0","21.0","0.0476","0.0167","3.0","0.3507"
"SYR1","NA","10105","USP","SPRING: REWIND CLUTCH, MED DUTY, .97OD X .080 WIRE DIA","02 MED","1.0","21.0","0.0476","0.0167","3.0","0.3507"
"SYR1","NA","3466170","USP","DSNU, BORE 25MM, STROKE 100MM, DOUBLE ACTING, LATERAL AIR,","01 HIGH","1.0","21.0","0.0476","0.0167","3.0","0.3507"
"TLH2","NA","1061778","USP","RT-B1221","02 MED","1.0","21.0","0.0476","0.0167","3.0","0.3507"
"SHV1","NA","1000863","EcoPac","Point IO Sinking Input Module, 8-Point","02 MED","2.0","21.0","0.0952","0.0333","6.0","0.3497"
"SHV1","NA","3008761","URL","S80 motor assembly","02 MED","2.0","21.0","0.0952","0.0333","6.0","0.3497"
"SHV1","NA","C-2721","EcoPac","PHOTOCEL S45-PH-5-B03-PH","01 HIGH","2.0","21.0","0.0952","0.0333","6.0","0.3497"
"SHV1","NA","C-2723","EcoPac","PHOTOCEL S45-PH-5-B03-PH","01 HIGH","2.0","21.0","0.0952","0.0333","6.0","0.3497"
"CLE3","NA","C-2348","EcoPac","PHOTOCEL S45-PH-5-B03-PH","01 HIGH","1.0","31.0","0.0323","0.0111","2.0","0.3441"
"SHV1","NA","C-2348","EcoPac","PHOTOCEL S45-PH-5-B03-PH","01 HIGH","1.0","31.0","0.0323","0.0111","2.0","0.3441"
"SHV1","NA","C-2837","EcoPac","RUOTA D74X10 D33 MOTRICE","01 HIGH","2.0","31.0","0.0645","0.0222","4.0","0.3441"
"SHV1","NA","3129286","URL","Encoder Roller Bearing","02 MED","5.0","14.0","0.3571","0.1222","22.0","0.3422"
"DUS4","EU","3043376","USP","ZLD18-BFZ4B8 SIMPLE SENSE","02 MED","1.0","60.0","0.0167","0.0056","1.0","0.336"
"DUS4","EU","3043387","USP","FIBRE UNIT / THRUBEAM TYPE THIN, FLAT-ON SIDE VIEW","01 HIGH","1.0","60.0","0.0167","0.0056","1.0","0.336"
"DUS4","EU","3043389","USP","MOTOR CABLE FOR D-MAX CONTROLLER 1M LENGTH","02 MED","1.0","60.0","0.0167","0.0056","1.0","0.336"
"SAV4","NA","1000078","USP","Sensor, proximity, SME-8M-DS-24V-K-0, 3-M8D","02 MED","1.0","15.0","0.0667","0.0223","4.0200000000000005","0.3345"
"SCK6","NA","10087","USP","THREADED INSERT CTM C-PM-INS1010","03 LOW","1.0","20.0","0.05","0.0167","3.0","0.334"
"POZ2","EU","3015434","USP","SWIVEL GRIPPER HEAD","01 HIGH","5.0","30.0","0.1667","0.0556","10.0","0.3336"
"AUS2","NA","3464199","USP","SENSOR, FIBER OPTIC THIN ZERO SPACE, SIDE VIEW TYP","01 HIGH","1.0","30.0","0.0333","0.0111","2.0","0.333"
"DEN4","NA","3464199","USP","SENSOR, FIBER OPTIC THIN ZERO SPACE, SIDE VIEW TYP","01 HIGH","1.0","30.0","0.0333","0.0111","2.0","0.333"
"DET6","NA","1000078","USP","Sensor, proximity, SME-8M-DS-24V-K-0, 3-M8D","01 HIGH","2.0","15.0","0.1333","0.0444","8.0","0.333"
"DET6","NA","3043423","USP","FUSE,5 AMP,250V","01 HIGH","1.0","30.0","0.0333","0.0111","2.0","0.333"
"GEG1","NA","3043423","USP","FUSE,5 AMP,250V","02 MED","1.0","30.0","0.0333","0.0111","2.0","0.333"
"GEG1","NA","3464199","USP","SENSOR, FIBER OPTIC THIN ZERO SPACE, SIDE VIEW TYP","01 HIGH","1.0","30.0","0.0333","0.0111","2.0","0.333"
"IGQ1","NA","1000078","USP","Sensor, proximity, SME-8M-DS-24V-K-0, 3-M8D","01 HIGH","1.0","15.0","0.0667","0.0222","4.0","0.333"
"OMA2","NA","N24793","USP","Slim Electromechanical Relay, SPDT, 6A,24VDC, PCB Terminal, 34 Series","01 HIGH","1.0","30.0","0.0333","0.0111","2.0","0.333"
"OXR1","NA","3464199","USP","SENSOR, FIBER OPTIC THIN ZERO SPACE, SIDE VIEW TYP","01 HIGH","1.0","30.0","0.0333","0.0111","2.0","0.333"
"SAN3","NA","10105","USP","SPRING: REWIND CLUTCH, MED DUTY, .97OD X .080 WIRE DIA","02 MED","2.0","20.0","0.1","0.0333","6.0","0.333"
"SAT3","NA","3464199","USP","SENSOR, FIBER OPTIC THIN ZERO SPACE, SIDE VIEW TYP","01 HIGH","1.0","30.0","0.0333","0.0111","2.0","0.333"
"SAT3","NA","N53977","USP","I110-E0454 SAFETY SWITCH","02 MED","1.0","30.0","0.0333","0.0111","2.0","0.333"
"PVD2","NA","1060925","USP","RING-GRIP QUICK-RELEASE PIN","02 MED","5.0","21.0","0.2381","0.0778","14.0","0.3268"
"SHV1","NA","11147","USP","VHI425A-GV W/ GV4G6","01 HIGH","1.0","29.0","0.0345","0.0111","2.0","0.3219"
"RIC4","NA","49344","USP","Zebra ZE52163-R010000Z Print Engine","02 MED","2.0","38.0","0.0526","0.0167","3.0","0.3173"
"SHV1","NA","10096","USP","WASHER: THRUST, BRONZE","02 MED","3.0","34.0","0.0882","0.0278","5.0","0.3151"
"ORF4","NA","10683","USP","WHEEL, WHEEL: LOAD ASSEMBLY","02 MED","1.0","28.0","0.0357","0.0112","2.01","0.3136"
"AGS1","NA","1071515","USP","Radial/Deep Groove Ball Bearing - Round Bore, 25 mm ID, 42 mm OD, 9 mm Width, Double Shielded, Internal Clearance","02 MED","1.0","28.0","0.0357","0.0111","2.0","0.3108"
"BOS3","NA","1071515","USP","Radial/Deep Groove Ball Bearing - Round Bore, 25 mm ID, 42 mm OD, 9 mm Width, Double Shielded, Internal Clearance","02 MED","2.0","28.0","0.0714","0.0222","4.0","0.3108"
"CLE3","NA","3288498","URL","Conveyor Belt","01 HIGH","2.0","28.0","0.0714","0.0222","4.0","0.3108"
"DEN4","NA","3361381","USP","Fork sensor","01 HIGH","1.0","28.0","0.0357","0.0111","2.0","0.3108"
"DEN4","NA","3466248","USP","PRECISION LINEAR SHAFT, DIA 12","01 HIGH","1.0","28.0","0.0357","0.0111","2.0","0.3108"
"GEG1","NA","3466248","USP","PRECISION LINEAR SHAFT, DIA 12","01 HIGH","1.0","28.0","0.0357","0.0111","2.0","0.3108"
"LUK2","NA","10105","USP","SPRING: REWIND CLUTCH, MED DUTY, .97OD X .080 WIRE DIA","03 LOW","1.0","28.0","0.0357","0.0111","2.0","0.3108"
"MQY1","NA","10683","USP","WHEEL, WHEEL: LOAD ASSEMBLY","01 HIGH","3.0","28.0","0.1071","0.0333","6.0","0.3108"
"PAE2","NA","1071515","USP","Radial/Deep Groove Ball Bearing - Round Bore, 25 mm ID, 42 mm OD, 9 mm Width, Double Shielded, Internal Clearance","02 MED","1.0","28.0","0.0357","0.0111","2.0","0.3108"
"SBD6","NA","1071515","USP","Radial/Deep Groove Ball Bearing - Round Bore, 25 mm ID, 42 mm OD, 9 mm Width, Double Shielded, Internal Clearance","02 MED","1.0","28.0","0.0357","0.0111","2.0","0.3108"
"SBD6","NA","11519","USP","Zebra Kit Maint Door Open Swch RH/LH","02 MED","1.0","28.0","0.0357","0.0111","2.0","0.3108"
"SHV1","NA","19978","USP","TIME DELAY FUSE, 30A, CLASS J, 300KA, 600VAC","02 MED","1.0","28.0","0.0357","0.0111","2.0","0.3108"
"SHV1","NA","3258486","URL","Power supply 380-480V / 24Vdc 20A screw terminal","02 MED","1.0","14.0","0.0714","0.0222","4.0","0.3108"
"SHV1","NA","C-1306","EcoPac","SOLENOID PLUG 5M PVC CABLE","02 MED","1.0","14.0","0.0714","0.0222","4.0","0.3108"
"SHV1","NA","C-2598","EcoPac","PLATE BELT 5M-25","01 HIGH","1.0","14.0","0.0714","0.0222","4.0","0.3108"
"SHV1","NA","N37377","USP","SC300-2 SHOCK ABSORBER","02 MED","1.0","28.0","0.0357","0.0111","2.0","0.3108"
"SYR1","NA","10683","USP","WHEEL, WHEEL: LOAD ASSEMBLY","01 HIGH","4.0","28.0","0.1429","0.0444","7.99","0.3108"
"SYR1","NA","3361381","USP","Fork sensor","01 HIGH","1.0","28.0","0.0357","0.0111","2.0","0.3108"
"TYS1","NA","10105","USP","SPRING: REWIND CLUTCH, MED DUTY, .97OD X .080 WIRE DIA","02 MED","1.0","28.0","0.0357","0.0111","2.0","0.3108"
"AKC1","NA","3043388","USP","SENSOR REED PARA CILINDRO","01 HIGH","2.0","55.0","0.0364","0.0112","2.01","0.308"
"SAT3","NA","3043388","USP","SENSOR REED PARA CILINDRO","02 MED","2.0","55.0","0.0364","0.0111","2.0","0.3053"
"ORD5","NA","10096","USP","WASHER: THRUST, BRONZE","03 LOW","2.0","27.0","0.0741","0.0222","4.0","0.2997"
"MLI1","NA","3022982","USP","LEFT ISOLATOR PLATE","02 MED","4.0","70.0","0.0571","0.0167","3.0","0.2923"
"TPA4","NA","49346","USP","ZEBRA AIT PART KIT PLATEN, PINCH, & PEEL ROLLERS ZE521 RH & LH","02 MED","2.0","35.0","0.0571","0.0167","3.0","0.2923"
"SBD6","NA","1071516","USP","REPLACEMENT BELT – 18”W FOR CO","02 MED","2.0","21.0","0.0952","0.0278","5.0","0.2919"
"SHV1","NA","1068301","URL","SR-50APW","02 MED","2.0","21.0","0.0952","0.0278","5.0","0.2919"
"SYR1","NA","1000078","USP","Sensor, proximity, SME-8M-DS-24V-K-0, 3-M8D","01 HIGH","2.0","15.0","0.1333","0.0389","7.01","0.2918"
"SCK6","NA","23103","USP","Time Delay, Cylindrical, Fuse, GDC Series, 250VAC, Indicating (5 PK)","03 LOW","1.0","13.0","0.0769","0.0222","4.0","0.2886"
"MQY1","NA","N24793","USP","Slim Electromechanical Relay, SPDT, 6A,24VDC, PCB Terminal, 34 Series","01 HIGH","1.0","17.0","0.0588","0.0166","2.99","0.2822"
"HOU6","NA","3022934","USP","SMC Shock Absorber, RBC1007, 46.7 mm Body Length, 63.7 mm Body Length, M10 x 1 Thread Size","01 HIGH","3.0","38.0","0.0789","0.0222","4.0","0.2812"
"SHV1","NA","3022947","USP","HORIZONTAL JAW CABLE MANAGEMENT BACKING PLATE","01 HIGH","3.0","38.0","0.0789","0.0222","4.0","0.2812"
"OXR1","NA","11519","USP","Zebra Kit Maint Door Open Swch RH/LH","02 MED","5.0","28.0","0.1786","0.05","9.0","0.28"
"SCK6","NA","N12270","USP","SMC Speed Control Valve: Elbow Fitting, Knob, 1/4 in/1/8 in Valve Body Size, 1/4 in Tube, Meter Out","01 HIGH","2.0","20.0","0.1","0.0278","5.0","0.278"
"SHV1","NA","3077289","URL","ALTIVAR 055KW ON MACHINE INVERTER","02 MED","2.0","20.0","0.1","0.0278","5.0","0.278"
"DEN4","NA","3022977","USP","GUIDED PNUEMATIC CYLINDER DFM-16-125-B-PPV-A-KF","01 HIGH","1.0","25.0","0.04","0.0111","2.0","0.2775"
"SAN3","NA","11409","USP","TAMPA","02 MED","1.0","25.0","0.04","0.0111","2.0","0.2775"
"SHV1","NA","1004287","EcoPac","VOLTAGE MONITOR, DIGITAL PANEL METER","02 MED","1.0","25.0","0.04","0.0111","2.0","0.2775"
"SHV1","NA","3022977","USP","GUIDED PNUEMATIC CYLINDER DFM-16-125-B-PPV-A-KF","01 HIGH","1.0","25.0","0.04","0.0111","2.0","0.2775"
"ELP1","NA","10683","USP","WHEEL, WHEEL: LOAD ASSEMBLY","02 MED","4.0","28.0","0.1429","0.0389","7.0","0.2723"
"MQY1","NA","11424","USP","UNWIND BRAKE BAND CTM PM-BB1030","01 HIGH","2.0","32.0","0.0625","0.0167","3.0","0.2672"
"DEN4","NA","3022949","USP","MCMASTER ZIP TIE MOUNT","01 HIGH","1.0","24.0","0.0417","0.0111","2.0","0.2664"
"ELP1","NA","3022949","USP","MCMASTER ZIP TIE MOUNT","01 HIGH","1.0","24.0","0.0417","0.0111","2.0","0.2664"
"ELP1","NA","3022984","USP","8MM X 14MM LOW SOCKET HEAD MACHINE SCREWS (OR BLACK OXIDE EQUIVALENT)","01 HIGH","1.0","24.0","0.0417","0.0111","2.0","0.2664"
"GEG1","NA","3022971","USP","FAST CONNECTION-PEG","01 HIGH","1.0","24.0","0.0417","0.0111","2.0","0.2664"
"GEG1","NA","3022984","USP","8MM X 14MM LOW SOCKET HEAD MACHINE SCREWS (OR BLACK OXIDE EQUIVALENT)","01 HIGH","1.0","24.0","0.0417","0.0111","2.0","0.2664"
"MLI1","NA","3022948","USP","FLAT HEAD SOCKET CAP SCREW","02 MED","1.0","24.0","0.0417","0.0111","2.0","0.2664"
"PDX8","NA","3022944","USP","CAPTIVE GUARDING SCREWS","01 HIGH","1.0","24.0","0.0417","0.0111","2.0","0.2664"
"PDX8","NA","3022971","USP","FAST CONNECTION-PEG","01 HIGH","1.0","24.0","0.0417","0.0111","2.0","0.2664"
"SHV1","NA","3466191","USP","ROD COUPLER, M10X1.25, STEEL (","02 MED","1.0","6.0","0.1667","0.0444","8.0","0.2664"
"SHV1","NA","3524549","EcoPac","STOP 48.5X18X9","01 HIGH","2.0","24.0","0.0833","0.0222","4.0","0.2664"
"SYR1","NA","3022971","USP","FAST CONNECTION-PEG","01 HIGH","2.0","24.0","0.0833","0.0222","4.0","0.2664"
"SYR1","NA","3022976","USP","FLAT HEAD SOCKET CAP SCREW","01 HIGH","1.0","24.0","0.0417","0.0111","2.0","0.2664"
"DAB2","NA","10683","USP","WHEEL, WHEEL: LOAD ASSEMBLY","02 MED","3.0","28.0","0.1071","0.0278","5.0","0.2595"
"DET6","NA","N41977","USP","R SERIES BEARING - .750 X 1.625 X .437","02 MED","3.0","14.0","0.2143","0.0556","10.0","0.2595"
"ABQ1","NA","N54020","USP","STOPPER BOLT, M6X1.0, L 20MM, WITH HEX SOCKET TIP, STRAIGHT TYPE, BUMPER URETHAN","02 MED","1.0","23.0","0.0435","0.0111","2.0","0.2553"
"BOS3","NA","1063086","USP","SWITCH 2VDC PNP 0.5M LEAD M8 C","02 MED","1.0","23.0","0.0435","0.0111","2.0","0.2553"
"SBD6","NA","N54020","USP","STOPPER BOLT, M6X1.0, L 20MM, WITH HEX SOCKET TIP, STRAIGHT TYPE, BUMPER URETHAN","02 MED","1.0","23.0","0.0435","0.0111","2.0","0.2553"
"TYS1","NA","10076","USP","UNWIND DANCER ARM UNWIND SPRING","02 MED","1.0","23.0","0.0435","0.0111","2.0","0.2553"
"MLI1","NA","3022987","USP","IO-LINK MASTER, ETHERNET/IP INTERFACE, TOTAL IN- AND OUTPUTS: 16, 4X 2A OUTPUTS","02 MED","1.0","45.0","0.0222","0.0056","1.0","0.252"
"OXR1","NA","3022987","USP","IO-LINK MASTER, ETHERNET/IP INTERFACE, TOTAL IN- AND OUTPUTS: 16, 4X 2A OUTPUTS","01 HIGH","1.0","45.0","0.0222","0.0056","1.0","0.252"
"AKC1","NA","1000078","USP","Sensor, proximity, SME-8M-DS-24V-K-0, 3-M8D","01 HIGH","1.0","15.0","0.0667","0.0167","3.0100000000000002","0.2505"
"ORF4","NA","49345","USP","ZEBRA AIT PART KIT PRINTHEAD 300 DPI ZE521 RH & LH","02 MED","3.0","45.0","0.0667","0.0167","3.0","0.2505"
"SYR1","NA","10043","USP","PLC, CONTROLLER,PROGRAMMABLE:2-1/2 INHT,3-1/2 INWD,1-1/2 INDP,24 V DCVOLT,2.6 MACURRE","02 MED","1.0","15.0","0.0667","0.0167","3.0","0.2505"
"SHV1","NA","1061778","USP","RT-B1221","02 MED","2.0","8.0","0.25","0.0611","11.0","0.2444"
"MQY1","NA","3466223","USP","243TEETH 32 T5/1215","01 HIGH","2.0","11.0","0.1818","0.0444","8.0","0.2442"
"SHV1","NA","3466140","USP","KINETIX VP LOW INERTIA MOTOR,","02 MED","1.0","11.0","0.0909","0.0222","4.0","0.2442"
"PAE2","NA","3022970","USP","CUTTING KNIFE ASSEMBLY","01 HIGH","25.0","108.0","0.2315","0.0556","10.0","0.2402"
"SAV4","NA","11424","USP","UNWIND BRAKE BAND CTM PM-BB1030","01 HIGH","3.0","32.0","0.0938","0.0222","4.0","0.2368"
"BDL4","NA","3043407","USP","SICK IME2S Series Non-Flush Inductive Non-Contact Safety Switch, 24V dc, Nickel Plated Brass Housing, 2NO, M12","01 HIGH","1.0","42.0","0.0238","0.0056","1.0","0.2352"
"DAB2","NA","3043407","USP","SICK IME2S Series Non-Flush Inductive Non-Contact Safety Switch, 24V dc, Nickel Plated Brass Housing, 2NO, M12","02 MED","1.0","42.0","0.0238","0.0056","1.0","0.2352"
"MLI1","NA","3015435","USP","VERTICAL JAW CABLE MANAGEMENT BACKING PLATE","02 MED","1.0","42.0","0.0238","0.0056","1.0","0.2352"
"ORD5","NA","3015435","USP","VERTICAL JAW CABLE MANAGEMENT BACKING PLATE","01 HIGH","1.0","42.0","0.0238","0.0056","1.0","0.2352"
"ORF4","NA","3008709","URL","Tube guide roller incl. bearings","02 MED","1.0","42.0","0.0238","0.0056","1.0","0.2352"
"ORF4","NA","3008731","URL","REWINDER_BACKING_PAPER_LH","02 MED","1.0","42.0","0.0238","0.0056","1.0","0.2352"
"ORF4","NA","3008776","URL","Tube guide roller Shaft","02 MED","1.0","42.0","0.0238","0.0056","1.0","0.2352"
"ORF4","NA","3015435","USP","VERTICAL JAW CABLE MANAGEMENT BACKING PLATE","01 HIGH","1.0","42.0","0.0238","0.0056","1.0","0.2352"
"SBD6","NA","3043407","USP","SICK IME2S Series Non-Flush Inductive Non-Contact Safety Switch, 24V dc, Nickel Plated Brass Housing, 2NO, M12","01 HIGH","1.0","42.0","0.0238","0.0056","1.0","0.2352"
"SHV1","NA","29142","URL","MANIFOLD,VALVE,8 STATION,MODULAR","02 MED","1.0","42.0","0.0238","0.0056","1.0","0.2352"
"SYR1","NA","3015435","USP","VERTICAL JAW CABLE MANAGEMENT BACKING PLATE","01 HIGH","1.0","42.0","0.0238","0.0056","1.0","0.2352"
"YHM1","NA","61591","USP","TUBE FITTING, M5 TO 4MM","02 MED","1.0","42.0","0.0238","0.0056","1.0","0.2352"
"AUS2","NA","10683","USP","WHEEL, WHEEL: LOAD ASSEMBLY","01 HIGH","2.0","28.0","0.0714","0.0167","3.0","0.2338"
"ELP1","NA","3022982","USP","LEFT ISOLATOR PLATE","02 MED","5.0","70.0","0.0714","0.0167","3.0","0.2338"
"HOU6","NA","49345","USP","ZEBRA AIT PART KIT PRINTHEAD 300 DPI ZE521 RH & LH","01 HIGH","1.0","14.0","0.0714","0.0167","3.0","0.2338"
"PDX8","NA","3466127","USP","SCANNER,BARCODE:DM363 SMARTPACK PRESENTATION READER","01 HIGH","1.0","14.0","0.0714","0.0167","3.0","0.2338"
"SAN3","NA","76580","USP","PROGRAMMED MAPLE DISPLAY UNIT FOR 3600A APPLICATOR","02 MED","1.0","14.0","0.0714","0.0167","3.0","0.2338"
"SAV4","NA","N37377","USP","SC300-2 SHOCK ABSORBER","02 MED","1.0","14.0","0.0714","0.0167","3.0","0.2338"
"SHV1","NA","10087","USP","THREADED INSERT CTM C-PM-INS1010","02 MED","1.0","14.0","0.0714","0.0167","3.0","0.2338"
"SHV1","NA","3466127","USP","SCANNER,BARCODE:DM363 SMARTPACK PRESENTATION READER","02 MED","1.0","14.0","0.0714","0.0167","3.0","0.2338"
"HOU6","NA","3466261","USP","SHANK THREAD SIZE(M10X1.25), ID 10MM, JAW OPENING W 10MM,","01 HIGH","1.0","3.0","0.3333","0.0778","14.0","0.2334"
"AGS1","NA","1004322","USP","PUSHBUTTON METAL LATCH","01 HIGH","3.0","21.0","0.1429","0.0333","6.0","0.2331"
"BDL4","NA","3025738","USP","COATED 9"" FOUR HOLE AIR ASSIST TUBE - MP-211-2230-9","02 MED","1.0","21.0","0.0476","0.0111","2.0","0.2331"
"BOS3","NA","1061198","USP","OLFLEXÂ® VFD SLIM, 14 AWG/4C, REDUCED DIAMETER VFD CABLE WITH ""SURGE GUARD""","02 MED","1.0","21.0","0.0476","0.0111","2.0","0.2331"
"BOS3","NA","3031139","USP","RIGHT HORIZONTAL HEATER CABLE","02 MED","1.0","21.0","0.0476","0.0111","2.0","0.2331"
"BOS3","NA","3466138","USP","VERTICAL VPL SERIES, FRAME SIZE 100MM, T WINDING, RATED SPEED 7200-80","01 HIGH","1.0","21.0","0.0476","0.0111","2.0","0.2331"
"BOS3","NA","3466140","USP","KINETIX VP LOW INERTIA MOTOR,","01 HIGH","1.0","21.0","0.0476","0.0111","2.0","0.2331"
"BOS3","NA","3466191","USP","ROD COUPLER, M10X1.25, STEEL (","01 HIGH","1.0","21.0","0.0476","0.0111","2.0","0.2331"
"BWI2","NA","3025738","USP","COATED 9"" FOUR HOLE AIR ASSIST TUBE - MP-211-2230-9","02 MED","1.0","21.0","0.0476","0.0111","2.0","0.2331"
"CLE3","NA","3008738","URL","Outer disc incl. locking hub","02 MED","1.0","21.0","0.0476","0.0111","2.0","0.2331"
"CLE3","NA","3008761","URL","S80 motor assembly","02 MED","1.0","21.0","0.0476","0.0111","2.0","0.2331"
"DAB2","NA","3043376","USP","ZLD18-BFZ4B8 SIMPLE SENSE","02 MED","2.0","42.0","0.0476","0.0111","2.0","0.2331"
"DEN4","NA","3022942","USP","CLAMP, LOOP NYLON 7/8"" X 1 1/2","01 HIGH","1.0","21.0","0.0476","0.0111","2.0","0.2331"
"DEN4","NA","3031139","USP","RIGHT HORIZONTAL HEATER CABLE","01 HIGH","1.0","21.0","0.0476","0.0111","2.0","0.2331"
"DEN4","NA","3466145","USP","RIGHT HORIZONTAL SEAL BAR ASSY","01 HIGH","1.0","21.0","0.0476","0.0111","2.0","0.2331"
"DEN4","NA","3466153","USP","RIGHT VERTICAL SEAL BAR ASSY","01 HIGH","1.0","21.0","0.0476","0.0111","2.0","0.2331"
"DEN4","NA","3466170","USP","DSNU, BORE 25MM, STROKE 100MM, DOUBLE ACTING, LATERAL AIR,","01 HIGH","1.0","21.0","0.0476","0.0111","2.0","0.2331"
"DEN4","NA","3466243","USP","LEFT HORIZONTAL SEAL BAR ASSY","01 HIGH","1.0","21.0","0.0476","0.0111","2.0","0.2331"
"DEN4","NA","3466251","USP","PIVOT BLOCK - LEFT HORIZONTAL","01 HIGH","1.0","21.0","0.0476","0.0111","2.0","0.2331"
"DEN4","NA","3466258","USP","LEFT VERTICAL SEAL BAR ASSY","01 HIGH","1.0","21.0","0.0476","0.0111","2.0","0.2331"
"DET6","NA","3025738","USP","COATED 9"" FOUR HOLE AIR ASSIST TUBE - MP-211-2230-9","02 MED","1.0","21.0","0.0476","0.0111","2.0","0.2331"
"DUS4","EU","1000078","USP","Sensor, proximity, SME-8M-DS-24V-K-0, 3-M8D","01 HIGH","1.0","21.0","0.0476","0.0111","2.0","0.2331"
"GEG1","NA","3025738","USP","COATED 9"" FOUR HOLE AIR ASSIST TUBE - MP-211-2230-9","02 MED","1.0","21.0","0.0476","0.0111","2.0","0.2331"
"GEG1","NA","3466132","USP","PNUEMATIC FITTING","01 HIGH","1.0","21.0","0.0476","0.0111","2.0","0.2331"
"GEG1","NA","3466147","USP","COMPACT CYLINDER ADN-32-25-I-P-A-S2","01 HIGH","1.0","21.0","0.0476","0.0111","2.0","0.2331"
"GEG1","NA","3466191","USP","ROD COUPLER, M10X1.25, STEEL (","01 HIGH","1.0","21.0","0.0476","0.0111","2.0","0.2331"
"GEG1","NA","3466251","USP","PIVOT BLOCK - LEFT HORIZONTAL","01 HIGH","1.0","21.0","0.0476","0.0111","2.0","0.2331"
"IGQ1","NA","1071516","USP","REPLACEMENT BELT – 18”W FOR CO","01 HIGH","2.0","21.0","0.0952","0.0222","4.0","0.2331"
"IGQ1","NA","33053","USP","SENSOR CABLE, 5M GREY, M12 FEMALE 8P STRAIGHT TO OPEN ENDED, CONTINUOUS FLEX, PUR-OB","02 MED","1.0","21.0","0.0476","0.0111","2.0","0.2331"
"IGQ1","NA","49960","USP","MDC100-050101 DRIVE","01 HIGH","1.0","21.0","0.0476","0.0111","2.0","0.2331"
"MQY1","NA","3043436","USP","Kinetix 5700 Servo Drive","02 MED","1.0","21.0","0.0476","0.0111","2.0","0.2331"
"ORF3","NA","3466170","USP","DSNU, BORE 25MM, STROKE 100MM, DOUBLE ACTING, LATERAL AIR,","01 HIGH","1.0","21.0","0.0476","0.0111","2.0","0.2331"
"OXR1","NA","3466147","USP","COMPACT CYLINDER ADN-32-25-I-P-A-S2","01 HIGH","1.0","21.0","0.0476","0.0111","2.0","0.2331"
"PDX8","NA","3466191","USP","ROD COUPLER, M10X1.25, STEEL (","01 HIGH","1.0","21.0","0.0476","0.0111","2.0","0.2331"
"PDX8","NA","3466251","USP","PIVOT BLOCK - LEFT HORIZONTAL","01 HIGH","1.0","21.0","0.0476","0.0111","2.0","0.2331"
"PDX8","NA","49960","USP","MDC100-050101 DRIVE","01 HIGH","1.0","21.0","0.0476","0.0111","2.0","0.2331"
"RIC4","NA","1063086","USP","SWITCH 2VDC PNP 0.5M LEAD M8 C","02 MED","2.0","21.0","0.0952","0.0222","4.0","0.2331"
"RIC4","NA","3466145","USP","RIGHT HORIZONTAL SEAL BAR ASSY","01 HIGH","1.0","21.0","0.0476","0.0111","2.0","0.2331"
"SAN3","NA","1063086","USP","SWITCH 2VDC PNP 0.5M LEAD M8 C","02 MED","1.0","21.0","0.0476","0.0111","2.0","0.2331"
"SAT3","NA","3466138","USP","VERTICAL VPL SERIES, FRAME SIZE 100MM, T WINDING, RATED SPEED 7200-80","01 HIGH","1.0","21.0","0.0476","0.0111","2.0","0.2331"
"SAV4","NA","1002613","USP","VALVE, CHECK VALVE,ASSEMBLY:FLOW CONTROL W/ PILOT CHECK VALVE 1/4 TUBE WITH1/8 T","02 MED","1.0","21.0","0.0476","0.0111","2.0","0.2331"
"SAV4","NA","3466132","USP","PNUEMATIC FITTING","01 HIGH","1.0","21.0","0.0476","0.0111","2.0","0.2331"
"SAV4","NA","3466147","USP","COMPACT CYLINDER ADN-32-25-I-P-A-S2","01 HIGH","1.0","21.0","0.0476","0.0111","2.0","0.2331"
"SBD6","NA","3031139","USP","RIGHT HORIZONTAL HEATER CABLE","01 HIGH","1.0","21.0","0.0476","0.0111","2.0","0.2331"
"SBD6","NA","3043405","USP","SENSOR CABLE FEMALE 5-POLE M12 STRAIGHT A CODED TO OPEN END PUR BLACK 5M","02 MED","1.0","21.0","0.0476","0.0111","2.0","0.2331"
"SBD6","NA","3466153","USP","RIGHT VERTICAL SEAL BAR ASSY","01 HIGH","1.0","21.0","0.0476","0.0111","2.0","0.2331"
"SBD6","NA","3466258","USP","LEFT VERTICAL SEAL BAR ASSY","01 HIGH","1.0","21.0","0.0476","0.0111","2.0","0.2331"
"SCK6","NA","1004322","USP","PUSHBUTTON METAL LATCH","02 MED","1.0","21.0","0.0476","0.0111","2.0","0.2331"
"SCK6","NA","3022942","USP","CLAMP, LOOP NYLON 7/8"" X 1 1/2","01 HIGH","1.0","21.0","0.0476","0.0111","2.0","0.2331"
"SCK6","NA","3466170","USP","DSNU, BORE 25MM, STROKE 100MM, DOUBLE ACTING, LATERAL AIR,","01 HIGH","1.0","21.0","0.0476","0.0111","2.0","0.2331"
"SHV1","NA","10076","USP","UNWIND DANCER ARM UNWIND SPRING","02 MED","1.0","21.0","0.0476","0.0111","2.0","0.2331"
"SHV1","NA","1069554","USP","POWER IO CABLE M12 FOR COGNEX CONN MODULE W DB9","02 MED","1.0","21.0","0.0476","0.0111","2.0","0.2331"
"SHV1","NA","3077292","URL","ALTIVAR 075KW ON MACHINE INVERTER","02 MED","2.0","21.0","0.0952","0.0222","4.0","0.2331"
"SHV1","NA","33053","USP","SENSOR CABLE, 5M GREY, M12 FEMALE 8P STRAIGHT TO OPEN ENDED, CONTINUOUS FLEX, PUR-OB","02 MED","1.0","21.0","0.0476","0.0111","2.0","0.2331"
"SHV1","NA","C-1005","EcoPac","PHOTOCEL S45-PH-5-B03-PH","01 HIGH","2.0","14.0","0.1429","0.0333","6.0","0.2331"
"SHV1","NA","C-1020","EcoPac","PHOTOCEL S45-PH-5-B03-PH","01 HIGH","2.0","14.0","0.1429","0.0333","6.0","0.2331"
"SHV1","NA","C-1105","EcoPac","PHOTOCEL S45-PH-5-B03-PH","01 HIGH","2.0","14.0","0.1429","0.0333","6.0","0.2331"
"SHV1","NA","C-2307","EcoPac","PHOTOCEL S45-PH-5-B03-PH","01 HIGH","2.0","14.0","0.1429","0.0333","6.0","0.2331"
"SHV1","NA","C-2309","EcoPac","PHOTOCEL S45-PH-5-B03-PH","01 HIGH","2.0","14.0","0.1429","0.0333","6.0","0.2331"
"SYR1","NA","1061198","USP","OLFLEXÂ® VFD SLIM, 14 AWG/4C, REDUCED DIAMETER VFD CABLE WITH ""SURGE GUARD""","02 MED","1.0","21.0","0.0476","0.0111","2.0","0.2331"
"SYR1","NA","3025738","USP","COATED 9"" FOUR HOLE AIR ASSIST TUBE - MP-211-2230-9","02 MED","1.0","21.0","0.0476","0.0111","2.0","0.2331"
"SYR1","NA","3026266","USP","Control Block","01 HIGH","1.0","21.0","0.0476","0.0111","2.0","0.2331"
"SYR1","NA","3031139","USP","RIGHT HORIZONTAL HEATER CABLE","01 HIGH","1.0","21.0","0.0476","0.0111","2.0","0.2331"
"SYR1","NA","33053","USP","SENSOR CABLE, 5M GREY, M12 FEMALE 8P STRAIGHT TO OPEN ENDED, CONTINUOUS FLEX, PUR-OB","02 MED","1.0","21.0","0.0476","0.0111","2.0","0.2331"
"SYR1","NA","3466140","USP","KINETIX VP LOW INERTIA MOTOR,","01 HIGH","1.0","21.0","0.0476","0.0111","2.0","0.2331"
"TPA4","NA","3025738","USP","COATED 9"" FOUR HOLE AIR ASSIST TUBE - MP-211-2230-9","02 MED","1.0","21.0","0.0476","0.0111","2.0","0.2331"
"TYS1","NA","N45907","USP","Valve flow control one way","02 MED","1.0","21.0","0.0476","0.0111","2.0","0.2331"
"YEG2","NA","104735","USP","SENSOR CABLE","01 HIGH","1.0","21.0","0.0476","0.0111","2.0","0.2331"
"YEG2","NA","3043405","USP","SENSOR CABLE FEMALE 5-POLE M12 STRAIGHT A CODED TO OPEN END PUR BLACK 5M","01 HIGH","1.0","21.0","0.0476","0.0111","2.0","0.2331"
"YYC4","NA","3043405","USP","SENSOR CABLE FEMALE 5-POLE M12 STRAIGHT A CODED TO OPEN END PUR BLACK 5M","01 HIGH","1.0","21.0","0.0476","0.0111","2.0","0.2331"
"YEG2","NA","49345","USP","ZEBRA AIT PART KIT PRINTHEAD 300 DPI ZE521 RH & LH","02 MED","5.0","14.0","0.3571","0.0831","14.959999999999999","0.2327"
"YEG2","NA","72902","USP","kit,motor assy, high speed...","01 HIGH","1.0","40.0","0.025","0.0056","1.0","0.224"
"SAN3","NA","10090","USP","Shoulder Screw,18-8 Stainless Steel,3/8"""" Shoulder Dia., 1"""" Shoulder Length,5/16-18 Thread,PK2","03 LOW","3.0","24.0","0.125","0.0278","5.0","0.2224"
"LUK2","NA","10191","USP","THRUST BALL BEARING, 3/4"" ID X 1-5/16"" OD X 9/32"" HT., STEEL","02 MED","1.0","20.0","0.05","0.0111","2.0","0.222"
"ORF4","NA","3022983","USP","RIGHT ISOLATOR PLATE","01 HIGH","7.0","70.0","0.1","0.0222","4.0","0.222"
"SBD6","NA","14325","USP","WIRING TOOL required for insertion/extraction @ terminal strip","02 MED","1.0","20.0","0.05","0.0111","2.0","0.222"
"SHV1","NA","3008776","URL","Tube guide roller Shaft","02 MED","8.0","21.0","0.381","0.0833","15.0","0.2187"
"SAN3","NA","3015434","USP","SWIVEL GRIPPER HEAD","03 LOW","2.0","1.0","2.0","0.4333","78.0","0.2167"
"AUS2","NA","3022951","USP","RTD, PT100, DIA 3MM, L 18MM, 3","01 HIGH","1.0","38.0","0.0263","0.0056","1.0","0.2128"
"DAB2","NA","3022951","USP","RTD, PT100, DIA 3MM, L 18MM, 3","01 HIGH","1.0","38.0","0.0263","0.0056","1.0","0.2128"
"YXU1","NA","3022934","USP","SMC Shock Absorber, RBC1007, 46.7 mm Body Length, 63.7 mm Body Length, M10 x 1 Thread Size","01 HIGH","5.0","38.0","0.1316","0.0278","5.0","0.2113"
"YHM1","NA","49345","USP","ZEBRA AIT PART KIT PRINTHEAD 300 DPI ZE521 RH & LH","02 MED","3.0","14.0","0.2143","0.0444","8.0","0.2072"
"YYC4","NA","49345","USP","ZEBRA AIT PART KIT PRINTHEAD 300 DPI ZE521 RH & LH","02 MED","3.0","14.0","0.2143","0.0444","8.0","0.2072"
"YEG2","NA","N12270","USP","SMC Speed Control Valve: Elbow Fitting, Knob, 1/4 in/1/8 in Valve Body Size, 1/4 in Tube, Meter Out","02 MED","1.0","37.0","0.027","0.0055","0.99","0.2035"
"CLE3","NA","C-3787","EcoPac","SPRING-LOADED PRESSER KIT GREEN SPRING","02 MED","1.0","12.0","0.0833","0.0167","3.0","0.2004"
"SHV1","NA","3466144","USP","SERVO DRIVE","02 MED","1.0","9.0","0.1111","0.0222","4.0","0.1998"
"ABQ1","NA","3022982","USP","LEFT ISOLATOR PLATE","01 HIGH","2.0","70.0","0.0286","0.0056","1.0","0.196"
"DAB2","NA","3022950","USP","HORIZONTAL FRONT, POWERSONIC MATED M12 + LBO3K","01 HIGH","2.0","70.0","0.0286","0.0056","1.0","0.196"
"DEN4","NA","11409","USP","TAMPA","02 MED","1.0","35.0","0.0286","0.0056","1.0","0.196"
"DET6","NA","3022945","USP","VERTICAL BOTTOM LOAD CELL","01 HIGH","2.0","70.0","0.0286","0.0056","1.0","0.196"
"ELP1","NA","49346","USP","ZEBRA AIT PART KIT PLATEN, PINCH, & PEEL ROLLERS ZE521 RH & LH","02 MED","1.0","35.0","0.0286","0.0056","1.0","0.196"
"GEG1","NA","3022941","USP","VERTICAL TOP, POWERSONIC MATED M12 + LBO2K","01 HIGH","2.0","70.0","0.0286","0.0056","1.0","0.196"
"HOU6","NA","1061526","USP","SERVO DRVE AMP JR_AUTO JR0000549642","02 MED","1.0","35.0","0.0286","0.0056","1.0","0.196"
"IGQ1","NA","3022941","USP","VERTICAL TOP, POWERSONIC MATED M12 + LBO2K","01 HIGH","2.0","70.0","0.0286","0.0056","1.0","0.196"
"LUK2","NA","3022983","USP","RIGHT ISOLATOR PLATE","01 HIGH","2.0","70.0","0.0286","0.0056","1.0","0.196"
"MLI1","NA","49346","USP","ZEBRA AIT PART KIT PLATEN, PINCH, & PEEL ROLLERS ZE521 RH & LH","02 MED","1.0","35.0","0.0286","0.0056","1.0","0.196"
"ORD5","NA","3022983","USP","RIGHT ISOLATOR PLATE","01 HIGH","2.0","70.0","0.0286","0.0056","1.0","0.196"
"PDX8","NA","3022945","USP","VERTICAL BOTTOM LOAD CELL","01 HIGH","2.0","70.0","0.0286","0.0056","1.0","0.196"
"PVD2","NA","3022945","USP","VERTICAL BOTTOM LOAD CELL","01 HIGH","2.0","70.0","0.0286","0.0056","1.0","0.196"
"RIC4","NA","49346","USP","ZEBRA AIT PART KIT PLATEN, PINCH, & PEEL ROLLERS ZE521 RH & LH","02 MED","1.0","35.0","0.0286","0.0056","1.0","0.196"
"SAT3","NA","3022982","USP","LEFT ISOLATOR PLATE","01 HIGH","2.0","70.0","0.0286","0.0056","1.0","0.196"
"SAV4","NA","3022945","USP","VERTICAL BOTTOM LOAD CELL","01 HIGH","2.0","70.0","0.0286","0.0056","1.0","0.196"
"SBD6","NA","3022941","USP","VERTICAL TOP, POWERSONIC MATED M12 + LBO2K","01 HIGH","2.0","70.0","0.0286","0.0056","1.0","0.196"
"SBD6","NA","3022945","USP","VERTICAL BOTTOM LOAD CELL","01 HIGH","2.0","70.0","0.0286","0.0056","1.0","0.196"
"SHV1","NA","107980","USP","X CODE M12X8 TO RJ45 CBL","01 HIGH","2.0","70.0","0.0286","0.0056","1.0","0.196"
"CLE3","NA","3129286","URL","Encoder Roller Bearing","03 LOW","2.0","14.0","0.1429","0.0278","5.0","0.1946"
"SBD6","NA","N12270","USP","SMC Speed Control Valve: Elbow Fitting, Knob, 1/4 in/1/8 in Valve Body Size, 1/4 in Tube, Meter Out","02 MED","2.0","14.0","0.1429","0.0278","5.0","0.1946"
"SHV1","NA","1060068","URL","RING   RETAINING SPLIT COLLAR 2.5 SQ BOR","01 HIGH","3.0","21.0","0.1429","0.0278","5.0","0.1946"
"SHV1","NA","N12270","USP","SMC Speed Control Valve: Elbow Fitting, Knob, 1/4 in/1/8 in Valve Body Size, 1/4 in Tube, Meter Out","02 MED","2.0","14.0","0.1429","0.0278","5.0","0.1946"
"ORF4","NA","3516118","URL","UNWIND UNIT SPRINGS MT910532SP","02 MED","6.0","30.0","0.2","0.0389","7.0","0.1945"
"SAN3","NA","1000078","USP","Sensor, proximity, SME-8M-DS-24V-K-0, 3-M8D","03 LOW","6.0","15.0","0.4","0.0778","14.0","0.1945"
"MLI1","NA","3022983","USP","RIGHT ISOLATOR PLATE","02 MED","4.0","70.0","0.0571","0.0111","2.0","0.1943"
"SHV1","NA","3008709","URL","Tube guide roller incl. bearings","02 MED","8.0","21.0","0.381","0.0722","13.0","0.1895"
"BDL4","NA","1073001","USP","3600 TAMP or SWING HOME SENSOR ASSEMBLY without MOUNT","02 MED","1.0","17.0","0.0588","0.0111","2.0","0.1887"
"MLI1","NA","1113249","USP","URGU48R1-04090N","03 LOW","1.0","17.0","0.0588","0.0111","2.0","0.1887"
"PVD2","NA","1113249","USP","URGU48R1-04090N","02 MED","2.0","17.0","0.1176","0.0222","4.0","0.1887"
"SHV1","NA","3008738","URL","Outer disc incl. locking hub","01 HIGH","5.0","21.0","0.2381","0.0444","8.0","0.1865"
"ORF4","NA","3288503","URL","Drive Roller Bearing","02 MED","3.0","14.0","0.2143","0.0389","7.0","0.1815"
"ORF4","NA","C-1304","EcoPac","SENSOR SMT-8M-A-PS-24V-E-0.3-N-M8D","01 HIGH","3.0","14.0","0.2143","0.0389","7.0","0.1815"
"DEN4","NA","11424","USP","UNWIND BRAKE BAND CTM PM-BB1030","01 HIGH","1.0","32.0","0.0313","0.0056","1.0","0.1792"
"LUK2","NA","11424","USP","UNWIND BRAKE BAND CTM PM-BB1030","02 MED","1.0","32.0","0.0313","0.0056","1.0","0.1792"
"SBD6","NA","1061526","USP","SERVO DRVE AMP JR_AUTO JR0000549642","01 HIGH","1.0","32.0","0.0313","0.0056","1.0","0.1792"
"ABQ1","NA","11424","USP","UNWIND BRAKE BAND CTM PM-BB1030","02 MED","2.0","32.0","0.0625","0.0111","2.0","0.1776"
"AGS1","NA","1002613","USP","VALVE, CHECK VALVE,ASSEMBLY:FLOW CONTROL W/ PILOT CHECK VALVE 1/4 TUBE WITH1/8 T","02 MED","1.0","16.0","0.0625","0.0111","2.0","0.1776"
"BDL4","NA","1002613","USP","VALVE, CHECK VALVE,ASSEMBLY:FLOW CONTROL W/ PILOT CHECK VALVE 1/4 TUBE WITH1/8 T","01 HIGH","1.0","16.0","0.0625","0.0111","2.0","0.1776"
"SBD6","NA","1002613","USP","VALVE, CHECK VALVE,ASSEMBLY:FLOW CONTROL W/ PILOT CHECK VALVE 1/4 TUBE WITH1/8 T","02 MED","2.0","16.0","0.125","0.0222","4.0","0.1776"
"SBD6","NA","10095","USP","FLANGED BUSHING","02 MED","2.0","21.0","0.0952","0.0167","3.0","0.1754"
"LUK2","NA","49345","USP","ZEBRA AIT PART KIT PRINTHEAD 300 DPI ZE521 RH & LH","02 MED","8.0","21.0","0.381","0.0667","12.0","0.1751"
"NCL1","EU","3022934","USP","SMC Shock Absorber, RBC1007, 46.7 mm Body Length, 63.7 mm Body Length, M10 x 1 Thread Size","01 HIGH","5.0","38.0","0.1316","0.0222","4.0","0.1687"
"BDL4","NA","3464199","USP","SENSOR, FIBER OPTIC THIN ZERO SPACE, SIDE VIEW TYP","01 HIGH","1.0","30.0","0.0333","0.0056","1.0","0.168"
"DET6","NA","N24793","USP","Slim Electromechanical Relay, SPDT, 6A,24VDC, PCB Terminal, 34 Series","01 HIGH","1.0","30.0","0.0333","0.0056","1.0","0.168"
"FSD1","NA","N24793","USP","Slim Electromechanical Relay, SPDT, 6A,24VDC, PCB Terminal, 34 Series","01 HIGH","1.0","30.0","0.0333","0.0056","1.0","0.168"
"HOU6","NA","3464199","USP","SENSOR, FIBER OPTIC THIN ZERO SPACE, SIDE VIEW TYP","01 HIGH","1.0","30.0","0.0333","0.0056","1.0","0.168"
"IGQ1","NA","N24793","USP","Slim Electromechanical Relay, SPDT, 6A,24VDC, PCB Terminal, 34 Series","01 HIGH","1.0","30.0","0.0333","0.0056","1.0","0.168"
"MTN1","NA","3464199","USP","SENSOR, FIBER OPTIC THIN ZERO SPACE, SIDE VIEW TYP","01 HIGH","1.0","30.0","0.0333","0.0056","1.0","0.168"
"OXR1","NA","3043423","USP","FUSE,5 AMP,250V","02 MED","1.0","30.0","0.0333","0.0056","1.0","0.168"
"PDX8","NA","3464199","USP","SENSOR, FIBER OPTIC THIN ZERO SPACE, SIDE VIEW TYP","01 HIGH","1.0","30.0","0.0333","0.0056","1.0","0.168"
"SYR1","NA","3464199","USP","SENSOR, FIBER OPTIC THIN ZERO SPACE, SIDE VIEW TYP","01 HIGH","1.0","30.0","0.0333","0.0056","1.0","0.168"
"TYS1","NA","3464199","USP","SENSOR, FIBER OPTIC THIN ZERO SPACE, SIDE VIEW TYP","01 HIGH","1.0","30.0","0.0333","0.0056","1.0","0.168"
"YHM1","NA","3026266","USP","Control Block","03 LOW","2.0","60.0","0.0333","0.0056","1.0","0.168"
"MQY1","NA","3466261","USP","SHANK THREAD SIZE(M10X1.25), ID 10MM, JAW OPENING W 10MM,","02 MED","2.0","3.0","0.6667","0.1111","20.0","0.1667"
"BDL4","NA","23103","USP","Time Delay, Cylindrical, Fuse, GDC Series, 250VAC, Indicating (5 PK)","02 MED","1.0","15.0","0.0667","0.0111","2.0","0.1665"
"DUS4","EU","20076","USP","SKF 6004-2RSH/C3 1-reihig Kugellager glatt, Innen-Ø 20 mm / Außen-Ø 42 mm Außen-ø , Breite 12 mm","03 LOW","12.0","60.0","0.2","0.0333","6.0","0.1665"
"MLI1","NA","3464199","USP","SENSOR, FIBER OPTIC THIN ZERO SPACE, SIDE VIEW TYP","03 LOW","2.0","30.0","0.0667","0.0111","2.0","0.1665"
"SHV1","NA","3524417","EcoPac","VALVOLA VHEF-ES-B52-G18","02 MED","1.0","15.0","0.0667","0.0111","2.0","0.1665"
"YEG2","NA","N24793","USP","Slim Electromechanical Relay, SPDT, 6A,24VDC, PCB Terminal, 34 Series","01 HIGH","2.0","30.0","0.0667","0.0111","2.0","0.1665"
"SHV1","NA","49344","USP","Zebra ZE52163-R010000Z Print Engine","02 MED","1.0","10.0","0.1","0.0166","2.9899999999999998","0.166"
"SAV4","NA","10683","USP","WHEEL, WHEEL: LOAD ASSEMBLY","02 MED","3.0","17.0","0.1765","0.0278","5.0","0.1575"
"CLE3","NA","97607","URL","UL 489 CIRCUIT BREAKER, 3A, 1 POLE, CURVE C, 10KAIC @ 480/277VAC","03 LOW","1.0","28.0","0.0357","0.0056","1.0","0.1568"
"LUK2","NA","10683","USP","WHEEL, WHEEL: LOAD ASSEMBLY","02 MED","1.0","28.0","0.0357","0.0056","1.0","0.1568"
"MLI1","NA","10683","USP","WHEEL, WHEEL: LOAD ASSEMBLY","02 MED","1.0","28.0","0.0357","0.0056","1.0","0.1568"
"MTN1","NA","3466248","USP","PRECISION LINEAR SHAFT, DIA 12","01 HIGH","1.0","28.0","0.0357","0.0056","1.0","0.1568"
"ORD5","NA","3466248","USP","PRECISION LINEAR SHAFT, DIA 12","01 HIGH","1.0","28.0","0.0357","0.0056","1.0","0.1568"
"ORF4","NA","3077265","URL","Springs ‐ set of 6","02 MED","2.0","56.0","0.0357","0.0056","1.0","0.1568"
"ORF4","NA","3129284","URL","Encoder Roller","01 HIGH","2.0","56.0","0.0357","0.0056","1.0","0.1568"
"SAV4","NA","3466248","USP","PRECISION LINEAR SHAFT, DIA 12","01 HIGH","1.0","28.0","0.0357","0.0056","1.0","0.1568"
"ORF4","NA","C-3715","EcoPac","PHOTOCEL S45-PH-5-B03-PH","01 HIGH","3.0","12.0","0.25","0.0389","7.0","0.1556"
"AGS1","NA","N24793","USP","Slim Electromechanical Relay, SPDT, 6A,24VDC, PCB Terminal, 34 Series","01 HIGH","1.0","14.0","0.0714","0.0111","2.0","0.1554"
"BDL4","NA","10087","USP","THREADED INSERT CTM C-PM-INS1010","03 LOW","1.0","14.0","0.0714","0.0111","2.0","0.1554"
"CLE3","NA","3129287","URL","Drive Roller Bearing","02 MED","1.0","14.0","0.0714","0.0111","2.0","0.1554"
"DAB2","NA","49345","USP","ZEBRA AIT PART KIT PRINTHEAD 300 DPI ZE521 RH & LH","02 MED","1.0","14.0","0.0714","0.0111","2.0","0.1554"
"DEN4","NA","3466127","USP","SCANNER,BARCODE:DM363 SMARTPACK PRESENTATION READER","01 HIGH","1.0","14.0","0.0714","0.0111","2.0","0.1554"
"DEN4","NA","3466149","USP","PIVOT BLOCK","01 HIGH","1.0","14.0","0.0714","0.0111","2.0","0.1554"
"GEG1","NA","3466149","USP","PIVOT BLOCK","01 HIGH","1.0","14.0","0.0714","0.0111","2.0","0.1554"
"GEG1","NA","N24793","USP","Slim Electromechanical Relay, SPDT, 6A,24VDC, PCB Terminal, 34 Series","01 HIGH","1.0","14.0","0.0714","0.0111","2.0","0.1554"
"IGQ1","NA","49346","USP","ZEBRA AIT PART KIT PLATEN, PINCH, & PEEL ROLLERS ZE521 RH & LH","01 HIGH","1.0","14.0","0.0714","0.0111","2.0","0.1554"
"IGQ1","NA","N12270","USP","SMC Speed Control Valve: Elbow Fitting, Knob, 1/4 in/1/8 in Valve Body Size, 1/4 in Tube, Meter Out","01 HIGH","1.0","14.0","0.0714","0.0111","2.0","0.1554"
"ORF3","NA","10683","USP","WHEEL, WHEEL: LOAD ASSEMBLY","01 HIGH","2.0","28.0","0.0714","0.0111","2.0","0.1554"
"OXR1","NA","3466127","USP","SCANNER,BARCODE:DM363 SMARTPACK PRESENTATION READER","01 HIGH","1.0","14.0","0.0714","0.0111","2.0","0.1554"
"OXR1","NA","N12270","USP","SMC Speed Control Valve: Elbow Fitting, Knob, 1/4 in/1/8 in Valve Body Size, 1/4 in Tube, Meter Out","03 LOW","1.0","14.0","0.0714","0.0111","2.0","0.1554"
"PDX8","NA","3466149","USP","PIVOT BLOCK","01 HIGH","1.0","14.0","0.0714","0.0111","2.0","0.1554"
"PVD2","NA","3466127","USP","SCANNER,BARCODE:DM363 SMARTPACK PRESENTATION READER","01 HIGH","1.0","14.0","0.0714","0.0111","2.0","0.1554"
"PVD2","NA","3466149","USP","PIVOT BLOCK","01 HIGH","1.0","14.0","0.0714","0.0111","2.0","0.1554"
"RIC4","NA","3466149","USP","PIVOT BLOCK","01 HIGH","2.0","14.0","0.1429","0.0222","4.0","0.1554"
"SAN3","NA","3466149","USP","PIVOT BLOCK","01 HIGH","2.0","14.0","0.1429","0.0222","4.0","0.1554"
"SBD6","NA","N24793","USP","Slim Electromechanical Relay, SPDT, 6A,24VDC, PCB Terminal, 34 Series","01 HIGH","1.0","14.0","0.0714","0.0111","2.0","0.1554"
"SCK6","NA","49346","USP","ZEBRA AIT PART KIT PLATEN, PINCH, & PEEL ROLLERS ZE521 RH & LH","01 HIGH","1.0","14.0","0.0714","0.0111","2.0","0.1554"
"SHV1","NA","3129354","URL","USB TO SERIAL CABLE","02 MED","2.0","14.0","0.1429","0.0222","4.0","0.1554"
"SHV1","NA","3466153","USP","RIGHT VERTICAL SEAL BAR ASSY","02 MED","1.0","14.0","0.0714","0.0111","2.0","0.1554"
"SHV1","NA","3471325","EcoPac","SEEGER E 17X1 UNI7435","02 MED","2.0","14.0","0.1429","0.0222","4.0","0.1554"
"SHV1","NA","C-1087","EcoPac","YF8U14-050UA3XLEAX","01 HIGH","2.0","14.0","0.1429","0.0222","4.0","0.1554"
"SHV1","NA","C-1236","EcoPac","STRAP PLATE HTD 8M LARGH.30","01 HIGH","2.0","14.0","0.1429","0.0222","4.0","0.1554"
"SHV1","NA","C-1261","EcoPac","SOLID STATE RELAY","02 MED","1.0","14.0","0.0714","0.0111","2.0","0.1554"
"SHV1","NA","C-1389","EcoPac","SOLENOID VALVE VUVS-L20-M52-AD-G18-F7-1C1","01 HIGH","1.0","14.0","0.0714","0.0111","2.0","0.1554"
"SHV1","NA","C-1689","EcoPac","SHRINK DISK RCK80 14X23","01 HIGH","1.0","14.0","0.0714","0.0111","2.0","0.1554"
"SHV1","NA","C-1956","EcoPac","SOLENOID VALVE VUVS-L20-M32C-AD-G18-F7-1C1","01 HIGH","1.0","14.0","0.0714","0.0111","2.0","0.1554"
"SHV1","NA","C-3035","EcoPac","REGULATOR VRPA-LM-R18-Q8","03 LOW","2.0","14.0","0.1429","0.0222","4.0","0.1554"
"SHV1","NA","N37843","USP","REWIND CONTROL/POWER ON RELAY FOR 3600A APPLICATORS - PE-RE1017","02 MED","1.0","14.0","0.0714","0.0111","2.0","0.1554"
"TLH2","NA","N41977","USP","R SERIES BEARING - .750 X 1.625 X .437","02 MED","1.0","14.0","0.0714","0.0111","2.0","0.1554"
"YEG2","NA","1071515","USP","Radial/Deep Groove Ball Bearing - Round Bore, 25 mm ID, 42 mm OD, 9 mm Width, Double Shielded, Internal Clearance","01 HIGH","1.0","14.0","0.0714","0.0111","2.0","0.1554"
"YXU1","NA","3025738","USP","COATED 9"" FOUR HOLE AIR ASSIST TUBE - MP-211-2230-9","02 MED","1.0","14.0","0.0714","0.0111","2.0","0.1554"
"PVD2","NA","107980","USP","X CODE M12X8 TO RJ45 CBL","02 MED","2.0","55.0","0.0364","0.0056","1.0","0.154"
"RIC4","NA","3466223","USP","243TEETH 32 T5/1215","01 HIGH","2.0","11.0","0.1818","0.0278","5.0","0.1529"
"SHV1","NA","3288503","URL","Drive Roller Bearing","02 MED","4.0","55.0","0.0727","0.0111","2.0","0.1526"
"SAN3","NA","11082","USP","SMART PACK FILTER REPLACEMENT  (PID)","03 LOW","7.0","24.0","0.2917","0.0444","8.0","0.1522"
"DAB2","NA","3022970","USP","CUTTING KNIFE ASSEMBLY","01 HIGH","4.0","108.0","0.037","0.0056","1.0","0.1512"
"SHV1","NA","3043388","USP","SENSOR REED PARA CILINDRO","02 MED","1.0","9.0","0.1111","0.0167","3.0","0.1503"
"SHV1","NA","3466258","USP","LEFT VERTICAL SEAL BAR ASSY","02 MED","1.0","9.0","0.1111","0.0167","3.0","0.1503"
"MTN1","NA","10191","USP","THRUST BALL BEARING, 3/4"" ID X 1-5/16"" OD X 9/32"" HT., STEEL","01 HIGH","6.0","20.0","0.3","0.0445","8.01","0.1483"
"ORF4","NA","3129289","URL","O RING, 10026407 BS1806-020 VMQ70","02 MED","400.0","14.0","28.5714","4.1944","755.0","0.1468"
"ORF4","NA","3466258","USP","LEFT VERTICAL SEAL BAR ASSY","01 HIGH","4.0","21.0","0.1905","0.0278","5.0","0.146"
"SAN3","NA","23103","USP","Time Delay, Cylindrical, Fuse, GDC Series, 250VAC, Indicating (5 PK)","03 LOW","3.0","13.0","0.2308","0.0333","6.0","0.1443"
"SAN3","NA","3022970","USP","CUTTING KNIFE ASSEMBLY","01 HIGH","25.0","108.0","0.2315","0.0333","6.0","0.1439"
"GEG1","NA","10683","USP","WHEEL, WHEEL: LOAD ASSEMBLY","01 HIGH","2.0","17.0","0.1176","0.0167","3.0","0.142"
"YYC4","NA","3022934","USP","SMC Shock Absorber, RBC1007, 46.7 mm Body Length, 63.7 mm Body Length, M10 x 1 Thread Size","01 HIGH","3.0","38.0","0.0789","0.0111","2.0","0.1406"
"AKC1","NA","11409","USP","TAMPA","02 MED","1.0","25.0","0.04","0.0056","1.0","0.14"
"SHV1","NA","11519","USP","Zebra Kit Maint Door Open Swch RH/LH","02 MED","1.0","25.0","0.04","0.0056","1.0","0.14"
"YYC4","NA","11424","USP","UNWIND BRAKE BAND CTM PM-BB1030","02 MED","1.0","25.0","0.04","0.0056","1.0","0.14"
"SAT3","NA","49344","USP","Zebra ZE52163-R010000Z Print Engine","02 MED","2.0","10.0","0.2","0.0278","5.0","0.139"
"SCK6","NA","11409","USP","TAMPA","02 MED","2.0","25.0","0.08","0.0111","2.0","0.1388"
"MLI1","NA","3022949","USP","MCMASTER ZIP TIE MOUNT","02 MED","1.0","24.0","0.0417","0.0056","1.0","0.1344"
"MLI1","NA","3022976","USP","FLAT HEAD SOCKET CAP SCREW","02 MED","1.0","24.0","0.0417","0.0056","1.0","0.1344"
"SAV4","NA","3022971","USP","FAST CONNECTION-PEG","01 HIGH","3.0","24.0","0.125","0.0167","3.0","0.1336"
"SYR1","NA","N37377","USP","SC300-2 SHOCK ABSORBER","02 MED","1.0","8.0","0.125","0.0167","3.0","0.1336"
"MLI1","NA","3022944","USP","CAPTIVE GUARDING SCREWS","02 MED","13.0","24.0","0.5417","0.0722","13.0","0.1333"
"CLE3","NA","C-3715","EcoPac","PHOTOCEL S45-PH-5-B03-PH","02 MED","2.0","12.0","0.1667","0.0222","4.0","0.1332"
"CLE3","NA","C-3786","EcoPac","SPRING-LOADED PRESSER KIT","02 MED","1.0","12.0","0.0833","0.0111","2.0","0.1332"
"PAE2","NA","3022948","USP","FLAT HEAD SOCKET CAP SCREW","01 HIGH","4.0","24.0","0.1667","0.0222","4.0","0.1332"
"RIC4","NA","3022948","USP","FLAT HEAD SOCKET CAP SCREW","01 HIGH","2.0","24.0","0.0833","0.0111","2.0","0.1332"
"SHV1","NA","3466132","USP","PNUEMATIC FITTING","02 MED","1.0","3.0","0.3333","0.0444","8.0","0.1332"
"SHV1","NA","3466170","USP","DSNU, BORE 25MM, STROKE 100MM, DOUBLE ACTING, LATERAL AIR,","02 MED","1.0","6.0","0.1667","0.0222","4.0","0.1332"
"SHV1","NA","3466248","USP","PRECISION LINEAR SHAFT, DIA 12","02 MED","1.0","4.0","0.25","0.0333","6.0","0.1332"
"SHV1","NA","C-1262","EcoPac","RELE' PLC-RSC-24DC/21 1SC. + ZOCCOLO","01 HIGH","1.0","12.0","0.0833","0.0111","2.0","0.1332"
"SHV1","NA","C-3712","EcoPac","PHOTOCEL S45-PH-5-B03-PH","01 HIGH","1.0","12.0","0.0833","0.0111","2.0","0.1332"
"SHV1","NA","C-3716","EcoPac","PHOTOCEL S45-PH-5-B03-PH","03 LOW","1.0","12.0","0.0833","0.0111","2.0","0.1332"
"SHV1","NA","C-3750","EcoPac","PHOTOCEL S45-PH-5-B03-PH","01 HIGH","1.0","12.0","0.0833","0.0111","2.0","0.1332"
"SHV1","NA","C-3759","EcoPac","ROLLER D70X330 D35","01 HIGH","1.0","12.0","0.0833","0.0111","2.0","0.1332"
"BDL4","NA","3022983","USP","RIGHT ISOLATOR PLATE","01 HIGH","3.0","70.0","0.0429","0.0056","1.0","0.1307"
"SYR1","NA","61591","USP","TUBE FITTING, M5 TO 4MM","02 MED","3.0","70.0","0.0429","0.0056","1.0","0.1307"
"SYR1","NA","N12270","USP","SMC Speed Control Valve: Elbow Fitting, Knob, 1/4 in/1/8 in Valve Body Size, 1/4 in Tube, Meter Out","01 HIGH","3.0","14.0","0.2143","0.0278","5.0","0.1297"
"MTN1","NA","10683","USP","WHEEL, WHEEL: LOAD ASSEMBLY","01 HIGH","3.0","35.0","0.0857","0.0111","2.0","0.1295"
"DET6","NA","816958","USP","IN-SIGHT STD. POWER & I/O BREAKOUT CABLE, 5M (15')","02 MED","3.0","14.0","0.2143","0.0277","4.99","0.1293"
"YXU1","NA","11409","USP","TAMPA","02 MED","1.0","23.0","0.0435","0.0056","1.0","0.1288"
"SAT3","NA","11424","USP","UNWIND BRAKE BAND CTM PM-BB1030","01 HIGH","2.0","23.0","0.087","0.0111","2.0","0.1277"
"TLH2","NA","10683","USP","WHEEL, WHEEL: LOAD ASSEMBLY","02 MED","3.0","17.0","0.1765","0.0222","4.0","0.1258"
"SHV1","NA","3524442","EcoPac","VALVOLA OBLIQUA  VZXF-L-M22C-M-A","02 MED","2.0","15.0","0.1333","0.0167","3.0","0.1253"
"DEN4","NA","3466223","USP","243TEETH 32 T5/1215","01 HIGH","1.0","11.0","0.0909","0.0111","2.0","0.1221"
"GEG1","NA","3466223","USP","243TEETH 32 T5/1215","01 HIGH","1.0","11.0","0.0909","0.0111","2.0","0.1221"
"SCK6","NA","3466223","USP","243TEETH 32 T5/1215","01 HIGH","1.0","11.0","0.0909","0.0111","2.0","0.1221"
"SYR1","NA","3466223","USP","243TEETH 32 T5/1215","01 HIGH","1.0","11.0","0.0909","0.0111","2.0","0.1221"
"ABQ1","NA","1002613","USP","VALVE, CHECK VALVE,ASSEMBLY:FLOW CONTROL W/ PILOT CHECK VALVE 1/4 TUBE WITH1/8 T","02 MED","1.0","21.0","0.0476","0.0056","1.0","0.1176"
"AKC1","NA","1001803","USP","Switch, Auxiliary, Supplementary Protector Accessory","01 HIGH","1.0","21.0","0.0476","0.0056","1.0","0.1176"
"AKC1","NA","3031139","USP","RIGHT HORIZONTAL HEATER CABLE","01 HIGH","1.0","21.0","0.0476","0.0056","1.0","0.1176"
"AUS2","NA","3466147","USP","COMPACT CYLINDER ADN-32-25-I-P-A-S2","01 HIGH","1.0","21.0","0.0476","0.0056","1.0","0.1176"
"BOS3","NA","1001191","USP","VPL-B1003F-PJ12AA SERVO MOTOR","02 MED","1.0","21.0","0.0476","0.0056","1.0","0.1176"
"BOS3","NA","1069554","USP","POWER IO CABLE M12 FOR COGNEX CONN MODULE W DB9","02 MED","1.0","21.0","0.0476","0.0056","1.0","0.1176"
"BOS3","NA","3466144","USP","SERVO DRIVE","01 HIGH","1.0","21.0","0.0476","0.0056","1.0","0.1176"
"BOS3","NA","3466258","USP","LEFT VERTICAL SEAL BAR ASSY","01 HIGH","1.0","21.0","0.0476","0.0056","1.0","0.1176"
"BWI2","NA","10076","USP","UNWIND DANCER ARM UNWIND SPRING","03 LOW","1.0","21.0","0.0476","0.0056","1.0","0.1176"
"BWI2","NA","10090","USP","Shoulder Screw,18-8 Stainless Steel,3/8"""" Shoulder Dia., 1"""" Shoulder Length,5/16-18 Thread,PK2","02 MED","1.0","21.0","0.0476","0.0056","1.0","0.1176"
"CLE3","NA","3008729","URL","Oldham coupling disk","02 MED","1.0","21.0","0.0476","0.0056","1.0","0.1176"
"CLE3","NA","3129347","URL","SWITCHING AUTOMATION LIGHT GRIDS SLG-2 (SLG10S-010SBR21D40)","01 HIGH","1.0","21.0","0.0476","0.0056","1.0","0.1176"
"CLE3","NA","3288501","URL","Tension Roller Assembly","01 HIGH","2.0","42.0","0.0476","0.0056","1.0","0.1176"
"DAB2","NA","3466243","USP","LEFT HORIZONTAL SEAL BAR ASSY","01 HIGH","1.0","21.0","0.0476","0.0056","1.0","0.1176"
"DAB2","NA","N45907","USP","Valve flow control one way","02 MED","1.0","21.0","0.0476","0.0056","1.0","0.1176"
"DEN4","NA","11147","USP","VHI425A-GV W/ GV4G6","01 HIGH","1.0","21.0","0.0476","0.0056","1.0","0.1176"
"DEN4","NA","3043368","USP","Sensor Cable, 5m Grey, M12 Female 4P Angled to Open Ended, Continuous Flex, PUR","02 MED","1.0","21.0","0.0476","0.0056","1.0","0.1176"
"DET6","NA","1002613","USP","VALVE, CHECK VALVE,ASSEMBLY:FLOW CONTROL W/ PILOT CHECK VALVE 1/4 TUBE WITH1/8 T","01 HIGH","1.0","21.0","0.0476","0.0056","1.0","0.1176"
"ELP1","NA","3466170","USP","DSNU, BORE 25MM, STROKE 100MM, DOUBLE ACTING, LATERAL AIR,","01 HIGH","1.0","21.0","0.0476","0.0056","1.0","0.1176"
"ELP1","NA","3466258","USP","LEFT VERTICAL SEAL BAR ASSY","01 HIGH","1.0","21.0","0.0476","0.0056","1.0","0.1176"
"IGQ1","NA","10191","USP","THRUST BALL BEARING, 3/4"" ID X 1-5/16"" OD X 9/32"" HT., STEEL","01 HIGH","2.0","42.0","0.0476","0.0056","1.0","0.1176"
"IGQ1","NA","3466147","USP","COMPACT CYLINDER ADN-32-25-I-P-A-S2","01 HIGH","1.0","21.0","0.0476","0.0056","1.0","0.1176"
"LUK2","NA","1002613","USP","VALVE, CHECK VALVE,ASSEMBLY:FLOW CONTROL W/ PILOT CHECK VALVE 1/4 TUBE WITH1/8 T","02 MED","1.0","21.0","0.0476","0.0056","1.0","0.1176"
"MLI1","NA","1002613","USP","VALVE, CHECK VALVE,ASSEMBLY:FLOW CONTROL W/ PILOT CHECK VALVE 1/4 TUBE WITH1/8 T","02 MED","1.0","21.0","0.0476","0.0056","1.0","0.1176"
"MLI1","NA","3466132","USP","PNUEMATIC FITTING","02 MED","1.0","21.0","0.0476","0.0056","1.0","0.1176"
"MLI1","NA","3466191","USP","ROD COUPLER, M10X1.25, STEEL (","02 MED","1.0","21.0","0.0476","0.0056","1.0","0.1176"
"MQY1","NA","1001191","USP","VPL-B1003F-PJ12AA SERVO MOTOR","02 MED","1.0","21.0","0.0476","0.0056","1.0","0.1176"
"MQY1","NA","1002613","USP","VALVE, CHECK VALVE,ASSEMBLY:FLOW CONTROL W/ PILOT CHECK VALVE 1/4 TUBE WITH1/8 T","01 HIGH","1.0","21.0","0.0476","0.0056","1.0","0.1176"
"MQY1","NA","3466145","USP","RIGHT HORIZONTAL SEAL BAR ASSY","03 LOW","1.0","21.0","0.0476","0.0056","1.0","0.1176"
"MTN1","NA","1004322","USP","PUSHBUTTON METAL LATCH","02 MED","1.0","21.0","0.0476","0.0056","1.0","0.1176"
"MTN1","NA","3466170","USP","DSNU, BORE 25MM, STROKE 100MM, DOUBLE ACTING, LATERAL AIR,","01 HIGH","1.0","21.0","0.0476","0.0056","1.0","0.1176"
"ORD5","NA","3466144","USP","SERVO DRIVE","01 HIGH","1.0","21.0","0.0476","0.0056","1.0","0.1176"
"ORD5","NA","49960","USP","MDC100-050101 DRIVE","01 HIGH","1.0","21.0","0.0476","0.0056","1.0","0.1176"
"ORF4","NA","1119770","URL","LABELLERS IN POSITION PROXIMITY SENSOR","01 HIGH","2.0","42.0","0.0476","0.0056","1.0","0.1176"
"ORF4","NA","3132058","URL","METTLER TOLEDO 24114964 BELT","02 MED","2.0","42.0","0.0476","0.0056","1.0","0.1176"
"OXR1","NA","1071516","USP","REPLACEMENT BELT – 18”W FOR CO","02 MED","1.0","21.0","0.0476","0.0056","1.0","0.1176"
"OXR1","NA","3466251","USP","PIVOT BLOCK - LEFT HORIZONTAL","01 HIGH","1.0","21.0","0.0476","0.0056","1.0","0.1176"
"PAE2","NA","3466132","USP","PNUEMATIC FITTING","01 HIGH","1.0","21.0","0.0476","0.0056","1.0","0.1176"
"PVD2","NA","3043405","USP","SENSOR CABLE FEMALE 5-POLE M12 STRAIGHT A CODED TO OPEN END PUR BLACK 5M","01 HIGH","1.0","21.0","0.0476","0.0056","1.0","0.1176"
"PVD2","NA","3466251","USP","PIVOT BLOCK - LEFT HORIZONTAL","01 HIGH","1.0","21.0","0.0476","0.0056","1.0","0.1176"
"RIC4","NA","1001191","USP","VPL-B1003F-PJ12AA SERVO MOTOR","02 MED","1.0","21.0","0.0476","0.0056","1.0","0.1176"
"RIC4","NA","1061198","USP","OLFLEXÂ® VFD SLIM, 14 AWG/4C, REDUCED DIAMETER VFD CABLE WITH ""SURGE GUARD""","02 MED","1.0","21.0","0.0476","0.0056","1.0","0.1176"
"RIC4","NA","3466140","USP","KINETIX VP LOW INERTIA MOTOR,","01 HIGH","1.0","21.0","0.0476","0.0056","1.0","0.1176"
"RIC4","NA","3466170","USP","DSNU, BORE 25MM, STROKE 100MM, DOUBLE ACTING, LATERAL AIR,","01 HIGH","1.0","21.0","0.0476","0.0056","1.0","0.1176"
"RIC4","NA","3466251","USP","PIVOT BLOCK - LEFT HORIZONTAL","01 HIGH","1.0","21.0","0.0476","0.0056","1.0","0.1176"
"SAN3","NA","3466170","USP","DSNU, BORE 25MM, STROKE 100MM, DOUBLE ACTING, LATERAL AIR,","01 HIGH","1.0","21.0","0.0476","0.0056","1.0","0.1176"
"SAT3","NA","1001803","USP","Switch, Auxiliary, Supplementary Protector Accessory","02 MED","1.0","21.0","0.0476","0.0056","1.0","0.1176"
"SAT3","NA","3466140","USP","KINETIX VP LOW INERTIA MOTOR,","01 HIGH","1.0","21.0","0.0476","0.0056","1.0","0.1176"
"SAV4","NA","10043","USP","PLC, CONTROLLER,PROGRAMMABLE:2-1/2 INHT,3-1/2 INWD,1-1/2 INDP,24 V DCVOLT,2.6 MACURRE","03 LOW","1.0","21.0","0.0476","0.0056","1.0","0.1176"
"SAV4","NA","3466170","USP","DSNU, BORE 25MM, STROKE 100MM, DOUBLE ACTING, LATERAL AIR,","01 HIGH","1.0","21.0","0.0476","0.0056","1.0","0.1176"
"SHV1","NA","C-2636","EcoPac","SPRING  D11X8.4 D1.5 N.7 SPIRE COMP","01 HIGH","1.0","21.0","0.0476","0.0056","1.0","0.1176"
"SMF1","NA","1000863","EcoPac","Point IO Sinking Input Module, 8-Point","02 MED","1.0","21.0","0.0476","0.0056","1.0","0.1176"
"SYR1","NA","1004322","USP","PUSHBUTTON METAL LATCH","02 MED","1.0","21.0","0.0476","0.0056","1.0","0.1176"
"SYR1","NA","19978","USP","TIME DELAY FUSE, 30A, CLASS J, 300KA, 600VAC","02 MED","1.0","21.0","0.0476","0.0056","1.0","0.1176"
"TPA4","NA","N45907","USP","Valve flow control one way","02 MED","1.0","21.0","0.0476","0.0056","1.0","0.1176"
"TYS1","NA","3466132","USP","PNUEMATIC FITTING","01 HIGH","1.0","21.0","0.0476","0.0056","1.0","0.1176"
"CLE3","NA","11300","URL","SPST-NO Contact Block for 22mm Panel-Mount Metal Switch","01 HIGH","2.0","14.0","0.1429","0.0167","3.0","0.1169"
"IGQ1","NA","11409","USP","TAMPA","02 MED","5.0","35.0","0.1429","0.0167","3.0","0.1169"
"SHV1","NA","3524569","EcoPac","PHOTOCEL S45-PH-5-B03-PH","02 MED","1.0","7.0","0.1429","0.0167","3.0","0.1169"
"SHV1","NA","69834","URL","OUTPUT TERMINAL-WAGO TYPE 750-530 FOR PLC10 SATELLITE PANEL","02 MED","1.0","3.0","0.3333","0.0389","7.0","0.1167"
"BOS3","NA","10076","USP","UNWIND DANCER ARM UNWIND SPRING","02 MED","2.0","21.0","0.0952","0.0111","2.0","0.1166"
"DAB2","NA","3043405","USP","SENSOR CABLE FEMALE 5-POLE M12 STRAIGHT A CODED TO OPEN END PUR BLACK 5M","02 MED","2.0","21.0","0.0952","0.0111","2.0","0.1166"
"HOU6","NA","N53951","USP","RADIAL BALL BEARING","01 HIGH","2.0","21.0","0.0952","0.0111","2.0","0.1166"
"MQY1","NA","N54020","USP","STOPPER BOLT, M6X1.0, L 20MM, WITH HEX SOCKET TIP, STRAIGHT TYPE, BUMPER URETHAN","02 MED","2.0","21.0","0.0952","0.0111","2.0","0.1166"
"ORD5","NA","10105","USP","SPRING: REWIND CLUTCH, MED DUTY, .97OD X .080 WIRE DIA","03 LOW","2.0","21.0","0.0952","0.0111","2.0","0.1166"
"PAE2","NA","1060925","USP","RING-GRIP QUICK-RELEASE PIN","02 MED","2.0","21.0","0.0952","0.0111","2.0","0.1166"
"SHV1","NA","C-2831","EcoPac","PHOTOCEL S45-PH-5-B03-PH","01 HIGH","3.0","31.0","0.0968","0.0111","2.0","0.1147"
"BOS3","NA","11519","USP","Zebra Kit Maint Door Open Swch RH/LH","02 MED","1.0","20.0","0.05","0.0056","1.0","0.112"
"CLE3","NA","C-2049","EcoPac","PHOTOCEL S45-PH-5-B03-PH","01 HIGH","1.0","20.0","0.05","0.0056","1.0","0.112"
"YEG2","NA","1113249","USP","URGU48R1-04090N","02 MED","2.0","40.0","0.05","0.0056","1.0","0.112"
"YEG2","NA","49346","USP","ZEBRA AIT PART KIT PLATEN, PINCH, & PEEL ROLLERS ZE521 RH & LH","02 MED","2.0","40.0","0.05","0.0056","1.0","0.112"
"YYC4","NA","49346","USP","ZEBRA AIT PART KIT PLATEN, PINCH, & PEEL ROLLERS ZE521 RH & LH","02 MED","2.0","40.0","0.05","0.0056","1.0","0.112"
"SHV1","NA","3062874","URL","KEYENCE - CA-E200LJ, LJ-X/LJ-V INPUT UNIT","02 MED","2.0","8.0","0.25","0.0278","5.0","0.1112"
"HOU6","NA","49344","USP","Zebra ZE52163-R010000Z Print Engine","02 MED","1.0","10.0","0.1","0.0111","2.0","0.111"
"LUK2","NA","11519","USP","Zebra Kit Maint Door Open Swch RH/LH","02 MED","2.0","20.0","0.1","0.0111","2.0","0.111"
"PAE2","NA","3022982","USP","LEFT ISOLATOR PLATE","01 HIGH","7.0","70.0","0.1","0.0111","2.0","0.111"
"ORD5","NA","11519","USP","Zebra Kit Maint Door Open Swch RH/LH","02 MED","4.0","25.0","0.16","0.0167","3.0","0.1044"
"BWI2","NA","N12270","USP","SMC Speed Control Valve: Elbow Fitting, Knob, 1/4 in/1/8 in Valve Body Size, 1/4 in Tube, Meter Out","02 MED","3.0","14.0","0.2143","0.0222","4.0","0.1036"
"CLE3","NA","C-3857","EcoPac","TOOTHED BELT 480 8M-30 HTD","02 MED","2.0","12.0","0.1667","0.0167","3.0","0.1002"
"DEN4","NA","3466261","USP","SHANK THREAD SIZE(M10X1.25), ID 10MM, JAW OPENING W 10MM,","01 HIGH","2.0","3.0","0.6667","0.0667","12.0","0.1001"
"GEG1","NA","3466261","USP","SHANK THREAD SIZE(M10X1.25), ID 10MM, JAW OPENING W 10MM,","01 HIGH","2.0","3.0","0.6667","0.0667","12.0","0.1001"
"SHV1","NA","C-1304","EcoPac","SENSOR SMT-8M-A-PS-24V-E-0.3-N-M8D","01 HIGH","4.0","14.0","0.2857","0.0278","5.0","0.0973"
"LUK2","NA","1113249","USP","URGU48R1-04090N","02 MED","1.0","17.0","0.0588","0.0056","1.0","0.0952"
"SAV4","NA","1113249","USP","URGU48R1-04090N","02 MED","1.0","17.0","0.0588","0.0056","1.0","0.0952"
"YXU1","NA","11082","USP","SMART PACK FILTER REPLACEMENT  (PID)","02 MED","1.0","17.0","0.0588","0.0056","1.0","0.0952"
"FSD1","NA","1002613","USP","VALVE, CHECK VALVE,ASSEMBLY:FLOW CONTROL W/ PILOT CHECK VALVE 1/4 TUBE WITH1/8 T","02 MED","1.0","16.0","0.0625","0.0056","1.0","0.0896"
"MQY1","NA","1061778","USP","RT-B1221","02 MED","1.0","8.0","0.125","0.0111","2.0","0.0888"
"PAE2","NA","132054","USP","ZEBRA - P1046696-146, EXTENDED LIFE DRIVE BELTS, ZE500/ZE511, HTC 8443.99.2550 C","02 MED","1.0","8.0","0.125","0.0111","2.0","0.0888"
"CLE3","NA","3037854","EcoPac","FLANGIA D69X24 D29","02 MED","8.0","21.0","0.381","0.0333","6.0","0.0874"
"EMA2","EU","3022934","USP","SMC Shock Absorber, RBC1007, 46.7 mm Body Length, 63.7 mm Body Length, M10 x 1 Thread Size","01 HIGH","5.0","38.0","0.1316","0.0111","2.0","0.0844"
"ABQ1","NA","1000078","USP","Sensor, proximity, SME-8M-DS-24V-K-0, 3-M8D","02 MED","1.0","15.0","0.0667","0.0056","1.0","0.084"
"ELP1","NA","3464199","USP","SENSOR, FIBER OPTIC THIN ZERO SPACE, SIDE VIEW TYP","02 MED","2.0","30.0","0.0667","0.0056","1.0","0.084"
"ORF3","NA","3464199","USP","SENSOR, FIBER OPTIC THIN ZERO SPACE, SIDE VIEW TYP","02 MED","2.0","30.0","0.0667","0.0056","1.0","0.084"
"PDX8","NA","N24793","USP","Slim Electromechanical Relay, SPDT, 6A,24VDC, PCB Terminal, 34 Series","01 HIGH","2.0","30.0","0.0667","0.0056","1.0","0.084"
"SHV1","NA","3516118","URL","UNWIND UNIT SPRINGS MT910532SP","02 MED","2.0","30.0","0.0667","0.0056","1.0","0.084"
"TLH2","NA","1000078","USP","Sensor, proximity, SME-8M-DS-24V-K-0, 3-M8D","02 MED","1.0","15.0","0.0667","0.0056","1.0","0.084"
"AKC1","NA","3015434","USP","SWIVEL GRIPPER HEAD","01 HIGH","1.0","1.0","1.0","0.0833","15.0","0.0833"
"ORF4","NA","1000078","USP","Sensor, proximity, SME-8M-DS-24V-K-0, 3-M8D","02 MED","4.0","15.0","0.2667","0.0222","4.0","0.0833"
"SHV1","NA","1000078","USP","Sensor, proximity, SME-8M-DS-24V-K-0, 3-M8D","02 MED","2.0","15.0","0.1333","0.0111","2.0","0.0833"
"MQY1","NA","11147","USP","VHI425A-GV W/ GV4G6","01 HIGH","2.0","29.0","0.069","0.0056","1.0","0.0812"
"TLH2","NA","N24793","USP","Slim Electromechanical Relay, SPDT, 6A,24VDC, PCB Terminal, 34 Series","02 MED","2.0","29.0","0.069","0.0056","1.0","0.0812"
"CLE3","NA","C-1087","EcoPac","YF8U14-050UA3XLEAX","01 HIGH","1.0","14.0","0.0714","0.0056","1.0","0.0784"
"DAB2","NA","1002613","USP","VALVE, CHECK VALVE,ASSEMBLY:FLOW CONTROL W/ PILOT CHECK VALVE 1/4 TUBE WITH1/8 T","02 MED","1.0","14.0","0.0714","0.0056","1.0","0.0784"
"DEN4","NA","1071515","USP","Radial/Deep Groove Ball Bearing - Round Bore, 25 mm ID, 42 mm OD, 9 mm Width, Double Shielded, Internal Clearance","02 MED","1.0","14.0","0.0714","0.0056","1.0","0.0784"
"ELP1","NA","3466149","USP","PIVOT BLOCK","01 HIGH","1.0","14.0","0.0714","0.0056","1.0","0.0784"
"HOU6","NA","N12270","USP","SMC Speed Control Valve: Elbow Fitting, Knob, 1/4 in/1/8 in Valve Body Size, 1/4 in Tube, Meter Out","01 HIGH","1.0","14.0","0.0714","0.0056","1.0","0.0784"
"IGQ1","NA","3466127","USP","SCANNER,BARCODE:DM363 SMARTPACK PRESENTATION READER","01 HIGH","1.0","14.0","0.0714","0.0056","1.0","0.0784"
"ORD5","NA","10683","USP","WHEEL, WHEEL: LOAD ASSEMBLY","01 HIGH","2.0","28.0","0.0714","0.0056","1.0","0.0784"
"ORF3","NA","3022945","USP","VERTICAL BOTTOM LOAD CELL","01 HIGH","5.0","70.0","0.0714","0.0056","1.0","0.0784"
"ORF4","NA","C-1083","EcoPac","PHOTOCEL S45-PH-5-B03-PH","01 HIGH","1.0","14.0","0.0714","0.0056","1.0","0.0784"
"PAE2","NA","1061778","USP","RT-B1221","01 HIGH","1.0","14.0","0.0714","0.0056","1.0","0.0784"
"PAE2","NA","N37843","USP","REWIND CONTROL/POWER ON RELAY FOR 3600A APPLICATORS - PE-RE1017","02 MED","1.0","14.0","0.0714","0.0056","1.0","0.0784"
"POZ2","EU","226234","USP","SERIAL RS232 TO USB CONVERTER","03 LOW","2.0","28.0","0.0714","0.0056","1.0","0.0784"
"RIC4","NA","N12270","USP","SMC Speed Control Valve: Elbow Fitting, Knob, 1/4 in/1/8 in Valve Body Size, 1/4 in Tube, Meter Out","02 MED","1.0","14.0","0.0714","0.0056","1.0","0.0784"
"SAV4","NA","11519","USP","Zebra Kit Maint Door Open Swch RH/LH","02 MED","2.0","28.0","0.0714","0.0056","1.0","0.0784"
"SHV1","NA","C-1204","EcoPac","PHOTOCEL S45-PH-5-B03-PH","01 HIGH","1.0","14.0","0.0714","0.0056","1.0","0.0784"
"SHV1","NA","C-1260","EcoPac","RELE' MY4-US 24VDC 4 SCAMBI","01 HIGH","1.0","14.0","0.0714","0.0056","1.0","0.0784"
"SHV1","NA","C-1804","EcoPac","REDUCER XC40 R 1: 7,5 PAM 14-105","01 HIGH","1.0","14.0","0.0714","0.0056","1.0","0.0784"
"ORF4","NA","1072130","URL","SHAWMUT, ATDR6, TIME DELAY, 6A, 600V","02 MED","3.0","14.0","0.2143","0.0167","3.0","0.0779"
"SYR1","NA","N24793","USP","Slim Electromechanical Relay, SPDT, 6A,24VDC, PCB Terminal, 34 Series","01 HIGH","3.0","14.0","0.2143","0.0167","3.0","0.0779"
"DAB2","NA","3466127","USP","SCANNER,BARCODE:DM363 SMARTPACK PRESENTATION READER","02 MED","2.0","14.0","0.1429","0.0111","2.0","0.0777"
"SCK6","NA","10683","USP","WHEEL, WHEEL: LOAD ASSEMBLY","01 HIGH","4.0","14.0","0.2857","0.0222","4.0","0.0777"
"TLH2","NA","1060925","USP","RING-GRIP QUICK-RELEASE PIN","02 MED","3.0","21.0","0.1429","0.0111","2.0","0.0777"
"ORF4","NA","3043388","USP","SENSOR REED PARA CILINDRO","03 LOW","4.0","55.0","0.0727","0.0056","1.0","0.077"
"ORF4","NA","C-1350","EcoPac","SUCTION CUP V 25/CS SILICON","01 HIGH","40.0","14.0","2.8571","0.2056","37.0","0.072"
"SYR1","NA","11424","USP","UNWIND BRAKE BAND CTM PM-BB1030","01 HIGH","4.0","25.0","0.16","0.0111","2.0","0.0694"
"SHV1","NA","C-3827","EcoPac","PHOTOCEL S45-PH-5-B03-PH","01 HIGH","1.0","12.0","0.0833","0.0056","1.0","0.0672"
"SHV1","NA","C-3826","EcoPac","PHOTOCEL S45-PH-5-B03-PH","01 HIGH","2.0","12.0","0.1667","0.0111","2.0","0.0666"
"MTN1","NA","11409","USP","TAMPA","02 MED","3.0","35.0","0.0857","0.0056","1.0","0.0653"
"ORD5","NA","3466223","USP","243TEETH 32 T5/1215","01 HIGH","1.0","11.0","0.0909","0.0056","1.0","0.0616"
"CLE3","NA","2038966","URL","Zebra, Kit, Print Mechanism, ZE511 Left Hand","02 MED","2.0","21.0","0.0952","0.0056","1.0","0.0588"
"DET6","NA","1071516","USP","REPLACEMENT BELT – 18”W FOR CO","01 HIGH","2.0","21.0","0.0952","0.0056","1.0","0.0588"
"MLI1","NA","1071516","USP","REPLACEMENT BELT – 18”W FOR CO","02 MED","2.0","21.0","0.0952","0.0056","1.0","0.0588"
"MQY1","NA","1071516","USP","REPLACEMENT BELT – 18”W FOR CO","01 HIGH","2.0","21.0","0.0952","0.0056","1.0","0.0588"
"MQY1","NA","3466138","USP","VERTICAL VPL SERIES, FRAME SIZE 100MM, T WINDING, RATED SPEED 7200-80","02 MED","2.0","21.0","0.0952","0.0056","1.0","0.0588"
"MQY1","NA","3466140","USP","KINETIX VP LOW INERTIA MOTOR,","01 HIGH","2.0","21.0","0.0952","0.0056","1.0","0.0588"
"MQY1","NA","3466251","USP","PIVOT BLOCK - LEFT HORIZONTAL","01 HIGH","2.0","21.0","0.0952","0.0056","1.0","0.0588"
"SAT3","NA","3466147","USP","COMPACT CYLINDER ADN-32-25-I-P-A-S2","01 HIGH","2.0","21.0","0.0952","0.0056","1.0","0.0588"
"SAT3","NA","3466170","USP","DSNU, BORE 25MM, STROKE 100MM, DOUBLE ACTING, LATERAL AIR,","01 HIGH","2.0","21.0","0.0952","0.0056","1.0","0.0588"
"SHV1","NA","69833","URL","INPUT TERMINAL-WAGO TYPE 750-430 FOR PLC10 SATELLITE PANEL","02 MED","2.0","3.0","0.6667","0.0389","7.0","0.0584"
"ORF4","NA","3466170","USP","DSNU, BORE 25MM, STROKE 100MM, DOUBLE ACTING, LATERAL AIR,","01 HIGH","4.0","21.0","0.1905","0.0111","2.0","0.0583"
"ORF4","NA","3466243","USP","LEFT HORIZONTAL SEAL BAR ASSY","01 HIGH","4.0","21.0","0.1905","0.0111","2.0","0.0583"
"ORF4","NA","C-2843","EcoPac","PHOTOCEL S45-PH-5-B03-PH","01 HIGH","3.0","31.0","0.0968","0.0056","1.0","0.0579"
"BWI2","NA","1000078","USP","Sensor, proximity, SME-8M-DS-24V-K-0, 3-M8D","02 MED","1.0","10.0","0.1","0.0056","1.0","0.056"
"ORF4","NA","3022982","USP","LEFT ISOLATOR PLATE","01 HIGH","7.0","70.0","0.1","0.0056","1.0","0.056"
"CLE3","NA","C-3033","EcoPac","PHOTOCELLS45-PH-5-B03-PH","02 MED","1.0","5.0","0.2","0.0111","2.0","0.0555"
"SAT3","NA","1000078","USP","Sensor, proximity, SME-8M-DS-24V-K-0, 3-M8D","02 MED","3.0","15.0","0.2","0.0111","2.0","0.0555"
"SHV1","NA","3524194","EcoPac","STRAP D  5MM   POLYCORD","01 HIGH","2.0","5.0","0.4","0.0222","4.0","0.0555"
"ORF4","NA","3471325","EcoPac","SEEGER E 17X1 UNI7435","02 MED","3.0","14.0","0.2143","0.0111","2.0","0.0518"
"YHM1","NA","10683","USP","WHEEL, WHEEL: LOAD ASSEMBLY","02 MED","3.0","14.0","0.2143","0.0111","2.0","0.0518"
"YHM1","NA","N12270","USP","SMC Speed Control Valve: Elbow Fitting, Knob, 1/4 in/1/8 in Valve Body Size, 1/4 in Tube, Meter Out","03 LOW","3.0","14.0","0.2143","0.0111","2.0","0.0518"
"OXR1","NA","49345","USP","ZEBRA AIT PART KIT PRINTHEAD 300 DPI ZE521 RH & LH","01 HIGH","5.0","45.0","0.1111","0.0056","1.0","0.0504"
"SHV1","NA","3466243","USP","LEFT HORIZONTAL SEAL BAR ASSY","02 MED","1.0","9.0","0.1111","0.0056","1.0","0.0504"
"YYC4","NA","10683","USP","WHEEL, WHEEL: LOAD ASSEMBLY","02 MED","1.0","3.0","0.3333","0.0167","3.0","0.0501"
"CLE3","NA","3129289","URL","O RING, 10026407 BS1806-020 VMQ70","01 HIGH","76.0","14.0","5.4286","0.2667","48.0","0.0491"
"ABQ1","NA","3022970","USP","CUTTING KNIFE ASSEMBLY","01 HIGH","25.0","108.0","0.2315","0.0111","2.0","0.048"
"AUS2","NA","1113249","USP","URGU48R1-04090N","02 MED","2.0","17.0","0.1176","0.0056","1.0","0.0476"
"SHV1","NA","1113249","USP","URGU48R1-04090N","02 MED","2.0","17.0","0.1176","0.0056","1.0","0.0476"
"ORF3","NA","N24793","USP","Slim Electromechanical Relay, SPDT, 6A,24VDC, PCB Terminal, 34 Series","01 HIGH","4.0","17.0","0.2353","0.0111","2.0","0.0472"
"SAV4","NA","N24793","USP","Slim Electromechanical Relay, SPDT, 6A,24VDC, PCB Terminal, 34 Series","03 LOW","4.0","17.0","0.2353","0.0111","2.0","0.0472"
"ORF4","NA","3008721","URL","PRODUCT CONVEYOR BELT","03 LOW","5.0","42.0","0.119","0.0056","1.0","0.047"
"MTN1","NA","23103","USP","Time Delay, Cylindrical, Fuse, GDC Series, 250VAC, Indicating (5 PK)","03 LOW","1.0","8.0","0.125","0.0056","1.0","0.0448"
"SYR1","NA","49346","USP","ZEBRA AIT PART KIT PLATEN, PINCH, & PEEL ROLLERS ZE521 RH & LH","01 HIGH","1.0","8.0","0.125","0.0056","1.0","0.0448"
"SYR1","NA","N37843","USP","REWIND CONTROL/POWER ON RELAY FOR 3600A APPLICATORS - PE-RE1017","02 MED","1.0","8.0","0.125","0.0056","1.0","0.0448"
"CLE3","NA","3524503","EcoPac","STAFFA 101X15X15","02 MED","3.0","23.0","0.1304","0.0056","1.0","0.0429"
"MLI1","NA","11424","USP","UNWIND BRAKE BAND CTM PM-BB1030","02 MED","3.0","23.0","0.1304","0.0056","1.0","0.0429"
"LUK2","NA","N12270","USP","SMC Speed Control Valve: Elbow Fitting, Knob, 1/4 in/1/8 in Valve Body Size, 1/4 in Tube, Meter Out","02 MED","2.0","14.0","0.1429","0.0056","1.0","0.0392"
"ORF4","NA","3129265","URL","Solenoid Valve","02 MED","2.0","14.0","0.1429","0.0056","1.0","0.0392"
"OXR1","NA","10191","USP","THRUST BALL BEARING, 3/4"" ID X 1-5/16"" OD X 9/32"" HT., STEEL","02 MED","5.0","35.0","0.1429","0.0056","1.0","0.0392"
"SHV1","NA","3288498","URL","Conveyor Belt","02 MED","4.0","28.0","0.1429","0.0056","1.0","0.0392"
"SHV1","NA","C-1049","EcoPac","PHOTOCEL S45-PH-5-B03-PH","01 HIGH","2.0","14.0","0.1429","0.0056","1.0","0.0392"
"SHV1","NA","C-1346","EcoPac","SPRING D35X17.5 D3.5 N.4 SPIRE TORS","01 HIGH","4.0","14.0","0.2857","0.0111","2.0","0.0389"
"ORF4","NA","1002613","USP","VALVE, CHECK VALVE,ASSEMBLY:FLOW CONTROL W/ PILOT CHECK VALVE 1/4 TUBE WITH1/8 T","02 MED","3.0","20.0","0.15","0.0056","1.0","0.0373"
"ORF4","NA","N12270","USP","SMC Speed Control Valve: Elbow Fitting, Knob, 1/4 in/1/8 in Valve Body Size, 1/4 in Tube, Meter Out","02 MED","3.0","20.0","0.15","0.0056","1.0","0.0373"
"CLE3","NA","3524548","EcoPac","STOP 200X18X8","02 MED","10.0","32.0","0.3125","0.0111","2.0","0.0355"
"CLE3","NA","3524550","EcoPac","STOP 211.5X18X8","02 MED","10.0","32.0","0.3125","0.0111","2.0","0.0355"
"RIC4","NA","3022971","USP","FAST CONNECTION-PEG","01 HIGH","4.0","24.0","0.1667","0.0056","1.0","0.0336"
"CLE3","NA","3524549","EcoPac","STOP 48.5X18X9","02 MED","8.0","24.0","0.3333","0.0111","2.0","0.0333"
"DET6","NA","1060925","USP","RING-GRIP QUICK-RELEASE PIN","01 HIGH","1.0","3.0","0.3333","0.0111","2.0","0.0333"
"GEG1","NA","1060925","USP","RING-GRIP QUICK-RELEASE PIN","01 HIGH","1.0","3.0","0.3333","0.0111","2.0","0.0333"
"ORF4","NA","49346","USP","ZEBRA AIT PART KIT PLATEN, PINCH, & PEEL ROLLERS ZE521 RH & LH","02 MED","3.0","8.0","0.375","0.0111","2.0","0.0296"
"ORF4","NA","3466145","USP","RIGHT HORIZONTAL SEAL BAR ASSY","01 HIGH","4.0","21.0","0.1905","0.0056","1.0","0.0294"
"ORF4","NA","3524381","EcoPac","PHOTOCELL GL6-P4111S92+bracket","01 HIGH","3.0","15.0","0.2","0.0056","1.0","0.028"
"OXR1","NA","1000078","USP","Sensor, proximity, SME-8M-DS-24V-K-0, 3-M8D","01 HIGH","3.0","15.0","0.2","0.0056","1.0","0.028"
"SHV1","NA","C-3033","EcoPac","PHOTOCELLS45-PH-5-B03-PH","02 MED","1.0","5.0","0.2","0.0056","1.0","0.028"
"SAV4","NA","1061778","USP","RT-B1221","01 HIGH","3.0","14.0","0.2143","0.0056","1.0","0.0261"
"ORF3","NA","1071516","USP","REPLACEMENT BELT – 18”W FOR CO","01 HIGH","9.0","21.0","0.4286","0.0111","2.0","0.0259"
"DUS4","EU","3022984","USP","8MM X 14MM LOW SOCKET HEAD MACHINE SCREWS (OR BLACK OXIDE EQUIVALENT)","02 MED","12.0","24.0","0.5","0.0111","2.0","0.0222"
"MQY1","NA","1060925","USP","RING-GRIP QUICK-RELEASE PIN","02 MED","2.0","3.0","0.6667","0.0111","2.0","0.0167"
"ORF4","NA","1113249","USP","URGU48R1-04090N","02 MED","3.0","8.0","0.375","0.0056","1.0","0.0149"
"ORF4","NA","3022970","USP","CUTTING KNIFE ASSEMBLY","01 HIGH","46.0","108.0","0.4259","0.0056","1.0","0.0131"
"ORF4","NA","1060925","USP","RING-GRIP QUICK-RELEASE PIN","02 MED","4.0","3.0","1.3333","0.0167","3.0","0.0125"
"SAT3","NA","3466261","USP","SHANK THREAD SIZE(M10X1.25), ID 10MM, JAW OPENING W 10MM,","01 HIGH","2.0","3.0","0.6667","0.0056","1.0","0.0084"
"SAV4","NA","3025738","USP","COATED 9"" FOUR HOLE AIR ASSIST TUBE - MP-211-2230-9","01 HIGH","2.0","1.0","2.0","0.0056","1.0","0.0028"
"HOU6","NA","3015434","USP","SWIVEL GRIPPER HEAD","03 LOW","10.0","1.0","10.0","0.0111","2.0","0.0011"
"ABQ1","NA","1071515","USP","Radial/Deep Groove Ball Bearing - Round Bore, 25 mm ID, 42 mm OD, 9 mm Width, Double Shielded, Internal Clearance","02 MED","2.0","28.0","0.0714","0.0","0.0","0.0"
"ABQ1","NA","1071516","USP","REPLACEMENT BELT – 18”W FOR CO","02 MED","1.0","21.0","0.0476","0.0","0.0","0.0"
"ABQ1","NA","1124355","USP","FIXED DRAW ROLLER, SMART PAC","02 MED","1.0","100.0","0.01","0.0","0.0","0.0"
"AKC1","NA","10096","USP","WASHER: THRUST, BRONZE","02 MED","1.0","34.0","0.0294","0.0","0.0","0.0"
"AUS2","NA","11519","USP","Zebra Kit Maint Door Open Swch RH/LH","02 MED","2.0","28.0","0.0714","0.0","0.0","0.0"
"BOS3","NA","1060925","USP","RING-GRIP QUICK-RELEASE PIN","03 LOW","2.0","21.0","0.0952","0.0","0.0","0.0"
"BOS3","NA","N12270","USP","SMC Speed Control Valve: Elbow Fitting, Knob, 1/4 in/1/8 in Valve Body Size, 1/4 in Tube, Meter Out","02 MED","4.0","14.0","0.2857","0.0","0.0","0.0"
"BWI2","NA","1071515","USP","Radial/Deep Groove Ball Bearing - Round Bore, 25 mm ID, 42 mm OD, 9 mm Width, Double Shielded, Internal Clearance","02 MED","1.0","14.0","0.0714","0.0","0.0","0.0"
"BWI2","NA","11424","USP","UNWIND BRAKE BAND CTM PM-BB1030","02 MED","1.0","32.0","0.0313","0.0","0.0","0.0"
"CLE3","NA","1070793","URL","contact block for e-stop switch","01 HIGH","2.0","25.0","0.08","0.0","0.0","0.0"
"CLE3","NA","1116543","URL","TIME DELAY FUSE, AMP TRAP 2000® 20A, ATDR KLASSE CC","03 LOW","1.0","5.0","0.2","0.0","0.0","0.0"
"CLE3","NA","1119770","URL","LABELLERS IN POSITION PROXIMITY SENSOR","02 MED","1.0","42.0","0.0238","0.0","0.0","0.0"
"CLE3","NA","1125233","URL","Siemens SITOP PSU300S Switched Mode DIN Rail Power Supply, 340 → 550V","03 LOW","1.0","14.0","0.0714","0.0","0.0","0.0"
"CLE3","NA","3077262","URL","Slide films ‐ three sets of three","03 LOW","1.0","56.0","0.0179","0.0","0.0","0.0"
"CLE3","NA","3077264","URL","SOCKETS_BALL_SET_12","03 LOW","1.0","56.0","0.0179","0.0","0.0","0.0"
"CLE3","NA","3077265","URL","Springs ‐ set of 6","03 LOW","1.0","56.0","0.0179","0.0","0.0","0.0"
"CLE3","NA","3077271","URL","INTERLOCK SW. (FULLY CODED) 24VDC","03 LOW","1.0","140.0","0.0071","0.0","0.0","0.0"
"CLE3","NA","3129312","URL","ILLUMINATED ESTOP STATION","03 LOW","1.0","28.0","0.0357","0.0","0.0","0.0"
"CLE3","NA","65023","URL","Zebra Kit Medien Führung ZE500 Serie","02 MED","1.0","21.0","0.0476","0.0","0.0","0.0"
"CLE3","NA","79667","EcoPac","RSSB ID 36637-1-POINT I/O Dual Port Network Adaptor","03 LOW","1.0","14.0","0.0714","0.0","0.0","0.0"
"CLE3","NA","87441","URL","SITOP PSU300S/3AC/24VDC/20A","03 LOW","1.0","14.0","0.0714","0.0","0.0","0.0"
"CLE3","NA","C-2777","EcoPac","TOOTHED BELT 1790 5M-25 HTD","01 HIGH","1.0","31.0","0.0323","0.0","0.0","0.0"
"DAB2","NA","1004322","USP","PUSHBUTTON METAL LATCH","02 MED","1.0","21.0","0.0476","0.0","0.0","0.0"
"DAB2","NA","1061778","USP","RT-B1221","02 MED","1.0","26.0","0.0385","0.0","0.0","0.0"
"DAB2","NA","11082","USP","SMART PACK FILTER REPLACEMENT  (PID)","02 MED","2.0","24.0","0.0833","0.0","0.0","0.0"
"DAB2","NA","N12270","USP","SMC Speed Control Valve: Elbow Fitting, Knob, 1/4 in/1/8 in Valve Body Size, 1/4 in Tube, Meter Out","02 MED","3.0","14.0","0.2143","0.0","0.0","0.0"
"DEN4","NA","49346","USP","ZEBRA AIT PART KIT PLATEN, PINCH, & PEEL ROLLERS ZE521 RH & LH","01 HIGH","1.0","14.0","0.0714","0.0","0.0","0.0"
"DEN4","NA","49960","USP","MDC100-050101 DRIVE","01 HIGH","2.0","31.0","0.0645","0.0","0.0","0.0"
"DEN4","NA","61591","USP","TUBE FITTING, M5 TO 4MM","02 MED","1.0","70.0","0.0143","0.0","0.0","0.0"
"DET6","NA","N12270","USP","SMC Speed Control Valve: Elbow Fitting, Knob, 1/4 in/1/8 in Valve Body Size, 1/4 in Tube, Meter Out","01 HIGH","1.0","14.0","0.0714","0.0","0.0","0.0"
"DUS4","EU","132054","USP","ZEBRA - P1046696-146, EXTENDED LIFE DRIVE BELTS, ZE500/ZE511, HTC 8443.99.2550 C","02 MED","1.0","98.0","0.0102","0.0","0.0","0.0"
"ELP1","NA","1071516","USP","REPLACEMENT BELT – 18”W FOR CO","02 MED","1.0","21.0","0.0476","0.0","0.0","0.0"
"ELP1","NA","49960","USP","MDC100-050101 DRIVE","01 HIGH","1.0","31.0","0.0323","0.0","0.0","0.0"
"ELP1","NA","N24793","USP","Slim Electromechanical Relay, SPDT, 6A,24VDC, PCB Terminal, 34 Series","01 HIGH","1.0","17.0","0.0588","0.0","0.0","0.0"
"FSD1","NA","10683","USP","WHEEL, WHEEL: LOAD ASSEMBLY","02 MED","3.0","28.0","0.1071","0.0","0.0","0.0"
"FSD1","NA","1071515","USP","Radial/Deep Groove Ball Bearing - Round Bore, 25 mm ID, 42 mm OD, 9 mm Width, Double Shielded, Internal Clearance","02 MED","3.0","28.0","0.1071","0.0","0.0","0.0"
"IGQ1","NA","11519","USP","Zebra Kit Maint Door Open Swch RH/LH","02 MED","4.0","28.0","0.1429","0.0","0.0","0.0"
"IGQ1","NA","61591","USP","TUBE FITTING, M5 TO 4MM","02 MED","4.0","70.0","0.0571","0.0","0.0","0.0"
"LUK2","NA","1000078","USP","Sensor, proximity, SME-8M-DS-24V-K-0, 3-M8D","02 MED","1.0","15.0","0.0667","0.0","0.0","0.0"
"LUK2","NA","N45907","USP","Valve flow control one way","02 MED","3.0","21.0","0.1429","0.0","0.0","0.0"
"MLI1","NA","1000078","USP","Sensor, proximity, SME-8M-DS-24V-K-0, 3-M8D","02 MED","1.0","15.0","0.0667","0.0","0.0","0.0"
"MLI1","NA","1004322","USP","PUSHBUTTON METAL LATCH","01 HIGH","2.0","30.0","0.0667","0.0","0.0","0.0"
"MLI1","NA","10076","USP","UNWIND DANCER ARM UNWIND SPRING","02 MED","3.0","23.0","0.1304","0.0","0.0","0.0"
"MLI1","NA","10105","USP","SPRING: REWIND CLUTCH, MED DUTY, .97OD X .080 WIRE DIA","03 LOW","1.0","20.0","0.05","0.0","0.0","0.0"
"MLI1","NA","10191","USP","THRUST BALL BEARING, 3/4"" ID X 1-5/16"" OD X 9/32"" HT., STEEL","02 MED","1.0","20.0","0.05","0.0","0.0","0.0"
"MLI1","NA","1063086","USP","SWITCH 2VDC PNP 0.5M LEAD M8 C","02 MED","1.0","23.0","0.0435","0.0","0.0","0.0"
"MLI1","NA","1071515","USP","Radial/Deep Groove Ball Bearing - Round Bore, 25 mm ID, 42 mm OD, 9 mm Width, Double Shielded, Internal Clearance","02 MED","1.0","14.0","0.0714","0.0","0.0","0.0"
"MLI1","NA","11082","USP","SMART PACK FILTER REPLACEMENT  (PID)","02 MED","2.0","23.0","0.087","0.0","0.0","0.0"
"MLI1","NA","11147","USP","VHI425A-GV W/ GV4G6","02 MED","1.0","23.0","0.0435","0.0","0.0","0.0"
"MLI1","NA","11519","USP","Zebra Kit Maint Door Open Swch RH/LH","02 MED","1.0","20.0","0.05","0.0","0.0","0.0"
"MLI1","NA","14325","USP","WIRING TOOL required for insertion/extraction @ terminal strip","03 LOW","1.0","20.0","0.05","0.0","0.0","0.0"
"MLI1","NA","19978","USP","TIME DELAY FUSE, 30A, CLASS J, 300KA, 600VAC","02 MED","1.0","21.0","0.0476","0.0","0.0","0.0"
"MLI1","NA","23103","USP","Time Delay, Cylindrical, Fuse, GDC Series, 250VAC, Indicating (5 PK)","03 LOW","1.0","15.0","0.0667","0.0","0.0","0.0"
"MLI1","NA","724166","USP","X-CODED ETHERNET CABLE 2METER","01 HIGH","7.0","21.0","0.3333","0.0","0.0","0.0"
"MLI1","NA","N12270","USP","SMC Speed Control Valve: Elbow Fitting, Knob, 1/4 in/1/8 in Valve Body Size, 1/4 in Tube, Meter Out","02 MED","1.0","20.0","0.05","0.0","0.0","0.0"
"MLI1","NA","N45907","USP","Valve flow control one way","02 MED","2.0","21.0","0.0952","0.0","0.0","0.0"
"MLI1","NA","N53951","USP","RADIAL BALL BEARING","02 MED","1.0","56.0","0.0179","0.0","0.0","0.0"
"MLI1","NA","N53990","USP","LINEAR RAIL","02 MED","1.0","23.0","0.0435","0.0","0.0","0.0"
"MLI1","NA","N54020","USP","STOPPER BOLT, M6X1.0, L 20MM, WITH HEX SOCKET TIP, STRAIGHT TYPE, BUMPER URETHAN","02 MED","1.0","23.0","0.0435","0.0","0.0","0.0"
"MQY1","NA","1071515","USP","Radial/Deep Groove Ball Bearing - Round Bore, 25 mm ID, 42 mm OD, 9 mm Width, Double Shielded, Internal Clearance","02 MED","4.0","28.0","0.1429","0.0","0.0","0.0"
"MQY1","NA","3043388","USP","SENSOR REED PARA CILINDRO","03 LOW","2.0","55.0","0.0364","0.0","0.0","0.0"
"MQY1","NA","3466243","USP","LEFT HORIZONTAL SEAL BAR ASSY","03 LOW","1.0","21.0","0.0476","0.0","0.0","0.0"
"MQY1","NA","61591","USP","TUBE FITTING, M5 TO 4MM","02 MED","2.0","70.0","0.0286","0.0","0.0","0.0"
"MQY1","NA","N12270","USP","SMC Speed Control Valve: Elbow Fitting, Knob, 1/4 in/1/8 in Valve Body Size, 1/4 in Tube, Meter Out","01 HIGH","1.0","14.0","0.0714","0.0","0.0","0.0"
"MTN1","NA","10105","USP","SPRING: REWIND CLUTCH, MED DUTY, .97OD X .080 WIRE DIA","02 MED","2.0","20.0","0.1","0.0","0.0","0.0"
"MTN1","NA","1063086","USP","SWITCH 2VDC PNP 0.5M LEAD M8 C","02 MED","1.0","21.0","0.0476","0.0","0.0","0.0"
"MTN1","NA","1071515","USP","Radial/Deep Groove Ball Bearing - Round Bore, 25 mm ID, 42 mm OD, 9 mm Width, Double Shielded, Internal Clearance","02 MED","2.0","28.0","0.0714","0.0","0.0","0.0"
"MTN1","NA","11519","USP","Zebra Kit Maint Door Open Swch RH/LH","02 MED","1.0","20.0","0.05","0.0","0.0","0.0"
"MTN1","NA","3022987","USP","IO-LINK MASTER, ETHERNET/IP INTERFACE, TOTAL IN- AND OUTPUTS: 16, 4X 2A OUTPUTS","01 HIGH","1.0","45.0","0.0222","0.0","0.0","0.0"
"MTN1","NA","61591","USP","TUBE FITTING, M5 TO 4MM","02 MED","2.0","70.0","0.0286","0.0","0.0","0.0"
"MTN1","NA","N53951","USP","RADIAL BALL BEARING","01 HIGH","2.0","28.0","0.0714","0.0","0.0","0.0"
"ORD5","NA","1002613","USP","VALVE, CHECK VALVE,ASSEMBLY:FLOW CONTROL W/ PILOT CHECK VALVE 1/4 TUBE WITH1/8 T","01 HIGH","1.0","20.0","0.05","0.0","0.0","0.0"
"ORD5","NA","3043388","USP","SENSOR REED PARA CILINDRO","02 MED","1.0","55.0","0.0182","0.0","0.0","0.0"
"ORD5","NA","N12270","USP","SMC Speed Control Valve: Elbow Fitting, Knob, 1/4 in/1/8 in Valve Body Size, 1/4 in Tube, Meter Out","01 HIGH","1.0","14.0","0.0714","0.0","0.0","0.0"
"ORD5","NA","N24793","USP","Slim Electromechanical Relay, SPDT, 6A,24VDC, PCB Terminal, 34 Series","01 HIGH","3.0","14.0","0.2143","0.0","0.0","0.0"
"ORF3","NA","1002613","USP","VALVE, CHECK VALVE,ASSEMBLY:FLOW CONTROL W/ PILOT CHECK VALVE 1/4 TUBE WITH1/8 T","01 HIGH","1.0","21.0","0.0476","0.0","0.0","0.0"
"ORF4","NA","1070019","URL","SWITCHMODUL:IE3000","01 HIGH","4.0","29.0","0.1379","0.0","0.0","0.0"
"ORF4","NA","3466261","USP","SHANK THREAD SIZE(M10X1.25), ID 10MM, JAW OPENING W 10MM,","02 MED","16.0","3.0","5.3333","0.0","0.0","0.0"
"ORF4","NA","61591","USP","TUBE FITTING, M5 TO 4MM","02 MED","4.0","70.0","0.0571","0.0","0.0","0.0"
"OXR1","NA","10105","USP","SPRING: REWIND CLUTCH, MED DUTY, .97OD X .080 WIRE DIA","02 MED","1.0","28.0","0.0357","0.0","0.0","0.0"
"PAE2","NA","10076","USP","UNWIND DANCER ARM UNWIND SPRING","02 MED","4.0","21.0","0.1905","0.0","0.0","0.0"
"PDX8","NA","1002613","USP","VALVE, CHECK VALVE,ASSEMBLY:FLOW CONTROL W/ PILOT CHECK VALVE 1/4 TUBE WITH1/8 T","02 MED","1.0","14.0","0.0714","0.0","0.0","0.0"
"PDX8","NA","10043","USP","PLC, CONTROLLER,PROGRAMMABLE:2-1/2 INHT,3-1/2 INWD,1-1/2 INDP,24 V DCVOLT,2.6 MACURRE","01 HIGH","1.0","32.0","0.0313","0.0","0.0","0.0"
"PDX8","NA","1113249","USP","URGU48R1-04090N","02 MED","1.0","17.0","0.0588","0.0","0.0","0.0"
"PDX8","NA","11424","USP","UNWIND BRAKE BAND CTM PM-BB1030","01 HIGH","3.0","25.0","0.12","0.0","0.0","0.0"
"PDX8","NA","11519","USP","Zebra Kit Maint Door Open Swch RH/LH","01 HIGH","1.0","25.0","0.04","0.0","0.0","0.0"
"PDX8","NA","49346","USP","ZEBRA AIT PART KIT PLATEN, PINCH, & PEEL ROLLERS ZE521 RH & LH","02 MED","2.0","14.0","0.1429","0.0","0.0","0.0"
"PDX8","NA","N12270","USP","SMC Speed Control Valve: Elbow Fitting, Knob, 1/4 in/1/8 in Valve Body Size, 1/4 in Tube, Meter Out","02 MED","1.0","14.0","0.0714","0.0","0.0","0.0"
"PVD2","NA","1004322","USP","PUSHBUTTON METAL LATCH","02 MED","1.0","21.0","0.0476","0.0","0.0","0.0"
"PVD2","NA","3043407","USP","SICK IME2S Series Non-Flush Inductive Non-Contact Safety Switch, 24V dc, Nickel Plated Brass Housing, 2NO, M12","02 MED","1.0","42.0","0.0238","0.0","0.0","0.0"
"PVD2","NA","49344","USP","Zebra ZE52163-R010000Z Print Engine","02 MED","1.0","10.0","0.1","0.0","0.0","0.0"
"PVD2","NA","N37377","USP","SC300-2 SHOCK ABSORBER","02 MED","1.0","28.0","0.0357","0.0","0.0","0.0"
"RIC4","NA","1004322","USP","PUSHBUTTON METAL LATCH","01 HIGH","1.0","21.0","0.0476","0.0","0.0","0.0"
"RIC4","NA","10683","USP","WHEEL, WHEEL: LOAD ASSEMBLY","02 MED","2.0","28.0","0.0714","0.0","0.0","0.0"
"RIC4","NA","1071515","USP","Radial/Deep Groove Ball Bearing - Round Bore, 25 mm ID, 42 mm OD, 9 mm Width, Double Shielded, Internal Clearance","02 MED","1.0","28.0","0.0357","0.0","0.0","0.0"
"RIC4","NA","11424","USP","UNWIND BRAKE BAND CTM PM-BB1030","02 MED","1.0","32.0","0.0313","0.0","0.0","0.0"
"RIC4","NA","3022953","USP","GUARDING T-BLOCK","01 HIGH","1.0","24.0","0.0417","0.0","0.0","0.0"
"RIC4","NA","N53951","USP","RADIAL BALL BEARING","02 MED","1.0","56.0","0.0179","0.0","0.0","0.0"
"SAT3","NA","10683","USP","WHEEL, WHEEL: LOAD ASSEMBLY","01 HIGH","2.0","28.0","0.0714","0.0","0.0","0.0"
"SAT3","NA","1071516","USP","REPLACEMENT BELT – 18”W FOR CO","01 HIGH","9.0","21.0","0.4286","0.0","0.0","0.0"
"SAT3","NA","1116318","USP","ULTRASONIC SENSOR, PICO+","02 MED","1.0","21.0","0.0476","0.0","0.0","0.0"
"SAT3","NA","2066703","USP","BEARING BLOCK, LINEAR","02 MED","2.0","35.0","0.0571","0.0","0.0","0.0"
"SAT3","NA","N37843","USP","REWIND CONTROL/POWER ON RELAY FOR 3600A APPLICATORS - PE-RE1017","02 MED","1.0","14.0","0.0714","0.0","0.0","0.0"
"SAV4","NA","3022931","USP","MALE INSERT 5 PIN","01 HIGH","2.0","66.0","0.0303","0.0","0.0","0.0"
"SAV4","NA","3022941","USP","VERTICAL TOP, POWERSONIC MATED M12 + LBO2K","01 HIGH","1.0","70.0","0.0143","0.0","0.0","0.0"
"SAV4","NA","3022987","USP","IO-LINK MASTER, ETHERNET/IP INTERFACE, TOTAL IN- AND OUTPUTS: 16, 4X 2A OUTPUTS","01 HIGH","1.0","45.0","0.0222","0.0","0.0","0.0"
"SAV4","NA","3043388","USP","SENSOR REED PARA CILINDRO","02 MED","2.0","55.0","0.0364","0.0","0.0","0.0"
"SAV4","NA","3043408","USP","M12, 5-pin female to flying leads, 10m Cable","02 MED","1.0","35.0","0.0286","0.0","0.0","0.0"
"SAV4","NA","49960","USP","MDC100-050101 DRIVE","01 HIGH","1.0","21.0","0.0476","0.0","0.0","0.0"
"SAV4","NA","61591","USP","TUBE FITTING, M5 TO 4MM","02 MED","2.0","35.0","0.0571","0.0","0.0","0.0"
"SCK6","NA","1001191","USP","VPL-B1003F-PJ12AA SERVO MOTOR","02 MED","1.0","21.0","0.0476","0.0","0.0","0.0"
"SCK6","NA","1002613","USP","VALVE, CHECK VALVE,ASSEMBLY:FLOW CONTROL W/ PILOT CHECK VALVE 1/4 TUBE WITH1/8 T","01 HIGH","1.0","16.0","0.0625","0.0","0.0","0.0"
"SCK6","NA","10086","USP","WASHER: CAPTURE CTM PM-FANU30375","03 LOW","3.0","20.0","0.15","0.0","0.0","0.0"
"SCK6","NA","10090","USP","Shoulder Screw,18-8 Stainless Steel,3/8"""" Shoulder Dia., 1"""" Shoulder Length,5/16-18 Thread,PK2","03 LOW","1.0","21.0","0.0476","0.0","0.0","0.0"
"SCK6","NA","10191","USP","THRUST BALL BEARING, 3/4"" ID X 1-5/16"" OD X 9/32"" HT., STEEL","01 HIGH","2.0","17.0","0.1176","0.0","0.0","0.0"
"SCK6","NA","1061198","USP","OLFLEXÂ® VFD SLIM, 14 AWG/4C, REDUCED DIAMETER VFD CABLE WITH ""SURGE GUARD""","02 MED","1.0","21.0","0.0476","0.0","0.0","0.0"
"SCK6","NA","1061778","USP","RT-B1221","02 MED","1.0","13.0","0.0769","0.0","0.0","0.0"
"SCK6","NA","1069554","USP","POWER IO CABLE M12 FOR COGNEX CONN MODULE W DB9","02 MED","1.0","37.0","0.027","0.0","0.0","0.0"
"SCK6","NA","1071515","USP","Radial/Deep Groove Ball Bearing - Round Bore, 25 mm ID, 42 mm OD, 9 mm Width, Double Shielded, Internal Clearance","02 MED","1.0","28.0","0.0357","0.0","0.0","0.0"
"SCK6","NA","1071516","USP","REPLACEMENT BELT – 18”W FOR CO","01 HIGH","9.0","21.0","0.4286","0.0","0.0","0.0"
"SCK6","NA","3043401","USP","Stopper Bolt, M8x1.25, L 25mm, Standard Tip, Straight Type, Bumper Urethane","02 MED","2.0","28.0","0.0714","0.0","0.0","0.0"
"SCK6","NA","3043404","USP","AC/DC Brick Power Supply, 90-264VAC In, 12VDC Out, 50 Watts, Standard DC Plug","02 MED","1.0","21.0","0.0476","0.0","0.0","0.0"
"SCK6","NA","3043408","USP","M12, 5-pin female to flying leads, 10m Cable","02 MED","1.0","35.0","0.0286","0.0","0.0","0.0"
"SCK6","NA","33053","USP","SENSOR CABLE, 5M GREY, M12 FEMALE 8P STRAIGHT TO OPEN ENDED, CONTINUOUS FLEX, PUR-OB","02 MED","1.0","21.0","0.0476","0.0","0.0","0.0"
"SCK6","NA","N37843","USP","REWIND CONTROL/POWER ON RELAY FOR 3600A APPLICATORS - PE-RE1017","02 MED","1.0","14.0","0.0714","0.0","0.0","0.0"
"SCK6","NA","N53951","USP","RADIAL BALL BEARING","01 HIGH","2.0","28.0","0.0714","0.0","0.0","0.0"
"SCK6","NA","N53990","USP","LINEAR RAIL","02 MED","2.0","21.0","0.0952","0.0","0.0","0.0"
"SHV1","NA","1001191","USP","VPL-B1003F-PJ12AA SERVO MOTOR","02 MED","1.0","21.0","0.0476","0.0","0.0","0.0"
"SHV1","NA","1002613","USP","VALVE, CHECK VALVE,ASSEMBLY:FLOW CONTROL W/ PILOT CHECK VALVE 1/4 TUBE WITH1/8 T","02 MED","2.0","21.0","0.0952","0.0","0.0","0.0"
"SHV1","NA","10086","USP","WASHER: CAPTURE CTM PM-FANU30375","02 MED","1.0","25.0","0.04","0.0","0.0","0.0"
"SHV1","NA","10090","USP","Shoulder Screw,18-8 Stainless Steel,3/8"""" Shoulder Dia., 1"""" Shoulder Length,5/16-18 Thread,PK2","02 MED","2.0","24.0","0.0833","0.0","0.0","0.0"
"SHV1","NA","10095","USP","FLANGED BUSHING","02 MED","3.0","21.0","0.1429","0.0","0.0","0.0"
"SHV1","NA","1061526","USP","SERVO DRVE AMP JR_AUTO JR0000549642","01 HIGH","4.0","32.0","0.125","0.0","0.0","0.0"
"SHV1","NA","1071516","USP","REPLACEMENT BELT – 18”W FOR CO","02 MED","2.0","21.0","0.0952","0.0","0.0","0.0"
"SHV1","NA","1072130","URL","SHAWMUT, ATDR6, TIME DELAY, 6A, 600V","02 MED","1.0","20.0","0.05","0.0","0.0","0.0"
"SHV1","NA","1116543","URL","TIME DELAY FUSE, AMP TRAP 2000® 20A, ATDR KLASSE CC","02 MED","1.0","25.0","0.04","0.0","0.0","0.0"
"SHV1","NA","1124355","USP","FIXED DRAW ROLLER, SMART PAC","02 MED","1.0","33.0","0.0303","0.0","0.0","0.0"
"SHV1","NA","11409","USP","TAMPA","02 MED","1.0","25.0","0.04","0.0","0.0","0.0"
"SHV1","NA","11424","USP","UNWIND BRAKE BAND CTM PM-BB1030","02 MED","1.0","25.0","0.04","0.0","0.0","0.0"
"SHV1","NA","19811","URL","MODULE, END MODULE WAGO #750-600","01 HIGH","1.0","39.0","0.0256","0.0","0.0","0.0"
"SHV1","NA","23103","USP","Time Delay, Cylindrical, Fuse, GDC Series, 250VAC, Indicating (5 PK)","02 MED","2.0","15.0","0.1333","0.0","0.0","0.0"
"SHV1","NA","3077261","URL","Parallel plate with bearing and ball pins","02 MED","1.0","30.0","0.0333","0.0","0.0","0.0"
"SHV1","NA","3129284","URL","Encoder Roller","02 MED","2.0","56.0","0.0357","0.0","0.0","0.0"
"SHV1","NA","3129323","URL","CONTROL SYSTEM","02 MED","2.0","42.0","0.0476","0.0","0.0","0.0"
"SHV1","NA","3288504","URL","Drive Motor","02 MED","1.0","55.0","0.0182","0.0","0.0","0.0"
"SHV1","NA","3466223","USP","243TEETH 32 T5/1215","02 MED","1.0","11.0","0.0909","0.0","0.0","0.0"
"SHV1","NA","3524374","EcoPac","PHOTOCEL S45-PH-5-B03-PH","02 MED","5.0","15.0","0.3333","0.0","0.0","0.0"
"SHV1","NA","3524502","EcoPac","PHOTOCEL S45-PH-5-B03-PH","02 MED","2.0","22.0","0.0909","0.0","0.0","0.0"
"SHV1","NA","57792","URL","SPRKT,40 CH,20T,7/8""""FIN BORE","02 MED","2.0","20.0","0.1","0.0","0.0","0.0"
"SHV1","NA","71920","URL","SMC - KQ2P-11, FITTING, 3/8""","02 MED","1.0","20.0","0.05","0.0","0.0","0.0"
"SHV1","NA","76580","USP","PROGRAMMED MAPLE DISPLAY UNIT FOR 3600A APPLICATOR","02 MED","1.0","14.0","0.0714","0.0","0.0","0.0"
"SHV1","NA","97607","URL","UL 489 CIRCUIT BREAKER, 3A, 1 POLE, CURVE C, 10KAIC @ 480/277VAC","02 MED","1.0","32.0","0.0313","0.0","0.0","0.0"
"SHV1","NA","C-1158","EcoPac","TIME DELAY FUSE, AMP TRAP 2000® 10A, ATDR KLASSE CC","02 MED","2.0","14.0","0.1429","0.0","0.0","0.0"
"SHV1","NA","C-1163","EcoPac","FUSE, DELAY CLASS CC 600V 4AMP","02 MED","2.0","31.0","0.0645","0.0","0.0","0.0"
"SHV1","NA","C-1165","EcoPac","FUSE,CLASS CC,600 VOLTS,10 AMPS","02 MED","2.0","14.0","0.1429","0.0","0.0","0.0"
"SHV1","NA","C-1167","EcoPac","FUSE,CLASS CC,600 VOLTS,6 AMPS","02 MED","2.0","14.0","0.1429","0.0","0.0","0.0"
"SHV1","NA","C-1217","EcoPac","PHOTOCEL S45-PH-5-B03-PH","01 HIGH","2.0","31.0","0.0645","0.0","0.0","0.0"
"SHV1","NA","C-1342","EcoPac","SPRING D22X32 D3 N.7 SPIRE COMP","01 HIGH","1.0","14.0","0.0714","0.0","0.0","0.0"
"SHV1","NA","C-1350","EcoPac","SUCTION CUP V 25/CS SILICON","01 HIGH","96.0","14.0","6.8571","0.0","0.0","0.0"
"SHV1","NA","C-1411","EcoPac","VITE M6X L126 DX","02 MED","2.0","31.0","0.0645","0.0","0.0","0.0"
"SHV1","NA","C-2635","EcoPac","SLIDER  MGN  12 HZ0H","01 HIGH","4.0","21.0","0.1905","0.0","0.0","0.0"
"SHV1","NA","C-2826","EcoPac","PHOTOCEL S45-PH-5-B03-PH","01 HIGH","1.0","31.0","0.0323","0.0","0.0","0.0"
"SHV1","NA","C-2832","EcoPac","PHOTOCEL S45-PH-5-B03-PH","01 HIGH","3.0","31.0","0.0968","0.0","0.0","0.0"
"SHV1","NA","C-3755","EcoPac","WHEEL D69X19.3 D47 FOLLE","01 HIGH","2.0","12.0","0.1667","0.0","0.0","0.0"
"SHV1","NA","N53951","USP","RADIAL BALL BEARING","02 MED","1.0","56.0","0.0179","0.0","0.0","0.0"
"SHV1","NA","N54020","USP","STOPPER BOLT, M6X1.0, L 20MM, WITH HEX SOCKET TIP, STRAIGHT TYPE, BUMPER URETHAN","02 MED","1.0","21.0","0.0476","0.0","0.0","0.0"
"SMF1","NA","79667","EcoPac","RSSB ID 36637-1-POINT I/O Dual Port Network Adaptor","02 MED","1.0","21.0","0.0476","0.0","0.0","0.0"
"SYR1","NA","10076","USP","UNWIND DANCER ARM UNWIND SPRING","02 MED","4.0","20.0","0.2","0.0","0.0","0.0"
"SYR1","NA","1071515","USP","Radial/Deep Groove Ball Bearing - Round Bore, 25 mm ID, 42 mm OD, 9 mm Width, Double Shielded, Internal Clearance","02 MED","2.0","28.0","0.0714","0.0","0.0","0.0"
"SYR1","NA","3022987","USP","IO-LINK MASTER, ETHERNET/IP INTERFACE, TOTAL IN- AND OUTPUTS: 16, 4X 2A OUTPUTS","01 HIGH","2.0","45.0","0.0444","0.0","0.0","0.0"
"TLH2","NA","1002613","USP","VALVE, CHECK VALVE,ASSEMBLY:FLOW CONTROL W/ PILOT CHECK VALVE 1/4 TUBE WITH1/8 T","02 MED","1.0","16.0","0.0625","0.0","0.0","0.0"
"TLH2","NA","11082","USP","SMART PACK FILTER REPLACEMENT  (PID)","02 MED","1.0","31.0","0.0323","0.0","0.0","0.0"
"TLH2","NA","61591","USP","TUBE FITTING, M5 TO 4MM","02 MED","2.0","35.0","0.0571","0.0","0.0","0.0"
"TLH2","NA","N45907","USP","Valve flow control one way","02 MED","1.0","21.0","0.0476","0.0","0.0","0.0"
"YEG2","NA","1002613","USP","VALVE, CHECK VALVE,ASSEMBLY:FLOW CONTROL W/ PILOT CHECK VALVE 1/4 TUBE WITH1/8 T","02 MED","1.0","14.0","0.0714","0.0","0.0","0.0"
"YEG2","NA","10076","USP","UNWIND DANCER ARM UNWIND SPRING","02 MED","2.0","23.0","0.087","0.0","0.0","0.0"
"YEG2","NA","1116318","USP","ULTRASONIC SENSOR, PICO+","02 MED","1.0","50.0","0.02","0.0","0.0","0.0"
"YEG2","NA","N37377","USP","SC300-2 SHOCK ABSORBER","02 MED","1.0","14.0","0.0714","0.0","0.0","0.0"
"YHM1","NA","1001191","USP","VPL-B1003F-PJ12AA SERVO MOTOR","02 MED","1.0","60.0","0.0167","0.0","0.0","0.0"
"YHM1","NA","1002613","USP","VALVE, CHECK VALVE,ASSEMBLY:FLOW CONTROL W/ PILOT CHECK VALVE 1/4 TUBE WITH1/8 T","02 MED","2.0","14.0","0.1429","0.0","0.0","0.0"
"YHM1","NA","3361381","USP","Fork sensor","03 LOW","1.0","28.0","0.0357","0.0","0.0","0.0"
"YHM1","NA","N37377","USP","SC300-2 SHOCK ABSORBER","02 MED","1.0","45.0","0.0222","0.0","0.0","0.0"
"YXU1","NA","1002613","USP","VALVE, CHECK VALVE,ASSEMBLY:FLOW CONTROL W/ PILOT CHECK VALVE 1/4 TUBE WITH1/8 T","01 HIGH","3.0","14.0","0.2143","0.0","0.0","0.0"
"YXU1","NA","N12270","USP","SMC Speed Control Valve: Elbow Fitting, Knob, 1/4 in/1/8 in Valve Body Size, 1/4 in Tube, Meter Out","02 MED","1.0","14.0","0.0714","0.0","0.0","0.0"
"YYC4","NA","1071516","USP","REPLACEMENT BELT – 18”W FOR CO","02 MED","2.0","70.0","0.0286","0.0","0.0","0.0"
"YYC4","NA","N12270","USP","SMC Speed Control Valve: Elbow Fitting, Knob, 1/4 in/1/8 in Valve Body Size, 1/4 in Tube, Meter Out","02 MED","1.0","14.0","0.0714","0.0","0.0","0.0"
"YYC4","NA","N37377","USP","SC300-2 SHOCK ABSORBER","02 MED","1.0","14.0","0.0714","0.0","0.0","0.0"
"ABQ1","NA","1001191","USP","VPL-B1003F-PJ12AA SERVO MOTOR","01 HIGH","0.0","21.0","0.0","0.0056","1.0",
"ABQ1","NA","10043","USP","PLC, CONTROLLER,PROGRAMMABLE:2-1/2 INHT,3-1/2 INWD,1-1/2 INDP,24 V DCVOLT,2.6 MACURRE","02 MED","1.0",,,,,
"ABQ1","NA","1004322","USP","PUSHBUTTON METAL LATCH","01 HIGH","1.0","21.0","0.0476",,,
"ABQ1","NA","10076","USP","UNWIND DANCER ARM UNWIND SPRING","02 MED","1.0","21.0","0.0476",,,
"ABQ1","NA","10086","USP","WASHER: CAPTURE CTM PM-FANU30375","03 LOW","1.0","21.0","0.0476",,,
"ABQ1","NA","10087","USP","THREADED INSERT CTM C-PM-INS1010","03 LOW","1.0","21.0","0.0476",,,
"ABQ1","NA","10090","USP","Shoulder Screw,18-8 Stainless Steel,3/8"""" Shoulder Dia., 1"""" Shoulder Length,5/16-18 Thread,PK2","02 MED","1.0","21.0","0.0476",,,
"ABQ1","NA","10095","USP","FLANGED BUSHING","02 MED","1.0",,,,,
"ABQ1","NA","10096","USP","WASHER: THRUST, BRONZE","03 LOW","1.0","21.0","0.0476",,,
"ABQ1","NA","10105","USP","SPRING: REWIND CLUTCH, MED DUTY, .97OD X .080 WIRE DIA","03 LOW","1.0","21.0","0.0476",,,
"ABQ1","NA","1061526","USP","SERVO DRVE AMP JR_AUTO JR0000549642","02 MED","1.0","35.0","0.0286",,,
"ABQ1","NA","1063086","USP","SWITCH 2VDC PNP 0.5M LEAD M8 C","02 MED","1.0","23.0","0.0435",,,
"ABQ1","NA","11082","USP","SMART PACK FILTER REPLACEMENT  (PID)","02 MED","2.0","21.0","0.0952",,,
"ABQ1","NA","1113249","USP","URGU48R1-04090N","02 MED","1.0","26.0","0.0385",,,
"ABQ1","NA","11147","USP","VHI425A-GV W/ GV4G6","02 MED","1.0","21.0","0.0476",,,
"ABQ1","NA","1116318","USP","ULTRASONIC SENSOR, PICO+","02 MED","1.0","56.0","0.0179",,,
"ABQ1","NA","11409","USP","TAMPA","02 MED","1.0","25.0","0.04",,,
"ABQ1","NA","11519","USP","Zebra Kit Maint Door Open Swch RH/LH","02 MED","1.0","21.0","0.0476",,,
"ABQ1","NA","14325","USP","WIRING TOOL required for insertion/extraction @ terminal strip","02 MED","1.0","20.0","0.05",,,
"ABQ1","NA","19978","USP","TIME DELAY FUSE, 30A, CLASS J, 300KA, 600VAC","02 MED","1.0","21.0","0.0476",,,
"ABQ1","NA","2066701","USP","ROLLER, MOVING DRAW ROLLER (SMART PAC)","02 MED","1.0","70.0","0.0143",,,
"ABQ1","NA","2066703","USP","BEARING BLOCK, LINEAR","02 MED","2.0","35.0","0.0571",,,
"ABQ1","NA","23103","USP","Time Delay, Cylindrical, Fuse, GDC Series, 250VAC, Indicating (5 PK)","03 LOW","1.0","21.0","0.0476",,,
"ABQ1","NA","3015435","USP","VERTICAL JAW CABLE MANAGEMENT BACKING PLATE","01 HIGH","1.0","66.0","0.0152",,,
"ABQ1","NA","3022931","USP","MALE INSERT 5 PIN","01 HIGH","1.0","66.0","0.0152",,,
"ABQ1","NA","3022932","USP","SENSOR FLAG PIN, USP TRIGGER GATE","01 HIGH","1.0","108.0","0.0093",,,
"ABQ1","NA","3022933","USP","STANDARD HOOD TOP ENTRY","01 HIGH","1.0","38.0","0.0263",,,
"ABQ1","NA","3022935","USP","M8 LOCK WASHERS (OR BLACK OXIDE EQUIVALENT)","01 HIGH","1.0","24.0","0.0417",,,
"ABQ1","NA","3022938","USP","CAPTIVE SCREW RETAINER","01 HIGH","1.0","24.0","0.0417",,,
"ABQ1","NA","3022940","USP","VERTICAL JAW CABLE MANAGEMENT BACKING PLATE","01 HIGH","4.0","38.0","0.1053",,,
"ABQ1","NA","3022941","USP","VERTICAL TOP, POWERSONIC MATED M12 + LBO2K","01 HIGH","0.0","70.0","0.0",,,
"ABQ1","NA","3022942","USP","CLAMP, LOOP NYLON 7/8"" X 1 1/2","01 HIGH","1.0","21.0","0.0476",,,
"ABQ1","NA","3022943","USP","HORIZONTAL REAR, POWERSONIC MATED M12 + LBO3K","01 HIGH","0.0","70.0","0.0",,,
"ABQ1","NA","3022944","USP","CAPTIVE GUARDING SCREWS","01 HIGH","1.0","24.0","0.0417",,,
"ABQ1","NA","3022945","USP","VERTICAL BOTTOM LOAD CELL","01 HIGH","0.0","70.0","0.0","0.0056","1.0",
"ABQ1","NA","3022947","USP","HORIZONTAL JAW CABLE MANAGEMENT BACKING PLATE","01 HIGH","3.0","38.0","0.0789",,,
"ABQ1","NA","3022948","USP","FLAT HEAD SOCKET CAP SCREW","01 HIGH","2.0","24.0","0.0833",,,
"ABQ1","NA","3022949","USP","MCMASTER ZIP TIE MOUNT","01 HIGH","1.0","24.0","0.0417",,,
"ABQ1","NA","3022950","USP","HORIZONTAL FRONT, POWERSONIC MATED M12 + LBO3K","01 HIGH","0.0","70.0","0.0",,,
"ABQ1","NA","3022951","USP","RTD, PT100, DIA 3MM, L 18MM, 3","01 HIGH","1.0","38.0","0.0263",,,
"ABQ1","NA","3022952","USP","GALVANIZED STEEL , EPDM CUSHIO","01 HIGH","1.0","24.0","0.0417",,,
"ABQ1","NA","3022953","USP","GUARDING T-BLOCK","01 HIGH","1.0","24.0","0.0417",,,
"ABQ1","NA","3022956","USP","ROTATED CABLE EXIT VERTICAL LOAD CELL HOLDER BLOCK","01 HIGH","1.0","108.0","0.0093",,,
"ABQ1","NA","3022957","USP","WASHER, M5, SST","01 HIGH","2.0","24.0","0.0833",,,
"ABQ1","NA","3022958","USP","DIVERT PLATE, TOP","01 HIGH","1.0","94.0","0.0106",,,
"ABQ1","NA","3022959","USP","SHOULDER BOLT, 12MMX40MM, M10","01 HIGH","1.0","42.0","0.0238",,,
"ABQ1","NA","3022961","USP","FRONT PLATE","01 HIGH","1.0","94.0","0.0106",,,
"ABQ1","NA","3022962","USP","DIVERT PLATE, LEFT","01 HIGH","1.0","30.0","0.0333",,,
"ABQ1","NA","3022964","USP","DIVERT PLATE, REJECT COVER","01 HIGH","1.0","94.0","0.0106",,,
"ABQ1","NA","3022967","USP","ZIP TIES, STANDARD","01 HIGH","3.0","24.0","0.125",,,
"ABQ1","NA","3022969","USP","VERTICAL CARTRIDGE HEATER","01 HIGH","1.0","66.0","0.0152",,,
"ABQ1","NA","3022971","USP","FAST CONNECTION-PEG","01 HIGH","1.0","24.0","0.0417",,,
"ABQ1","NA","3022976","USP","FLAT HEAD SOCKET CAP SCREW","01 HIGH","1.0","24.0","0.0417",,,
"ABQ1","NA","3022977","USP","GUIDED PNUEMATIC CYLINDER DFM-16-125-B-PPV-A-KF","01 HIGH","1.0","25.0","0.04",,,
"ABQ1","NA","3022981","USP","UNDER JAW BULK HEAD PLATE","01 HIGH","1.0","108.0","0.0093",,,
"ABQ1","NA","3022983","USP","RIGHT ISOLATOR PLATE","01 HIGH","1.0","70.0","0.0143",,,
"ABQ1","NA","3022984","USP","8MM X 14MM LOW SOCKET HEAD MACHINE SCREWS (OR BLACK OXIDE EQUIVALENT)","01 HIGH","1.0","24.0","0.0417",,,
"ABQ1","NA","3022985","USP","ROTATED CABLE EXIT HORIZONTAL LOAD CELL HOLDER BLOCK","01 HIGH","1.0","24.0","0.0417",,,
"ABQ1","NA","3022987","USP","IO-LINK MASTER, ETHERNET/IP INTERFACE, TOTAL IN- AND OUTPUTS: 16, 4X 2A OUTPUTS","01 HIGH","1.0","45.0","0.0222",,,
"ABQ1","NA","3025738","USP","COATED 9"" FOUR HOLE AIR ASSIST TUBE - MP-211-2230-9","01 HIGH","1.0","21.0","0.0476",,,
"ABQ1","NA","3026266","USP","Control Block","02 MED","1.0","56.0","0.0179",,,
"ABQ1","NA","3029777","USP","Ring, Centering sleeve ZBH-7-B","01 HIGH","1.0","28.0","0.0357",,,
"ABQ1","NA","3029778","USP","CABLE, NIP ROLLER MOTOR SERVO","01 HIGH","0.0","70.0","0.0",,,
"ABQ1","NA","3031139","USP","RIGHT HORIZONTAL HEATER CABLE","01 HIGH","0.0","21.0","0.0",,,
"ABQ1","NA","3032133","USP","COMPRESSION SPRING T=1.4 OD=20 ID=17","01 HIGH","1.0","28.0","0.0357",,,
"ABQ1","NA","3033957","USP","Ring, Centering sleeve ZBH-5-B","01 HIGH","1.0","28.0","0.0357",,,
"ABQ1","NA","3037848","USP","LEFT VER HEATER CABLE ASSY","01 HIGH","0.0","108.0","0.0",,,
"ABQ1","NA","3037849","USP","RIGHT VER HEATER CABLE ASSY","01 HIGH","0.0","108.0","0.0",,,
"ABQ1","NA","3037850","USP","ZIP TIES, STANDARD","01 HIGH","0.0","24.0","0.0",,,
"ABQ1","NA","3037851","USP","ALTERNATE PLASTIC P-CLIP (MUST DRILL MOUNTING HOLE TO M6)","01 HIGH","0.0","24.0","0.0",,,
"ABQ1","NA","3037852","USP","LEFT HOR HEATER CABLE ASSY","01 HIGH","0.0","108.0","0.0",,,
"ABQ1","NA","33053","USP","SENSOR CABLE, 5M GREY, M12 FEMALE 8P STRAIGHT TO OPEN ENDED, CONTINUOUS FLEX, PUR-OB","02 MED","1.0","21.0","0.0476",,,
"ABQ1","NA","3361381","USP","Fork sensor","01 HIGH","1.0","28.0","0.0357",,,
"ABQ1","NA","3466132","USP","PNUEMATIC FITTING","01 HIGH","1.0","28.0","0.0357",,,
"ABQ1","NA","3466134","USP","ROLLING BEARING  61802-2RS1","01 HIGH","1.0","35.0","0.0286",,,
"ABQ1","NA","3466138","USP","VERTICAL VPL SERIES, FRAME SIZE 100MM, T WINDING, RATED SPEED 7200-80","01 HIGH","1.0","49.0","0.0204",,,
"ABQ1","NA","3466140","USP","KINETIX VP LOW INERTIA MOTOR,","01 HIGH","1.0","49.0","0.0204",,,
"ABQ1","NA","3466144","USP","SERVO DRIVE","01 HIGH","1.0","21.0","0.0476",,,
"ABQ1","NA","3466147","USP","COMPACT CYLINDER ADN-32-25-I-P-A-S2","01 HIGH","1.0","56.0","0.0179",,,
"ABQ1","NA","3466149","USP","PIVOT BLOCK","01 HIGH","2.0","70.0","0.0286",,,
"ABQ1","NA","3466152","USP","SENSOR MOUNT","01 HIGH","1.0","56.0","0.0179",,,
"ABQ1","NA","3466153","USP","RIGHT VERTICAL SEAL BAR ASSY","01 HIGH","1.0","21.0","0.0476",,,
"ABQ1","NA","3466158","USP","SPRING PLUNGER, BALL-NOSE HARD","01 HIGH","17.0","42.0","0.4048",,,
"ABQ1","NA","3466204","USP","M8X1.25 X 16 MM LG, STROKE 1.5MM, MAX TEMP. 250C, THREAD-LOCKING, CERAMIC BALL","01 HIGH","5.0","21.0","0.2381",,,
"ABQ1","NA","3466208","USP","BEARING SPACER; INNER; 20 ID X 27 OD X 5 THICK","01 HIGH","5.0","28.0","0.1786",,,
"ABQ1","NA","3466223","USP","243TEETH 32 T5/1215","01 HIGH","1.0","42.0","0.0238",,,
"ABQ1","NA","3466243","USP","LEFT HORIZONTAL SEAL BAR ASSY","01 HIGH","1.0","70.0","0.0143",,,
"ABQ1","NA","3466247","USP","KINETIX VP MOTOR CABLE","01 HIGH","1.0","70.0","0.0143",,,
"ABQ1","NA","3466248","USP","PRECISION LINEAR SHAFT, DIA 12","01 HIGH","1.0","28.0","0.0357",,,
"ABQ1","NA","3466251","USP","PIVOT BLOCK - LEFT HORIZONTAL","01 HIGH","2.0","21.0","0.0952",,,
"ABQ1","NA","3466258","USP","LEFT VERTICAL SEAL BAR ASSY","01 HIGH","1.0","21.0","0.0476",,,
"ABQ1","NA","3466261","USP","SHANK THREAD SIZE(M10X1.25), ID 10MM, JAW OPENING W 10MM,","01 HIGH","15.0","21.0","0.7143",,,
"ABQ1","NA","3546294","USP","Kinetix VP Motor Cable, 4m","01 HIGH","0.0","90.0","0.0",,,
"ABQ1","NA","49225","USP","HEX HEAD CAP SCREW  CTM PM-FAHHSS50557","03 LOW","1.0","21.0","0.0476",,,
"ABQ1","NA","49344","USP","Zebra ZE52163-R010000Z Print Engine","02 MED","1.0","21.0","0.0476",,,
"ABQ1","NA","49345","USP","ZEBRA AIT PART KIT PRINTHEAD 300 DPI ZE521 RH & LH","02 MED","0.0","14.0","0.0","0.0556","10.01",
"ABQ1","NA","49960","USP","MDC100-050101 DRIVE","01 HIGH","0.0","21.0","0.0","0.0","0.0",
"ABQ1","NA","61591","USP","TUBE FITTING, M5 TO 4MM","02 MED","1.0","35.0","0.0286",,,
"ABQ1","NA","72902","USP","kit,motor assy, high speed...","02 MED","1.0","126.0","0.0079",,,
"ABQ1","NA","76580","USP","PROGRAMMED MAPLE DISPLAY UNIT FOR 3600A APPLICATOR","02 MED","0.0","21.0","0.0",,,
"ABQ1","NA","N24793","USP","Slim Electromechanical Relay, SPDT, 6A,24VDC, PCB Terminal, 34 Series","02 MED","1.0","21.0","0.0476",,,
"ABQ1","NA","N37377","USP","SC300-2 SHOCK ABSORBER","02 MED","0.0","28.0","0.0","0.0","0.0",
"ABQ1","NA","N37843","USP","REWIND CONTROL/POWER ON RELAY FOR 3600A APPLICATORS - PE-RE1017","02 MED","0.0","21.0","0.0",,,
"ABQ1","NA","N45907","USP","Valve flow control one way","02 MED","1.0","21.0","0.0476",,,
"ABQ1","NA","N53951","USP","RADIAL BALL BEARING","02 MED","1.0","56.0","0.0179",,,
"ABQ1","NA","N53964","USP","NEBV-S1G25-K-10-N-LE25-S6 CONNECTING CABLE","02 MED","1.0","37.0","0.027",,,
"ABQ1","NA","N53977","USP","I110-E0454 SAFETY SWITCH","02 MED","1.0","41.0","0.0244",,,
"ABQ1","NA","N53990","USP","LINEAR RAIL","02 MED","1.0","23.0","0.0435",,,
"ABQ1","NA","N54024","USP","TAPER-LOCK BUSHING, 1610 22MM BORE","02 MED","1.0","35.0","0.0286",,,
"AGS1","NA","1000078","USP","Sensor, proximity, SME-8M-DS-24V-K-0, 3-M8D","01 HIGH","0.0","15.0","0.0","0.0278","5.0",
"AGS1","NA","1001191","USP","VPL-B1003F-PJ12AA SERVO MOTOR","02 MED","1.0",,,,,
"AGS1","NA","1001803","USP","Switch, Auxiliary, Supplementary Protector Accessory","02 MED","1.0",,,,,
"AGS1","NA","10043","USP","PLC, CONTROLLER,PROGRAMMABLE:2-1/2 INHT,3-1/2 INWD,1-1/2 INDP,24 V DCVOLT,2.6 MACURRE","02 MED","1.0",,,,,
"AGS1","NA","10076","USP","UNWIND DANCER ARM UNWIND SPRING","02 MED","1.0",,,,,
"AGS1","NA","10086","USP","WASHER: CAPTURE CTM PM-FANU30375","03 LOW","1.0",,,,,
"AGS1","NA","10087","USP","THREADED INSERT CTM C-PM-INS1010","03 LOW","1.0",,,,,
"AGS1","NA","10090","USP","Shoulder Screw,18-8 Stainless Steel,3/8"""" Shoulder Dia., 1"""" Shoulder Length,5/16-18 Thread,PK2","02 MED","2.0","24.0","0.0833",,,
"AGS1","NA","10095","USP","FLANGED BUSHING","02 MED","1.0",,,,,
"AGS1","NA","10096","USP","WASHER: THRUST, BRONZE","03 LOW","1.0",,,,,
"AGS1","NA","10105","USP","SPRING: REWIND CLUTCH, MED DUTY, .97OD X .080 WIRE DIA","03 LOW","1.0",,,,,
"AGS1","NA","10191","USP","THRUST BALL BEARING, 3/4"" ID X 1-5/16"" OD X 9/32"" HT., STEEL","02 MED","1.0",,,,,
"AGS1","NA","1061526","USP","SERVO DRVE AMP JR_AUTO JR0000549642","02 MED","1.0",,,"0.0","0.0",
"AGS1","NA","1063086","USP","SWITCH 2VDC PNP 0.5M LEAD M8 C","02 MED","1.0",,,,,
"AGS1","NA","1069554","USP","POWER IO CABLE M12 FOR COGNEX CONN MODULE W DB9","02 MED","1.0",,,,,
"AGS1","NA","1071516","USP","REPLACEMENT BELT – 18”W FOR CO","01 HIGH","2.0","21.0","0.0952",,,
"AGS1","NA","1073001","USP","3600 TAMP or SWING HOME SENSOR ASSEMBLY without MOUNT","02 MED","1.0","17.0","0.0588",,,
"AGS1","NA","11082","USP","SMART PACK FILTER REPLACEMENT  (PID)","02 MED","1.0",,,,,
"AGS1","NA","11147","USP","VHI425A-GV W/ GV4G6","02 MED","1.0","22.0","0.0455",,,
"AGS1","NA","1116318","USP","ULTRASONIC SENSOR, PICO+","02 MED","1.0",,,,,
"AGS1","NA","1124355","USP","FIXED DRAW ROLLER, SMART PAC","02 MED","1.0","100.0","0.01",,,
"AGS1","NA","11409","USP","TAMPA","02 MED","1.0",,,,,
"AGS1","NA","11424","USP","UNWIND BRAKE BAND CTM PM-BB1030","02 MED","1.0",,,,,
"AGS1","NA","11519","USP","Zebra Kit Maint Door Open Swch RH/LH","02 MED","1.0",,,"0.0","0.0",
"AGS1","NA","14325","USP","WIRING TOOL required for insertion/extraction @ terminal strip","03 LOW","1.0",,,,,
"AGS1","NA","19978","USP","TIME DELAY FUSE, 30A, CLASS J, 300KA, 600VAC","01 HIGH","3.0","14.0","0.2143",,,
"AGS1","NA","23103","USP","Time Delay, Cylindrical, Fuse, GDC Series, 250VAC, Indicating (5 PK)","02 MED","1.0","15.0","0.0667",,,
"AGS1","NA","3015435","USP","VERTICAL JAW CABLE MANAGEMENT BACKING PLATE","01 HIGH","0.0","42.0","0.0",,,
"AGS1","NA","3022933","USP","STANDARD HOOD TOP ENTRY","01 HIGH","0.0","38.0","0.0",,,
"AGS1","NA","3022938","USP","CAPTIVE SCREW RETAINER","01 HIGH","0.0","21.0","0.0",,,
"AGS1","NA","3022940","USP","VERTICAL JAW CABLE MANAGEMENT BACKING PLATE","01 HIGH","0.0","38.0","0.0",,,
"AGS1","NA","3022941","USP","VERTICAL TOP, POWERSONIC MATED M12 + LBO2K","01 HIGH","0.0","70.0","0.0",,,
"AGS1","NA","3022943","USP","HORIZONTAL REAR, POWERSONIC MATED M12 + LBO3K","01 HIGH","0.0","70.0","0.0",,,
"AGS1","NA","3022945","USP","VERTICAL BOTTOM LOAD CELL","01 HIGH","0.0","70.0","0.0","0.0111","2.0",
"AGS1","NA","3022952","USP","GALVANIZED STEEL , EPDM CUSHIO","01 HIGH","0.0","24.0","0.0",,,
"AGS1","NA","3022953","USP","GUARDING T-BLOCK","01 HIGH","0.0","24.0","0.0",,,
"AGS1","NA","3022958","USP","DIVERT PLATE, TOP","01 HIGH","0.0","94.0","0.0",,,
"AGS1","NA","3022959","USP","SHOULDER BOLT, 12MMX40MM, M10","02 MED","0.0","42.0","0.0",,,
"AGS1","NA","3022961","USP","FRONT PLATE","01 HIGH","0.0","94.0","0.0",,,
"AGS1","NA","3022969","USP","VERTICAL CARTRIDGE HEATER","01 HIGH","0.0","66.0","0.0",,,
"AGS1","NA","3022970","USP","CUTTING KNIFE ASSEMBLY","01 HIGH","0.0","108.0","0.0","0.0056","1.0",
"AGS1","NA","3022971","USP","FAST CONNECTION-PEG","01 HIGH","0.0","24.0","0.0",,,
"AGS1","NA","3022976","USP","FLAT HEAD SOCKET CAP SCREW","01 HIGH","0.0","24.0","0.0",,,
"AGS1","NA","3022977","USP","GUIDED PNUEMATIC CYLINDER DFM-16-125-B-PPV-A-KF","01 HIGH","0.0","25.0","0.0","0.0056","1.0",
"AGS1","NA","3022978","USP","LIDAR SENSOR PICS150-01000 core 1","01 HIGH","0.0","95.0","0.0",,,
"AGS1","NA","3022981","USP","UNDER JAW BULK HEAD PLATE","01 HIGH","0.0","108.0","0.0",,,
"AGS1","NA","3022982","USP","LEFT ISOLATOR PLATE","01 HIGH","0.0","70.0","0.0",,,
"AGS1","NA","3022983","USP","RIGHT ISOLATOR PLATE","01 HIGH","0.0","70.0","0.0",,,
"AGS1","NA","3026266","USP","Control Block","01 HIGH","0.0","21.0","0.0",,,
"AGS1","NA","3029777","USP","Ring, Centering sleeve ZBH-7-B","01 HIGH","1.0","28.0","0.0357",,,
"AGS1","NA","3029778","USP","CABLE, NIP ROLLER MOTOR SERVO","01 HIGH","0.0","70.0","0.0",,,
"AGS1","NA","3031139","USP","RIGHT HORIZONTAL HEATER CABLE","01 HIGH","0.0","21.0","0.0",,,
"AGS1","NA","3032133","USP","COMPRESSION SPRING T=1.4 OD=20 ID=17","01 HIGH","1.0","28.0","0.0357",,,
"AGS1","NA","3033957","USP","Ring, Centering sleeve ZBH-5-B","01 HIGH","1.0","28.0","0.0357",,,
"AGS1","NA","3037848","USP","LEFT VER HEATER CABLE ASSY","01 HIGH","0.0","108.0","0.0",,,
"AGS1","NA","3037849","USP","RIGHT VER HEATER CABLE ASSY","01 HIGH","0.0","108.0","0.0",,,
"AGS1","NA","3037852","USP","LEFT HOR HEATER CABLE ASSY","01 HIGH","0.0","108.0","0.0",,,
"AGS1","NA","3043405","USP","SENSOR CABLE FEMALE 5-POLE M12 STRAIGHT A CODED TO OPEN END PUR BLACK 5M","01 HIGH","0.0","21.0","0.0",,,
"AGS1","NA","33053","USP","SENSOR CABLE, 5M GREY, M12 FEMALE 8P STRAIGHT TO OPEN ENDED, CONTINUOUS FLEX, PUR-OB","02 MED","1.0",,,"0.0167","3.0",
"AGS1","NA","3361381","USP","Fork sensor","01 HIGH","0.0","28.0","0.0",,,
"AGS1","NA","3464199","USP","SENSOR, FIBER OPTIC THIN ZERO SPACE, SIDE VIEW TYP","01 HIGH","0.0","30.0","0.0",,,
"AGS1","NA","3466132","USP","PNUEMATIC FITTING","01 HIGH","0.0","21.0","0.0",,,
"AGS1","NA","3466134","USP","ROLLING BEARING  61802-2RS1","01 HIGH","0.0","4.0","0.0",,,
"AGS1","NA","3466138","USP","VERTICAL VPL SERIES, FRAME SIZE 100MM, T WINDING, RATED SPEED 7200-80","01 HIGH","0.0","21.0","0.0",,,
"AGS1","NA","3466140","USP","KINETIX VP LOW INERTIA MOTOR,","01 HIGH","0.0","21.0","0.0",,,
"AGS1","NA","3466144","USP","SERVO DRIVE","01 HIGH","0.0","21.0","0.0",,,
"AGS1","NA","3466145","USP","RIGHT HORIZONTAL SEAL BAR ASSY","01 HIGH","0.0","21.0","0.0",,,
"AGS1","NA","3466149","USP","PIVOT BLOCK","01 HIGH","0.0","14.0","0.0",,,
"AGS1","NA","3466152","USP","SENSOR MOUNT","01 HIGH","0.0","21.0","0.0",,,
"AGS1","NA","3466153","USP","RIGHT VERTICAL SEAL BAR ASSY","01 HIGH","0.0","21.0","0.0",,,
"AGS1","NA","3466158","USP","SPRING PLUNGER, BALL-NOSE HARD","01 HIGH","0.0","4.0","0.0",,,
"AGS1","NA","3466170","USP","DSNU, BORE 25MM, STROKE 100MM, DOUBLE ACTING, LATERAL AIR,","01 HIGH","0.0","21.0","0.0",,,
"AGS1","NA","3466191","USP","ROD COUPLER, M10X1.25, STEEL (","01 HIGH","0.0","21.0","0.0",,,
"AGS1","NA","3466204","USP","M8X1.25 X 16 MM LG, STROKE 1.5MM, MAX TEMP. 250C, THREAD-LOCKING, CERAMIC BALL","01 HIGH","0.0","4.0","0.0",,,
"AGS1","NA","3466208","USP","BEARING SPACER; INNER; 20 ID X 27 OD X 5 THICK","01 HIGH","0.0","28.0","0.0",,,
"AGS1","NA","3466223","USP","243TEETH 32 T5/1215","01 HIGH","0.0","11.0","0.0",,,
"AGS1","NA","3466243","USP","LEFT HORIZONTAL SEAL BAR ASSY","01 HIGH","0.0","21.0","0.0",,,
"AGS1","NA","3466247","USP","KINETIX VP MOTOR CABLE","01 HIGH","0.0","21.0","0.0",,,
"AGS1","NA","3466248","USP","PRECISION LINEAR SHAFT, DIA 12","01 HIGH","0.0","28.0","0.0",,,
"AGS1","NA","3466251","USP","PIVOT BLOCK - LEFT HORIZONTAL","01 HIGH","0.0","21.0","0.0","0.0056","1.0",
"AGS1","NA","3466258","USP","LEFT VERTICAL SEAL BAR ASSY","01 HIGH","0.0","21.0","0.0",,,
"AGS1","NA","3466261","USP","SHANK THREAD SIZE(M10X1.25), ID 10MM, JAW OPENING W 10MM,","01 HIGH","0.0","3.0","0.0",,,
"AGS1","NA","3546294","USP","Kinetix VP Motor Cable, 4m","01 HIGH","0.0","90.0","0.0",,,
"AGS1","NA","49225","USP","HEX HEAD CAP SCREW  CTM PM-FAHHSS50557","03 LOW","1.0",,,,,
"AGS1","NA","49960","USP","MDC100-050101 DRIVE","01 HIGH","1.0",,,,,
"AGS1","NA","61591","USP","TUBE FITTING, M5 TO 4MM","02 MED","1.0",,,"0.0278","5.0",
"AGS1","NA","76580","USP","PROGRAMMED MAPLE DISPLAY UNIT FOR 3600A APPLICATOR","02 MED","1.0",,,,,
"AGS1","NA","N12270","USP","SMC Speed Control Valve: Elbow Fitting, Knob, 1/4 in/1/8 in Valve Body Size, 1/4 in Tube, Meter Out","02 MED","1.0",,,"0.0167","3.0",
"AGS1","NA","N37377","USP","SC300-2 SHOCK ABSORBER","02 MED","1.0","28.0","0.0357",,,
"AGS1","NA","N37843","USP","REWIND CONTROL/POWER ON RELAY FOR 3600A APPLICATORS - PE-RE1017","02 MED","1.0","14.0","0.0714",,,
"AGS1","NA","N45907","USP","Valve flow control one way","02 MED","1.0",,,,,
"AGS1","NA","N53951","USP","RADIAL BALL BEARING","02 MED","1.0",,,"0.0111","2.0",
"AGS1","NA","N53964","USP","NEBV-S1G25-K-10-N-LE25-S6 CONNECTING CABLE","02 MED","1.0",,,,,
"AGS1","NA","N53977","USP","I110-E0454 SAFETY SWITCH","02 MED","1.0",,,,,
"AGS1","NA","N53990","USP","LINEAR RAIL","02 MED","1.0",,,"0.0167","3.0",
"AGS1","NA","N54020","USP","STOPPER BOLT, M6X1.0, L 20MM, WITH HEX SOCKET TIP, STRAIGHT TYPE, BUMPER URETHAN","02 MED","1.0",,,"0.0222","4.0",
"AGS1","NA","N54024","USP","TAPER-LOCK BUSHING, 1610 22MM BORE","02 MED","1.0",,,,,
"AKC1","NA","1002613","USP","VALVE, CHECK VALVE,ASSEMBLY:FLOW CONTROL W/ PILOT CHECK VALVE 1/4 TUBE WITH1/8 T","01 HIGH","2.0",,,"0.0278","5.0",
"AKC1","NA","1004322","USP","PUSHBUTTON METAL LATCH","02 MED","1.0","21.0","0.0476",,,
"AKC1","NA","10076","USP","UNWIND DANCER ARM UNWIND SPRING","02 MED","1.0","21.0","0.0476",,,
"AKC1","NA","10086","USP","WASHER: CAPTURE CTM PM-FANU30375","03 LOW","1.0",,,,,
"AKC1","NA","10087","USP","THREADED INSERT CTM C-PM-INS1010","02 MED","1.0",,,,,
"AKC1","NA","10090","USP","Shoulder Screw,18-8 Stainless Steel,3/8"""" Shoulder Dia., 1"""" Shoulder Length,5/16-18 Thread,PK2","02 MED","1.0","24.0","0.0417",,,
"AKC1","NA","10095","USP","FLANGED BUSHING","03 LOW","1.0",,,,,
"AKC1","NA","10105","USP","SPRING: REWIND CLUTCH, MED DUTY, .97OD X .080 WIRE DIA","02 MED","1.0",,,,,
"AKC1","NA","1060925","USP","RING-GRIP QUICK-RELEASE PIN","02 MED","4.0","21.0","0.1905",,,
"AKC1","NA","1061198","USP","OLFLEXÂ® VFD SLIM, 14 AWG/4C, REDUCED DIAMETER VFD CABLE WITH ""SURGE GUARD""","01 HIGH","1.0","21.0","0.0476",,,
"AKC1","NA","1061526","USP","SERVO DRVE AMP JR_AUTO JR0000549642","02 MED","1.0","35.0","0.0286",,,
"AKC1","NA","1063086","USP","SWITCH 2VDC PNP 0.5M LEAD M8 C","01 HIGH","2.0","21.0","0.0952",,,
"AKC1","NA","10683","USP","WHEEL, WHEEL: LOAD ASSEMBLY","01 HIGH","1.0","35.0","0.0286",,,
"AKC1","NA","1069554","USP","POWER IO CABLE M12 FOR COGNEX CONN MODULE W DB9","02 MED","1.0","21.0","0.0476",,,
"AKC1","NA","1071516","USP","REPLACEMENT BELT – 18”W FOR CO","01 HIGH","1.0","21.0","0.0476",,,
"AKC1","NA","1073001","USP","3600 TAMP or SWING HOME SENSOR ASSEMBLY without MOUNT","02 MED","1.0","17.0","0.0588",,,
"AKC1","NA","11082","USP","SMART PACK FILTER REPLACEMENT  (PID)","02 MED","1.0",,,,,
"AKC1","NA","1113249","USP","URGU48R1-04090N","02 MED","1.0","21.0","0.0476",,,
"AKC1","NA","11147","USP","VHI425A-GV W/ GV4G6","02 MED","0.0","29.0","0.0",,,
"AKC1","NA","1116318","USP","ULTRASONIC SENSOR, PICO+","01 HIGH","1.0","21.0","0.0476",,,
"AKC1","NA","1124355","USP","FIXED DRAW ROLLER, SMART PAC","02 MED","0.0",,,,,
"AKC1","NA","11424","USP","UNWIND BRAKE BAND CTM PM-BB1030","01 HIGH","3.0","32.0","0.0938",,,
"AKC1","NA","11519","USP","Zebra Kit Maint Door Open Swch RH/LH","02 MED","2.0","28.0","0.0714",,,
"AKC1","NA","14325","USP","WIRING TOOL required for insertion/extraction @ terminal strip","03 LOW","1.0",,,,,
"AKC1","NA","19978","USP","TIME DELAY FUSE, 30A, CLASS J, 300KA, 600VAC","01 HIGH","2.0","21.0","0.0952",,,
"AKC1","NA","2066701","USP","ROLLER, MOVING DRAW ROLLER (SMART PAC)","01 HIGH","1.0","70.0","0.0143",,,
"AKC1","NA","226234","USP","SERIAL RS232 TO USB CONVERTER","01 HIGH","0.0","45.0","0.0","0.0","0.0",
"AKC1","NA","3015435","USP","VERTICAL JAW CABLE MANAGEMENT BACKING PLATE","01 HIGH","1.0","42.0","0.0238",,,
"AKC1","NA","3022935","USP","M8 LOCK WASHERS (OR BLACK OXIDE EQUIVALENT)","01 HIGH","1.0","24.0","0.0417",,,
"AKC1","NA","3022940","USP","VERTICAL JAW CABLE MANAGEMENT BACKING PLATE","01 HIGH","1.0","38.0","0.0263",,,
"AKC1","NA","3022941","USP","VERTICAL TOP, POWERSONIC MATED M12 + LBO2K","01 HIGH","2.0","70.0","0.0286",,,
"AKC1","NA","3022943","USP","HORIZONTAL REAR, POWERSONIC MATED M12 + LBO3K","01 HIGH","2.0","70.0","0.0286",,,
"AKC1","NA","3022945","USP","VERTICAL BOTTOM LOAD CELL","01 HIGH","2.0","70.0","0.0286",,,
"AKC1","NA","3022949","USP","MCMASTER ZIP TIE MOUNT","01 HIGH","1.0","24.0","0.0417",,,
"AKC1","NA","3022953","USP","GUARDING T-BLOCK","01 HIGH","1.0","24.0","0.0417",,,
"AKC1","NA","3022961","USP","FRONT PLATE","01 HIGH","1.0","94.0","0.0106",,,
"AKC1","NA","3022967","USP","ZIP TIES, STANDARD","01 HIGH","0.0","24.0","0.0",,,
"AKC1","NA","3022970","USP","CUTTING KNIFE ASSEMBLY","01 HIGH","1.0","108.0","0.0093",,,
"AKC1","NA","3022978","USP","LIDAR SENSOR PICS150-01000 core 1","01 HIGH","0.0","95.0","0.0","0.0056","1.0",
"AKC1","NA","3022987","USP","IO-LINK MASTER, ETHERNET/IP INTERFACE, TOTAL IN- AND OUTPUTS: 16, 4X 2A OUTPUTS","01 HIGH","1.0","45.0","0.0222",,,
"AKC1","NA","3025738","USP","COATED 9"" FOUR HOLE AIR ASSIST TUBE - MP-211-2230-9","02 MED","1.0","21.0","0.0476",,,
"AKC1","NA","3026266","USP","Control Block","01 HIGH","1.0","21.0","0.0476",,,
"AKC1","NA","3037849","USP","RIGHT VER HEATER CABLE ASSY","01 HIGH","1.0","108.0","0.0093",,,
"AKC1","NA","3037850","USP","ZIP TIES, STANDARD","01 HIGH","0.0","24.0","0.0",,,
"AKC1","NA","3037851","USP","ALTERNATE PLASTIC P-CLIP (MUST DRILL MOUNTING HOLE TO M6)","01 HIGH","1.0","24.0","0.0417",,,
"AKC1","NA","3037852","USP","LEFT HOR HEATER CABLE ASSY","01 HIGH","1.0","108.0","0.0093",,,
"AKC1","NA","3043368","USP","Sensor Cable, 5m Grey, M12 Female 4P Angled to Open Ended, Continuous Flex, PUR","02 MED","1.0","21.0","0.0476",,,
"AKC1","NA","3043405","USP","SENSOR CABLE FEMALE 5-POLE M12 STRAIGHT A CODED TO OPEN END PUR BLACK 5M","01 HIGH","1.0","21.0","0.0476",,,
"AKC1","NA","3043423","USP","FUSE,5 AMP,250V","01 HIGH","1.0","30.0","0.0333",,,
"AKC1","NA","3043424","USP","Timing Belt, 15 mm x 355 mm long","01 HIGH","1.0","56.0","0.0179",,,
"AKC1","NA","3043436","USP","Kinetix 5700 Servo Drive","01 HIGH","0.0","21.0","0.0",,,
"AKC1","NA","33053","USP","SENSOR CABLE, 5M GREY, M12 FEMALE 8P STRAIGHT TO OPEN ENDED, CONTINUOUS FLEX, PUR-OB","01 HIGH","1.0","21.0","0.0476",,,
"AKC1","NA","3361381","USP","Fork sensor","01 HIGH","1.0","28.0","0.0357",,,
"AKC1","NA","3464199","USP","SENSOR, FIBER OPTIC THIN ZERO SPACE, SIDE VIEW TYP","01 HIGH","1.0","30.0","0.0333",,,
"AKC1","NA","3466132","USP","PNUEMATIC FITTING","01 HIGH","1.0","21.0","0.0476",,,
"AKC1","NA","3466134","USP","ROLLING BEARING  61802-2RS1","01 HIGH","12.0","4.0","3.0",,,
"AKC1","NA","3466138","USP","VERTICAL VPL SERIES, FRAME SIZE 100MM, T WINDING, RATED SPEED 7200-80","01 HIGH","0.0","21.0","0.0",,,
"AKC1","NA","3466140","USP","KINETIX VP LOW INERTIA MOTOR,","01 HIGH","0.0","21.0","0.0",,,
"AKC1","NA","3466144","USP","SERVO DRIVE","01 HIGH","0.0","21.0","0.0",,,
"AKC1","NA","3466145","USP","RIGHT HORIZONTAL SEAL BAR ASSY","01 HIGH","0.0","21.0","0.0",,,
"AKC1","NA","3466147","USP","COMPACT CYLINDER ADN-32-25-I-P-A-S2","01 HIGH","1.0","21.0","0.0476",,,
"AKC1","NA","3466149","USP","PIVOT BLOCK","01 HIGH","1.0","14.0","0.0714",,,
"AKC1","NA","3466152","USP","SENSOR MOUNT","01 HIGH","1.0","21.0","0.0476",,,
"AKC1","NA","3466153","USP","RIGHT VERTICAL SEAL BAR ASSY","01 HIGH","0.0","21.0","0.0",,,
"AKC1","NA","3466158","USP","SPRING PLUNGER, BALL-NOSE HARD","01 HIGH","1.0","4.0","0.25",,,
"AKC1","NA","3466170","USP","DSNU, BORE 25MM, STROKE 100MM, DOUBLE ACTING, LATERAL AIR,","01 HIGH","1.0","21.0","0.0476",,,
"AKC1","NA","3466204","USP","M8X1.25 X 16 MM LG, STROKE 1.5MM, MAX TEMP. 250C, THREAD-LOCKING, CERAMIC BALL","01 HIGH","1.0","4.0","0.25",,,
"AKC1","NA","3466208","USP","BEARING SPACER; INNER; 20 ID X 27 OD X 5 THICK","01 HIGH","1.0","28.0","0.0357",,,
"AKC1","NA","3466223","USP","243TEETH 32 T5/1215","01 HIGH","1.0","11.0","0.0909",,,
"AKC1","NA","3466243","USP","LEFT HORIZONTAL SEAL BAR ASSY","01 HIGH","0.0","21.0","0.0",,,
"AKC1","NA","3466247","USP","KINETIX VP MOTOR CABLE","01 HIGH","0.0","21.0","0.0",,,
"AKC1","NA","3466248","USP","PRECISION LINEAR SHAFT, DIA 12","01 HIGH","1.0","28.0","0.0357",,,
"AKC1","NA","3466251","USP","PIVOT BLOCK - LEFT HORIZONTAL","01 HIGH","1.0","21.0","0.0476",,,
"AKC1","NA","3466258","USP","LEFT VERTICAL SEAL BAR ASSY","01 HIGH","0.0","21.0","0.0","0.0056","1.0",
"AKC1","NA","3466261","USP","SHANK THREAD SIZE(M10X1.25), ID 10MM, JAW OPENING W 10MM,","01 HIGH","1.0","3.0","0.3333",,,
"AKC1","NA","49345","USP","ZEBRA AIT PART KIT PRINTHEAD 300 DPI ZE521 RH & LH","01 HIGH","0.0","14.0","0.0","0.0167","3.0",
"AKC1","NA","49346","USP","ZEBRA AIT PART KIT PLATEN, PINCH, & PEEL ROLLERS ZE521 RH & LH","02 MED","0.0","35.0","0.0",,,
"AKC1","NA","61591","USP","TUBE FITTING, M5 TO 4MM","01 HIGH","8.0","70.0","0.1143",,,
"AKC1","NA","72902","USP","kit,motor assy, high speed...","01 HIGH","1.0","126.0","0.0079",,,
"AKC1","NA","76580","USP","PROGRAMMED MAPLE DISPLAY UNIT FOR 3600A APPLICATOR","02 MED","0.0",,,,,
"AKC1","NA","N12270","USP","SMC Speed Control Valve: Elbow Fitting, Knob, 1/4 in/1/8 in Valve Body Size, 1/4 in Tube, Meter Out","02 MED","1.0","14.0","0.0714",,,
"AKC1","NA","N24793","USP","Slim Electromechanical Relay, SPDT, 6A,24VDC, PCB Terminal, 34 Series","02 MED","1.0","14.0","0.0714",,,
"AKC1","NA","N37377","USP","SC300-2 SHOCK ABSORBER","02 MED","0.0",,,,,
"AKC1","NA","N37843","USP","REWIND CONTROL/POWER ON RELAY FOR 3600A APPLICATORS - PE-RE1017","02 MED","1.0","14.0","0.0714",,,
"AKC1","NA","N45907","USP","Valve flow control one way","01 HIGH","2.0","21.0","0.0952",,,
"AKC1","NA","N53951","USP","RADIAL BALL BEARING","01 HIGH","3.0","28.0","0.1071",,,
"AKC1","NA","N53964","USP","NEBV-S1G25-K-10-N-LE25-S6 CONNECTING CABLE","01 HIGH","5.0","21.0","0.2381",,,
"AKC1","NA","N53977","USP","I110-E0454 SAFETY SWITCH","01 HIGH","3.0","30.0","0.1",,,
"AKC1","NA","N53990","USP","LINEAR RAIL","01 HIGH","3.0","21.0","0.1429",,,
"AKC1","NA","N54020","USP","STOPPER BOLT, M6X1.0, L 20MM, WITH HEX SOCKET TIP, STRAIGHT TYPE, BUMPER URETHAN","01 HIGH","1.0","21.0","0.0476",,,
"AKC1","NA","N54024","USP","TAPER-LOCK BUSHING, 1610 22MM BORE","01 HIGH","3.0","21.0","0.1429",,,
"AUS2","NA","1001191","USP","VPL-B1003F-PJ12AA SERVO MOTOR","02 MED","0.0","63.0","0.0",,,
"AUS2","NA","1001803","USP","Switch, Auxiliary, Supplementary Protector Accessory","02 MED","0.0",,,,,
"AUS2","NA","1002613","USP","VALVE, CHECK VALVE,ASSEMBLY:FLOW CONTROL W/ PILOT CHECK VALVE 1/4 TUBE WITH1/8 T","01 HIGH","1.0","21.0","0.0476",,,
"AUS2","NA","10043","USP","PLC, CONTROLLER,PROGRAMMABLE:2-1/2 INHT,3-1/2 INWD,1-1/2 INDP,24 V DCVOLT,2.6 MACURRE","02 MED","0.0",,,,,
"AUS2","NA","1004322","USP","PUSHBUTTON METAL LATCH","02 MED","1.0",,,,,
"AUS2","NA","10076","USP","UNWIND DANCER ARM UNWIND SPRING","02 MED","1.0","21.0","0.0476",,,
"AUS2","NA","10086","USP","WASHER: CAPTURE CTM PM-FANU30375","03 LOW","1.0","25.0","0.04",,,
"AUS2","NA","10087","USP","THREADED INSERT CTM C-PM-INS1010","03 LOW","1.0","14.0","0.0714",,,
"AUS2","NA","10090","USP","Shoulder Screw,18-8 Stainless Steel,3/8"""" Shoulder Dia., 1"""" Shoulder Length,5/16-18 Thread,PK2","03 LOW","1.0","24.0","0.0417",,,
"AUS2","NA","10095","USP","FLANGED BUSHING","03 LOW","2.0","21.0","0.0952",,,
"AUS2","NA","10096","USP","WASHER: THRUST, BRONZE","02 MED","3.0","34.0","0.0882",,,
"AUS2","NA","10105","USP","SPRING: REWIND CLUTCH, MED DUTY, .97OD X .080 WIRE DIA","02 MED","2.0","21.0","0.0952",,,
"AUS2","NA","1060925","USP","RING-GRIP QUICK-RELEASE PIN","01 HIGH","1.0","3.0","0.3333",,,
"AUS2","NA","1061198","USP","OLFLEXÂ® VFD SLIM, 14 AWG/4C, REDUCED DIAMETER VFD CABLE WITH ""SURGE GUARD""","02 MED","1.0","21.0","0.0476",,,
"AUS2","NA","1061526","USP","SERVO DRVE AMP JR_AUTO JR0000549642","02 MED","0.0",,,,,
"AUS2","NA","1061778","USP","RT-B1221","02 MED","0.0","21.0","0.0",,,
"AUS2","NA","1069554","USP","POWER IO CABLE M12 FOR COGNEX CONN MODULE W DB9","02 MED","1.0","21.0","0.0476",,,
"AUS2","NA","1071515","USP","Radial/Deep Groove Ball Bearing - Round Bore, 25 mm ID, 42 mm OD, 9 mm Width, Double Shielded, Internal Clearance","02 MED","1.0","28.0","0.0357",,,
"AUS2","NA","1071516","USP","REPLACEMENT BELT – 18”W FOR CO","01 HIGH","1.0","21.0","0.0476",,,
"AUS2","NA","1073001","USP","3600 TAMP or SWING HOME SENSOR ASSEMBLY without MOUNT","02 MED","1.0","21.0","0.0476",,,
"AUS2","NA","11082","USP","SMART PACK FILTER REPLACEMENT  (PID)","03 LOW","1.0",,,,,
"AUS2","NA","11147","USP","VHI425A-GV W/ GV4G6","01 HIGH","0.0","29.0","0.0","0.0","0.0",
"AUS2","NA","1116318","USP","ULTRASONIC SENSOR, PICO+","02 MED","0.0","21.0","0.0",,,
"AUS2","NA","1124355","USP","FIXED DRAW ROLLER, SMART PAC","02 MED","0.0","100.0","0.0",,,
"AUS2","NA","1124729","USP","Pan and Tilt Camera Mount PTU-BE","01 HIGH","1.0","38.0","0.0263",,,
"AUS2","NA","11409","USP","TAMPA","02 MED","1.0","35.0","0.0286",,,
"AUS2","NA","11424","USP","UNWIND BRAKE BAND CTM PM-BB1030","01 HIGH","2.0","23.0","0.087",,,
"AUS2","NA","129198","USP","Touch Screen, 10.4"""", TFT Color, 24V DC","02 MED","0.0","35.0","0.0",,,
"AUS2","NA","14325","USP","WIRING TOOL required for insertion/extraction @ terminal strip","02 MED","0.0","35.0","0.0",,,
"AUS2","NA","19978","USP","TIME DELAY FUSE, 30A, CLASS J, 300KA, 600VAC","02 MED","1.0",,,,,
"AUS2","NA","2066701","USP","ROLLER, MOVING DRAW ROLLER (SMART PAC)","02 MED","0.0","70.0","0.0",,,
"AUS2","NA","2066703","USP","BEARING BLOCK, LINEAR","02 MED","0.0","35.0","0.0",,,
"AUS2","NA","3015434","USP","SWIVEL GRIPPER HEAD","01 HIGH","1.0","21.0","0.0476",,,
"AUS2","NA","3015435","USP","VERTICAL JAW CABLE MANAGEMENT BACKING PLATE","01 HIGH","1.0","42.0","0.0238",,,
"AUS2","NA","3022931","USP","MALE INSERT 5 PIN","01 HIGH","0.0","66.0","0.0","0.0056","1.0",
"AUS2","NA","3022932","USP","SENSOR FLAG PIN, USP TRIGGER GATE","01 HIGH","1.0","108.0","0.0093",,,
"AUS2","NA","3022933","USP","STANDARD HOOD TOP ENTRY","01 HIGH","1.0","38.0","0.0263",,,
"AUS2","NA","3022934","USP","SMC Shock Absorber, RBC1007, 46.7 mm Body Length, 63.7 mm Body Length, M10 x 1 Thread Size","01 HIGH","1.0","38.0","0.0263",,,
"AUS2","NA","3022935","USP","M8 LOCK WASHERS (OR BLACK OXIDE EQUIVALENT)","01 HIGH","1.0","24.0","0.0417",,,
"AUS2","NA","3022938","USP","CAPTIVE SCREW RETAINER","01 HIGH","1.0","21.0","0.0476",,,
"AUS2","NA","3022940","USP","VERTICAL JAW CABLE MANAGEMENT BACKING PLATE","01 HIGH","1.0","38.0","0.0263",,,
"AUS2","NA","3022941","USP","VERTICAL TOP, POWERSONIC MATED M12 + LBO2K","01 HIGH","0.0","70.0","0.0","0.0056","1.0",
"AUS2","NA","3022942","USP","CLAMP, LOOP NYLON 7/8"" X 1 1/2","01 HIGH","1.0","21.0","0.0476",,,
"AUS2","NA","3022943","USP","HORIZONTAL REAR, POWERSONIC MATED M12 + LBO3K","01 HIGH","0.0","70.0","0.0",,,
"AUS2","NA","3022944","USP","CAPTIVE GUARDING SCREWS","01 HIGH","1.0","24.0","0.0417",,,
"AUS2","NA","3022945","USP","VERTICAL BOTTOM LOAD CELL","01 HIGH","0.0","70.0","0.0",,,
"AUS2","NA","3022947","USP","HORIZONTAL JAW CABLE MANAGEMENT BACKING PLATE","01 HIGH","1.0","38.0","0.0263",,,
"AUS2","NA","3022948","USP","FLAT HEAD SOCKET CAP SCREW","01 HIGH","1.0","24.0","0.0417",,,
"AUS2","NA","3022949","USP","MCMASTER ZIP TIE MOUNT","01 HIGH","3.0","24.0","0.125",,,
"AUS2","NA","3022950","USP","HORIZONTAL FRONT, POWERSONIC MATED M12 + LBO3K","01 HIGH","0.0","70.0","0.0",,,
"AUS2","NA","3022952","USP","GALVANIZED STEEL , EPDM CUSHIO","01 HIGH","1.0","24.0","0.0417",,,
"AUS2","NA","3022953","USP","GUARDING T-BLOCK","01 HIGH","1.0","24.0","0.0417",,,
"AUS2","NA","3022956","USP","ROTATED CABLE EXIT VERTICAL LOAD CELL HOLDER BLOCK","01 HIGH","1.0","108.0","0.0093",,,
"AUS2","NA","3022957","USP","WASHER, M5, SST","01 HIGH","3.0","24.0","0.125",,,
"AUS2","NA","3022958","USP","DIVERT PLATE, TOP","01 HIGH","0.0","94.0","0.0","0.0111","2.0",
"AUS2","NA","3022959","USP","SHOULDER BOLT, 12MMX40MM, M10","01 HIGH","1.0","42.0","0.0238",,,
"AUS2","NA","3022961","USP","FRONT PLATE","01 HIGH","1.0","94.0","0.0106",,,
"AUS2","NA","3022962","USP","DIVERT PLATE, LEFT","01 HIGH","0.0","30.0","0.0",,,
"AUS2","NA","3022964","USP","DIVERT PLATE, REJECT COVER","01 HIGH","1.0","94.0","0.0106",,,
"AUS2","NA","3022967","USP","ZIP TIES, STANDARD","01 HIGH","0.0","24.0","0.0",,,
"AUS2","NA","3022969","USP","VERTICAL CARTRIDGE HEATER","01 HIGH","0.0","66.0","0.0",,,
"AUS2","NA","3022970","USP","CUTTING KNIFE ASSEMBLY","01 HIGH","0.0","108.0","0.0","0.0222","4.0",
"AUS2","NA","3022971","USP","FAST CONNECTION-PEG","01 HIGH","1.0","24.0","0.0417",,,
"AUS2","NA","3022976","USP","FLAT HEAD SOCKET CAP SCREW","01 HIGH","1.0","24.0","0.0417",,,
"AUS2","NA","3022977","USP","GUIDED PNUEMATIC CYLINDER DFM-16-125-B-PPV-A-KF","01 HIGH","0.0","25.0","0.0",,,
"AUS2","NA","3022978","USP","LIDAR SENSOR PICS150-01000 core 1","01 HIGH","1.0","95.0","0.0105",,,
"AUS2","NA","3022981","USP","UNDER JAW BULK HEAD PLATE","01 HIGH","1.0","108.0","0.0093",,,
"AUS2","NA","3022982","USP","LEFT ISOLATOR PLATE","01 HIGH","0.0","70.0","0.0",,,
"AUS2","NA","3022983","USP","RIGHT ISOLATOR PLATE","01 HIGH","0.0","70.0","0.0","0.0056","1.0",
"AUS2","NA","3022984","USP","8MM X 14MM LOW SOCKET HEAD MACHINE SCREWS (OR BLACK OXIDE EQUIVALENT)","01 HIGH","1.0","24.0","0.0417",,,
"AUS2","NA","3022985","USP","ROTATED CABLE EXIT HORIZONTAL LOAD CELL HOLDER BLOCK","01 HIGH","0.0","24.0","0.0",,,
"AUS2","NA","3022987","USP","IO-LINK MASTER, ETHERNET/IP INTERFACE, TOTAL IN- AND OUTPUTS: 16, 4X 2A OUTPUTS","01 HIGH","0.0","45.0","0.0",,,
"AUS2","NA","3025738","USP","COATED 9"" FOUR HOLE AIR ASSIST TUBE - MP-211-2230-9","01 HIGH","0.0","1.0","0.0",,,
"AUS2","NA","3026266","USP","Control Block","01 HIGH","1.0","21.0","0.0476",,,
"AUS2","NA","3029777","USP","Ring, Centering sleeve ZBH-7-B","01 HIGH","1.0","28.0","0.0357",,,
"AUS2","NA","3029778","USP","CABLE, NIP ROLLER MOTOR SERVO","01 HIGH","0.0","70.0","0.0",,,
"AUS2","NA","3031139","USP","RIGHT HORIZONTAL HEATER CABLE","01 HIGH","1.0","21.0","0.0476",,,
"AUS2","NA","3032133","USP","COMPRESSION SPRING T=1.4 OD=20 ID=17","01 HIGH","1.0","28.0","0.0357",,,
"AUS2","NA","3033957","USP","Ring, Centering sleeve ZBH-5-B","01 HIGH","1.0","28.0","0.0357",,,
"AUS2","NA","3037848","USP","LEFT VER HEATER CABLE ASSY","01 HIGH","1.0","108.0","0.0093",,,
"AUS2","NA","3037849","USP","RIGHT VER HEATER CABLE ASSY","01 HIGH","1.0","108.0","0.0093",,,
"AUS2","NA","3037850","USP","ZIP TIES, STANDARD","01 HIGH","0.0","24.0","0.0",,,
"AUS2","NA","3037851","USP","ALTERNATE PLASTIC P-CLIP (MUST DRILL MOUNTING HOLE TO M6)","01 HIGH","1.0","24.0","0.0417",,,
"AUS2","NA","3037852","USP","LEFT HOR HEATER CABLE ASSY","01 HIGH","1.0","108.0","0.0093",,,
"AUS2","NA","3043368","USP","Sensor Cable, 5m Grey, M12 Female 4P Angled to Open Ended, Continuous Flex, PUR","02 MED","1.0","21.0","0.0476",,,
"AUS2","NA","3043376","USP","ZLD18-BFZ4B8 SIMPLE SENSE","01 HIGH","1.0","42.0","0.0238",,,
"AUS2","NA","3043384","USP","SAFE COUPLING RELAY WITH SAFE","02 MED","0.0","70.0","0.0",,,
"AUS2","NA","3043399","USP","D-MAX WEB GUIDE CONTROLLER,INPUT VOLTAGE 24 - 48 VDC, 6 DIGITAL INPUTS, 2 OUTPUT","01 HIGH","0.0","56.0","0.0",,,
"AUS2","NA","3043405","USP","SENSOR CABLE FEMALE 5-POLE M12 STRAIGHT A CODED TO OPEN END PUR BLACK 5M","02 MED","1.0","21.0","0.0476",,,
"AUS2","NA","3043407","USP","SICK IME2S Series Non-Flush Inductive Non-Contact Safety Switch, 24V dc, Nickel Plated Brass Housing, 2NO, M12","01 HIGH","1.0","42.0","0.0238",,,
"AUS2","NA","3043408","USP","M12, 5-pin female to flying leads, 10m Cable","02 MED","1.0","35.0","0.0286",,,
"AUS2","NA","3043436","USP","Kinetix 5700 Servo Drive","03 LOW","0.0","10.0","0.0",,,
"AUS2","NA","3208459","USP","FIELD ATTACHABLE CONNECTOR","01 HIGH","1.0","21.0","0.0476",,,
"AUS2","NA","33053","USP","SENSOR CABLE, 5M GREY, M12 FEMALE 8P STRAIGHT TO OPEN ENDED, CONTINUOUS FLEX, PUR-OB","02 MED","1.0",,,,,
"AUS2","NA","3361381","USP","Fork sensor","01 HIGH","0.0","28.0","0.0",,,
"AUS2","NA","3466132","USP","PNUEMATIC FITTING","01 HIGH","2.0","21.0","0.0952",,,
"AUS2","NA","3466134","USP","ROLLING BEARING  61802-2RS1","01 HIGH","2.0","4.0","0.5",,,
"AUS2","NA","3466138","USP","VERTICAL VPL SERIES, FRAME SIZE 100MM, T WINDING, RATED SPEED 7200-80","01 HIGH","1.0","21.0","0.0476",,,
"AUS2","NA","3466140","USP","KINETIX VP LOW INERTIA MOTOR,","01 HIGH","1.0","21.0","0.0476",,,
"AUS2","NA","3466144","USP","SERVO DRIVE","01 HIGH","1.0","21.0","0.0476",,,
"AUS2","NA","3466145","USP","RIGHT HORIZONTAL SEAL BAR ASSY","01 HIGH","0.0","21.0","0.0",,,
"AUS2","NA","3466149","USP","PIVOT BLOCK","01 HIGH","2.0","14.0","0.1429",,,
"AUS2","NA","3466152","USP","SENSOR MOUNT","01 HIGH","1.0","21.0","0.0476",,,
"AUS2","NA","3466153","USP","RIGHT VERTICAL SEAL BAR ASSY","01 HIGH","0.0","21.0","0.0",,,
"AUS2","NA","3466158","USP","SPRING PLUNGER, BALL-NOSE HARD","01 HIGH","1.0","4.0","0.25",,,
"AUS2","NA","3466170","USP","DSNU, BORE 25MM, STROKE 100MM, DOUBLE ACTING, LATERAL AIR,","01 HIGH","1.0","21.0","0.0476",,,
"AUS2","NA","3466191","USP","ROD COUPLER, M10X1.25, STEEL (","01 HIGH","1.0","21.0","0.0476",,,
"AUS2","NA","3466204","USP","M8X1.25 X 16 MM LG, STROKE 1.5MM, MAX TEMP. 250C, THREAD-LOCKING, CERAMIC BALL","01 HIGH","1.0","4.0","0.25",,,
"AUS2","NA","3466208","USP","BEARING SPACER; INNER; 20 ID X 27 OD X 5 THICK","01 HIGH","1.0","28.0","0.0357",,,
"AUS2","NA","3466223","USP","243TEETH 32 T5/1215","01 HIGH","0.0","11.0","0.0",,,
"AUS2","NA","3466243","USP","LEFT HORIZONTAL SEAL BAR ASSY","01 HIGH","0.0","21.0","0.0",,,
"AUS2","NA","3466247","USP","KINETIX VP MOTOR CABLE","01 HIGH","1.0","21.0","0.0476",,,
"AUS2","NA","3466248","USP","PRECISION LINEAR SHAFT, DIA 12","01 HIGH","1.0","28.0","0.0357",,,
"AUS2","NA","3466251","USP","PIVOT BLOCK - LEFT HORIZONTAL","01 HIGH","1.0","21.0","0.0476",,,
"AUS2","NA","3466258","USP","LEFT VERTICAL SEAL BAR ASSY","01 HIGH","0.0","21.0","0.0",,,
"AUS2","NA","3466261","USP","SHANK THREAD SIZE(M10X1.25), ID 10MM, JAW OPENING W 10MM,","01 HIGH","1.0","3.0","0.3333",,,
"AUS2","NA","3546294","USP","Kinetix VP Motor Cable, 4m","01 HIGH","0.0","90.0","0.0",,,
"AUS2","NA","49225","USP","HEX HEAD CAP SCREW  CTM PM-FAHHSS50557","02 MED","2.0","10.0","0.2",,,
"AUS2","NA","49344","USP","Zebra ZE52163-R010000Z Print Engine","02 MED","0.0","10.0","0.0","0.0111","2.0",
"AUS2","NA","49960","USP","MDC100-050101 DRIVE","01 HIGH","0.0","21.0","0.0","0.0056","1.0",
"AUS2","NA","61591","USP","TUBE FITTING, M5 TO 4MM","02 MED","1.0","70.0","0.0143",,,
"AUS2","NA","72902","USP","kit,motor assy, high speed...","02 MED","0.0","126.0","0.0","0.0056","1.0",
"AUS2","NA","76580","USP","PROGRAMMED MAPLE DISPLAY UNIT FOR 3600A APPLICATOR","02 MED","0.0","14.0","0.0",,,
"AUS2","NA","N12270","USP","SMC Speed Control Valve: Elbow Fitting, Knob, 1/4 in/1/8 in Valve Body Size, 1/4 in Tube, Meter Out","01 HIGH","3.0","14.0","0.2143",,,
"AUS2","NA","N24793","USP","Slim Electromechanical Relay, SPDT, 6A,24VDC, PCB Terminal, 34 Series","01 HIGH","1.0",,,,,
"AUS2","NA","N37377","USP","SC300-2 SHOCK ABSORBER","02 MED","0.0","28.0","0.0",,,
"AUS2","NA","N37843","USP","REWIND CONTROL/POWER ON RELAY FOR 3600A APPLICATORS - PE-RE1017","02 MED","0.0","8.0","0.0",,,
"AUS2","NA","N41977","USP","R SERIES BEARING - .750 X 1.625 X .437","02 MED","2.0",,,,,
"AUS2","NA","N45907","USP","Valve flow control one way","02 MED","1.0",,,,,
"AUS2","NA","N53951","USP","RADIAL BALL BEARING","01 HIGH","1.0",,,,,
"AUS2","NA","N53964","USP","NEBV-S1G25-K-10-N-LE25-S6 CONNECTING CABLE","02 MED","0.0","63.0","0.0",,,
"AUS2","NA","N53977","USP","I110-E0454 SAFETY SWITCH","01 HIGH","0.0",,,,,
"AUS2","NA","N53990","USP","LINEAR RAIL","02 MED","1.0",,,,,
"AUS2","NA","N54020","USP","STOPPER BOLT, M6X1.0, L 20MM, WITH HEX SOCKET TIP, STRAIGHT TYPE, BUMPER URETHAN","02 MED","1.0",,,,,
"AUS2","NA","N54024","USP","TAPER-LOCK BUSHING, 1610 22MM BORE","02 MED","1.0",,,,,
"BDL4","NA","1001191","USP","VPL-B1003F-PJ12AA SERVO MOTOR","02 MED","0.0",,,"0.0111","2.0",
"BDL4","NA","1001803","USP","Switch, Auxiliary, Supplementary Protector Accessory","02 MED","0.0",,,"0.0111","2.0",
"BDL4","NA","10043","USP","PLC, CONTROLLER,PROGRAMMABLE:2-1/2 INHT,3-1/2 INWD,1-1/2 INDP,24 V DCVOLT,2.6 MACURRE","02 MED","0.0","32.0","0.0","0.0111","2.0",
"BDL4","NA","1004322","USP","PUSHBUTTON METAL LATCH","02 MED","1.0",,,"0.1278","23.0",
"BDL4","NA","10076","USP","UNWIND DANCER ARM UNWIND SPRING","02 MED","1.0",,,"0.0056","1.0",
"BDL4","NA","10086","USP","WASHER: CAPTURE CTM PM-FANU30375","03 LOW","1.0",,,"0.0111","2.0",
"BDL4","NA","10090","USP","Shoulder Screw,18-8 Stainless Steel,3/8"""" Shoulder Dia., 1"""" Shoulder Length,5/16-18 Thread,PK2","03 LOW","1.0",,,"0.0222","4.0",
"BDL4","NA","10095","USP","FLANGED BUSHING","03 LOW","1.0",,,"0.0222","4.0",
"BDL4","NA","10105","USP","SPRING: REWIND CLUTCH, MED DUTY, .97OD X .080 WIRE DIA","02 MED","1.0",,,"0.0111","2.0",
"BDL4","NA","1061526","USP","SERVO DRVE AMP JR_AUTO JR0000549642","02 MED","1.0",,,"0.1278","23.0",
"BDL4","NA","10683","USP","WHEEL, WHEEL: LOAD ASSEMBLY","01 HIGH","1.0",,,"0.0722","12.99",
"BDL4","NA","1069554","USP","POWER IO CABLE M12 FOR COGNEX CONN MODULE W DB9","02 MED","0.0","75.0","0.0",,,
"BDL4","NA","11082","USP","SMART PACK FILTER REPLACEMENT  (PID)","02 MED","1.0",,,"0.0333","6.0",
"BDL4","NA","11147","USP","VHI425A-GV W/ GV4G6","01 HIGH","0.0",,,"0.0333","6.0",
"BDL4","NA","1124355","USP","FIXED DRAW ROLLER, SMART PAC","02 MED","0.0","100.0","0.0","0.0056","1.0",
"BDL4","NA","14325","USP","WIRING TOOL required for insertion/extraction @ terminal strip","02 MED","1.0",,,,,
"BDL4","NA","19978","USP","TIME DELAY FUSE, 30A, CLASS J, 300KA, 600VAC","02 MED","1.0",,,"0.0278","5.0",
"BDL4","NA","3015435","USP","VERTICAL JAW CABLE MANAGEMENT BACKING PLATE","01 HIGH","1.0","42.0","0.0238",,,
"BDL4","NA","3022931","USP","MALE INSERT 5 PIN","01 HIGH","1.0","66.0","0.0152",,,
"BDL4","NA","3022934","USP","SMC Shock Absorber, RBC1007, 46.7 mm Body Length, 63.7 mm Body Length, M10 x 1 Thread Size","01 HIGH","2.0","38.0","0.0526",,,
"BDL4","NA","3022940","USP","VERTICAL JAW CABLE MANAGEMENT BACKING PLATE","01 HIGH","1.0","38.0","0.0263",,,
"BDL4","NA","3022941","USP","VERTICAL TOP, POWERSONIC MATED M12 + LBO2K","01 HIGH","2.0","70.0","0.0286",,,
"BDL4","NA","3022942","USP","CLAMP, LOOP NYLON 7/8"" X 1 1/2","01 HIGH","1.0","21.0","0.0476",,,
"BDL4","NA","3022943","USP","HORIZONTAL REAR, POWERSONIC MATED M12 + LBO3K","01 HIGH","2.0","70.0","0.0286",,,
"BDL4","NA","3022945","USP","VERTICAL BOTTOM LOAD CELL","01 HIGH","2.0","70.0","0.0286",,,
"BDL4","NA","3022947","USP","HORIZONTAL JAW CABLE MANAGEMENT BACKING PLATE","01 HIGH","1.0","38.0","0.0263",,,
"BDL4","NA","3022949","USP","MCMASTER ZIP TIE MOUNT","01 HIGH","1.0","24.0","0.0417",,,
"BDL4","NA","3022951","USP","RTD, PT100, DIA 3MM, L 18MM, 3","01 HIGH","1.0","38.0","0.0263",,,
"BDL4","NA","3022952","USP","GALVANIZED STEEL , EPDM CUSHIO","01 HIGH","1.0","24.0","0.0417",,,
"BDL4","NA","3022953","USP","GUARDING T-BLOCK","01 HIGH","5.0","24.0","0.2083",,,
"BDL4","NA","3022957","USP","WASHER, M5, SST","01 HIGH","1.0","24.0","0.0417",,,
"BDL4","NA","3022958","USP","DIVERT PLATE, TOP","01 HIGH","1.0","94.0","0.0106",,,
"BDL4","NA","3022959","USP","SHOULDER BOLT, 12MMX40MM, M10","02 MED","1.0","42.0","0.0238",,,
"BDL4","NA","3022961","USP","FRONT PLATE","01 HIGH","1.0","94.0","0.0106",,,
"BDL4","NA","3022964","USP","DIVERT PLATE, REJECT COVER","01 HIGH","1.0","94.0","0.0106",,,
"BDL4","NA","3022969","USP","VERTICAL CARTRIDGE HEATER","01 HIGH","1.0","66.0","0.0152",,,
"BDL4","NA","3022970","USP","CUTTING KNIFE ASSEMBLY","01 HIGH","4.0","108.0","0.037",,,
"BDL4","NA","3022971","USP","FAST CONNECTION-PEG","01 HIGH","1.0","24.0","0.0417",,,
"BDL4","NA","3022977","USP","GUIDED PNUEMATIC CYLINDER DFM-16-125-B-PPV-A-KF","01 HIGH","1.0","25.0","0.04",,,
"BDL4","NA","3022978","USP","LIDAR SENSOR PICS150-01000 core 1","01 HIGH","0.0","95.0","0.0",,,
"BDL4","NA","3022985","USP","ROTATED CABLE EXIT HORIZONTAL LOAD CELL HOLDER BLOCK","01 HIGH","1.0","24.0","0.0417",,,
"BDL4","NA","3026266","USP","Control Block","02 MED","1.0","21.0","0.0476",,,
"BDL4","NA","3029777","USP","Ring, Centering sleeve ZBH-7-B","01 HIGH","1.0","28.0","0.0357",,,
"BDL4","NA","3029778","USP","CABLE, NIP ROLLER MOTOR SERVO","01 HIGH","0.0","70.0","0.0",,,
"BDL4","NA","3031139","USP","RIGHT HORIZONTAL HEATER CABLE","01 HIGH","1.0","21.0","0.0476",,,
"BDL4","NA","3032133","USP","COMPRESSION SPRING T=1.4 OD=20 ID=17","01 HIGH","3.0","28.0","0.1071",,,
"BDL4","NA","3033957","USP","Ring, Centering sleeve ZBH-5-B","01 HIGH","1.0","28.0","0.0357",,,
"BDL4","NA","3037849","USP","RIGHT VER HEATER CABLE ASSY","01 HIGH","1.0","108.0","0.0093",,,
"BDL4","NA","3037850","USP","ZIP TIES, STANDARD","01 HIGH","0.0","24.0","0.0",,,
"BDL4","NA","3037851","USP","ALTERNATE PLASTIC P-CLIP (MUST DRILL MOUNTING HOLE TO M6)","01 HIGH","1.0","24.0","0.0417",,,
"BDL4","NA","3043388","USP","SENSOR REED PARA CILINDRO","02 MED","0.0","5.0","0.0",,,
"BDL4","NA","3043393","USP","FIFE ETHERNET CABLE","02 MED","0.0","56.0","0.0",,,
"BDL4","NA","3043399","USP","D-MAX WEB GUIDE CONTROLLER,INPUT VOLTAGE 24 - 48 VDC, 6 DIGITAL INPUTS, 2 OUTPUT","02 MED","1.0","56.0","0.0179",,,
"BDL4","NA","3043405","USP","SENSOR CABLE FEMALE 5-POLE M12 STRAIGHT A CODED TO OPEN END PUR BLACK 5M","02 MED","1.0","21.0","0.0476",,,
"BDL4","NA","33053","USP","SENSOR CABLE, 5M GREY, M12 FEMALE 8P STRAIGHT TO OPEN ENDED, CONTINUOUS FLEX, PUR-OB","02 MED","1.0",,,"0.0167","3.0",
"BDL4","NA","3361381","USP","Fork sensor","01 HIGH","1.0","56.0","0.0179",,,
"BDL4","NA","3466127","USP","SCANNER,BARCODE:DM363 SMARTPACK PRESENTATION READER","01 HIGH","1.0","14.0","0.0714",,,
"BDL4","NA","3466132","USP","PNUEMATIC FITTING","01 HIGH","1.0","21.0","0.0476",,,
"BDL4","NA","3466134","USP","ROLLING BEARING  61802-2RS1","01 HIGH","6.0","4.0","1.5",,,
"BDL4","NA","3466138","USP","VERTICAL VPL SERIES, FRAME SIZE 100MM, T WINDING, RATED SPEED 7200-80","01 HIGH","0.0","31.0","0.0",,,
"BDL4","NA","3466140","USP","KINETIX VP LOW INERTIA MOTOR,","01 HIGH","0.0","21.0","0.0",,,
"BDL4","NA","3466144","USP","SERVO DRIVE","01 HIGH","0.0","21.0","0.0",,,
"BDL4","NA","3466145","USP","RIGHT HORIZONTAL SEAL BAR ASSY","01 HIGH","1.0","21.0","0.0476",,,
"BDL4","NA","3466147","USP","COMPACT CYLINDER ADN-32-25-I-P-A-S2","01 HIGH","1.0","21.0","0.0476",,,
"BDL4","NA","3466149","USP","PIVOT BLOCK","01 HIGH","1.0","14.0","0.0714",,,
"BDL4","NA","3466152","USP","SENSOR MOUNT","01 HIGH","1.0","21.0","0.0476",,,
"BDL4","NA","3466153","USP","RIGHT VERTICAL SEAL BAR ASSY","01 HIGH","1.0","21.0","0.0476",,,
"BDL4","NA","3466158","USP","SPRING PLUNGER, BALL-NOSE HARD","01 HIGH","9.0","4.0","2.25",,,
"BDL4","NA","3466170","USP","DSNU, BORE 25MM, STROKE 100MM, DOUBLE ACTING, LATERAL AIR,","01 HIGH","1.0","21.0","0.0476",,,
"BDL4","NA","3466191","USP","ROD COUPLER, M10X1.25, STEEL (","01 HIGH","1.0","21.0","0.0476",,,
"BDL4","NA","3466204","USP","M8X1.25 X 16 MM LG, STROKE 1.5MM, MAX TEMP. 250C, THREAD-LOCKING, CERAMIC BALL","01 HIGH","5.0","4.0","1.25",,,
"BDL4","NA","3466208","USP","BEARING SPACER; INNER; 20 ID X 27 OD X 5 THICK","01 HIGH","5.0","28.0","0.1786",,,
"BDL4","NA","3466223","USP","243TEETH 32 T5/1215","01 HIGH","1.0","11.0","0.0909",,,
"BDL4","NA","3466243","USP","LEFT HORIZONTAL SEAL BAR ASSY","01 HIGH","1.0","21.0","0.0476",,,
"BDL4","NA","3466247","USP","KINETIX VP MOTOR CABLE","01 HIGH","0.0","21.0","0.0",,,
"BDL4","NA","3466248","USP","PRECISION LINEAR SHAFT, DIA 12","01 HIGH","1.0","28.0","0.0357",,,
"BDL4","NA","3466251","USP","PIVOT BLOCK - LEFT HORIZONTAL","01 HIGH","1.0","21.0","0.0476",,,
"BDL4","NA","3466258","USP","LEFT VERTICAL SEAL BAR ASSY","01 HIGH","1.0","21.0","0.0476",,,
"BDL4","NA","3466261","USP","SHANK THREAD SIZE(M10X1.25), ID 10MM, JAW OPENING W 10MM,","01 HIGH","3.0","3.0","1.0",,,
"BDL4","NA","3546294","USP","Kinetix VP Motor Cable, 4m","01 HIGH","0.0","90.0","0.0",,,
"BDL4","NA","49225","USP","HEX HEAD CAP SCREW  CTM PM-FAHHSS50557","02 MED","1.0",,,,,
"BDL4","NA","49345","USP","ZEBRA AIT PART KIT PRINTHEAD 300 DPI ZE521 RH & LH","01 HIGH","0.0","21.0","0.0","0.0223","4.01",
"BDL4","NA","49346","USP","ZEBRA AIT PART KIT PLATEN, PINCH, & PEEL ROLLERS ZE521 RH & LH","01 HIGH",,"35.0",,"0.0167","3.0000000000000004",
"BDL4","NA","61591","USP","TUBE FITTING, M5 TO 4MM","02 MED","1.0",,,"0.0333","5.999999999999999",
"BDL4","NA","76580","USP","PROGRAMMED MAPLE DISPLAY UNIT FOR 3600A APPLICATOR","02 MED","0.0",,,"0.0111","2.0",
"BDL4","NA","N37377","USP","SC300-2 SHOCK ABSORBER","02 MED","0.0","14.0","0.0","0.0056","1.0",
"BDL4","NA","N37843","USP","REWIND CONTROL/POWER ON RELAY FOR 3600A APPLICATORS - PE-RE1017","02 MED","1.0","14.0","0.0714",,,
"BDL4","NA","N41977","USP","R SERIES BEARING - .750 X 1.625 X .437","02 MED","2.0","14.0","0.1429",,,
"BDL4","NA","N45907","USP","Valve flow control one way","02 MED","1.0",,,,,
"BDL4","NA","N53951","USP","RADIAL BALL BEARING","01 HIGH","1.0",,,,,
"BDL4","NA","N53964","USP","NEBV-S1G25-K-10-N-LE25-S6 CONNECTING CABLE","02 MED","0.0",,,,,
"BDL4","NA","N53977","USP","I110-E0454 SAFETY SWITCH","01 HIGH","1.0",,,"0.0222","4.0",
"BDL4","NA","N53990","USP","LINEAR RAIL","02 MED","1.0","21.0","0.0476",,,
"BDL4","NA","N54020","USP","STOPPER BOLT, M6X1.0, L 20MM, WITH HEX SOCKET TIP, STRAIGHT TYPE, BUMPER URETHAN","02 MED","1.0",,,"0.0889","16.0",
"BDL4","NA","N54024","USP","TAPER-LOCK BUSHING, 1610 22MM BORE","02 MED","1.0",,,,,
"BOS3","NA","1001803","USP","Switch, Auxiliary, Supplementary Protector Accessory","02 MED","0.0","49.0","0.0",,,
"BOS3","NA","1002613","USP","VALVE, CHECK VALVE,ASSEMBLY:FLOW CONTROL W/ PILOT CHECK VALVE 1/4 TUBE WITH1/8 T","02 MED","2.0","21.0","0.0952",,,
"BOS3","NA","10043","USP","PLC, CONTROLLER,PROGRAMMABLE:2-1/2 INHT,3-1/2 INWD,1-1/2 INDP,24 V DCVOLT,2.6 MACURRE","02 MED","0.0","21.0","0.0",,,
"BOS3","NA","1004322","USP","PUSHBUTTON METAL LATCH","02 MED","1.0","21.0","0.0476",,,
"BOS3","NA","10086","USP","WASHER: CAPTURE CTM PM-FANU30375","02 MED","1.0","25.0","0.04",,,
"BOS3","NA","10087","USP","THREADED INSERT CTM C-PM-INS1010","02 MED","1.0","14.0","0.0714",,,
"BOS3","NA","10090","USP","Shoulder Screw,18-8 Stainless Steel,3/8"""" Shoulder Dia., 1"""" Shoulder Length,5/16-18 Thread,PK2","02 MED","1.0","24.0","0.0417",,,
"BOS3","NA","10095","USP","FLANGED BUSHING","02 MED","1.0","21.0","0.0476",,,
"BOS3","NA","10096","USP","WASHER: THRUST, BRONZE","02 MED","1.0","34.0","0.0294",,,
"BOS3","NA","10105","USP","SPRING: REWIND CLUTCH, MED DUTY, .97OD X .080 WIRE DIA","02 MED","1.0","28.0","0.0357",,,
"BOS3","NA","10191","USP","THRUST BALL BEARING, 3/4"" ID X 1-5/16"" OD X 9/32"" HT., STEEL","02 MED","1.0","42.0","0.0238",,,
"BOS3","NA","1061526","USP","SERVO DRVE AMP JR_AUTO JR0000549642","02 MED","1.0","32.0","0.0313",,,
"BOS3","NA","1071516","USP","REPLACEMENT BELT – 18”W FOR CO","02 MED","9.0","21.0","0.4286",,,
"BOS3","NA","11082","USP","SMART PACK FILTER REPLACEMENT  (PID)","02 MED","1.0","31.0","0.0323",,,
"BOS3","NA","11147","USP","VHI425A-GV W/ GV4G6","01 HIGH","0.0","29.0","0.0",,,
"BOS3","NA","1116318","USP","ULTRASONIC SENSOR, PICO+","02 MED","1.0","56.0","0.0179",,,
"BOS3","NA","1124355","USP","FIXED DRAW ROLLER, SMART PAC","02 MED","0.0","33.0","0.0",,,
"BOS3","NA","11409","USP","TAMPA","02 MED","0.0","25.0","0.0",,,
"BOS3","NA","14325","USP","WIRING TOOL required for insertion/extraction @ terminal strip","02 MED","0.0","35.0","0.0",,,
"BOS3","NA","19978","USP","TIME DELAY FUSE, 30A, CLASS J, 300KA, 600VAC","02 MED","1.0","21.0","0.0476",,,
"BOS3","NA","2066701","USP","ROLLER, MOVING DRAW ROLLER (SMART PAC)","02 MED","0.0","70.0","0.0",,,
"BOS3","NA","23103","USP","Time Delay, Cylindrical, Fuse, GDC Series, 250VAC, Indicating (5 PK)","02 MED","1.0","15.0","0.0667",,,
"BOS3","NA","3015435","USP","VERTICAL JAW CABLE MANAGEMENT BACKING PLATE","01 HIGH","1.0","42.0","0.0238",,,
"BOS3","NA","3022931","USP","MALE INSERT 5 PIN","01 HIGH","1.0","66.0","0.0152",,,
"BOS3","NA","3022932","USP","SENSOR FLAG PIN, USP TRIGGER GATE","01 HIGH","1.0","108.0","0.0093",,,
"BOS3","NA","3022933","USP","STANDARD HOOD TOP ENTRY","01 HIGH","1.0","38.0","0.0263",,,
"BOS3","NA","3022934","USP","SMC Shock Absorber, RBC1007, 46.7 mm Body Length, 63.7 mm Body Length, M10 x 1 Thread Size","01 HIGH","3.0","38.0","0.0789",,,
"BOS3","NA","3022935","USP","M8 LOCK WASHERS (OR BLACK OXIDE EQUIVALENT)","01 HIGH","62.0","24.0","2.5833",,,
"BOS3","NA","3022938","USP","CAPTIVE SCREW RETAINER","01 HIGH","1.0","21.0","0.0476",,,
"BOS3","NA","3022940","USP","VERTICAL JAW CABLE MANAGEMENT BACKING PLATE","01 HIGH","0.0","38.0","0.0",,,
"BOS3","NA","3022941","USP","VERTICAL TOP, POWERSONIC MATED M12 + LBO2K","01 HIGH","2.0","70.0","0.0286",,,
"BOS3","NA","3022942","USP","CLAMP, LOOP NYLON 7/8"" X 1 1/2","01 HIGH","1.0","21.0","0.0476",,,
"BOS3","NA","3022943","USP","HORIZONTAL REAR, POWERSONIC MATED M12 + LBO3K","01 HIGH","2.0","70.0","0.0286",,,
"BOS3","NA","3022944","USP","CAPTIVE GUARDING SCREWS","01 HIGH","24.0","24.0","1.0",,,
"BOS3","NA","3022945","USP","VERTICAL BOTTOM LOAD CELL","01 HIGH","2.0","70.0","0.0286",,,
"BOS3","NA","3022947","USP","HORIZONTAL JAW CABLE MANAGEMENT BACKING PLATE","01 HIGH","0.0","38.0","0.0",,,
"BOS3","NA","3022948","USP","FLAT HEAD SOCKET CAP SCREW","01 HIGH","35.0","24.0","1.4583",,,
"BOS3","NA","3022949","USP","MCMASTER ZIP TIE MOUNT","01 HIGH","1.0","24.0","0.0417",,,
"BOS3","NA","3022950","USP","HORIZONTAL FRONT, POWERSONIC MATED M12 + LBO3K","01 HIGH","2.0","70.0","0.0286",,,
"BOS3","NA","3022951","USP","RTD, PT100, DIA 3MM, L 18MM, 3","01 HIGH","1.0","38.0","0.0263",,,
"BOS3","NA","3022952","USP","GALVANIZED STEEL , EPDM CUSHIO","01 HIGH","1.0","24.0","0.0417",,,
"BOS3","NA","3022953","USP","GUARDING T-BLOCK","01 HIGH","24.0","24.0","1.0",,,
"BOS3","NA","3022956","USP","ROTATED CABLE EXIT VERTICAL LOAD CELL HOLDER BLOCK","01 HIGH","1.0","108.0","0.0093",,,
"BOS3","NA","3022957","USP","WASHER, M5, SST","01 HIGH","62.0","24.0","2.5833",,,
"BOS3","NA","3022958","USP","DIVERT PLATE, TOP","01 HIGH","1.0","94.0","0.0106",,,
"BOS3","NA","3022959","USP","SHOULDER BOLT, 12MMX40MM, M10","01 HIGH","1.0","42.0","0.0238",,,
"BOS3","NA","3022961","USP","FRONT PLATE","01 HIGH","1.0","94.0","0.0106",,,
"BOS3","NA","3022962","USP","DIVERT PLATE, LEFT","01 HIGH","1.0","30.0","0.0333",,,
"BOS3","NA","3022964","USP","DIVERT PLATE, REJECT COVER","01 HIGH","1.0","94.0","0.0106",,,
"BOS3","NA","3022967","USP","ZIP TIES, STANDARD","01 HIGH","35.0","24.0","1.4583",,,
"BOS3","NA","3022969","USP","VERTICAL CARTRIDGE HEATER","01 HIGH","1.0","66.0","0.0152",,,
"BOS3","NA","3022970","USP","CUTTING KNIFE ASSEMBLY","01 HIGH","34.0","108.0","0.3148",,,
"BOS3","NA","3022971","USP","FAST CONNECTION-PEG","01 HIGH","1.0","24.0","0.0417",,,
"BOS3","NA","3022976","USP","FLAT HEAD SOCKET CAP SCREW","01 HIGH","1.0","24.0","0.0417",,,
"BOS3","NA","3022977","USP","GUIDED PNUEMATIC CYLINDER DFM-16-125-B-PPV-A-KF","01 HIGH","1.0","25.0","0.04",,,
"BOS3","NA","3022978","USP","LIDAR SENSOR PICS150-01000 core 1","01 HIGH","1.0","95.0","0.0105",,,
"BOS3","NA","3022981","USP","UNDER JAW BULK HEAD PLATE","01 HIGH","1.0","108.0","0.0093",,,
"BOS3","NA","3022982","USP","LEFT ISOLATOR PLATE","01 HIGH","7.0","70.0","0.1",,,
"BOS3","NA","3022983","USP","RIGHT ISOLATOR PLATE","01 HIGH","7.0","70.0","0.1",,,
"BOS3","NA","3022984","USP","8MM X 14MM LOW SOCKET HEAD MACHINE SCREWS (OR BLACK OXIDE EQUIVALENT)","01 HIGH","19.0","24.0","0.7917",,,
"BOS3","NA","3022985","USP","ROTATED CABLE EXIT HORIZONTAL LOAD CELL HOLDER BLOCK","01 HIGH","1.0","24.0","0.0417",,,
"BOS3","NA","3022987","USP","IO-LINK MASTER, ETHERNET/IP INTERFACE, TOTAL IN- AND OUTPUTS: 16, 4X 2A OUTPUTS","01 HIGH","2.0","45.0","0.0444",,,
"BOS3","NA","3025738","USP","COATED 9"" FOUR HOLE AIR ASSIST TUBE - MP-211-2230-9","02 MED","1.0","1.0","1.0",,,
"BOS3","NA","3029777","USP","Ring, Centering sleeve ZBH-7-B","02 MED","1.0","28.0","0.0357",,,
"BOS3","NA","3029778","USP","CABLE, NIP ROLLER MOTOR SERVO","02 MED","0.0","70.0","0.0",,,
"BOS3","NA","3032133","USP","COMPRESSION SPRING T=1.4 OD=20 ID=17","02 MED","6.0","28.0","0.2143",,,
"BOS3","NA","3033957","USP","Ring, Centering sleeve ZBH-5-B","02 MED","1.0","28.0","0.0357",,,
"BOS3","NA","3037850","USP","ZIP TIES, STANDARD","02 MED","0.0","24.0","0.0",,,
"BOS3","NA","3037851","USP","ALTERNATE PLASTIC P-CLIP (MUST DRILL MOUNTING HOLE TO M6)","02 MED","1.0","24.0","0.0417",,,
"BOS3","NA","3037852","USP","LEFT HOR HEATER CABLE ASSY","02 MED","1.0","108.0","0.0093",,,
"BOS3","NA","3043384","USP","SAFE COUPLING RELAY WITH SAFE","01 HIGH","1.0","70.0","0.0143",,,
"BOS3","NA","3043401","USP","Stopper Bolt, M8x1.25, L 25mm, Standard Tip, Straight Type, Bumper Urethane","02 MED","1.0","28.0","0.0357",,,
"BOS3","NA","3043404","USP","AC/DC Brick Power Supply, 90-264VAC In, 12VDC Out, 50 Watts, Standard DC Plug","02 MED","0.0","21.0","0.0",,,
"BOS3","NA","3043408","USP","M12, 5-pin female to flying leads, 10m Cable","02 MED","0.0","35.0","0.0",,,
"BOS3","NA","3043436","USP","Kinetix 5700 Servo Drive","02 MED","0.0","21.0","0.0",,,
"BOS3","NA","33053","USP","SENSOR CABLE, 5M GREY, M12 FEMALE 8P STRAIGHT TO OPEN ENDED, CONTINUOUS FLEX, PUR-OB","02 MED","1.0","21.0","0.0476",,,
"BOS3","NA","3361381","USP","Fork sensor","01 HIGH","1.0","28.0","0.0357",,,
"BOS3","NA","3464199","USP","SENSOR, FIBER OPTIC THIN ZERO SPACE, SIDE VIEW TYP","02 MED","1.0","30.0","0.0333",,,
"BOS3","NA","3466132","USP","PNUEMATIC FITTING","01 HIGH","1.0","21.0","0.0476",,,
"BOS3","NA","3466134","USP","ROLLING BEARING  61802-2RS1","01 HIGH","12.0","4.0","3.0",,,
"BOS3","NA","3466145","USP","RIGHT HORIZONTAL SEAL BAR ASSY","01 HIGH","1.0","21.0","0.0476",,,
"BOS3","NA","3466147","USP","COMPACT CYLINDER ADN-32-25-I-P-A-S2","01 HIGH","1.0","21.0","0.0476",,,
"BOS3","NA","3466149","USP","PIVOT BLOCK","01 HIGH","2.0","14.0","0.1429",,,
"BOS3","NA","3466152","USP","SENSOR MOUNT","01 HIGH","1.0","21.0","0.0476",,,
"BOS3","NA","3466153","USP","RIGHT VERTICAL SEAL BAR ASSY","01 HIGH","1.0","21.0","0.0476",,,
"BOS3","NA","3466158","USP","SPRING PLUNGER, BALL-NOSE HARD","01 HIGH","1.0","4.0","0.25",,,
"BOS3","NA","3466170","USP","DSNU, BORE 25MM, STROKE 100MM, DOUBLE ACTING, LATERAL AIR,","01 HIGH","1.0","21.0","0.0476",,,
"BOS3","NA","3466204","USP","M8X1.25 X 16 MM LG, STROKE 1.5MM, MAX TEMP. 250C, THREAD-LOCKING, CERAMIC BALL","01 HIGH","1.0","4.0","0.25",,,
"BOS3","NA","3466208","USP","BEARING SPACER; INNER; 20 ID X 27 OD X 5 THICK","01 HIGH","1.0","28.0","0.0357",,,
"BOS3","NA","3466223","USP","243TEETH 32 T5/1215","01 HIGH","1.0","11.0","0.0909",,,
"BOS3","NA","3466243","USP","LEFT HORIZONTAL SEAL BAR ASSY","01 HIGH","1.0","21.0","0.0476",,,
"BOS3","NA","3466247","USP","KINETIX VP MOTOR CABLE","01 HIGH","1.0","21.0","0.0476",,,
"BOS3","NA","3466251","USP","PIVOT BLOCK - LEFT HORIZONTAL","01 HIGH","1.0","21.0","0.0476",,,
"BOS3","NA","3466261","USP","SHANK THREAD SIZE(M10X1.25), ID 10MM, JAW OPENING W 10MM,","01 HIGH","3.0","3.0","1.0",,,
"BOS3","NA","3546294","USP","Kinetix VP Motor Cable, 4m","02 MED","0.0","90.0","0.0",,,
"BOS3","NA","49225","USP","HEX HEAD CAP SCREW  CTM PM-FAHHSS50557","02 MED","2.0","10.0","0.2",,,
"BOS3","NA","49346","USP","ZEBRA AIT PART KIT PLATEN, PINCH, & PEEL ROLLERS ZE521 RH & LH","02 MED",,"35.0",,,,
"BOS3","NA","49960","USP","MDC100-050101 DRIVE","02 MED","0.0","21.0","0.0","0.0","0.0",
"BOS3","NA","61591","USP","TUBE FITTING, M5 TO 4MM","02 MED","1.0","35.0","0.0286",,,
"BOS3","NA","72902","USP","kit,motor assy, high speed...","02 MED","0.0","23.0","0.0",,,
"BOS3","NA","76580","USP","PROGRAMMED MAPLE DISPLAY UNIT FOR 3600A APPLICATOR","02 MED","0.0","14.0","0.0",,,
"BOS3","NA","816958","USP","IN-SIGHT STD. POWER & I/O BREAKOUT CABLE, 5M (15')","02 MED","0.0","35.0","0.0",,,
"BOS3","NA","N24793","USP","Slim Electromechanical Relay, SPDT, 6A,24VDC, PCB Terminal, 34 Series","02 MED","0.0","30.0","0.0",,,
"BOS3","NA","N37377","USP","SC300-2 SHOCK ABSORBER","02 MED","0.0","28.0","0.0","0.0056","1.0",
"BOS3","NA","N37843","USP","REWIND CONTROL/POWER ON RELAY FOR 3600A APPLICATORS - PE-RE1017","02 MED","1.0","14.0","0.0714",,,
"BOS3","NA","N45907","USP","Valve flow control one way","02 MED","2.0","21.0","0.0952",,,
"BOS3","NA","N53964","USP","NEBV-S1G25-K-10-N-LE25-S6 CONNECTING CABLE","02 MED","1.0","37.0","0.027",,,
"BOS3","NA","N53977","USP","I110-E0454 SAFETY SWITCH","02 MED","1.0","41.0","0.0244",,,
"BOS3","NA","N53990","USP","LINEAR RAIL","02 MED","1.0","23.0","0.0435",,,
"BOS3","NA","N54020","USP","STOPPER BOLT, M6X1.0, L 20MM, WITH HEX SOCKET TIP, STRAIGHT TYPE, BUMPER URETHAN","02 MED","1.0","23.0","0.0435",,,
"BOS3","NA","N54024","USP","TAPER-LOCK BUSHING, 1610 22MM BORE","02 MED","1.0","35.0","0.0286",,,
"BWI2","NA","1001803","USP","Switch, Auxiliary, Supplementary Protector Accessory","02 MED","1.0",,,,,
"BWI2","NA","10043","USP","PLC, CONTROLLER,PROGRAMMABLE:2-1/2 INHT,3-1/2 INWD,1-1/2 INDP,24 V DCVOLT,2.6 MACURRE","02 MED","1.0",,,,,
"BWI2","EU","10043","USP","PLC, CONTROLLER,PROGRAMMABLE:2-1/2 INHT,3-1/2 INWD,1-1/2 INDP,24 V DCVOLT,2.6 MACURRE","02 MED","2.0",,,,,
"BWI2","NA","1004322","USP","PUSHBUTTON METAL LATCH","02 MED","1.0",,,,,
"BWI2","EU","10076","USP","UNWIND DANCER ARM UNWIND SPRING","03 LOW","1.0",,,"0.0056","1.0",
"BWI2","NA","10086","USP","WASHER: CAPTURE CTM PM-FANU30375","03 LOW","1.0",,,,,
"BWI2","EU","10086","USP","WASHER: CAPTURE CTM PM-FANU30375","03 LOW","10.0",,,,,
"BWI2","NA","10087","USP","THREADED INSERT CTM C-PM-INS1010","01 HIGH","2.0","28.0","0.0714",,,
"BWI2","EU","10087","USP","THREADED INSERT CTM C-PM-INS1010","03 LOW","10.0",,,,,
"BWI2","NA","10095","USP","FLANGED BUSHING","02 MED","1.0",,,,,
"BWI2","EU","10095","USP","FLANGED BUSHING","02 MED","2.0",,,,,
"BWI2","EU","10096","USP","WASHER: THRUST, BRONZE","03 LOW","2.0",,,,,
"BWI2","NA","10096","USP","WASHER: THRUST, BRONZE","03 LOW","1.0",,,,,
"BWI2","EU","10105","USP","SPRING: REWIND CLUTCH, MED DUTY, .97OD X .080 WIRE DIA","03 LOW","2.0",,,,,
"BWI2","NA","10105","USP","SPRING: REWIND CLUTCH, MED DUTY, .97OD X .080 WIRE DIA","03 LOW","1.0",,,,,
"BWI2","NA","10191","USP","THRUST BALL BEARING, 3/4"" ID X 1-5/16"" OD X 9/32"" HT., STEEL","02 MED","1.0","42.0","0.0238",,,
"BWI2","EU","10191","USP","THRUST BALL BEARING, 3/4"" ID X 1-5/16"" OD X 9/32"" HT., STEEL",,"1.0",,,,,
"BWI2","NA","104735","USP","SENSOR CABLE","01 HIGH","0.0","21.0","0.0",,,
"BWI2","NA","1060925","USP","RING-GRIP QUICK-RELEASE PIN","01 HIGH","1.0","3.0","0.3333",,,
"BWI2","NA","1061526","USP","SERVO DRVE AMP JR_AUTO JR0000549642","03 LOW","0.0",,,,,
"BWI2","NA","1061778","USP","RT-B1221","02 MED","0.0","21.0","0.0",,,
"BWI2","NA","1069554","USP","POWER IO CABLE M12 FOR COGNEX CONN MODULE W DB9","01 HIGH","1.0",,,,,
"BWI2","NA","11082","USP","SMART PACK FILTER REPLACEMENT  (PID)","02 MED","1.0",,,,,
"BWI2","EU","11082","USP","SMART PACK FILTER REPLACEMENT  (PID)","02 MED","1.0",,,,,
"BWI2","EU","11147","USP","VHI425A-GV W/ GV4G6","02 MED","1.0",,,,,
"BWI2","NA","11147","USP","VHI425A-GV W/ GV4G6","02 MED","1.0",,,,,
"BWI2","NA","1116318","USP","ULTRASONIC SENSOR, PICO+","02 MED","1.0","21.0","0.0476",,,
"BWI2","NA","1124355","USP","FIXED DRAW ROLLER, SMART PAC","02 MED","0.0","100.0","0.0",,,
"BWI2","NA","1124729","USP","Pan and Tilt Camera Mount PTU-BE","01 HIGH","1.0","38.0","0.0263",,,
"BWI2","EU","11409","USP","TAMPA","03 LOW","1.0",,,,,
"BWI2","NA","11409","USP","TAMPA","02 MED","1.0",,,,,
"BWI2","EU","11424","USP","UNWIND BRAKE BAND CTM PM-BB1030","03 LOW","1.0",,,"0.0","0.0",
"BWI2","NA","11519","USP","Zebra Kit Maint Door Open Swch RH/LH","02 MED","1.0","28.0","0.0357",,,
"BWI2","EU","11519","USP","Zebra Kit Maint Door Open Swch RH/LH","03 LOW","1.0",,,,,
"BWI2","NA","14325","USP","WIRING TOOL required for insertion/extraction @ terminal strip","02 MED","1.0",,,,,
"BWI2","EU","19978","USP","TIME DELAY FUSE, 30A, CLASS J, 300KA, 600VAC","03 LOW","2.0",,,,,
"BWI2","NA","19978","USP","TIME DELAY FUSE, 30A, CLASS J, 300KA, 600VAC","02 MED","1.0",,,,,
"BWI2","NA","226234","USP","SERIAL RS232 TO USB CONVERTER","03 LOW","1.0","45.0","0.0222",,,
"BWI2","NA","23103","USP","Time Delay, Cylindrical, Fuse, GDC Series, 250VAC, Indicating (5 PK)","03 LOW","1.0","17.0","0.0588",,,
"BWI2","EU","23103","USP","Time Delay, Cylindrical, Fuse, GDC Series, 250VAC, Indicating (5 PK)","03 LOW","1.0",,,,,
"BWI2","NA","3022935","USP","M8 LOCK WASHERS (OR BLACK OXIDE EQUIVALENT)","01 HIGH","1.0","24.0","0.0417",,,
"BWI2","NA","3022941","USP","VERTICAL TOP, POWERSONIC MATED M12 + LBO2K","01 HIGH","2.0","70.0","0.0286",,,
"BWI2","NA","3022944","USP","CAPTIVE GUARDING SCREWS","01 HIGH","3.0","24.0","0.125",,,
"BWI2","NA","3022945","USP","VERTICAL BOTTOM LOAD CELL","01 HIGH","2.0","70.0","0.0286",,,
"BWI2","NA","3022950","USP","HORIZONTAL FRONT, POWERSONIC MATED M12 + LBO3K","01 HIGH","2.0","70.0","0.0286",,,
"BWI2","NA","3022953","USP","GUARDING T-BLOCK","01 HIGH","5.0","24.0","0.2083",,,
"BWI2","NA","3022958","USP","DIVERT PLATE, TOP","01 HIGH","1.0","94.0","0.0106",,,
"BWI2","NA","3022959","USP","SHOULDER BOLT, 12MMX40MM, M10","02 MED","1.0","42.0","0.0238",,,
"BWI2","NA","3022961","USP","FRONT PLATE","01 HIGH","1.0","94.0","0.0106",,,
"BWI2","NA","3022967","USP","ZIP TIES, STANDARD","01 HIGH","0.0","24.0","0.0",,,
"BWI2","NA","3022970","USP","CUTTING KNIFE ASSEMBLY","01 HIGH","4.0","108.0","0.037",,,
"BWI2","NA","3022971","USP","FAST CONNECTION-PEG","01 HIGH","1.0","24.0","0.0417",,,
"BWI2","NA","3022977","USP","GUIDED PNUEMATIC CYLINDER DFM-16-125-B-PPV-A-KF","01 HIGH","1.0","25.0","0.04",,,
"BWI2","NA","3022978","USP","LIDAR SENSOR PICS150-01000 core 1","01 HIGH","0.0","95.0","0.0",,,
"BWI2","NA","3022981","USP","UNDER JAW BULK HEAD PLATE","01 HIGH","1.0","108.0","0.0093",,,
"BWI2","NA","3022982","USP","LEFT ISOLATOR PLATE","01 HIGH","3.0","70.0","0.0429",,,
"BWI2","NA","3022983","USP","RIGHT ISOLATOR PLATE","01 HIGH","3.0","70.0","0.0429",,,
"BWI2","NA","3022984","USP","8MM X 14MM LOW SOCKET HEAD MACHINE SCREWS (OR BLACK OXIDE EQUIVALENT)","01 HIGH","1.0","24.0","0.0417",,,
"BWI2","NA","3029777","USP","Ring, Centering sleeve ZBH-7-B","01 HIGH","1.0","28.0","0.0357",,,
"BWI2","NA","3029778","USP","CABLE, NIP ROLLER MOTOR SERVO","01 HIGH","0.0","70.0","0.0",,,
"BWI2","NA","3031139","USP","RIGHT HORIZONTAL HEATER CABLE","01 HIGH","1.0","21.0","0.0476",,,
"BWI2","NA","3032133","USP","COMPRESSION SPRING T=1.4 OD=20 ID=17","01 HIGH","3.0","28.0","0.1071",,,
"BWI2","NA","3033957","USP","Ring, Centering sleeve ZBH-5-B","01 HIGH","1.0","28.0","0.0357",,,
"BWI2","NA","3037848","USP","LEFT VER HEATER CABLE ASSY","01 HIGH","1.0","108.0","0.0093",,,
"BWI2","NA","3037849","USP","RIGHT VER HEATER CABLE ASSY","01 HIGH","1.0","108.0","0.0093",,,
"BWI2","NA","3037850","USP","ZIP TIES, STANDARD","01 HIGH","0.0","24.0","0.0",,,
"BWI2","NA","3037851","USP","ALTERNATE PLASTIC P-CLIP (MUST DRILL MOUNTING HOLE TO M6)","01 HIGH","1.0","24.0","0.0417",,,
"BWI2","NA","3037852","USP","LEFT HOR HEATER CABLE ASSY","01 HIGH","1.0","108.0","0.0093",,,
"BWI2","NA","3043368","USP","Sensor Cable, 5m Grey, M12 Female 4P Angled to Open Ended, Continuous Flex, PUR","02 MED","0.0","21.0","0.0",,,
"BWI2","NA","3043388","USP","SENSOR REED PARA CILINDRO","02 MED","2.0","55.0","0.0364",,,
"BWI2","NA","3043399","USP","D-MAX WEB GUIDE CONTROLLER,INPUT VOLTAGE 24 - 48 VDC, 6 DIGITAL INPUTS, 2 OUTPUT","02 MED","0.0","56.0","0.0",,,
"BWI2","NA","3043423","USP","FUSE,5 AMP,250V","02 MED","1.0","30.0","0.0333",,,
"BWI2","NA","3043436","USP","Kinetix 5700 Servo Drive","02 MED","0.0","21.0","0.0",,,
"BWI2","NA","3208459","USP","FIELD ATTACHABLE CONNECTOR","02 MED","0.0","21.0","0.0",,,
"BWI2","NA","3361381","USP","Fork sensor","01 HIGH","1.0","28.0","0.0357",,,
"BWI2","NA","3464199","USP","SENSOR, FIBER OPTIC THIN ZERO SPACE, SIDE VIEW TYP","01 HIGH","1.0","30.0","0.0333",,,
"BWI2","NA","3466127","USP","SCANNER,BARCODE:DM363 SMARTPACK PRESENTATION READER","01 HIGH","1.0","14.0","0.0714",,,
"BWI2","NA","3466132","USP","PNUEMATIC FITTING","01 HIGH","1.0","21.0","0.0476",,,
"BWI2","NA","3466134","USP","ROLLING BEARING  61802-2RS1","01 HIGH","6.0","4.0","1.5",,,
"BWI2","NA","3466138","USP","VERTICAL VPL SERIES, FRAME SIZE 100MM, T WINDING, RATED SPEED 7200-80","01 HIGH","0.0","21.0","0.0",,,
"BWI2","NA","3466140","USP","KINETIX VP LOW INERTIA MOTOR,","01 HIGH","0.0","21.0","0.0",,,
"BWI2","NA","3466144","USP","SERVO DRIVE","01 HIGH","0.0","21.0","0.0",,,
"BWI2","NA","3466145","USP","RIGHT HORIZONTAL SEAL BAR ASSY","01 HIGH","1.0","21.0","0.0476",,,
"BWI2","NA","3466147","USP","COMPACT CYLINDER ADN-32-25-I-P-A-S2","01 HIGH","1.0","21.0","0.0476",,,
"BWI2","NA","3466149","USP","PIVOT BLOCK","01 HIGH","1.0","14.0","0.0714",,,
"BWI2","NA","3466152","USP","SENSOR MOUNT","01 HIGH","1.0","21.0","0.0476",,,
"BWI2","NA","3466153","USP","RIGHT VERTICAL SEAL BAR ASSY","01 HIGH","1.0","21.0","0.0476",,,
"BWI2","NA","3466158","USP","SPRING PLUNGER, BALL-NOSE HARD","01 HIGH","9.0","4.0","2.25",,,
"BWI2","NA","3466170","USP","DSNU, BORE 25MM, STROKE 100MM, DOUBLE ACTING, LATERAL AIR,","01 HIGH","1.0","21.0","0.0476",,,
"BWI2","NA","3466204","USP","M8X1.25 X 16 MM LG, STROKE 1.5MM, MAX TEMP. 250C, THREAD-LOCKING, CERAMIC BALL","01 HIGH","5.0","4.0","1.25",,,
"BWI2","NA","3466208","USP","BEARING SPACER; INNER; 20 ID X 27 OD X 5 THICK","01 HIGH","5.0","28.0","0.1786",,,
"BWI2","NA","3466223","USP","243TEETH 32 T5/1215","01 HIGH","1.0","11.0","0.0909",,,
"BWI2","NA","3466243","USP","LEFT HORIZONTAL SEAL BAR ASSY","01 HIGH","1.0","21.0","0.0476",,,
"BWI2","NA","3466247","USP","KINETIX VP MOTOR CABLE","01 HIGH","0.0","21.0","0.0",,,
"BWI2","NA","3466248","USP","PRECISION LINEAR SHAFT, DIA 12","01 HIGH","1.0","28.0","0.0357",,,
"BWI2","NA","3466251","USP","PIVOT BLOCK - LEFT HORIZONTAL","01 HIGH","1.0","21.0","0.0476",,,
"BWI2","NA","3466258","USP","LEFT VERTICAL SEAL BAR ASSY","01 HIGH","1.0","21.0","0.0476",,,
"BWI2","NA","3466261","USP","SHANK THREAD SIZE(M10X1.25), ID 10MM, JAW OPENING W 10MM,","01 HIGH","3.0","3.0","1.0",,,
"BWI2","NA","3546294","USP","Kinetix VP Motor Cable, 4m","01 HIGH","0.0","90.0","0.0",,,
"BWI2","NA","76580","USP","PROGRAMMED MAPLE DISPLAY UNIT FOR 3600A APPLICATOR","02 MED","0.0","14.0","0.0","0.0","0.0",
"BWI2","NA","94998","USP","CYLINDER, ISO, PROX, X100MM, DA, MAG C03","02 MED","1.0","49.0","0.0204",,,
"BWI2","EU","N12270","USP","SMC Speed Control Valve: Elbow Fitting, Knob, 1/4 in/1/8 in Valve Body Size, 1/4 in Tube, Meter Out",,"2.0",,,"0.0222","4.0",
"BWI2","NA","N24793","USP","Slim Electromechanical Relay, SPDT, 6A,24VDC, PCB Terminal, 34 Series","01 HIGH","1.0","14.0","0.0714",,,
"BWI2","NA","N37377","USP","SC300-2 SHOCK ABSORBER","01 HIGH","0.0","28.0","0.0","0.0056","1.0",
"BWI2","NA","N41977","USP","R SERIES BEARING - .750 X 1.625 X .437","02 MED","0.0","14.0","0.0",,,
"BWI2","NA","N53990","USP","LINEAR RAIL","02 MED","1.0","14.0","0.0714",,,
"CLE3","NA","1000324","URL","FIELDBUS COUPLER ETHERNET/IP, 64 I/O MODULES, 24VDC, 4TH GEN","03 LOW","1.0","14.0","0.0714",,,
"CLE3","NA","1000863","EcoPac","Point IO Sinking Input Module, 8-Point","02 MED","1.0","21.0","0.0476",,,
"CLE3","NA","1004287","EcoPac","VOLTAGE MONITOR, DIGITAL PANEL METER","02 MED","1.0",,,,,
"CLE3","NA","10049258","URL","SITOP SEL1200 SELECTIVITY MODULE 8-CHANNEL SWITCHING CHARACTERISTIC INPUT","03 LOW","1.0","42.0","0.0238",,,
"CLE3","NA","103691","EcoPac","roll ø50x1,5 gravity","03 LOW","1.0",,,"0.0222","4.0",
"CLE3","NA","1062078","URL","MPCB, 8A, SINGLE-PHASE","03 LOW","1.0","28.0","0.0357",,,
"CLE3","NA","1068036","URL","Unknown","03 LOW","1.0","28.0","0.0357",,,
"CLE3","NA","1068301","URL","SR-50APW","03 LOW","1.0","21.0","0.0476",,,
"CLE3","NA","1069940","EcoPac","SENSOR LASER ANALOGIC LR-TB5000C","02 MED","0.0",,,"0.0","0.0",
"CLE3","NA","1070019","URL","SWITCHMODUL:IE3000","02 MED","1.0","21.0","0.0476",,,
"CLE3","NA","1071499","URL","POWER SUPPLY, 20A, 120 VAC/24 VDC,","02 MED","0.0",,,,,
"CLE3","NA","1072164","URL","UL489 20 A MINIATURE CIRCUIT BREAKER 1 POLE","02 MED","1.0","28.0","0.0357",,,
"CLE3","NA","1119110","URL","MOULDED CIRCUIT BREAKER","03 LOW","1.0","28.0","0.0357",,,
"CLE3","NA","1121497","URL","ROLLER RETURN DPP-0213482 [RETURN ROLLER, ABEC-1 STYLE BEARING IN A CONDUCTIVE HOUSING WITH DOUBLE LABRYNTH SEAL, GALVANIZED STEEL, 2.50"" OD X 0.12"" TUBE WALL , 21.75"" BETWEEN FRAME, 11/16"" HEX SHAFT]","02 MED","1.0",,,,,
"CLE3","NA","1123746","URL","MOTOR CIRCUIT BREAKER","03 LOW","1.0","42.0","0.0238",,,
"CLE3","NA","1123747","URL","MOTOR CIRCUIT BREAKER","03 LOW","1.0","42.0","0.0238",,,
"CLE3","NA","1124470","URL","SENSOR AMPLIFIER, LASER THRUBEAM, M8, PNP, KEYENCE","03 LOW","1.0","21.0","0.0476",,,
"CLE3","NA","1125460","URL","Latch for Print Mechanism ZE511 ZE521 RH & LH","02 MED","1.0","21.0","0.0476",,,
"CLE3","NA","11543","URL","TIMING DRIVE BELT, GT2, 8MGT-1440-21","01 HIGH","1.0",,,,,
"CLE3","NA","118954","URL","SQUARE_Sproket_60mm_#24_S2H0XXDHXXMT-10","02 MED","2.0","42.0","0.0476",,,
"CLE3","NA","18613","URL","Universal joint SGS M10","02 MED","1.0",,,,,
"CLE3","NA","19774","URL","MECHANICAL PULLEY BUSHING PART 2012 1-1/8","02 MED","0.0","42.0","0.0",,,
"CLE3","NA","19811","URL","MODULE, END MODULE WAGO #750-600","02 MED","1.0",,,,,
"CLE3","NA","19949","URL","MECHANICAL PULLEY BUSHING PART 2012 1-17/16","02 MED","0.0","42.0","0.0",,,
"CLE3","NA","2038925","URL","Zebra, Kit, Print Mechanism, ZE511 Right Hand","02 MED","2.0","21.0","0.0952",,,
"CLE3","NA","2038927","URL","Zebra, Kit, Toggle Assemblies, ZE511, ZE521, Right Hand/Left Hand","02 MED","1.0","21.0","0.0476",,,
"CLE3","NA","2038928","URL","Zebra, Kit, Ruler for Toggle Position, Quantity of 3, ZE511 Right Hand","02 MED","1.0","21.0","0.0476",,,
"CLE3","NA","2038929","URL","Zebra, Kit, Ribbon Strip Plate & Ribbon Static Brush, ZE511 Right Hand/Left Hand","02 MED","1.0","21.0","0.0476",,,
"CLE3","NA","2038930","URL","Zebra, Kit, Cables for Printhead, ZE511 ZE521 Right Hand/Left Hand","02 MED","1.0","21.0","0.0476",,,
"CLE3","NA","2038945","URL","Zebra, Kit, Media Sensor, ZE511 Right Hand","02 MED","1.0","21.0","0.0476",,,
"CLE3","NA","2038946","URL","Zebra, Kit, Media Door Open Sensor, ZE511, ZE521, RH & LH","02 MED","1.0","21.0","0.0476",,,
"CLE3","NA","2038947","URL","Zebra, Kit, Encoder Sensors for Ribbon Drive System, ZE511, ZE521, Right Hand/Left Hand","02 MED","1.0","21.0","0.0476",,,
"CLE3","NA","2038952","URL","Zebra, Kit, Motor For The Media Drive System ZE511, ZE521, RH","02 MED","1.0","21.0","0.0476",,,
"CLE3","NA","2038959","URL","Zebra, Kit, Platen Support And Guard For Printhead, ZE511 RH & LH","02 MED","1.0","21.0","0.0476",,,
"CLE3","NA","2038961","URL","Zebra, Kit, Roller Plates, ZE511, ZE521, Right Hand","02 MED","1.0","21.0","0.0476",,,
"CLE3","NA","2038968","URL","Zebra, Kit, Media Sensor, ZE511 Left Hand","02 MED","1.0","21.0","0.0476",,,
"CLE3","NA","2038971","URL","Zebra, Kit, Motor For The Media Drive System, ZE511, ZE521, LH","02 MED","1.0","21.0","0.0476",,,
"CLE3","NA","2038972","URL","Zebra, Kit, Ribbon Drive System, ZE511, ZE521, Left Hand","02 MED","1.0","21.0","0.0476",,,
"CLE3","NA","2038973","URL","roller Plates ZE511/ZE521 LH","02 MED","1.0","21.0","0.0476",,,
"CLE3","NA","3008688","URL","Dancing Arm – Backing Paper Rewinder RH","02 MED","1.0","21.0","0.0476",,,
"CLE3","NA","3008689","URL","Roller – dancing arm","02 MED","0.0","21.0","0.0",,,
"CLE3","NA","3008695","URL","RS232 Com cable","02 MED","1.0","21.0","0.0476",,,
"CLE3","NA","3008709","URL","Tube guide roller incl. bearings","02 MED","1.0","21.0","0.0476",,,
"CLE3","NA","3008712","URL","DISC_BREAK","02 MED","0.0","21.0","0.0",,,
"CLE3","NA","3008719","URL","SENSOR_INDUCTIVE","02 MED","1.0","21.0","0.0476",,,
"CLE3","NA","3008723","URL","Bearing (2 pieces needed) 15x32x9 mm","02 MED","0.0","21.0","0.0",,,
"CLE3","NA","3008730","URL","Phoenix Contact 1754465 PCB Plug Screw 5mm 12AWG 320V 12A 3 Position COMBICON MSTB Series","02 MED","1.0","42.0","0.0238",,,
"CLE3","NA","3008731","URL","REWINDER_BACKING_PAPER_LH","02 MED","1.0","21.0","0.0476",,,
"CLE3","NA","3008732","URL","Inner disc 305 mm","02 MED","0.0","21.0","0.0",,,
"CLE3","NA","3008733","URL","SUPPLY_POWER","02 MED","1.0","21.0","0.0476",,,
"CLE3","NA","3008734","URL","Dancing Arm – Backing Paper Rewinder LH","02 MED","1.0","21.0","0.0476",,,
"CLE3","NA","3008735","URL","REWINDER_BACKING_PAPER_RH","02 MED","1.0","21.0","0.0476",,,
"CLE3","NA","3008736","URL","CABLE_APPLICATOR","02 MED","1.0","21.0","0.0476",,,
"CLE3","NA","3008740","URL","Spacer disc 5mm","02 MED","0.0","21.0","0.0",,,
"CLE3","NA","3008741","URL","Spring - break band","02 MED","3.0","21.0","0.1429",,,
"CLE3","NA","3008742","URL","Siemens 3NW7513-0HG Fuse Holder, 1-P, 32A, 600V, Class Cc F","03 LOW","1.0",,,,,
"CLE3","NA","3008744","URL","S80 Adapter board - “Printer Port”","02 MED","0.0","21.0","0.0",,,
"CLE3","NA","3008745","URL","BOARD 200041062","02 MED","0.0","21.0","0.0","0.0","0.0",
"CLE3","NA","3008746","URL","ROLLER_REWIND","02 MED","0.0","21.0","0.0",,,
"CLE3","NA","3008747","URL","Shock absorber 20x15 incl. screw","02 MED","2.0","21.0","0.0952",,,
"CLE3","NA","3008748","URL","Spacer for unwinder 8mm for S80","02 MED","0.0","21.0","0.0",,,
"CLE3","NA","3008749","URL","Warning low level labels; optic sensor","02 MED","2.0","21.0","0.0952",,,
"CLE3","NA","3008750","URL","PLUG DFMC 1,5/ 5-ST-3,5-LR","02 MED","1.0","42.0","0.0238",,,
"CLE3","NA","3008753","URL","SWITCH_INLET_AND_FUSES","02 MED","0.0","21.0","0.0",,,
"CLE3","NA","3008754","URL","T-COUPLER M8 MALE / 2X M8 FEMALE","03 LOW","1.0",,,,,
"CLE3","NA","3008760","URL","SUPPORT_DISC_REWINDER","02 MED","1.0","21.0","0.0476",,,
"CLE3","NA","3008762","URL","Roller – label unwinder","02 MED","0.0","21.0","0.0",,,
"CLE3","NA","3008763","URL","Adapter 76 mm width 30 mm","02 MED","0.0","21.0","0.0",,,
"CLE3","NA","3008764","URL","CLIP DOMINO","02 MED","1.0","21.0","0.0476",,,
"CLE3","NA","3008771","URL","RING_GUIDE","02 MED","2.0","21.0","0.0952",,,
"CLE3","NA","3008773","URL","Photocell cable, 5 m","02 MED","2.0","21.0","0.0952",,,
"CLE3","NA","3008774","URL","CABLE WEIGHCELL,0.1M,ADAPTER,SCALA-LIBRA","03 LOW","1.0",,,,,
"CLE3","NA","3008776","URL","Tube guide roller Shaft","02 MED","1.0","21.0","0.0476",,,
"CLE3","NA","3016911","URL","SENSOR HEAD, 980MM","03 LOW","1.0","21.0","0.0476",,,
"CLE3","NA","3036879","URL","LOGISTIC CODE READER, 2D CODE, BARCODE, 24VDC, 3A","03 LOW","1.0","21.0","0.0476",,,
"CLE3","NA","3036880","URL","SR-5000X POLARIZING FILTER","03 LOW","1.0","21.0","0.0476",,,
"CLE3","NA","3037855","EcoPac","FLANGIA D58X24 D29","02 MED","8.0","21.0","0.381",,,
"CLE3","NA","3039997","URL","SUCTION CUP","01 HIGH","60.0","35.0","1.7143",,,
"CLE3","NA","3056192","URL","TERMINAL BLOCK RELAY SPST","02 MED","1.0","28.0","0.0357",,,
"CLE3","NA","3062874","URL","KEYENCE - CA-E200LJ, LJ-X/LJ-V INPUT UNIT","03 LOW","1.0","21.0","0.0476",,,
"CLE3","NA","3077242","URL","SUPPLY TERM BLOCK 24V 10+FUSE","03 LOW","1.0","14.0","0.0714",,,
"CLE3","NA","3077246","URL","PNOZ m B0","03 LOW","1.0","140.0","0.0071",,,
"CLE3","NA","3077248","URL","PNOZ m EF 8DI4DO","03 LOW","1.0","140.0","0.0071",,,
"CLE3","NA","3077250","URL","PNOZ m EF 4DI4RO","03 LOW","1.0","140.0","0.0071",,,
"CLE3","NA","3077254","URL","XG-X2902LJ, CAMERA CONTROLLER","03 LOW","1.0","30.0","0.0333",,,
"CLE3","NA","3077257","URL","WAGO - 750-631/000-010","03 LOW","1.0","14.0","0.0714",,,
"CLE3","NA","3077259","URL","Upper Arm","03 LOW","1.0","56.0","0.0179",,,
"CLE3","NA","3077260","URL","Gearbox main axis","03 LOW","0.0","56.0","0.0",,,
"CLE3","NA","3077261","URL","Parallel plate with bearing and ball pins","03 LOW","1.0","56.0","0.0179",,,
"CLE3","NA","3077263","URL","PINS_BALL_SET_12","03 LOW","1.0","56.0","0.0179",,,
"CLE3","NA","3077266","URL","Telescopic axis","03 LOW","0.0","56.0","0.0","0.0056","1.0",
"CLE3","NA","3077267","URL","P6 ROBOT ARM ASSEMBLY","02 MED","0.0","30.0","0.0","0.0","0.0",
"CLE3","NA","3077268","URL","Plain bearing","03 LOW","1.0","56.0","0.0179",,,
"CLE3","NA","3077269","URL","Upper universal joint","03 LOW","1.0","56.0","0.0179",,,
"CLE3","NA","3077270","URL","Lower universal joint","03 LOW","1.0","56.0","0.0179",,,
"CLE3","NA","3077273","URL","NON-CONTACT SAFETY SWITCH","03 LOW","1.0","140.0","0.0071",,,
"CLE3","NA","3077284","URL","INCREMENTAL ENCODER","03 LOW","1.0","70.0","0.0143",,,
"CLE3","NA","3077289","URL","ALTIVAR 055KW ON MACHINE INVERTER","03 LOW","1.0","42.0","0.0238",,,
"CLE3","NA","3077290","URL","ALTIVAR 1.5KW ON MACHINE INVERTER","03 LOW","1.0","42.0","0.0238",,,
"CLE3","NA","3077292","URL","ALTIVAR 075KW ON MACHINE INVERTER","03 LOW","1.0","42.0","0.0238",,,
"CLE3","NA","3083137","URL","STANDARD LENGTH PEEL BAR ZE511 RH & LH","02 MED","1.0","21.0","0.0476",,,
"CLE3","NA","3127827","URL","Zebra, Kit, Wireless Wi-Fi 802,11ac, USA and Canada, Includes magnetic antenna mount, ZE511, ZE521, RH & LH","02 MED","1.0","21.0","0.0476",,,
"CLE3","NA","3129265","URL","Solenoid Valve","03 LOW","1.0","14.0","0.0714",,,
"CLE3","NA","3129266","URL","Pressure Regulator","03 LOW","1.0","14.0","0.0714",,,
"CLE3","NA","3129268","URL","Lagged Idle Roller","03 LOW","1.0","28.0","0.0357",,,
"CLE3","NA","3129282","URL","Drive Motor","03 LOW","0.0","56.0","0.0",,,
"CLE3","NA","3129284","URL","Encoder Roller","03 LOW","0.0","56.0","0.0","0.0167","3.0",
"CLE3","NA","3129285","URL","RJ45 INDUSTRIAL PLUG 09451511100","03 LOW","0.0","56.0","0.0","0.0056","1.0",
"CLE3","NA","3129290","URL","Roller Table Assembly - LH","03 LOW","0.0","30.0","0.0","0.0","0.0",
"CLE3","NA","3129291","URL","Roller Table Assembly - RH","03 LOW","0.0","30.0","0.0",,,
"CLE3","NA","3129296","URL","AUX CONTACT BLOCK","03 LOW","1.0","28.0","0.0357",,,
"CLE3","NA","3129298","URL","OULDED CIRCUIT BREAKER","03 LOW","1.0","28.0","0.0357",,,
"CLE3","NA","3129309","URL","24VDC PLUG IN RELAY","03 LOW","1.0","28.0","0.0357",,,
"CLE3","NA","3129313","URL","2500VA 480/115VAC TRANSFORMER","03 LOW","1.0","28.0","0.0357",,,
"CLE3","NA","3129320","URL","6.3A FUSE","03 LOW","1.0","14.0","0.0714",,,
"CLE3","NA","3129323","URL","CONTROL SYSTEM","03 LOW","0.0","28.0","0.0","0.0","0.0",
"CLE3","NA","3129325","URL","KEYENCE FS-N41C Sensor de fibra óptica","03 LOW","1.0","21.0","0.0476",,,
"CLE3","NA","3129326","URL","FIBRE UNIT REFLECTIVE","03 LOW","1.0","21.0","0.0476",,,
"CLE3","NA","3129335","URL","ENCODER SPLITTER","03 LOW","1.0","140.0","0.0071",,,
"CLE3","NA","3129339","URL","PNOZ m B1","03 LOW","1.0","140.0","0.0071",,,
"CLE3","NA","3129340","URL","PNOZ m EF SAFETYNET","03 LOW","1.0","140.0","0.0071",,,
"CLE3","NA","3129354","URL","USB TO SERIAL CABLE","03 LOW","1.0","14.0","0.0714",,,
"CLE3","NA","3129355","URL","15"" INDUSTRIAL DISPLAY","03 LOW","1.0","42.0","0.0238",,,
"CLE3","NA","3129368","URL","SERVO CONTROL MODULE","03 LOW","1.0","42.0","0.0238",,,
"CLE3","NA","3129369","URL","ILM DISTRIBUTION BOX ILM62DB, 1I / 4O","03 LOW","1.0","42.0","0.0238",,,
"CLE3","NA","3129370","URL","MOTION CONTROLLER LMC402 16 AXIS - ACC KIT - BASIC","03 LOW","1.0","42.0","0.0238",,,
"CLE3","NA","3129371","URL","SERVO POWER SUPPLY","03 LOW","1.0","42.0","0.0238",,,
"CLE3","NA","3129372","URL","ETHERNET TCP/IP COMMUNICATION CARD","03 LOW","1.0","42.0","0.0238",,,
"CLE3","NA","3132058","URL","METTLER TOLEDO 24114964 BELT","02 MED","0.0",,,,,
"CLE3","NA","3288499","URL","TT End Roller","01 HIGH","2.0","55.0","0.0364",,,
"CLE3","NA","3288500","URL","Tension Roller Assembly","01 HIGH","2.0","42.0","0.0476",,,
"CLE3","NA","3288502","URL","RJ45 INDUSTRIAL PLUG 09451511100","01 HIGH","0.0","55.0","0.0","0.0167","3.0",
"CLE3","NA","3516105","URL","CIRCUIT BREAKER 230VAC 1P 30552422","03 LOW","1.0",,,,,
"CLE3","NA","3516106","URL","CIRCUIT BREAKER 230VAC 6A 30552418","03 LOW","1.0",,,,,
"CLE3","NA","3516116","URL","Break Band 410 mm","02 MED","2.0","21.0","0.0952",,,
"CLE3","NA","3516118","URL","UNWIND UNIT SPRINGS MT910532SP","02 MED","2.0","21.0","0.0952",,,
"CLE3","NA","3516122","URL","RJ45 INDUSTRIAL PLUG 09451511100","03 LOW","1.0",,,,,
"CLE3","NA","3524238","EcoPac","PHOTOCEL S45-PH-5-B03-PH","02 MED","2.0","30.0","0.0667",,,
"CLE3","NA","3524441","EcoPac","STAFFA SMBR  8-8","01 HIGH","4.0","21.0","0.1905",,,
"CLE3","NA","3524442","EcoPac","VALVOLA OBLIQUA  VZXF-L-M22C-M-A","01 HIGH","2.0","31.0","0.0645",,,
"CLE3","NA","3524530","EcoPac","ROD 835 X 30 X 8","02 MED","0.0","21.0","0.0","0.0111","2.0",
"CLE3","NA","41867","URL","SUPER SMALL LASER SENSOR HEAD AREA BEAM RETRO REFLECTIVE","03 LOW","1.0","21.0","0.0476",,,
"CLE3","NA","44819","URL","TN2511 ELECTRONIC TEMPERATURE SENSOR","03 LOW","0.0","42.0","0.0",,,
"CLE3","NA","47016","URL","FLANGE BEARING, 2-HOLE, 1-7/16"" BORE","02 MED","0.0","42.0","0.0",,,
"CLE3","NA","48192","URL","WASHER, M10 SPRING LOCK INTRALOX DPP-0146630","03 LOW","1.0",,,,,
"CLE3","NA","63172","URL","MOULDED CIRCUIT BREAKER","03 LOW","1.0","14.0","0.0714",,,
"CLE3","NA","65242","URL","Zebra, Kit Upper Segmented Pinch Roller Assembly ZE500-4 LH","02 MED","1.0","21.0","0.0476",,,
"CLE3","NA","65245","URL","Upper Segmented Pinch Roller Assembly ZE511 RH","02 MED","1.0","14.0","0.0714",,,
"CLE3","NA","69833","URL","INPUT TERMINAL-WAGO TYPE 750-430 FOR PLC10 SATELLITE PANEL","03 LOW","0.0","21.0","0.0",,,
"CLE3","NA","69834","URL","OUTPUT TERMINAL-WAGO TYPE 750-530 FOR PLC10 SATELLITE PANEL","03 LOW","0.0","40.0","0.0","0.0","0.0",
"CLE3","NA","71920","URL","SMC - KQ2P-11, FITTING, 3/8""","03 LOW","1.0",,,,,
"CLE3","NA","72899","URL","Zebra - P1046696-146, Extended Life Drive Belts","01 HIGH","1.0",,,"0.0167","3.0",
"CLE3","NA","76186","URL","UL1489, CIRCUIT BREAKER, UL1489, 1-POLE, TRIP CURVE C, 277VAC, 48VDC, 40 AMP","03 LOW","1.0","28.0","0.0357",,,
"CLE3","NA","76546","URL","PUSH-IN FITTING ELBOW PISCO #PL1/4-01-1.8","02 MED","2.0",,,,,
"CLE3","NA","77864","URL","STARTER, MANUAL 3PH 460V 1HP 1.6-2.5A","03 LOW","1.0","42.0","0.0238",,,
"CLE3","NA","92043","URL","TERMINAL BLOCK J4, 600V, 35A, (GRAY)","02 MED","0.0",,,,,
"CLE3","NA","92775","URL","SERIES 7000 21"" X 5.85' (22 ROWS) TRANSVERSE ROLLER V3 GREY ACETAL WITH BLACK POLYURETHANE AND ORANGE WEAR RESISTANT ACETAL ROLLER AND WHITE NYLON AXLE BOXED BELT WITH NATURAL ABRASION RESISTANT RODS","01 HIGH","0.0","42.0","0.0","0.0055","0.99",
"CLE3","NA","99304","URL","Spiratex components barcap 0,63""","02 MED","1.0","42.0","0.0238",,,
"CLE3","NA","99936","EcoPac","PIN D15X25 D10 L20.5 B0 M0","03 LOW","1.0","31.0","0.0323",,,
"CLE3","NA","C-1005","EcoPac","PHOTOCEL S45-PH-5-B03-PH","03 LOW","2.0",,,"0.0","0.0",
"CLE3","NA","C-1020","EcoPac","PHOTOCEL S45-PH-5-B03-PH","02 MED","2.0",,,"0.0167","3.0",
"CLE3","NA","C-1083","EcoPac","PHOTOCEL S45-PH-5-B03-PH","02 MED","2.0",,,"0.0","0.0",
"CLE3","NA","C-1105","EcoPac","PHOTOCEL S45-PH-5-B03-PH","03 LOW","1.0",,,"0.0","0.0",
"CLE3","NA","C-1158","EcoPac","TIME DELAY FUSE, AMP TRAP 2000® 10A, ATDR KLASSE CC","03 LOW","1.0",,,,,
"CLE3","NA","C-1163","EcoPac","FUSE, DELAY CLASS CC 600V 4AMP","02 MED","2.0",,,"0.0278","5.0",
"CLE3","NA","C-1165","EcoPac","FUSE,CLASS CC,600 VOLTS,10 AMPS","03 LOW","1.0",,,"0.0","0.0",
"CLE3","NA","C-1167","EcoPac","FUSE,CLASS CC,600 VOLTS,6 AMPS","03 LOW","1.0",,,"0.0","0.0",
"CLE3","NA","C-1183","EcoPac","PHOTOCEL S45-PH-5-B03-PH","03 LOW","1.0",,,,,
"CLE3","NA","C-1184","EcoPac","ROD EYE, 9261","02 MED","1.0",,,,,
"CLE3","NA","C-1204","EcoPac","PHOTOCEL S45-PH-5-B03-PH","03 LOW","0.0",,,"0.0","0.0",
"CLE3","NA","C-1209","EcoPac","MOTOR 71B","02 MED","0.0",,,,,
"CLE3","NA","C-1212","EcoPac","MOTOR ST90SC4-UL-1,5HP 4P B14","03 LOW","0.0",,,,,
"CLE3","NA","C-1217","EcoPac","PHOTOCEL S45-PH-5-B03-PH","01 HIGH","3.0","31.0","0.0968",,,
"CLE3","NA","C-1218","EcoPac","ND-PISTOLA MB2-BE00AIATTSSFP41-000000","01 HIGH","0.0","14.0","0.0","0.0056","1.0",
"CLE3","NA","C-1236","EcoPac","STRAP PLATE HTD 8M LARGH.30","03 LOW","1.0",,,,,
"CLE3","NA","C-1260","EcoPac","RELE' MY4-US 24VDC 4 SCAMBI","03 LOW","1.0",,,,,
"CLE3","NA","C-1261","EcoPac","SOLID STATE RELAY","03 LOW","1.0",,,"0.0","0.0",
"CLE3","NA","C-1342","EcoPac","SPRING D22X32 D3 N.7 SPIRE COMP","02 MED","1.0",,,,,
"CLE3","NA","C-1346","EcoPac","SPRING D35X17.5 D3.5 N.4 SPIRE TORS","03 LOW","1.0",,,,,
"CLE3","NA","C-1358","EcoPac","SUPPORT SUM  -10  H15  -M 6","01 HIGH","14.0",,,"0.2278","41.0",
"CLE3","NA","C-1364","EcoPac","TOOTHED BELT     5M-15 HTD METRAGGIO","03 LOW","25.0",,,,,
"CLE3","NA","C-1372","EcoPac","TOOTHED BELT 720 8M-30 HTD","03 LOW","1.0",,,,,
"CLE3","NA","C-1411","EcoPac","VITE M6X L126 DX","02 MED","1.0",,,,,
"CLE3","NA","C-1413","EcoPac","SUPPORT SFT 20","03 LOW","1.0",,,"0.0111","2.0",
"CLE3","NA","C-1639","EcoPac","FUSE ATQR20 20A CLASS CC TIME DELAY","03 LOW","1.0",,,"0.0","0.0",
"CLE3","NA","C-1687","EcoPac","SHRINK DISK RCK13 25X50","02 MED","1.0",,,"0.0","0.0",
"CLE3","NA","C-1689","EcoPac","SHRINK DISK RCK80 14X23","03 LOW","1.0",,,,,
"CLE3","NA","C-1706","EcoPac","SECURITY MODULE  PNOZ X2.8P","02 MED","0.0",,,,,
"CLE3","NA","C-1708","EcoPac","SECURITY MODULE  PZE X4","02 MED","1.0",,,,,
"CLE3","NA","C-1723","EcoPac","PHOTOCEL S45-PH-5-B03-PH","02 MED","0.0","14.0","0.0","0.0","0.0",
"CLE3","NA","C-1726","EcoPac","PHOTOCEL S45-PH-5-B03-PH","02 MED","0.0","14.0","0.0",,,
"CLE3","NA","C-1727","EcoPac","PHOTOCEL S45-PH-5-B03-PH","02 MED","0.0",,,,,
"CLE3","NA","C-1731","EcoPac","PHOTOCEL S45-PH-5-B03-PH","02 MED","1.0",,,,,
"CLE3","NA","C-1804","EcoPac","REDUCER XC40 R 1: 7,5 PAM 14-105","03 LOW","0.0","14.0","0.0","0.0167","3.0",
"CLE3","NA","C-2040","EcoPac","SHRINK DISK RCK13 19X47","02 MED","1.0",,,"0.0","0.0",
"CLE3","NA","C-2041","EcoPac","SHRINK DISC RCK13 20X47","03 LOW","1.0",,,"0.0111","2.0",
"CLE3","NA","C-2042","EcoPac","SHRINK DISK RCK13 22X47","02 MED","1.0",,,"0.0056","1.0",
"CLE3","NA","C-2307","EcoPac","PHOTOCEL S45-PH-5-B03-PH","02 MED","2.0",,,"0.0389","7.0",
"CLE3","NA","C-2309","EcoPac","PHOTOCEL S45-PH-5-B03-PH","02 MED","1.0",,,"0.0056","1.0",
"CLE3","NA","C-2342","EcoPac","SHAFT SEAL KIT (A. BRADLEY) MPL-SSN-A3B3","02 MED","1.0",,,,,
"CLE3","NA","C-2358","EcoPac","PHOTOCELL S100-PR-5-C00-PK","03 LOW","1.0",,,,,
"CLE3","NA","C-2589","EcoPac","SHRINK DISK RCK61 20X38","02 MED","2.0",,,,,
"CLE3","NA","C-2590","EcoPac","SHRINK DISK RCK61 22X40","02 MED","1.0",,,,,
"CLE3","NA","C-2591","EcoPac","PHOTOCEL S45-PH-5-B03-PH","02 MED","1.0",,,,,
"CLE3","NA","C-2598","EcoPac","PLATE BELT 5M-25","02 MED","1.0",,,,,
"CLE3","NA","C-2635","EcoPac","SLIDER  MGN  12 HZ0H","02 MED","1.0",,,"0.0","0.0",
"CLE3","NA","C-2645","EcoPac","TOOTHED BELT 375 5M-15 HTD GT3","02 MED","1.0",,,,,
"CLE3","NA","C-2716","EcoPac","TOOTHED BELT 640 8M-30 HTD","02 MED","1.0",,,,,
"CLE3","NA","C-2721","EcoPac","PHOTOCEL S45-PH-5-B03-PH","02 MED","1.0",,,"0.0111","2.0",
"CLE3","NA","C-2723","EcoPac","PHOTOCEL S45-PH-5-B03-PH","02 MED","1.0",,,"0.0","0.0",
"CLE3","NA","C-2724","EcoPac","PHOTOCEL S45-PH-5-B03-PH","02 MED","1.0",,,,,
"CLE3","NA","C-2756","EcoPac","TOOTHED BELT 560 8M-30 HTD","02 MED","1.0",,,,,
"CLE3","NA","C-2757","EcoPac","TOOTHED BELT 300 5M-15 HTD","02 MED","1.0",,,,,
"CLE3","NA","C-2758","EcoPac","TOOTHED BELT 475 5M-25 HTD","02 MED","1.0",,,,,
"CLE3","NA","C-2759","EcoPac","TOOTHED BELT 1100 5M-25HTD DUAL","02 MED","1.0",,,,,
"CLE3","NA","C-2760","EcoPac","TOOTHED BELT 375 5M-25 HTD","02 MED","1.0",,,"0.0","0.0",
"CLE3","NA","C-2761","EcoPac","TOOTHED BELT 450 5M-25 HTD","02 MED","1.0",,,,,
"CLE3","NA","C-2762","EcoPac","TOOTHED BELT 575 5M-25 HTD","02 MED","1.0",,,,,
"CLE3","NA","C-2763","EcoPac","TOOTHED BELT 325 5M-25 HTD","02 MED","1.0",,,,,
"CLE3","NA","C-2766","EcoPac","RID.XC 50 R 1:10 PAM 19-120","02 MED","1.0",,,"0.0","0.0",
"CLE3","NA","C-2799","EcoPac","PHOTOCEL S45-PH-5-B03-PH","02 MED","0.0",,,,,
"CLE3","NA","C-2807","EcoPac","VALVE GROUP   DFM 32-125 PA-KF","02 MED","2.0",,,,,
"CLE3","NA","C-2808","EcoPac","VALVE  VUVG-L18-M52-MT-G14-1R8L","02 MED","1.0",,,,,
"CLE3","NA","C-2809","EcoPac","PHOTOCEL S45-PH-5-B03-PH","02 MED","1.0",,,,,
"CLE3","NA","C-2812","EcoPac","SOLENOID VALVE VUVG-L18-P53U-T-G14-1R8L","02 MED","1.0",,,,,
"CLE3","NA","C-2822","EcoPac","PHOTOCEL S45-PH-5-B03-PH","02 MED","1.0",,,,,
"CLE3","NA","C-2824","EcoPac","PHOTOCEL S45-PH-5-B03-PH","02 MED","1.0",,,"0.0056","1.0",
"CLE3","NA","C-2825","EcoPac","PHOTOCEL S45-PH-5-B03-PH","02 MED","1.0",,,"0.0111","2.0",
"CLE3","NA","C-2826","EcoPac","PHOTOCEL S45-PH-5-B03-PH","02 MED","1.0",,,,,
"CLE3","NA","C-2827","EcoPac","PHOTOCEL S45-PH-5-B03-PH","02 MED","2.0",,,,,
"CLE3","NA","C-2835","EcoPac","PHOTOCEL S45-PH-5-B03-PH","02 MED","1.0",,,,,
"CLE3","NA","C-2836","EcoPac","WHEEL D69X27 D47 FOLLE","02 MED","1.0",,,"0.0111","2.0",
"CLE3","NA","C-2844","EcoPac","PHOTOCEL S45-PH-5-B03-PH","02 MED","1.0",,,"0.0111","2.0",
"CLE3","NA","C-2859","EcoPac","SNODO SGS M12X1.25 SFERICO -DX","02 MED","2.0",,,,,
"CLE3","NA","C-2860","EcoPac","SNODO JAF 6 SFERICO -DX","02 MED","1.0",,,,,
"CLE3","NA","C-2861","EcoPac","SPHERICAL JOINT JAF 12 RIGHT","02 MED","1.0",,,,,
"CLE3","NA","C-2862","EcoPac","SPHERICAL JOINT JAFL 12 LEFT","02 MED","1.0",,,,,
"CLE3","NA","C-2864","EcoPac","VALVOLA VFOF-LE-BAH-G14-Q8","02 MED","1.0",,,,,
"CLE3","NA","C-2870","EcoPac","RULLO D70X135 D45","02 MED","1.0",,,,,
"CLE3","NA","C-2874","EcoPac","SHAFT D 25X1087","02 MED","0.0",,,,,
"CLE3","NA","C-2879","EcoPac","SHAFT D 25X1420","02 MED","1.0",,,,,
"CLE3","NA","C-2951","EcoPac","PHOTOCEL S45-PH-5-B03-PH","02 MED","1.0",,,,,
"CLE3","NA","C-2990","EcoPac","PHOTOCEL S45-PH-5-B03-PH","02 MED","1.0",,,,,
"CLE3","NA","C-3003","EcoPac","SNODO SGS M16X1.5  SFERICO -DX","02 MED","2.0",,,,,
"CLE3","NA","C-3035","EcoPac","REGULATOR VRPA-LM-R18-Q8","02 MED","1.0",,,,,
"CLE3","NA","C-3052","EcoPac","SPRING D23X120 D3 N.28 COILS TENSION","02 MED","1.0",,,,,
"CLE3","NA","C-3699","EcoPac","PHOTOCEL S45-PH-5-B03-PH","02 MED","1.0",,,,,
"CLE3","NA","C-3701","EcoPac","PHOTOCEL S45-PH-5-B03-PH","02 MED","2.0",,,,,
"CLE3","NA","C-3702","EcoPac","PHOTOCEL S45-PH-5-B03-PH","02 MED","1.0",,,,,
"CLE3","NA","C-3703","EcoPac","TOOTHED BELT 1200 8M-30 HTD","02 MED","1.0",,,,,
"CLE3","NA","C-3704","EcoPac","TOOTHED BELT 700 5M-25 HTD DUAL","02 MED","1.0",,,,,
"CLE3","NA","C-3705","EcoPac","TOOTHED BELT 700 5M-25 HTD","02 MED","1.0",,,,,
"CLE3","NA","C-3706","EcoPac","PHOTOCEL S45-PH-5-B03-PH","02 MED","1.0",,,,,
"CLE3","NA","C-3707","EcoPac","PHOTOCEL S45-PH-5-B03-PH","02 MED","1.0",,,,,
"CLE3","NA","C-3711","EcoPac","PHOTOCEL S45-PH-5-B03-PH","02 MED","1.0",,,,,
"CLE3","NA","C-3712","EcoPac","PHOTOCEL S45-PH-5-B03-PH","02 MED","1.0",,,"0.0","0.0",
"CLE3","NA","C-3713","EcoPac","PIN  D 5X 50 SP6325 TEMPERATA","02 MED","2.0",,,,,
"CLE3","NA","C-3716","EcoPac","PHOTOCEL S45-PH-5-B03-PH","02 MED","2.0",,,,,
"CLE3","NA","C-3721","EcoPac","SHAFT-HUB CONNECTION RCK61 14X26","02 MED","1.0",,,,,
"CLE3","NA","C-3729","EcoPac","FUSE  LPJ-40SP 40A CLASS J TIME DELAY","02 MED","1.0",,,,,
"CLE3","NA","C-3730","EcoPac","SENSOR KI-3250NFPKG M12 4P M","02 MED","1.0",,,,,
"CLE3","NA","C-3731","EcoPac","VALVE  OS-1/8""-B   SELETTRICE","02 MED","1.0",,,,,
"CLE3","NA","C-3740","EcoPac","FUSE,CLASS CC,600 VOLTS,15 AMPS","02 MED","1.0",,,,,
"CLE3","NA","C-3741","EcoPac","ROD  520X32X4.5","02 MED","1.0",,,,,
"CLE3","NA","C-3742","EcoPac","RUBBER ROLLER  D55X60    D42","02 MED","2.0",,,"0.0","0.0",
"CLE3","NA","C-3745","EcoPac","SHAFT D 25X1472","02 MED","1.0",,,"0.0","0.0",
"CLE3","NA","C-3746","EcoPac","SHAFT D 25X1364","02 MED","1.0",,,,,
"CLE3","NA","C-3747","EcoPac","RUBBER ROLLER  D65X550    D34","02 MED","1.0",,,,,
"CLE3","NA","C-3748","EcoPac","SHAFT D 20X1349","02 MED","1.0",,,,,
"CLE3","NA","C-3749","EcoPac","STAKE D 6 X26","02 MED","1.0",,,,,
"CLE3","NA","C-3750","EcoPac","PHOTOCEL S45-PH-5-B03-PH","02 MED","1.0",,,"0.0111","2.0",
"CLE3","NA","C-3751","EcoPac","RUBBER ROLLER  D118X60    D50","02 MED","1.0",,,,,
"CLE3","NA","C-3755","EcoPac","WHEEL D69X19.3 D47 FOLLE","02 MED","1.0",,,"0.0","0.0",
"CLE3","NA","C-3758","EcoPac","ROLLER D70X119 D35","02 MED","1.0",,,,,
"CLE3","NA","C-3759","EcoPac","ROLLER D70X330 D35","02 MED","1.0",,,,,
"CLE3","NA","C-3760","EcoPac","PHOTOCEL S45-PH-5-B03-PH","02 MED","1.0",,,,,
"CLE3","NA","C-3761","EcoPac","RUBBER ROLLER  D55X390    D25","02 MED","1.0",,,,,
"CLE3","NA","C-3762","EcoPac","ROLLER D53X60 D25","02 MED","1.0",,,,,
"CLE3","NA","C-3764","EcoPac","SHARE  173X42X6","02 MED","1.0",,,,,
"CLE3","NA","C-3767","EcoPac","PHOTOCEL S45-PH-5-B03-PH","02 MED","2.0",,,,,
"CLE3","NA","C-3768","EcoPac","PHOTOCEL S45-PH-5-B03-PH","02 MED","2.0",,,,,
"CLE3","NA","C-3769","EcoPac","PHOTOCEL S45-PH-5-B03-PH","02 MED","2.0",,,,,
"CLE3","NA","C-3770","EcoPac","PHOTOCEL S45-PH-5-B03-PH","02 MED","2.0",,,,,
"CLE3","NA","C-3772","EcoPac","PHOTOCEL S45-PH-5-B03-PH","02 MED","1.0",,,,,
"CLE3","NA","C-3773","EcoPac","TOOTHED BELT L-2175 5M-25 HTD","02 MED","2.0",,,,,
"CLE3","NA","C-3779","EcoPac","SHAFT D 25X696","01 HIGH","1.0",,,,,
"CLE3","NA","C-3783","EcoPac","PHOTOCEL S45-PH-5-B03-PH","02 MED","2.0",,,"0.0","0.0",
"CLE3","NA","C-3785","EcoPac","PLATE 114X60,2X26","02 MED","1.0",,,,,
"CLE3","NA","C-3790","EcoPac","SINGLE CORDINATOR KIT","02 MED","1.0",,,,,
"CLE3","NA","C-3793","EcoPac","PHOTOCEL S45-PH-5-B03-PH","02 MED","0.0",,,"0.0056","1.0",
"CLE3","NA","C-3794","EcoPac","SHAFT D 25X1370","02 MED","1.0",,,,,
"CLE3","NA","C-3816","EcoPac","SENSOR LASER ANALOGIC LR-TB5000C","02 MED","0.0",,,,,
"CLE3","NA","C-3817","EcoPac","PHOTOCEL S45-PH-5-B03-PH","03 LOW","0.0","12.0","0.0","0.0","0.0",
"CLE3","NA","C-3819","EcoPac","POWER SUP. 24VDC/12,5A 1F 300W","02 MED","0.0",,,,,
"CLE3","NA","C-3820","EcoPac","PLC OTP MOD 8 24VDC","02 MED","1.0",,,,,
"CLE3","NA","C-3821","EcoPac","VACUUM CUP VASB 30-1/8""-PUR-B","02 MED","1.0",,,,,
"CLE3","NA","C-3822","EcoPac","VALVE VTUG-14-VRAP-B1T-Q12-U-Q8S-KK6AL+TV","02 MED","0.0",,,,,
"CLE3","NA","C-3823","EcoPac","PHOTOCEL S45-PH-5-B03-PH","02 MED","0.0",,,,,
"CLE3","NA","C-3824","EcoPac","PHOTOCEL S45-PH-5-B03-PH","03 LOW","0.0","12.0","0.0",,,
"CLE3","NA","C-3825","EcoPac","PHOTOCEL S45-PH-5-B03-PH","02 MED","0.0",,,,,
"CLE3","NA","C-3827","EcoPac","PHOTOCEL S45-PH-5-B03-PH","02 MED","0.0",,,,,
"CLE3","NA","C-3828","EcoPac","PHOTOCEL S45-PH-5-B03-PH","02 MED","1.0",,,,,
"CLE3","NA","C-3829","EcoPac","PHOTOCEL S45-PH-5-B03-PH","02 MED","1.0",,,,,
"CLE3","NA","C-3832","EcoPac","PHOTOCEL S45-PH-5-B03-PH","02 MED","1.0",,,,,
"CLE3","NA","C-3833","EcoPac","PHOTOCEL S45-PH-5-B03-PH","02 MED","1.0",,,,,
"CLE3","NA","C-3836","EcoPac","PHOTOCEL S45-PH-5-B03-PH","02 MED","1.0",,,,,
"CLE3","NA","C-3837","EcoPac","VALVE UNIT DFM 16-20","02 MED","1.0",,,,,
"CLE3","NA","C-3838","EcoPac","SHAFT D 25X1455","02 MED","0.0",,,,,
"CLE3","NA","C-3839","EcoPac","ROLLER D80X110 D42","02 MED","1.0",,,,,
"CLE3","NA","C-3840","EcoPac","ROLLER D80X260 D50","02 MED","1.0",,,,,
"CLE3","NA","C-3844","EcoPac","PHOTOCEL S45-PH-5-B03-PH","02 MED","1.0",,,,,
"CLE3","NA","C-3858","EcoPac","SHAFT D 30X1220","02 MED","1.0",,,,,
"CLE3","NA","C-3860","EcoPac","RULLO D70X495    D35","02 MED","1.0",,,,,
"CLE3","NA","C-3861","EcoPac","SHAFT D 25X52","02 MED","1.0",,,,,
"CLE3","NA","C-3862","EcoPac","SHAFT D 35X72","02 MED","1.0",,,,,
"CLE3","NA","C-3863","EcoPac","SHAFT D 35X206","02 MED","1.0",,,,,
"CLE3","NA","N15848","URL","ZE500-4 Peel Deflector and Latch Maintenance Kit, RH","02 MED","1.0",,,,,
"CLE3","NA","N17268","URL","ZE500-4 Peel Deflector and Latch Maintenance Kit, LH","02 MED","0.0",,,,,
"CLE3","NA","N18792","URL","VLV AIR SOL DBL 2POS MTL SEAL","02 MED","0.0","42.0","0.0",,,
"CLE3","NA","N24349","URL","Zebra, Kit Drive Gears for Ribbon Spindles ZE500 Series","02 MED","1.0","21.0","0.0476",,,
"CLE3","NA","N24364","URL","Zebra, Kit Ribbon Spindles ZE500-4 RH & LH","02 MED","1.0","21.0","0.0476",,,
"CLE3","NA","N27503","URL","RED DGE 23Q20L14","01 HIGH","1.0",,,,,
"CLE3","NA","N36439Z","URL","MOULDED CIRCUIT BREAKER","03 LOW","1.0","28.0","0.0357",,,
"CLE3","NA","N36607","URL","SET CLLR 1-3/8 B SPLT 2P","01 HIGH","0.0","45.0","0.0",,,
"CLE3","NA","N40126","URL","Holder for cylindrical fuse ø10x38mm 1p+N 32A 690V","02 MED","0.0","42.0","0.0",,,
"CLE3","NA","N43532","EcoPac","ZERO-FORCE TOUCH BUTTON 800Z-GL2Q5","02 MED","0.0","132.0","0.0","0.0222","4.0",
"DAB2","NA","1000078","USP","Sensor, proximity, SME-8M-DS-24V-K-0, 3-M8D","02 MED","1.0",,,"0.0167","3.0",
"DAB2","NA","1001191","USP","VPL-B1003F-PJ12AA SERVO MOTOR","02 MED","1.0",,,,,
"DAB2","NA","1001803","USP","Switch, Auxiliary, Supplementary Protector Accessory","02 MED","1.0",,,,,
"DAB2","NA","10043","USP","PLC, CONTROLLER,PROGRAMMABLE:2-1/2 INHT,3-1/2 INWD,1-1/2 INDP,24 V DCVOLT,2.6 MACURRE","02 MED","1.0","32.0","0.0313",,,
"DAB2","NA","10076","USP","UNWIND DANCER ARM UNWIND SPRING","02 MED","1.0","14.0","0.0714",,,
"DAB2","NA","10086","USP","WASHER: CAPTURE CTM PM-FANU30375","02 MED","2.0","18.0","0.1111",,,
"DAB2","NA","10087","USP","THREADED INSERT CTM C-PM-INS1010","02 MED","1.0",,,,,
"DAB2","NA","10090","USP","Shoulder Screw,18-8 Stainless Steel,3/8"""" Shoulder Dia., 1"""" Shoulder Length,5/16-18 Thread,PK2","02 MED","2.0","24.0","0.0833",,,
"DAB2","NA","10095","USP","FLANGED BUSHING","02 MED","1.0",,,,,
"DAB2","NA","10096","USP","WASHER: THRUST, BRONZE","02 MED","1.0",,,,,
"DAB2","NA","10105","USP","SPRING: REWIND CLUTCH, MED DUTY, .97OD X .080 WIRE DIA","02 MED","1.0","21.0","0.0476",,,
"DAB2","NA","10191","USP","THRUST BALL BEARING, 3/4"" ID X 1-5/16"" OD X 9/32"" HT., STEEL","02 MED","1.0","35.0","0.0286",,,
"DAB2","NA","1071515","USP","Radial/Deep Groove Ball Bearing - Round Bore, 25 mm ID, 42 mm OD, 9 mm Width, Double Shielded, Internal Clearance","02 MED","1.0",,,"0.0889","16.0",
"DAB2","NA","1071516","USP","REPLACEMENT BELT – 18”W FOR CO","02 MED","2.0",,,,,
"DAB2","NA","1073001","USP","3600 TAMP or SWING HOME SENSOR ASSEMBLY without MOUNT","02 MED","1.0","17.0","0.0588",,,
"DAB2","NA","1113249","USP","URGU48R1-04090N","02 MED","1.0",,,,,
"DAB2","NA","11147","USP","VHI425A-GV W/ GV4G6","02 MED","2.0","22.0","0.0909",,,
"DAB2","NA","1116318","USP","ULTRASONIC SENSOR, PICO+","02 MED","1.0",,,,,
"DAB2","NA","1124729","USP","Pan and Tilt Camera Mount PTU-BE","01 HIGH","1.0","38.0","0.0263",,,
"DAB2","NA","11409","USP","TAMPA","02 MED","1.0","25.0","0.04",,,
"DAB2","NA","11519","USP","Zebra Kit Maint Door Open Swch RH/LH","02 MED","1.0","25.0","0.04",,,
"DAB2","NA","14325","USP","WIRING TOOL required for insertion/extraction @ terminal strip","02 MED","1.0","35.0","0.0286",,,
"DAB2","NA","19978","USP","TIME DELAY FUSE, 30A, CLASS J, 300KA, 600VAC","02 MED","1.0","15.0","0.0667",,,
"DAB2","NA","23103","USP","Time Delay, Cylindrical, Fuse, GDC Series, 250VAC, Indicating (5 PK)","02 MED","2.0","15.0","0.1333",,,
"DAB2","NA","3022931","USP","MALE INSERT 5 PIN","01 HIGH","1.0","66.0","0.0152",,,
"DAB2","NA","3022935","USP","M8 LOCK WASHERS (OR BLACK OXIDE EQUIVALENT)","01 HIGH","1.0","24.0","0.0417",,,
"DAB2","NA","3022938","USP","CAPTIVE SCREW RETAINER","01 HIGH","3.0","21.0","0.1429",,,
"DAB2","NA","3022941","USP","VERTICAL TOP, POWERSONIC MATED M12 + LBO2K","01 HIGH","2.0","70.0","0.0286",,,
"DAB2","NA","3022942","USP","CLAMP, LOOP NYLON 7/8"" X 1 1/2","01 HIGH","1.0","21.0","0.0476",,,
"DAB2","NA","3022943","USP","HORIZONTAL REAR, POWERSONIC MATED M12 + LBO3K","01 HIGH","2.0","70.0","0.0286",,,
"DAB2","NA","3022945","USP","VERTICAL BOTTOM LOAD CELL","01 HIGH","2.0","70.0","0.0286",,,
"DAB2","NA","3022947","USP","HORIZONTAL JAW CABLE MANAGEMENT BACKING PLATE","01 HIGH","1.0","38.0","0.0263",,,
"DAB2","NA","3022948","USP","FLAT HEAD SOCKET CAP SCREW","01 HIGH","1.0","24.0","0.0417",,,
"DAB2","NA","3022949","USP","MCMASTER ZIP TIE MOUNT","01 HIGH","1.0","24.0","0.0417",,,
"DAB2","NA","3022952","USP","GALVANIZED STEEL , EPDM CUSHIO","01 HIGH","1.0","24.0","0.0417",,,
"DAB2","NA","3022953","USP","GUARDING T-BLOCK","01 HIGH","5.0","24.0","0.2083",,,
"DAB2","NA","3022956","USP","ROTATED CABLE EXIT VERTICAL LOAD CELL HOLDER BLOCK","01 HIGH","1.0","108.0","0.0093",,,
"DAB2","NA","3022958","USP","DIVERT PLATE, TOP","01 HIGH","1.0","94.0","0.0106",,,
"DAB2","NA","3022959","USP","SHOULDER BOLT, 12MMX40MM, M10","02 MED","1.0","42.0","0.0238",,,
"DAB2","NA","3022961","USP","FRONT PLATE","01 HIGH","1.0","94.0","0.0106",,,
"DAB2","NA","3022967","USP","ZIP TIES, STANDARD","01 HIGH","0.0","24.0","0.0",,,
"DAB2","NA","3022971","USP","FAST CONNECTION-PEG","01 HIGH","1.0","24.0","0.0417",,,
"DAB2","NA","3022976","USP","FLAT HEAD SOCKET CAP SCREW","01 HIGH","1.0","24.0","0.0417",,,
"DAB2","NA","3022977","USP","GUIDED PNUEMATIC CYLINDER DFM-16-125-B-PPV-A-KF","01 HIGH","1.0","25.0","0.04",,,
"DAB2","NA","3022978","USP","LIDAR SENSOR PICS150-01000 core 1","01 HIGH","0.0","95.0","0.0",,,
"DAB2","NA","3022982","USP","LEFT ISOLATOR PLATE","01 HIGH","3.0","70.0","0.0429",,,
"DAB2","NA","3022983","USP","RIGHT ISOLATOR PLATE","01 HIGH","3.0","70.0","0.0429",,,
"DAB2","NA","3022984","USP","8MM X 14MM LOW SOCKET HEAD MACHINE SCREWS (OR BLACK OXIDE EQUIVALENT)","01 HIGH","1.0","24.0","0.0417",,,
"DAB2","NA","3025738","USP","COATED 9"" FOUR HOLE AIR ASSIST TUBE - MP-211-2230-9","02 MED","1.0","21.0","0.0476",,,
"DAB2","NA","3029777","USP","Ring, Centering sleeve ZBH-7-B","01 HIGH","1.0","28.0","0.0357",,,
"DAB2","NA","3029778","USP","CABLE, NIP ROLLER MOTOR SERVO","01 HIGH","0.0","70.0","0.0",,,
"DAB2","NA","3031139","USP","RIGHT HORIZONTAL HEATER CABLE","01 HIGH","1.0","21.0","0.0476",,,
"DAB2","NA","3032133","USP","COMPRESSION SPRING T=1.4 OD=20 ID=17","01 HIGH","3.0","28.0","0.1071",,,
"DAB2","NA","3033957","USP","Ring, Centering sleeve ZBH-5-B","01 HIGH","1.0","28.0","0.0357",,,
"DAB2","NA","3037849","USP","RIGHT VER HEATER CABLE ASSY","01 HIGH","1.0","108.0","0.0093",,,
"DAB2","NA","3037850","USP","ZIP TIES, STANDARD","01 HIGH","0.0","24.0","0.0",,,
"DAB2","NA","3037851","USP","ALTERNATE PLASTIC P-CLIP (MUST DRILL MOUNTING HOLE TO M6)","01 HIGH","1.0","24.0","0.0417",,,
"DAB2","NA","3043368","USP","Sensor Cable, 5m Grey, M12 Female 4P Angled to Open Ended, Continuous Flex, PUR","02 MED","2.0",,,,,
"DAB2","NA","3043382","USP","75129321-3200 I DRIVE SPCL SWITCH ASSY","02 MED","1.0",,,,,
"DAB2","NA","3043388","USP","SENSOR REED PARA CILINDRO","02 MED","1.0",,,"0.0","0.0",
"DAB2","NA","3043404","USP","AC/DC Brick Power Supply, 90-264VAC In, 12VDC Out, 50 Watts, Standard DC Plug","02 MED","1.0",,,,,
"DAB2","NA","3043418","USP","350870-18-SPINDLE ASSY, 3"" IDLER, 18W","02 MED","1.0",,,"0.0111","2.0",
"DAB2","NA","3043419","USP","PULLEY,TMG,5mm X 15mm -36T 14mm BORE W","02 MED","1.0",,,,,
"DAB2","NA","3043436","USP","Kinetix 5700 Servo Drive","02 MED","0.0","21.0","0.0","0.0111","2.0",
"DAB2","NA","3361381","USP","Fork sensor","01 HIGH","1.0","28.0","0.0357",,,
"DAB2","NA","3464199","USP","SENSOR, FIBER OPTIC THIN ZERO SPACE, SIDE VIEW TYP","01 HIGH","1.0","30.0","0.0333",,,
"DAB2","NA","3466132","USP","PNUEMATIC FITTING","01 HIGH","1.0","21.0","0.0476",,,
"DAB2","NA","3466134","USP","ROLLING BEARING  61802-2RS1","01 HIGH","6.0","4.0","1.5",,,
"DAB2","NA","3466138","USP","VERTICAL VPL SERIES, FRAME SIZE 100MM, T WINDING, RATED SPEED 7200-80","01 HIGH","0.0","21.0","0.0",,,
"DAB2","NA","3466140","USP","KINETIX VP LOW INERTIA MOTOR,","01 HIGH","0.0","21.0","0.0",,,
"DAB2","NA","3466144","USP","SERVO DRIVE","01 HIGH","0.0","21.0","0.0","0.0111","2.0",
"DAB2","NA","3466145","USP","RIGHT HORIZONTAL SEAL BAR ASSY","01 HIGH","1.0","21.0","0.0476",,,
"DAB2","NA","3466147","USP","COMPACT CYLINDER ADN-32-25-I-P-A-S2","01 HIGH","1.0","21.0","0.0476",,,
"DAB2","NA","3466149","USP","PIVOT BLOCK","01 HIGH","1.0","14.0","0.0714",,,
"DAB2","NA","3466152","USP","SENSOR MOUNT","01 HIGH","1.0","21.0","0.0476",,,
"DAB2","NA","3466153","USP","RIGHT VERTICAL SEAL BAR ASSY","01 HIGH","1.0","21.0","0.0476",,,
"DAB2","NA","3466158","USP","SPRING PLUNGER, BALL-NOSE HARD","01 HIGH","9.0","4.0","2.25",,,
"DAB2","NA","3466170","USP","DSNU, BORE 25MM, STROKE 100MM, DOUBLE ACTING, LATERAL AIR,","01 HIGH","1.0","21.0","0.0476",,,
"DAB2","NA","3466204","USP","M8X1.25 X 16 MM LG, STROKE 1.5MM, MAX TEMP. 250C, THREAD-LOCKING, CERAMIC BALL","01 HIGH","5.0","4.0","1.25",,,
"DAB2","NA","3466208","USP","BEARING SPACER; INNER; 20 ID X 27 OD X 5 THICK","01 HIGH","5.0","28.0","0.1786",,,
"DAB2","NA","3466223","USP","243TEETH 32 T5/1215","01 HIGH","1.0","11.0","0.0909",,,
"DAB2","NA","3466247","USP","KINETIX VP MOTOR CABLE","01 HIGH","0.0","21.0","0.0",,,
"DAB2","NA","3466248","USP","PRECISION LINEAR SHAFT, DIA 12","01 HIGH","1.0","28.0","0.0357",,,
"DAB2","NA","3466251","USP","PIVOT BLOCK - LEFT HORIZONTAL","01 HIGH","1.0","21.0","0.0476",,,
"DAB2","NA","3466258","USP","LEFT VERTICAL SEAL BAR ASSY","01 HIGH","1.0","21.0","0.0476",,,
"DAB2","NA","3466261","USP","SHANK THREAD SIZE(M10X1.25), ID 10MM, JAW OPENING W 10MM,","01 HIGH","3.0","3.0","1.0",,,
"DAB2","NA","3546294","USP","Kinetix VP Motor Cable, 4m","02 MED","1.0","90.0","0.0111",,,
"DAB2","NA","49225","USP","HEX HEAD CAP SCREW  CTM PM-FAHHSS50557","02 MED","3.0","10.0","0.3",,,
"DAB2","NA","49344","USP","Zebra ZE52163-R010000Z Print Engine","02 MED","1.0",,,"0.0056","1.0",
"DAB2","NA","49346","USP","ZEBRA AIT PART KIT PLATEN, PINCH, & PEEL ROLLERS ZE521 RH & LH","02 MED","1.0",,,,,
"DAB2","NA","76580","USP","PROGRAMMED MAPLE DISPLAY UNIT FOR 3600A APPLICATOR","02 MED","1.0","14.0","0.0714",,,
"DAB2","NA","N24793","USP","Slim Electromechanical Relay, SPDT, 6A,24VDC, PCB Terminal, 34 Series","01 HIGH","1.0","14.0","0.0714",,,
"DAB2","NA","N37377","USP","SC300-2 SHOCK ABSORBER","02 MED","1.0","14.0","0.0714",,,
"DAB2","NA","N41977","USP","R SERIES BEARING - .750 X 1.625 X .437","02 MED","0.0","14.0","0.0",,,
"DAB2","NA","N53990","USP","LINEAR RAIL","02 MED","1.0",,,,,
"DAB2","NA","N54024","USP","TAPER-LOCK BUSHING, 1610 22MM BORE","02 MED","1.0","21.0","0.0476",,,
"DEN4","NA","1000078","USP","Sensor, proximity, SME-8M-DS-24V-K-0, 3-M8D","01 HIGH","2.0","15.0","0.1333",,,
"DEN4","NA","1001191","USP","VPL-B1003F-PJ12AA SERVO MOTOR","02 MED","1.0","28.0","0.0357",,,
"DEN4","NA","1001803","USP","Switch, Auxiliary, Supplementary Protector Accessory","02 MED","0.0",,,,,
"DEN4","NA","1002613","USP","VALVE, CHECK VALVE,ASSEMBLY:FLOW CONTROL W/ PILOT CHECK VALVE 1/4 TUBE WITH1/8 T","01 HIGH","1.0","16.0","0.0625",,,
"DEN4","NA","10043","USP","PLC, CONTROLLER,PROGRAMMABLE:2-1/2 INHT,3-1/2 INWD,1-1/2 INDP,24 V DCVOLT,2.6 MACURRE","02 MED","0.0",,,,,
"DEN4","NA","1004322","USP","PUSHBUTTON METAL LATCH","02 MED","1.0",,,,,
"DEN4","NA","10076","USP","UNWIND DANCER ARM UNWIND SPRING","02 MED","1.0","21.0","0.0476",,,
"DEN4","NA","10086","USP","WASHER: CAPTURE CTM PM-FANU30375","03 LOW","2.0",,,,,
"DEN4","NA","10087","USP","THREADED INSERT CTM C-PM-INS1010","03 LOW","1.0",,,,,
"DEN4","NA","10090","USP","Shoulder Screw,18-8 Stainless Steel,3/8"""" Shoulder Dia., 1"""" Shoulder Length,5/16-18 Thread,PK2","03 LOW","1.0",,,,,
"DEN4","NA","10095","USP","FLANGED BUSHING","03 LOW","1.0",,,,,
"DEN4","NA","10096","USP","WASHER: THRUST, BRONZE","02 MED","1.0",,,,,
"DEN4","NA","10105","USP","SPRING: REWIND CLUTCH, MED DUTY, .97OD X .080 WIRE DIA","02 MED","1.0",,,,,
"DEN4","NA","1060925","USP","RING-GRIP QUICK-RELEASE PIN","01 HIGH","1.0","3.0","0.3333",,,
"DEN4","NA","1061526","USP","SERVO DRVE AMP JR_AUTO JR0000549642","02 MED","0.0","21.0","0.0",,,
"DEN4","NA","1061778","USP","RT-B1221","02 MED","0.0","21.0","0.0","0.0056","1.0",
"DEN4","NA","1071516","USP","REPLACEMENT BELT – 18”W FOR CO","01 HIGH","2.0","21.0","0.0952",,,
"DEN4","NA","1073001","USP","3600 TAMP or SWING HOME SENSOR ASSEMBLY without MOUNT","02 MED","1.0","17.0","0.0588",,,
"DEN4","NA","11082","USP","SMART PACK FILTER REPLACEMENT  (PID)","03 LOW","2.0",,,,,
"DEN4","NA","1113249","USP","URGU48R1-04090N","02 MED","0.0","17.0","0.0",,,
"DEN4","NA","1124355","USP","FIXED DRAW ROLLER, SMART PAC","02 MED","0.0","24.0","0.0","0.0","0.0",
"DEN4","NA","11519","USP","Zebra Kit Maint Door Open Swch RH/LH","02 MED","2.0","28.0","0.0714",,,
"DEN4","NA","14325","USP","WIRING TOOL required for insertion/extraction @ terminal strip","02 MED","1.0",,,,,
"DEN4","NA","19978","USP","TIME DELAY FUSE, 30A, CLASS J, 300KA, 600VAC","02 MED","2.0",,,,,
"DEN4","NA","2066701","USP","ROLLER, MOVING DRAW ROLLER (SMART PAC)","02 MED","1.0","70.0","0.0143",,,
"DEN4","NA","3022934","USP","SMC Shock Absorber, RBC1007, 46.7 mm Body Length, 63.7 mm Body Length, M10 x 1 Thread Size","01 HIGH","2.0","38.0","0.0526",,,
"DEN4","NA","3022941","USP","VERTICAL TOP, POWERSONIC MATED M12 + LBO2K","01 HIGH","2.0","70.0","0.0286",,,
"DEN4","NA","3022943","USP","HORIZONTAL REAR, POWERSONIC MATED M12 + LBO3K","01 HIGH","2.0","70.0","0.0286",,,
"DEN4","NA","3022945","USP","VERTICAL BOTTOM LOAD CELL","01 HIGH","2.0","70.0","0.0286",,,
"DEN4","NA","3022948","USP","FLAT HEAD SOCKET CAP SCREW","01 HIGH","1.0","24.0","0.0417",,,
"DEN4","NA","3022952","USP","GALVANIZED STEEL , EPDM CUSHIO","01 HIGH","1.0","24.0","0.0417",,,
"DEN4","NA","3022953","USP","GUARDING T-BLOCK","01 HIGH","5.0","24.0","0.2083",,,
"DEN4","NA","3022957","USP","WASHER, M5, SST","01 HIGH","1.0","24.0","0.0417",,,
"DEN4","NA","3022961","USP","FRONT PLATE","01 HIGH","1.0","94.0","0.0106",,,
"DEN4","NA","3022962","USP","DIVERT PLATE, LEFT","01 HIGH","1.0","30.0","0.0333",,,
"DEN4","NA","3022964","USP","DIVERT PLATE, REJECT COVER","01 HIGH","1.0","94.0","0.0106",,,
"DEN4","NA","3022967","USP","ZIP TIES, STANDARD","01 HIGH","0.0","24.0","0.0",,,
"DEN4","NA","3022970","USP","CUTTING KNIFE ASSEMBLY","01 HIGH","4.0","108.0","0.037",,,
"DEN4","NA","3022971","USP","FAST CONNECTION-PEG","01 HIGH","1.0","24.0","0.0417",,,
"DEN4","NA","3022978","USP","LIDAR SENSOR PICS150-01000 core 1","01 HIGH","0.0","95.0","0.0",,,
"DEN4","NA","3022985","USP","ROTATED CABLE EXIT HORIZONTAL LOAD CELL HOLDER BLOCK","01 HIGH","1.0","24.0","0.0417",,,
"DEN4","NA","3025738","USP","COATED 9"" FOUR HOLE AIR ASSIST TUBE - MP-211-2230-9","02 MED","1.0","21.0","0.0476",,,
"DEN4","NA","3026266","USP","Control Block","02 MED","1.0","21.0","0.0476",,,
"DEN4","NA","3029777","USP","Ring, Centering sleeve ZBH-7-B","01 HIGH","1.0","28.0","0.0357",,,
"DEN4","NA","3029778","USP","CABLE, NIP ROLLER MOTOR SERVO","01 HIGH","0.0","70.0","0.0",,,
"DEN4","NA","3033957","USP","Ring, Centering sleeve ZBH-5-B","01 HIGH","1.0","28.0","0.0357",,,
"DEN4","NA","3037850","USP","ZIP TIES, STANDARD","01 HIGH","0.0","24.0","0.0",,,
"DEN4","NA","3037851","USP","ALTERNATE PLASTIC P-CLIP (MUST DRILL MOUNTING HOLE TO M6)","01 HIGH","1.0","24.0","0.0417",,,
"DEN4","NA","3037852","USP","LEFT HOR HEATER CABLE ASSY","01 HIGH","1.0","108.0","0.0093",,,
"DEN4","NA","3043423","USP","FUSE,5 AMP,250V","02 MED","1.0","30.0","0.0333",,,
"DEN4","NA","3208459","USP","FIELD ATTACHABLE CONNECTOR","02 MED","0.0","21.0","0.0","0.0056","1.0",
"DEN4","NA","33053","USP","SENSOR CABLE, 5M GREY, M12 FEMALE 8P STRAIGHT TO OPEN ENDED, CONTINUOUS FLEX, PUR-OB","02 MED","0.0",,,,,
"DEN4","NA","3466132","USP","PNUEMATIC FITTING","01 HIGH","1.0","21.0","0.0476",,,
"DEN4","NA","3466134","USP","ROLLING BEARING  61802-2RS1","01 HIGH","6.0","4.0","1.5",,,
"DEN4","NA","3466138","USP","VERTICAL VPL SERIES, FRAME SIZE 100MM, T WINDING, RATED SPEED 7200-80","01 HIGH","0.0","21.0","0.0",,,
"DEN4","NA","3466140","USP","KINETIX VP LOW INERTIA MOTOR,","01 HIGH","0.0","21.0","0.0",,,
"DEN4","NA","3466144","USP","SERVO DRIVE","01 HIGH","0.0","21.0","0.0",,,
"DEN4","NA","3466147","USP","COMPACT CYLINDER ADN-32-25-I-P-A-S2","01 HIGH","1.0","21.0","0.0476",,,
"DEN4","NA","3466152","USP","SENSOR MOUNT","01 HIGH","1.0","21.0","0.0476",,,
"DEN4","NA","3466158","USP","SPRING PLUNGER, BALL-NOSE HARD","01 HIGH","9.0","4.0","2.25",,,
"DEN4","NA","3466204","USP","M8X1.25 X 16 MM LG, STROKE 1.5MM, MAX TEMP. 250C, THREAD-LOCKING, CERAMIC BALL","01 HIGH","5.0","4.0","1.25",,,
"DEN4","NA","3466208","USP","BEARING SPACER; INNER; 20 ID X 27 OD X 5 THICK","01 HIGH","5.0","28.0","0.1786",,,
"DEN4","NA","3466247","USP","KINETIX VP MOTOR CABLE","01 HIGH","0.0","21.0","0.0",,,
"DEN4","NA","3546294","USP","Kinetix VP Motor Cable, 4m","01 HIGH","0.0","90.0","0.0","0.0056","1.0",
"DEN4","NA","49225","USP","HEX HEAD CAP SCREW  CTM PM-FAHHSS50557","02 MED","3.0","10.0","0.3",,,
"DEN4","NA","76580","USP","PROGRAMMED MAPLE DISPLAY UNIT FOR 3600A APPLICATOR","02 MED","0.0",,,,,
"DEN4","NA","N24793","USP","Slim Electromechanical Relay, SPDT, 6A,24VDC, PCB Terminal, 34 Series","01 HIGH","1.0","14.0","0.0714",,,
"DEN4","NA","N37377","USP","SC300-2 SHOCK ABSORBER","02 MED","0.0","19.0","0.0","0.0","0.0",
"DEN4","NA","N37843","USP","REWIND CONTROL/POWER ON RELAY FOR 3600A APPLICATORS - PE-RE1017","02 MED","1.0","14.0","0.0714",,,
"DEN4","NA","N41977","USP","R SERIES BEARING - .750 X 1.625 X .437","02 MED","1.0",,,,,
"DEN4","NA","N45907","USP","Valve flow control one way","02 MED","1.0",,,,,
"DEN4","NA","N53951","USP","RADIAL BALL BEARING","01 HIGH","1.0",,,,,
"DEN4","NA","N53964","USP","NEBV-S1G25-K-10-N-LE25-S6 CONNECTING CABLE","02 MED","0.0","63.0","0.0",,,
"DEN4","NA","N53977","USP","I110-E0454 SAFETY SWITCH","01 HIGH","0.0","30.0","0.0",,,
"DEN4","NA","N53990","USP","LINEAR RAIL","02 MED","1.0",,,,,
"DEN4","NA","N54020","USP","STOPPER BOLT, M6X1.0, L 20MM, WITH HEX SOCKET TIP, STRAIGHT TYPE, BUMPER URETHAN","02 MED","1.0",,,,,
"DEN4","NA","N54024","USP","TAPER-LOCK BUSHING, 1610 22MM BORE","02 MED","1.0",,,,,
"DET6","NA","1001803","USP","Switch, Auxiliary, Supplementary Protector Accessory","02 MED","0.0","49.0","0.0","0.0111","2.0",
"DET6","NA","10043","USP","PLC, CONTROLLER,PROGRAMMABLE:2-1/2 INHT,3-1/2 INWD,1-1/2 INDP,24 V DCVOLT,2.6 MACURRE","02 MED","0.0",,,,,
"DET6","NA","10076","USP","UNWIND DANCER ARM UNWIND SPRING","02 MED","0.0","23.0","0.0","0.0111","2.0",
"DET6","NA","10086","USP","WASHER: CAPTURE CTM PM-FANU30375","03 LOW","1.0",,,,,
"DET6","NA","10087","USP","THREADED INSERT CTM C-PM-INS1010","03 LOW","1.0",,,,,
"DET6","NA","10090","USP","Shoulder Screw,18-8 Stainless Steel,3/8"""" Shoulder Dia., 1"""" Shoulder Length,5/16-18 Thread,PK2","03 LOW","1.0",,,,,
"DET6","NA","10095","USP","FLANGED BUSHING","03 LOW","1.0","17.0","0.0588",,,
"DET6","NA","10096","USP","WASHER: THRUST, BRONZE","03 LOW","1.0",,,,,
"DET6","NA","10105","USP","SPRING: REWIND CLUTCH, MED DUTY, .97OD X .080 WIRE DIA","02 MED","1.0",,,,,
"DET6","NA","10191","USP","THRUST BALL BEARING, 3/4"" ID X 1-5/16"" OD X 9/32"" HT., STEEL","01 HIGH","0.0",,,,,
"DET6","NA","1061526","USP","SERVO DRVE AMP JR_AUTO JR0000549642","02 MED","0.0","35.0","0.0",,,
"DET6","NA","1069554","USP","POWER IO CABLE M12 FOR COGNEX CONN MODULE W DB9","03 LOW","1.0","21.0","0.0476",,,
"DET6","NA","1071515","USP","Radial/Deep Groove Ball Bearing - Round Bore, 25 mm ID, 42 mm OD, 9 mm Width, Double Shielded, Internal Clearance","03 LOW","1.0","28.0","0.0357",,,
"DET6","NA","1073001","USP","3600 TAMP or SWING HOME SENSOR ASSEMBLY without MOUNT","02 MED","0.0","17.0","0.0",,,
"DET6","NA","11082","USP","SMART PACK FILTER REPLACEMENT  (PID)","03 LOW","1.0",,,,,
"DET6","NA","11147","USP","VHI425A-GV W/ GV4G6","01 HIGH","0.0",,,"0.0222","4.0",
"DET6","NA","1116318","USP","ULTRASONIC SENSOR, PICO+","02 MED","0.0","56.0","0.0",,,
"DET6","NA","1124355","USP","FIXED DRAW ROLLER, SMART PAC","02 MED","0.0","100.0","0.0","0.0111","2.0",
"DET6","NA","11409","USP","TAMPA","02 MED","1.0","17.0","0.0588",,,
"DET6","NA","11519","USP","Zebra Kit Maint Door Open Swch RH/LH","02 MED","0.0",,,,,
"DET6","NA","14325","USP","WIRING TOOL required for insertion/extraction @ terminal strip","02 MED","1.0",,,,,
"DET6","NA","19978","USP","TIME DELAY FUSE, 30A, CLASS J, 300KA, 600VAC","03 LOW","1.0","48.0","0.0208",,,
"DET6","NA","2066701","USP","ROLLER, MOVING DRAW ROLLER (SMART PAC)","01 HIGH","1.0","70.0","0.0143",,,
"DET6","NA","23103","USP","Time Delay, Cylindrical, Fuse, GDC Series, 250VAC, Indicating (5 PK)","03 LOW","1.0",,,,,
"DET6","NA","3015435","USP","VERTICAL JAW CABLE MANAGEMENT BACKING PLATE","01 HIGH","1.0","42.0","0.0238",,,
"DET6","NA","3022935","USP","M8 LOCK WASHERS (OR BLACK OXIDE EQUIVALENT)","01 HIGH","1.0","24.0","0.0417",,,
"DET6","NA","3022941","USP","VERTICAL TOP, POWERSONIC MATED M12 + LBO2K","01 HIGH","2.0","70.0","0.0286",,,
"DET6","NA","3022942","USP","CLAMP, LOOP NYLON 7/8"" X 1 1/2","01 HIGH","1.0","21.0","0.0476",,,
"DET6","NA","3022943","USP","HORIZONTAL REAR, POWERSONIC MATED M12 + LBO3K","01 HIGH","3.0","70.0","0.0429",,,
"DET6","NA","3022949","USP","MCMASTER ZIP TIE MOUNT","01 HIGH","1.0","24.0","0.0417",,,
"DET6","NA","3022950","USP","HORIZONTAL FRONT, POWERSONIC MATED M12 + LBO3K","01 HIGH","2.0","70.0","0.0286",,,
"DET6","NA","3022952","USP","GALVANIZED STEEL , EPDM CUSHIO","01 HIGH","1.0","24.0","0.0417",,,
"DET6","NA","3022953","USP","GUARDING T-BLOCK","01 HIGH","1.0","24.0","0.0417",,,
"DET6","NA","3022957","USP","WASHER, M5, SST","01 HIGH","1.0","24.0","0.0417",,,
"DET6","NA","3022958","USP","DIVERT PLATE, TOP","01 HIGH","1.0","94.0","0.0106",,,
"DET6","NA","3022961","USP","FRONT PLATE","01 HIGH","1.0","94.0","0.0106",,,
"DET6","NA","3022964","USP","DIVERT PLATE, REJECT COVER","01 HIGH","1.0","94.0","0.0106",,,
"DET6","NA","3022967","USP","ZIP TIES, STANDARD","01 HIGH","0.0","24.0","0.0",,,
"DET6","NA","3022971","USP","FAST CONNECTION-PEG","01 HIGH","1.0","24.0","0.0417",,,
"DET6","NA","3022977","USP","GUIDED PNUEMATIC CYLINDER DFM-16-125-B-PPV-A-KF","01 HIGH","1.0","25.0","0.04",,,
"DET6","NA","3022978","USP","LIDAR SENSOR PICS150-01000 core 1","01 HIGH","0.0","95.0","0.0",,,
"DET6","NA","3022982","USP","LEFT ISOLATOR PLATE","02 MED","1.0","70.0","0.0143",,,
"DET6","NA","3022983","USP","RIGHT ISOLATOR PLATE","02 MED","1.0","70.0","0.0143",,,
"DET6","NA","3026266","USP","Control Block","01 HIGH","1.0","21.0","0.0476",,,
"DET6","NA","3029777","USP","Ring, Centering sleeve ZBH-7-B","01 HIGH","1.0","28.0","0.0357",,,
"DET6","NA","3029778","USP","CABLE, NIP ROLLER MOTOR SERVO","01 HIGH","0.0","70.0","0.0",,,
"DET6","NA","3031139","USP","RIGHT HORIZONTAL HEATER CABLE","01 HIGH","1.0","21.0","0.0476",,,
"DET6","NA","3032133","USP","COMPRESSION SPRING T=1.4 OD=20 ID=17","01 HIGH","1.0","28.0","0.0357",,,
"DET6","NA","3033957","USP","Ring, Centering sleeve ZBH-5-B","01 HIGH","1.0","28.0","0.0357",,,
"DET6","NA","3037849","USP","RIGHT VER HEATER CABLE ASSY","01 HIGH","1.0","108.0","0.0093",,,
"DET6","NA","3037850","USP","ZIP TIES, STANDARD","01 HIGH","0.0","24.0","0.0",,,
"DET6","NA","3037851","USP","ALTERNATE PLASTIC P-CLIP (MUST DRILL MOUNTING HOLE TO M6)","01 HIGH","1.0","24.0","0.0417",,,
"DET6","NA","3037852","USP","LEFT HOR HEATER CABLE ASSY","01 HIGH","1.0","108.0","0.0093",,,
"DET6","NA","3043376","USP","ZLD18-BFZ4B8 SIMPLE SENSE","01 HIGH","1.0","42.0","0.0238",,,
"DET6","NA","3043436","USP","Kinetix 5700 Servo Drive","01 HIGH","0.0","21.0","0.0",,,
"DET6","NA","3208459","USP","FIELD ATTACHABLE CONNECTOR","01 HIGH","1.0","21.0","0.0476",,,
"DET6","NA","33053","USP","SENSOR CABLE, 5M GREY, M12 FEMALE 8P STRAIGHT TO OPEN ENDED, CONTINUOUS FLEX, PUR-OB","02 MED","1.0","21.0","0.0476",,,
"DET6","NA","3361381","USP","Fork sensor","01 HIGH","1.0","28.0","0.0357",,,
"DET6","NA","3464199","USP","SENSOR, FIBER OPTIC THIN ZERO SPACE, SIDE VIEW TYP","01 HIGH","1.0","30.0","0.0333",,,
"DET6","NA","3466127","USP","SCANNER,BARCODE:DM363 SMARTPACK PRESENTATION READER","01 HIGH","1.0","14.0","0.0714",,,
"DET6","NA","3466132","USP","PNUEMATIC FITTING","01 HIGH","1.0","21.0","0.0476",,,
"DET6","NA","3466134","USP","ROLLING BEARING  61802-2RS1","01 HIGH","12.0","4.0","3.0",,,
"DET6","NA","3466138","USP","VERTICAL VPL SERIES, FRAME SIZE 100MM, T WINDING, RATED SPEED 7200-80","01 HIGH","0.0","21.0","0.0",,,
"DET6","NA","3466140","USP","KINETIX VP LOW INERTIA MOTOR,","01 HIGH","0.0","21.0","0.0",,,
"DET6","NA","3466144","USP","SERVO DRIVE","01 HIGH","0.0","21.0","0.0",,,
"DET6","NA","3466145","USP","RIGHT HORIZONTAL SEAL BAR ASSY","01 HIGH","0.0","21.0","0.0",,,
"DET6","NA","3466147","USP","COMPACT CYLINDER ADN-32-25-I-P-A-S2","01 HIGH","1.0","21.0","0.0476",,,
"DET6","NA","3466149","USP","PIVOT BLOCK","01 HIGH","1.0","14.0","0.0714",,,
"DET6","NA","3466152","USP","SENSOR MOUNT","01 HIGH","1.0","21.0","0.0476",,,
"DET6","NA","3466153","USP","RIGHT VERTICAL SEAL BAR ASSY","01 HIGH","0.0","21.0","0.0",,,
"DET6","NA","3466158","USP","SPRING PLUNGER, BALL-NOSE HARD","01 HIGH","1.0","4.0","0.25",,,
"DET6","NA","3466170","USP","DSNU, BORE 25MM, STROKE 100MM, DOUBLE ACTING, LATERAL AIR,","01 HIGH","1.0","21.0","0.0476",,,
"DET6","NA","3466204","USP","M8X1.25 X 16 MM LG, STROKE 1.5MM, MAX TEMP. 250C, THREAD-LOCKING, CERAMIC BALL","01 HIGH","1.0","4.0","0.25",,,
"DET6","NA","3466208","USP","BEARING SPACER; INNER; 20 ID X 27 OD X 5 THICK","01 HIGH","1.0","28.0","0.0357",,,
"DET6","NA","3466223","USP","243TEETH 32 T5/1215","01 HIGH","1.0","11.0","0.0909",,,
"DET6","NA","3466243","USP","LEFT HORIZONTAL SEAL BAR ASSY","01 HIGH","0.0","21.0","0.0",,,
"DET6","NA","3466247","USP","KINETIX VP MOTOR CABLE","01 HIGH","0.0","21.0","0.0",,,
"DET6","NA","3466248","USP","PRECISION LINEAR SHAFT, DIA 12","01 HIGH","1.0","28.0","0.0357",,,
"DET6","NA","3466251","USP","PIVOT BLOCK - LEFT HORIZONTAL","01 HIGH","1.0","21.0","0.0476",,,
"DET6","NA","3466258","USP","LEFT VERTICAL SEAL BAR ASSY","01 HIGH","0.0","21.0","0.0","0.0167","3.0",
"DET6","NA","3466261","USP","SHANK THREAD SIZE(M10X1.25), ID 10MM, JAW OPENING W 10MM,","01 HIGH","1.0","3.0","0.3333",,,
"DET6","NA","3546294","USP","Kinetix VP Motor Cable, 4m","01 HIGH","0.0","90.0","0.0",,,
"DET6","NA","49225","USP","HEX HEAD CAP SCREW  CTM PM-FAHHSS50557","02 MED","2.0","10.0","0.2",,,
"DET6","NA","49344","USP","Zebra ZE52163-R010000Z Print Engine","02 MED","0.0","35.0","0.0","0.0167","3.0",
"DET6","NA","49960","USP","MDC100-050101 DRIVE","01 HIGH","0.0","21.0","0.0","0.0056","1.0",
"DET6","NA","72902","USP","kit,motor assy, high speed...","03 LOW","0.0","126.0","0.0","0.0111","2.0",
"DET6","NA","76580","USP","PROGRAMMED MAPLE DISPLAY UNIT FOR 3600A APPLICATOR","02 MED","0.0","14.0","0.0",,,
"DET6","NA","N37377","USP","SC300-2 SHOCK ABSORBER","02 MED","0.0","28.0","0.0","0.0056","1.0",
"DET6","NA","N37843","USP","REWIND CONTROL/POWER ON RELAY FOR 3600A APPLICATORS - PE-RE1017","03 LOW","1.0","14.0","0.0714",,,
"DET6","NA","N45907","USP","Valve flow control one way","02 MED","1.0","21.0","0.0476",,,
"DET6","NA","N53951","USP","RADIAL BALL BEARING","01 HIGH","1.0","56.0","0.0179",,,
"DET6","NA","N53964","USP","NEBV-S1G25-K-10-N-LE25-S6 CONNECTING CABLE","02 MED","1.0","37.0","0.027",,,
"DET6","NA","N53977","USP","I110-E0454 SAFETY SWITCH","03 LOW","1.0","41.0","0.0244",,,
"DET6","NA","N53990","USP","LINEAR RAIL","03 LOW","1.0","23.0","0.0435",,,
"DET6","NA","N54024","USP","TAPER-LOCK BUSHING, 1610 22MM BORE","03 LOW","1.0","35.0","0.0286",,,
"DUS4","EU","1071515","USP","Radial/Deep Groove Ball Bearing - Round Bore, 25 mm ID, 42 mm OD, 9 mm Width, Double Shielded, Internal Clearance","03 LOW","1.0","60.0","0.0167",,,
"DUS4","EU","107980","USP","X CODE M12X8 TO RJ45 CBL","01 HIGH","1.0",,,"0.0333","6.0",
"DUS4","EU","129198","USP","Touch Screen, 10.4"""", TFT Color, 24V DC","03 LOW","1.0","35.0","0.0286",,,
"DUS4","EU","2066701","USP","ROLLER, MOVING DRAW ROLLER (SMART PAC)","02 MED","1.0","70.0","0.0143",,,
"DUS4","EU","3015434","USP","SWIVEL GRIPPER HEAD","01 HIGH","1.0",,,,,
"DUS4","EU","3015435","USP","VERTICAL JAW CABLE MANAGEMENT BACKING PLATE","01 HIGH","1.0","66.0","0.0152",,,
"DUS4","EU","3022933","USP","STANDARD HOOD TOP ENTRY","01 HIGH","1.0","38.0","0.0263",,,
"DUS4","EU","3022935","USP","M8 LOCK WASHERS (OR BLACK OXIDE EQUIVALENT)","01 HIGH","1.0","24.0","0.0417",,,
"DUS4","EU","3022938","USP","CAPTIVE SCREW RETAINER","01 HIGH","12.0","24.0","0.5",,,
"DUS4","EU","3022940","USP","VERTICAL JAW CABLE MANAGEMENT BACKING PLATE","01 HIGH","1.0","38.0","0.0263",,,
"DUS4","EU","3022941","USP","VERTICAL TOP, POWERSONIC MATED M12 + LBO2K","03 LOW","1.0","70.0","0.0143",,,
"DUS4","EU","3022943","USP","HORIZONTAL REAR, POWERSONIC MATED M12 + LBO3K","01 HIGH","2.0","70.0","0.0286",,,
"DUS4","EU","3022944","USP","CAPTIVE GUARDING SCREWS","01 HIGH","1.0","24.0","0.0417",,,
"DUS4","EU","3022945","USP","VERTICAL BOTTOM LOAD CELL","03 LOW","1.0","70.0","0.0143",,,
"DUS4","EU","3022947","USP","HORIZONTAL JAW CABLE MANAGEMENT BACKING PLATE","01 HIGH","1.0","38.0","0.0263",,,
"DUS4","EU","3022948","USP","FLAT HEAD SOCKET CAP SCREW","01 HIGH","1.0","24.0","0.0417",,,
"DUS4","EU","3022949","USP","MCMASTER ZIP TIE MOUNT","02 MED","1.0","24.0","0.0417",,,
"DUS4","EU","3022950","USP","HORIZONTAL FRONT, POWERSONIC MATED M12 + LBO3K","03 LOW","1.0","70.0","0.0143",,,
"DUS4","EU","3022951","USP","RTD, PT100, DIA 3MM, L 18MM, 3","01 HIGH","1.0","38.0","0.0263",,,
"DUS4","EU","3022953","USP","GUARDING T-BLOCK","01 HIGH","1.0","24.0","0.0417",,,
"DUS4","EU","3022957","USP","WASHER, M5, SST","01 HIGH","1.0","24.0","0.0417",,,
"DUS4","EU","3022958","USP","DIVERT PLATE, TOP","01 HIGH","1.0","94.0","0.0106",,,
"DUS4","EU","3022959","USP","SHOULDER BOLT, 12MMX40MM, M10","01 HIGH","1.0","42.0","0.0238",,,
"DUS4","EU","3022961","USP","FRONT PLATE","01 HIGH","1.0","94.0","0.0106",,,
"DUS4","EU","3022962","USP","DIVERT PLATE, LEFT","01 HIGH","1.0","30.0","0.0333",,,
"DUS4","EU","3022964","USP","DIVERT PLATE, REJECT COVER","01 HIGH","1.0","94.0","0.0106",,,
"DUS4","EU","3022967","USP","ZIP TIES, STANDARD","02 MED","1.0","24.0","0.0417",,,
"DUS4","EU","3022971","USP","FAST CONNECTION-PEG","01 HIGH","1.0","24.0","0.0417",,,
"DUS4","EU","3022976","USP","FLAT HEAD SOCKET CAP SCREW","01 HIGH","1.0","24.0","0.0417",,,
"DUS4","EU","3022977","USP","GUIDED PNUEMATIC CYLINDER DFM-16-125-B-PPV-A-KF","01 HIGH","1.0","25.0","0.04",,,
"DUS4","EU","3022978","USP","LIDAR SENSOR PICS150-01000 core 1","01 HIGH","1.0","95.0","0.0105",,,
"DUS4","EU","3022981","USP","UNDER JAW BULK HEAD PLATE","01 HIGH","2.0","108.0","0.0185",,,
"DUS4","EU","3022982","USP","LEFT ISOLATOR PLATE","03 LOW","1.0","70.0","0.0143",,,
"DUS4","EU","3022985","USP","ROTATED CABLE EXIT HORIZONTAL LOAD CELL HOLDER BLOCK","01 HIGH","1.0","24.0","0.0417",,,
"DUS4","EU","3022987","USP","IO-LINK MASTER, ETHERNET/IP INTERFACE, TOTAL IN- AND OUTPUTS: 16, 4X 2A OUTPUTS","01 HIGH","2.0","42.0","0.0476",,,
"DUS4","EU","3031139","USP","RIGHT HORIZONTAL HEATER CABLE","01 HIGH","2.0","21.0","0.0952",,,
"DUS4","EU","3037848","USP","LEFT VER HEATER CABLE ASSY","01 HIGH","2.0","21.0","0.0952",,,
"DUS4","EU","3037849","USP","RIGHT VER HEATER CABLE ASSY","01 HIGH","2.0","21.0","0.0952",,,
"DUS4","EU","3037852","USP","LEFT HOR HEATER CABLE ASSY","01 HIGH","2.0","21.0","0.0952",,,
"DUS4","EU","3043368","USP","Sensor Cable, 5m Grey, M12 Female 4P Angled to Open Ended, Continuous Flex, PUR","02 MED","2.0","60.0","0.0333",,,
"DUS4","EU","3043377","USP","CABLE, M12, 5-PIN SOCKET TO FL","02 MED","2.0","60.0","0.0333",,,
"DUS4","EU","3043382","USP","75129321-3200 I DRIVE SPCL SWITCH ASSY","02 MED","1.0","60.0","0.0167",,,
"DUS4","EU","3043384","USP","SAFE COUPLING RELAY WITH SAFE","02 MED","2.0","60.0","0.0333",,,
"DUS4","EU","3043386","USP","SERVO CENTER SENSOR CABLE","02 MED","2.0","60.0","0.0333",,,
"DUS4","EU","3043393","USP","FIFE ETHERNET CABLE","02 MED","1.0","14.0","0.0714",,,
"DUS4","EU","3043399","USP","D-MAX WEB GUIDE CONTROLLER,INPUT VOLTAGE 24 - 48 VDC, 6 DIGITAL INPUTS, 2 OUTPUT","02 MED","1.0","60.0","0.0167",,,
"DUS4","EU","3043401","USP","Stopper Bolt, M8x1.25, L 25mm, Standard Tip, Straight Type, Bumper Urethane","01 HIGH","1.0","60.0","0.0167",,,
"DUS4","EU","3043404","USP","AC/DC Brick Power Supply, 90-264VAC In, 12VDC Out, 50 Watts, Standard DC Plug","02 MED","2.0","21.0","0.0952",,,
"DUS4","EU","3043405","USP","SENSOR CABLE FEMALE 5-POLE M12 STRAIGHT A CODED TO OPEN END PUR BLACK 5M","02 MED","2.0","60.0","0.0333",,,
"DUS4","EU","3043408","USP","M12, 5-pin female to flying leads, 10m Cable","02 MED","2.0","60.0","0.0333",,,
"DUS4","EU","3043410","USP","POWER CABLE FOR D-MAX CONTROLLER 5M LENGTH","02 MED","1.0","60.0","0.0167",,,
"DUS4","EU","3043417","USP","3200/LPZ iDrive spindle kit. Includes spindle with bearings and spindle","01 HIGH","1.0","60.0","0.0167",,,
"DUS4","EU","3043418","USP","350870-18-SPINDLE ASSY, 3"" IDLER, 18W","02 MED","2.0","8.0","0.25",,,
"DUS4","EU","3043419","USP","PULLEY,TMG,5mm X 15mm -36T 14mm BORE W","01 HIGH","1.0","84.0","0.0119",,,
"DUS4","EU","3043423","USP","FUSE,5 AMP,250V","02 MED","2.0","60.0","0.0333",,,
"DUS4","EU","3043424","USP","Timing Belt, 15 mm x 355 mm long","02 MED","2.0","8.0","0.25",,,
"DUS4","EU","3043431","USP","SERVO MOTORSERVOMOTOR N6750 M0.93 AB BRE","02 MED","1.0","60.0","0.0167",,,
"DUS4","EU","3043436","USP","Kinetix 5700 Servo Drive","02 MED","0.0","60.0","0.0",,,
"DUS4","EU","3055824","USP","INTEGRATED LED, GREEN, LATCH M","02 MED","1.0","21.0","0.0476",,,
"DUS4","EU","33053","USP","SENSOR CABLE, 5M GREY, M12 FEMALE 8P STRAIGHT TO OPEN ENDED, CONTINUOUS FLEX, PUR-OB","01 HIGH","1.0","28.0","0.0357",,,
"DUS4","EU","3361381","USP","Fork sensor","01 HIGH","1.0","28.0","0.0357",,,
"DUS4","EU","3464199","USP","SENSOR, FIBER OPTIC THIN ZERO SPACE, SIDE VIEW TYP","01 HIGH","1.0","24.0","0.0417",,,
"DUS4","EU","3466127","USP","SCANNER,BARCODE:DM363 SMARTPACK PRESENTATION READER","01 HIGH","0.0","60.0","0.0","0.0056","1.0",
"DUS4","EU","3466132","USP","PNUEMATIC FITTING","02 MED","1.0","28.0","0.0357",,,
"DUS4","EU","3466134","USP","ROLLING BEARING  61802-2RS1","03 LOW","1.0","35.0","0.0286",,,
"DUS4","EU","3466138","USP","VERTICAL VPL SERIES, FRAME SIZE 100MM, T WINDING, RATED SPEED 7200-80","02 MED","0.0","49.0","0.0",,,
"DUS4","EU","3466140","USP","KINETIX VP LOW INERTIA MOTOR,","01 HIGH","1.0","49.0","0.0204",,,
"DUS4","EU","3466144","USP","SERVO DRIVE","01 HIGH","1.0","21.0","0.0476",,,
"DUS4","EU","3466145","USP","RIGHT HORIZONTAL SEAL BAR ASSY","02 MED","1.0","70.0","0.0143",,,
"DUS4","EU","3466147","USP","COMPACT CYLINDER ADN-32-25-I-P-A-S2","02 MED","1.0","56.0","0.0179",,,
"DUS4","EU","3466149","USP","PIVOT BLOCK","02 MED","1.0","70.0","0.0143",,,
"DUS4","EU","3466152","USP","SENSOR MOUNT","02 MED","1.0","56.0","0.0179",,,
"DUS4","EU","3466153","USP","RIGHT VERTICAL SEAL BAR ASSY","02 MED","1.0","70.0","0.0143",,,
"DUS4","EU","3466170","USP","DSNU, BORE 25MM, STROKE 100MM, DOUBLE ACTING, LATERAL AIR,","03 LOW","2.0",,,,,
"DUS4","EU","3466191","USP","ROD COUPLER, M10X1.25, STEEL (","02 MED","1.0","56.0","0.0179",,,
"DUS4","EU","3466223","USP","243TEETH 32 T5/1215","02 MED","1.0","42.0","0.0238",,,
"DUS4","EU","3466243","USP","LEFT HORIZONTAL SEAL BAR ASSY","03 LOW","1.0","70.0","0.0143",,,
"DUS4","EU","3466247","USP","KINETIX VP MOTOR CABLE","03 LOW","1.0","70.0","0.0143",,,
"DUS4","EU","3466248","USP","PRECISION LINEAR SHAFT, DIA 12","03 LOW","1.0","28.0","0.0357",,,
"DUS4","EU","3466251","USP","PIVOT BLOCK - LEFT HORIZONTAL","02 MED","1.0","70.0","0.0143",,,
"DUS4","EU","3466258","USP","LEFT VERTICAL SEAL BAR ASSY","03 LOW","1.0","70.0","0.0143",,,
"DUS4","EU","3466261","USP","SHANK THREAD SIZE(M10X1.25), ID 10MM, JAW OPENING W 10MM,","01 HIGH","1.0","21.0","0.0476",,,
"DUS4","EU","42306","USP","SCANNER KIT DMR-262X-0161","03 LOW","1.0","35.0","0.0286",,,
"DUS4","EU","724166","USP","X-CODED ETHERNET CABLE 2METER","01 HIGH","1.0",,,,,
"DUS4","EU","72902","USP","kit,motor assy, high speed...","02 MED","1.0","63.0","0.0159",,,
"DUS4","EU","816958","USP","IN-SIGHT STD. POWER & I/O BREAKOUT CABLE, 5M (15')","01 HIGH","1.0","12.0","0.0833",,,
"DUS4","EU","N53964","USP","NEBV-S1G25-K-10-N-LE25-S6 CONNECTING CABLE","01 HIGH","1.0","56.0","0.0179",,,
"DUS4","EU","N53977","USP","I110-E0454 SAFETY SWITCH","01 HIGH","1.0","28.0","0.0357",,,
"DUS4","EU","N54020","USP","STOPPER BOLT, M6X1.0, L 20MM, WITH HEX SOCKET TIP, STRAIGHT TYPE, BUMPER URETHAN","01 HIGH","1.0","29.0","0.0345",,,
"DUS4","EU","N54024","USP","TAPER-LOCK BUSHING, 1610 22MM BORE","01 HIGH","2.0","60.0","0.0333",,,
"ELP1","NA","1000078","USP","Sensor, proximity, SME-8M-DS-24V-K-0, 3-M8D","02 MED","1.0","15.0","0.0667",,,
"ELP1","NA","1001191","USP","VPL-B1003F-PJ12AA SERVO MOTOR","01 HIGH","0.0","21.0","0.0","0.0","0.0",
"ELP1","NA","1001803","USP","Switch, Auxiliary, Supplementary Protector Accessory","02 MED","1.0","21.0","0.0476",,,
"ELP1","NA","1002613","USP","VALVE, CHECK VALVE,ASSEMBLY:FLOW CONTROL W/ PILOT CHECK VALVE 1/4 TUBE WITH1/8 T","02 MED","1.0","16.0","0.0625",,,
"ELP1","NA","10043","USP","PLC, CONTROLLER,PROGRAMMABLE:2-1/2 INHT,3-1/2 INWD,1-1/2 INDP,24 V DCVOLT,2.6 MACURRE","02 MED","0.0",,,,,
"ELP1","NA","1004322","USP","PUSHBUTTON METAL LATCH","01 HIGH","2.0","21.0","0.0952",,,
"ELP1","NA","10076","USP","UNWIND DANCER ARM UNWIND SPRING","02 MED","1.0","21.0","0.0476",,,
"ELP1","NA","10086","USP","WASHER: CAPTURE CTM PM-FANU30375","03 LOW","1.0","25.0","0.04",,,
"ELP1","NA","10087","USP","THREADED INSERT CTM C-PM-INS1010","03 LOW","2.0","14.0","0.1429",,,
"ELP1","NA","10090","USP","Shoulder Screw,18-8 Stainless Steel,3/8"""" Shoulder Dia., 1"""" Shoulder Length,5/16-18 Thread,PK2","02 MED","1.0","24.0","0.0417",,,
"ELP1","NA","10095","USP","FLANGED BUSHING","02 MED","1.0",,,,,
"ELP1","NA","10096","USP","WASHER: THRUST, BRONZE","03 LOW","1.0","34.0","0.0294",,,
"ELP1","NA","10105","USP","SPRING: REWIND CLUTCH, MED DUTY, .97OD X .080 WIRE DIA","03 LOW","1.0",,,,,
"ELP1","NA","10191","USP","THRUST BALL BEARING, 3/4"" ID X 1-5/16"" OD X 9/32"" HT., STEEL","02 MED","1.0","42.0","0.0238",,,
"ELP1","NA","1061526","USP","SERVO DRVE AMP JR_AUTO JR0000549642","02 MED","0.0","35.0","0.0",,,
"ELP1","NA","1069554","USP","POWER IO CABLE M12 FOR COGNEX CONN MODULE W DB9","02 MED","0.0","21.0","0.0",,,
"ELP1","NA","1071515","USP","Radial/Deep Groove Ball Bearing - Round Bore, 25 mm ID, 42 mm OD, 9 mm Width, Double Shielded, Internal Clearance","01 HIGH","1.0","28.0","0.0357",,,
"ELP1","NA","1073001","USP","3600 TAMP or SWING HOME SENSOR ASSEMBLY without MOUNT","02 MED","1.0","17.0","0.0588",,,
"ELP1","NA","11082","USP","SMART PACK FILTER REPLACEMENT  (PID)","02 MED","1.0","31.0","0.0323",,,
"ELP1","NA","1113249","USP","URGU48R1-04090N","02 MED","4.0","17.0","0.2353",,,
"ELP1","NA","11147","USP","VHI425A-GV W/ GV4G6","02 MED","0.0","29.0","0.0",,,
"ELP1","NA","1116318","USP","ULTRASONIC SENSOR, PICO+","01 HIGH","1.0","21.0","0.0476",,,
"ELP1","NA","1124355","USP","FIXED DRAW ROLLER, SMART PAC","01 HIGH","1.0","100.0","0.01",,,
"ELP1","NA","11409","USP","TAMPA","02 MED","1.0","35.0","0.0286",,,
"ELP1","NA","11519","USP","Zebra Kit Maint Door Open Swch RH/LH","02 MED","0.0","28.0","0.0",,,
"ELP1","NA","14325","USP","WIRING TOOL required for insertion/extraction @ terminal strip","03 LOW","0.0","35.0","0.0",,,
"ELP1","NA","19978","USP","TIME DELAY FUSE, 30A, CLASS J, 300KA, 600VAC","02 MED","2.0","21.0","0.0952",,,
"ELP1","NA","23103","USP","Time Delay, Cylindrical, Fuse, GDC Series, 250VAC, Indicating (5 PK)","03 LOW","1.0",,,,,
"ELP1","NA","3015435","USP","VERTICAL JAW CABLE MANAGEMENT BACKING PLATE","01 HIGH","1.0","42.0","0.0238",,,
"ELP1","NA","3022931","USP","MALE INSERT 5 PIN","01 HIGH","1.0","66.0","0.0152",,,
"ELP1","NA","3022932","USP","SENSOR FLAG PIN, USP TRIGGER GATE","01 HIGH","1.0","108.0","0.0093",,,
"ELP1","NA","3022933","USP","STANDARD HOOD TOP ENTRY","01 HIGH","1.0","38.0","0.0263",,,
"ELP1","NA","3022935","USP","M8 LOCK WASHERS (OR BLACK OXIDE EQUIVALENT)","01 HIGH","1.0","24.0","0.0417",,,
"ELP1","NA","3022938","USP","CAPTIVE SCREW RETAINER","01 HIGH","1.0","21.0","0.0476",,,
"ELP1","NA","3022940","USP","VERTICAL JAW CABLE MANAGEMENT BACKING PLATE","01 HIGH","1.0","38.0","0.0263",,,
"ELP1","NA","3022942","USP","CLAMP, LOOP NYLON 7/8"" X 1 1/2","01 HIGH","1.0","21.0","0.0476",,,
"ELP1","NA","3022943","USP","HORIZONTAL REAR, POWERSONIC MATED M12 + LBO3K","02 MED","2.0","70.0","0.0286",,,
"ELP1","NA","3022947","USP","HORIZONTAL JAW CABLE MANAGEMENT BACKING PLATE","01 HIGH","1.0","38.0","0.0263",,,
"ELP1","NA","3022948","USP","FLAT HEAD SOCKET CAP SCREW","01 HIGH","1.0","24.0","0.0417",,,
"ELP1","NA","3022950","USP","HORIZONTAL FRONT, POWERSONIC MATED M12 + LBO3K","02 MED","2.0","70.0","0.0286",,,
"ELP1","NA","3022951","USP","RTD, PT100, DIA 3MM, L 18MM, 3","01 HIGH","1.0","38.0","0.0263",,,
"ELP1","NA","3022952","USP","GALVANIZED STEEL , EPDM CUSHIO","01 HIGH","1.0","24.0","0.0417",,,
"ELP1","NA","3022953","USP","GUARDING T-BLOCK","01 HIGH","1.0","24.0","0.0417",,,
"ELP1","NA","3022956","USP","ROTATED CABLE EXIT VERTICAL LOAD CELL HOLDER BLOCK","01 HIGH","1.0","108.0","0.0093",,,
"ELP1","NA","3022957","USP","WASHER, M5, SST","01 HIGH","1.0","24.0","0.0417",,,
"ELP1","NA","3022958","USP","DIVERT PLATE, TOP","01 HIGH","1.0","94.0","0.0106",,,
"ELP1","NA","3022959","USP","SHOULDER BOLT, 12MMX40MM, M10","01 HIGH","1.0","42.0","0.0238",,,
"ELP1","NA","3022961","USP","FRONT PLATE","01 HIGH","1.0","94.0","0.0106",,,
"ELP1","NA","3022962","USP","DIVERT PLATE, LEFT","01 HIGH","1.0","30.0","0.0333",,,
"ELP1","NA","3022964","USP","DIVERT PLATE, REJECT COVER","01 HIGH","1.0","94.0","0.0106",,,
"ELP1","NA","3022967","USP","ZIP TIES, STANDARD","01 HIGH","0.0","24.0","0.0",,,
"ELP1","NA","3022969","USP","VERTICAL CARTRIDGE HEATER","01 HIGH","1.0","66.0","0.0152",,,
"ELP1","NA","3022970","USP","CUTTING KNIFE ASSEMBLY","01 HIGH","11.0","108.0","0.1019",,,
"ELP1","NA","3022971","USP","FAST CONNECTION-PEG","01 HIGH","1.0","24.0","0.0417",,,
"ELP1","NA","3022976","USP","FLAT HEAD SOCKET CAP SCREW","01 HIGH","1.0","24.0","0.0417",,,
"ELP1","NA","3022977","USP","GUIDED PNUEMATIC CYLINDER DFM-16-125-B-PPV-A-KF","01 HIGH","1.0","25.0","0.04",,,
"ELP1","NA","3022981","USP","UNDER JAW BULK HEAD PLATE","01 HIGH","1.0","108.0","0.0093",,,
"ELP1","NA","3022983","USP","RIGHT ISOLATOR PLATE","01 HIGH","5.0","70.0","0.0714",,,
"ELP1","NA","3022985","USP","ROTATED CABLE EXIT HORIZONTAL LOAD CELL HOLDER BLOCK","01 HIGH","1.0","24.0","0.0417",,,
"ELP1","NA","3031139","USP","RIGHT HORIZONTAL HEATER CABLE",,,,,,,
"ELP1","NA","3037848","USP","LEFT VER HEATER CABLE ASSY",,,,,"0.0056","1.0",
"ELP1","NA","3037849","USP","RIGHT VER HEATER CABLE ASSY",,,,,,,
"ELP1","NA","3037852","USP","LEFT HOR HEATER CABLE ASSY",,,,,,,
"ELP1","NA","3043388","USP","SENSOR REED PARA CILINDRO","01 HIGH","1.0","55.0","0.0182",,,
"ELP1","NA","3043424","USP","Timing Belt, 15 mm x 355 mm long","01 HIGH","1.0","56.0","0.0179",,,
"ELP1","NA","33053","USP","SENSOR CABLE, 5M GREY, M12 FEMALE 8P STRAIGHT TO OPEN ENDED, CONTINUOUS FLEX, PUR-OB","02 MED","0.0","21.0","0.0",,,
"ELP1","NA","3361381","USP","Fork sensor","01 HIGH","1.0","28.0","0.0357",,,
"ELP1","NA","3466132","USP","PNUEMATIC FITTING","01 HIGH","1.0","21.0","0.0476",,,
"ELP1","NA","3466134","USP","ROLLING BEARING  61802-2RS1","01 HIGH","1.0","4.0","0.25",,,
"ELP1","NA","3466138","USP","VERTICAL VPL SERIES, FRAME SIZE 100MM, T WINDING, RATED SPEED 7200-80","01 HIGH","1.0","21.0","0.0476",,,
"ELP1","NA","3466140","USP","KINETIX VP LOW INERTIA MOTOR,","01 HIGH","1.0","21.0","0.0476",,,
"ELP1","NA","3466144","USP","SERVO DRIVE","01 HIGH","1.0","21.0","0.0476",,,
"ELP1","NA","3466145","USP","RIGHT HORIZONTAL SEAL BAR ASSY","01 HIGH","1.0","21.0","0.0476",,,
"ELP1","NA","3466147","USP","COMPACT CYLINDER ADN-32-25-I-P-A-S2","01 HIGH","1.0","21.0","0.0476",,,
"ELP1","NA","3466152","USP","SENSOR MOUNT","01 HIGH","1.0","21.0","0.0476",,,
"ELP1","NA","3466153","USP","RIGHT VERTICAL SEAL BAR ASSY","01 HIGH","1.0","21.0","0.0476",,,
"ELP1","NA","3466158","USP","SPRING PLUNGER, BALL-NOSE HARD","01 HIGH","1.0","4.0","0.25",,,
"ELP1","NA","3466204","USP","M8X1.25 X 16 MM LG, STROKE 1.5MM, MAX TEMP. 250C, THREAD-LOCKING, CERAMIC BALL","01 HIGH","1.0","4.0","0.25",,,
"ELP1","NA","3466208","USP","BEARING SPACER; INNER; 20 ID X 27 OD X 5 THICK","01 HIGH","1.0","28.0","0.0357",,,
"ELP1","NA","3466223","USP","243TEETH 32 T5/1215","01 HIGH","1.0","11.0","0.0909",,,
"ELP1","NA","3466243","USP","LEFT HORIZONTAL SEAL BAR ASSY","01 HIGH","1.0","21.0","0.0476",,,
"ELP1","NA","3466247","USP","KINETIX VP MOTOR CABLE","01 HIGH","1.0","21.0","0.0476",,,
"ELP1","NA","3466248","USP","PRECISION LINEAR SHAFT, DIA 12","01 HIGH","1.0","28.0","0.0357",,,
"ELP1","NA","3466251","USP","PIVOT BLOCK - LEFT HORIZONTAL","01 HIGH","1.0","21.0","0.0476",,,
"ELP1","NA","3466261","USP","SHANK THREAD SIZE(M10X1.25), ID 10MM, JAW OPENING W 10MM,","01 HIGH","1.0","3.0","0.3333",,,
"ELP1","NA","49225","USP","HEX HEAD CAP SCREW  CTM PM-FAHHSS50557","03 LOW","1.0","10.0","0.1",,,
"ELP1","NA","61591","USP","TUBE FITTING, M5 TO 4MM","01 HIGH","1.0","70.0","0.0143",,,
"ELP1","NA","76580","USP","PROGRAMMED MAPLE DISPLAY UNIT FOR 3600A APPLICATOR","02 MED","0.0","14.0","0.0",,,
"ELP1","NA","N12270","USP","SMC Speed Control Valve: Elbow Fitting, Knob, 1/4 in/1/8 in Valve Body Size, 1/4 in Tube, Meter Out","02 MED","1.0","14.0","0.0714",,,
"ELP1","NA","N37377","USP","SC300-2 SHOCK ABSORBER","02 MED","0.0",,,"0.0","0.0",
"ELP1","NA","N37843","USP","REWIND CONTROL/POWER ON RELAY FOR 3600A APPLICATORS - PE-RE1017","02 MED","1.0","14.0","0.0714",,,
"ELP1","NA","N41977","USP","R SERIES BEARING - .750 X 1.625 X .437",,,,,,,
"ELP1","NA","N45907","USP","Valve flow control one way","02 MED","1.0","21.0","0.0476",,,
"ELP1","NA","N53951","USP","RADIAL BALL BEARING","02 MED","1.0","28.0","0.0357",,,
"ELP1","NA","N53964","USP","NEBV-S1G25-K-10-N-LE25-S6 CONNECTING CABLE","02 MED","1.0","21.0","0.0476",,,
"ELP1","NA","N53977","USP","I110-E0454 SAFETY SWITCH","02 MED","0.0","30.0","0.0",,,
"ELP1","NA","N53990","USP","LINEAR RAIL","02 MED","0.0","21.0","0.0",,,
"ELP1","NA","N54020","USP","STOPPER BOLT, M6X1.0, L 20MM, WITH HEX SOCKET TIP, STRAIGHT TYPE, BUMPER URETHAN","02 MED","1.0","21.0","0.0476",,,
"ELP1","NA","N54024","USP","TAPER-LOCK BUSHING, 1610 22MM BORE","02 MED","1.0","21.0","0.0476",,,
"EMA2","EU","1000078","USP","Sensor, proximity, SME-8M-DS-24V-K-0, 3-M8D","01 HIGH","4.0","60.0","0.0667",,,
"EMA2","EU","1071515","USP","Radial/Deep Groove Ball Bearing - Round Bore, 25 mm ID, 42 mm OD, 9 mm Width, Double Shielded, Internal Clearance","01 HIGH","2.0","55.0","0.0364",,,
"EMA2","EU","1116318","USP","ULTRASONIC SENSOR, PICO+","01 HIGH","2.0","55.0","0.0364",,,
"EMA2","EU","19978","USP","TIME DELAY FUSE, 30A, CLASS J, 300KA, 600VAC","01 HIGH","0.0","63.0","0.0",,,
"EMA2","EU","2066701","USP","ROLLER, MOVING DRAW ROLLER (SMART PAC)","01 HIGH","0.0","55.0","0.0",,,
"EMA2","EU","3015435","USP","VERTICAL JAW CABLE MANAGEMENT BACKING PLATE","01 HIGH","0.0","66.0","0.0",,,
"EMA2","EU","3022931","USP","MALE INSERT 5 PIN","01 HIGH","0.0","66.0","0.0",,,
"EMA2","EU","3022932","USP","SENSOR FLAG PIN, USP TRIGGER GATE","01 HIGH","0.0","108.0","0.0",,,
"EMA2","EU","3022933","USP","STANDARD HOOD TOP ENTRY","01 HIGH","0.0","38.0","0.0",,,
"EMA2","EU","3022935","USP","M8 LOCK WASHERS (OR BLACK OXIDE EQUIVALENT)","01 HIGH","0.0","90.0","0.0",,,
"EMA2","EU","3022938","USP","CAPTIVE SCREW RETAINER","01 HIGH","0.0","24.0","0.0",,,
"EMA2","EU","3022940","USP","VERTICAL JAW CABLE MANAGEMENT BACKING PLATE","01 HIGH","0.0","38.0","0.0",,,
"EMA2","EU","3022941","USP","VERTICAL TOP, POWERSONIC MATED M12 + LBO2K","01 HIGH","2.0","70.0","0.0286",,,
"EMA2","EU","3022942","USP","CLAMP, LOOP NYLON 7/8"" X 1 1/2","01 HIGH","1.0","108.0","0.0093",,,
"EMA2","EU","3022943","USP","HORIZONTAL REAR, POWERSONIC MATED M12 + LBO3K","01 HIGH","2.0","70.0","0.0286",,,
"EMA2","EU","3022944","USP","CAPTIVE GUARDING SCREWS","01 HIGH","0.0","90.0","0.0",,,
"EMA2","EU","3022945","USP","VERTICAL BOTTOM LOAD CELL","01 HIGH","2.0","70.0","0.0286",,,
"EMA2","EU","3022947","USP","HORIZONTAL JAW CABLE MANAGEMENT BACKING PLATE","01 HIGH","0.0","38.0","0.0",,,
"EMA2","EU","3022948","USP","FLAT HEAD SOCKET CAP SCREW","01 HIGH","0.0","90.0","0.0",,,
"EMA2","EU","3022949","USP","MCMASTER ZIP TIE MOUNT","02 MED","0.0","90.0","0.0",,,
"EMA2","EU","3022950","USP","HORIZONTAL FRONT, POWERSONIC MATED M12 + LBO3K","01 HIGH","2.0","70.0","0.0286",,,
"EMA2","EU","3022951","USP","RTD, PT100, DIA 3MM, L 18MM, 3","01 HIGH","0.0","38.0","0.0",,,
"EMA2","EU","3022952","USP","GALVANIZED STEEL , EPDM CUSHIO","01 HIGH","0.0","24.0","0.0",,,
"EMA2","EU","3022953","USP","GUARDING T-BLOCK","01 HIGH","0.0","24.0","0.0",,,
"EMA2","EU","3022956","USP","ROTATED CABLE EXIT VERTICAL LOAD CELL HOLDER BLOCK","01 HIGH","0.0","108.0","0.0",,,
"EMA2","EU","3022957","USP","WASHER, M5, SST","01 HIGH","0.0","90.0","0.0",,,
"EMA2","EU","3022958","USP","DIVERT PLATE, TOP","01 HIGH","0.0","94.0","0.0",,,
"EMA2","EU","3022959","USP","SHOULDER BOLT, 12MMX40MM, M10","01 HIGH","0.0","42.0","0.0",,,
"EMA2","EU","3022961","USP","FRONT PLATE","01 HIGH","0.0","94.0","0.0",,,
"EMA2","EU","3022962","USP","DIVERT PLATE, LEFT","01 HIGH","0.0","30.0","0.0",,,
"EMA2","EU","3022964","USP","DIVERT PLATE, REJECT COVER","01 HIGH","0.0","94.0","0.0",,,
"EMA2","EU","3022967","USP","ZIP TIES, STANDARD","02 MED","0.0","90.0","0.0",,,
"EMA2","EU","3022969","USP","VERTICAL CARTRIDGE HEATER","01 HIGH","0.0","66.0","0.0",,,
"EMA2","EU","3022971","USP","FAST CONNECTION-PEG","01 HIGH","0.0","24.0","0.0",,,
"EMA2","EU","3022976","USP","FLAT HEAD SOCKET CAP SCREW","01 HIGH","0.0","90.0","0.0",,,
"EMA2","EU","3022977","USP","GUIDED PNUEMATIC CYLINDER DFM-16-125-B-PPV-A-KF","01 HIGH","0.0","25.0","0.0",,,
"EMA2","EU","3022978","USP","LIDAR SENSOR PICS150-01000 core 1","01 HIGH","0.0","95.0","0.0",,,
"EMA2","EU","3022981","USP","UNDER JAW BULK HEAD PLATE","01 HIGH","0.0","108.0","0.0",,,
"EMA2","EU","3022982","USP","LEFT ISOLATOR PLATE","01 HIGH","0.0","70.0","0.0",,,
"EMA2","EU","3022983","USP","RIGHT ISOLATOR PLATE","01 HIGH","0.0","70.0","0.0",,,
"EMA2","EU","3022984","USP","8MM X 14MM LOW SOCKET HEAD MACHINE SCREWS (OR BLACK OXIDE EQUIVALENT)","02 MED","0.0","24.0","0.0",,,
"EMA2","EU","3022985","USP","ROTATED CABLE EXIT HORIZONTAL LOAD CELL HOLDER BLOCK","01 HIGH","0.0","24.0","0.0",,,
"EMA2","EU","3022987","USP","IO-LINK MASTER, ETHERNET/IP INTERFACE, TOTAL IN- AND OUTPUTS: 16, 4X 2A OUTPUTS","01 HIGH","1.0","45.0","0.0222",,,
"EMA2","EU","3029777","USP","Ring, Centering sleeve ZBH-7-B","01 HIGH","1.0","28.0","0.0357",,,
"EMA2","EU","3029778","USP","CABLE, NIP ROLLER MOTOR SERVO","01 HIGH","0.0","70.0","0.0",,,
"EMA2","EU","3032133","USP","COMPRESSION SPRING T=1.4 OD=20 ID=17","02 MED","1.0","28.0","0.0357",,,
"EMA2","EU","3033957","USP","Ring, Centering sleeve ZBH-5-B","01 HIGH","1.0","28.0","0.0357",,,
"EMA2","EU","3043368","USP","Sensor Cable, 5m Grey, M12 Female 4P Angled to Open Ended, Continuous Flex, PUR","01 HIGH","0.0","55.0","0.0",,,
"EMA2","EU","3043376","USP","ZLD18-BFZ4B8 SIMPLE SENSE","01 HIGH","0.0","55.0","0.0",,,
"EMA2","EU","3043377","USP","CABLE, M12, 5-PIN SOCKET TO FL","01 HIGH","0.0","55.0","0.0",,,
"EMA2","EU","3043382","USP","75129321-3200 I DRIVE SPCL SWITCH ASSY","01 HIGH","0.0","55.0","0.0",,,
"EMA2","EU","3043386","USP","SERVO CENTER SENSOR CABLE","01 HIGH","0.0","55.0","0.0",,,
"EMA2","EU","3043388","USP","SENSOR REED PARA CILINDRO","01 HIGH","2.0","55.0","0.0364",,,
"EMA2","EU","3043389","USP","MOTOR CABLE FOR D-MAX CONTROLLER 1M LENGTH","01 HIGH","0.0","55.0","0.0",,,
"EMA2","EU","3043393","USP","FIFE ETHERNET CABLE","01 HIGH","0.0","55.0","0.0",,,
"EMA2","EU","3043399","USP","D-MAX WEB GUIDE CONTROLLER,INPUT VOLTAGE 24 - 48 VDC, 6 DIGITAL INPUTS, 2 OUTPUT","01 HIGH","0.0","55.0","0.0",,,
"EMA2","EU","3043401","USP","Stopper Bolt, M8x1.25, L 25mm, Standard Tip, Straight Type, Bumper Urethane","01 HIGH","0.0","55.0","0.0",,,
"EMA2","EU","3043404","USP","AC/DC Brick Power Supply, 90-264VAC In, 12VDC Out, 50 Watts, Standard DC Plug","01 HIGH","0.0","60.0","0.0",,,
"EMA2","EU","3043405","USP","SENSOR CABLE FEMALE 5-POLE M12 STRAIGHT A CODED TO OPEN END PUR BLACK 5M","01 HIGH","0.0","55.0","0.0",,,
"EMA2","EU","3043407","USP","SICK IME2S Series Non-Flush Inductive Non-Contact Safety Switch, 24V dc, Nickel Plated Brass Housing, 2NO, M12","02 MED","1.0","55.0","0.0182",,,
"EMA2","EU","3043408","USP","M12, 5-pin female to flying leads, 10m Cable","01 HIGH","0.0","55.0","0.0",,,
"EMA2","EU","3043410","USP","POWER CABLE FOR D-MAX CONTROLLER 5M LENGTH","01 HIGH","0.0","55.0","0.0",,,
"EMA2","EU","3043417","USP","3200/LPZ iDrive spindle kit. Includes spindle with bearings and spindle","01 HIGH","0.0","55.0","0.0",,,
"EMA2","EU","3043418","USP","350870-18-SPINDLE ASSY, 3"" IDLER, 18W","01 HIGH","0.0","55.0","0.0",,,
"EMA2","EU","3043419","USP","PULLEY,TMG,5mm X 15mm -36T 14mm BORE W","01 HIGH","0.0","55.0","0.0",,,
"EMA2","EU","3043423","USP","FUSE,5 AMP,250V","01 HIGH","0.0","55.0","0.0",,,
"EMA2","EU","3043424","USP","Timing Belt, 15 mm x 355 mm long","01 HIGH","0.0","55.0","0.0",,,
"EMA2","EU","3043436","USP","Kinetix 5700 Servo Drive","01 HIGH","0.0","55.0","0.0",,,
"EMA2","EU","33053","USP","SENSOR CABLE, 5M GREY, M12 FEMALE 8P STRAIGHT TO OPEN ENDED, CONTINUOUS FLEX, PUR-OB","01 HIGH","0.0","28.0","0.0",,,
"EMA2","EU","3361381","USP","Fork sensor","01 HIGH","0.0","28.0","0.0",,,
"EMA2","EU","3464199","USP","SENSOR, FIBER OPTIC THIN ZERO SPACE, SIDE VIEW TYP","01 HIGH","0.0","24.0","0.0",,,
"EMA2","EU","3466132","USP","PNUEMATIC FITTING","01 HIGH","1.0","28.0","0.0357",,,
"EMA2","EU","3466134","USP","ROLLING BEARING  61802-2RS1","01 HIGH","3.0","35.0","0.0857",,,
"EMA2","EU","3466138","USP","VERTICAL VPL SERIES, FRAME SIZE 100MM, T WINDING, RATED SPEED 7200-80","01 HIGH","0.0","49.0","0.0",,,
"EMA2","EU","3466140","USP","KINETIX VP LOW INERTIA MOTOR,","01 HIGH","0.0","49.0","0.0",,,
"EMA2","EU","3466144","USP","SERVO DRIVE","01 HIGH","0.0","21.0","0.0",,,
"EMA2","EU","3466145","USP","RIGHT HORIZONTAL SEAL BAR ASSY","01 HIGH","0.0","70.0","0.0",,,
"EMA2","EU","3466147","USP","COMPACT CYLINDER ADN-32-25-I-P-A-S2","01 HIGH","0.0","56.0","0.0",,,
"EMA2","EU","3466149","USP","PIVOT BLOCK","01 HIGH","0.0","70.0","0.0",,,
"EMA2","EU","3466152","USP","SENSOR MOUNT","01 HIGH","0.0","56.0","0.0",,,
"EMA2","EU","3466153","USP","RIGHT VERTICAL SEAL BAR ASSY","01 HIGH","0.0","70.0","0.0",,,
"EMA2","EU","3466158","USP","SPRING PLUNGER, BALL-NOSE HARD","01 HIGH","0.0","42.0","0.0",,,
"EMA2","EU","3466170","USP","DSNU, BORE 25MM, STROKE 100MM, DOUBLE ACTING, LATERAL AIR,","01 HIGH","0.0","56.0","0.0",,,
"EMA2","EU","3466191","USP","ROD COUPLER, M10X1.25, STEEL (","01 HIGH","0.0","56.0","0.0",,,
"EMA2","EU","3466204","USP","M8X1.25 X 16 MM LG, STROKE 1.5MM, MAX TEMP. 250C, THREAD-LOCKING, CERAMIC BALL","02 MED","0.0","21.0","0.0",,,
"EMA2","EU","3466208","USP","BEARING SPACER; INNER; 20 ID X 27 OD X 5 THICK","01 HIGH","2.0","28.0","0.0714",,,
"EMA2","EU","3466223","USP","243TEETH 32 T5/1215","01 HIGH","0.0","42.0","0.0",,,
"EMA2","EU","3466243","USP","LEFT HORIZONTAL SEAL BAR ASSY","01 HIGH","0.0","70.0","0.0",,,
"EMA2","EU","3466247","USP","KINETIX VP MOTOR CABLE","01 HIGH","0.0","70.0","0.0",,,
"EMA2","EU","3466248","USP","PRECISION LINEAR SHAFT, DIA 12","02 MED","0.0","28.0","0.0",,,
"EMA2","EU","3466251","USP","PIVOT BLOCK - LEFT HORIZONTAL","01 HIGH","0.0","70.0","0.0",,,
"EMA2","EU","3466258","USP","LEFT VERTICAL SEAL BAR ASSY","01 HIGH","0.0","70.0","0.0",,,
"EMA2","EU","3466261","USP","SHANK THREAD SIZE(M10X1.25), ID 10MM, JAW OPENING W 10MM,","02 MED","0.0","21.0","0.0",,,
"EMA2","EU","3546294","USP","Kinetix VP Motor Cable, 4m","01 HIGH","0.0","55.0","0.0",,,
"EMA2","EU","54023","USP","TAPER-LOCK BUSHING, 1610 20MM BORE","01 HIGH","0.0","55.0","0.0",,,
"EMA2","EU","61591","USP","TUBE FITTING, M5 TO 4MM","01 HIGH","0.0","56.0","0.0",,,
"EMA2","EU","72902","USP","kit,motor assy, high speed...","01 HIGH","0.0","55.0","0.0","0.0056","1.0",
"EMA2","EU","816958","USP","IN-SIGHT STD. POWER & I/O BREAKOUT CABLE, 5M (15')","01 HIGH","0.0","35.0","0.0",,,
"EMA2","EU","94998","USP","CYLINDER, ISO, PROX, X100MM, DA, MAG C03","02 MED","0.0","49.0","0.0",,,
"EMA2","EU","N45907","USP","Valve flow control one way","01 HIGH","0.0","55.0","0.0",,,
"EMA2","EU","N53951","USP","RADIAL BALL BEARING","01 HIGH","2.0","28.0","0.0714",,,
"EMA2","EU","N53964","USP","NEBV-S1G25-K-10-N-LE25-S6 CONNECTING CABLE","01 HIGH","0.0","56.0","0.0",,,
"EMA2","EU","N53977","USP","I110-E0454 SAFETY SWITCH","01 HIGH","0.0","28.0","0.0",,,
"EMA2","EU","N53990","USP","LINEAR RAIL","01 HIGH","0.0","55.0","0.0",,,
"EMA2","EU","N54020","USP","STOPPER BOLT, M6X1.0, L 20MM, WITH HEX SOCKET TIP, STRAIGHT TYPE, BUMPER URETHAN","01 HIGH","0.0","21.0","0.0",,,
"EMA2","EU","N54024","USP","TAPER-LOCK BUSHING, 1610 22MM BORE","01 HIGH","0.0","55.0","0.0",,,
"FSD1","NA","1001191","USP","VPL-B1003F-PJ12AA SERVO MOTOR","02 MED","1.0","21.0","0.0476",,,
"FSD1","NA","1001803","USP","Switch, Auxiliary, Supplementary Protector Accessory","02 MED","1.0",,,,,
"FSD1","NA","10043","USP","PLC, CONTROLLER,PROGRAMMABLE:2-1/2 INHT,3-1/2 INWD,1-1/2 INDP,24 V DCVOLT,2.6 MACURRE","02 MED","1.0",,,,,
"FSD1","NA","1004322","USP","PUSHBUTTON METAL LATCH","01 HIGH","1.0","21.0","0.0476",,,
"FSD1","NA","10076","USP","UNWIND DANCER ARM UNWIND SPRING","02 MED","1.0","21.0","0.0476",,,
"FSD1","NA","10086","USP","WASHER: CAPTURE CTM PM-FANU30375","03 LOW","1.0",,,,,
"FSD1","NA","10087","USP","THREADED INSERT CTM C-PM-INS1010","03 LOW","1.0",,,,,
"FSD1","NA","10090","USP","Shoulder Screw,18-8 Stainless Steel,3/8"""" Shoulder Dia., 1"""" Shoulder Length,5/16-18 Thread,PK2","02 MED","1.0",,,,,
"FSD1","NA","10095","USP","FLANGED BUSHING","02 MED","1.0",,,,,
"FSD1","NA","10096","USP","WASHER: THRUST, BRONZE","03 LOW","1.0",,,,,
"FSD1","NA","10105","USP","SPRING: REWIND CLUTCH, MED DUTY, .97OD X .080 WIRE DIA","03 LOW","1.0",,,,,
"FSD1","NA","10191","USP","THRUST BALL BEARING, 3/4"" ID X 1-5/16"" OD X 9/32"" HT., STEEL","02 MED","1.0","42.0","0.0238",,,
"FSD1","NA","1061526","USP","SERVO DRVE AMP JR_AUTO JR0000549642","02 MED","1.0",,,,,
"FSD1","NA","1063086","USP","SWITCH 2VDC PNP 0.5M LEAD M8 C","02 MED","1.0",,,,,
"FSD1","NA","1069554","USP","POWER IO CABLE M12 FOR COGNEX CONN MODULE W DB9","02 MED","1.0",,,,,
"FSD1","NA","1071516","USP","REPLACEMENT BELT – 18”W FOR CO","01 HIGH","1.0",,,,,
"FSD1","NA","1073001","USP","3600 TAMP or SWING HOME SENSOR ASSEMBLY without MOUNT","02 MED","1.0","17.0","0.0588",,,
"FSD1","NA","11082","USP","SMART PACK FILTER REPLACEMENT  (PID)","02 MED","1.0","31.0","0.0323",,,
"FSD1","NA","11147","USP","VHI425A-GV W/ GV4G6","02 MED","1.0","23.0","0.0435",,,
"FSD1","NA","1116318","USP","ULTRASONIC SENSOR, PICO+","02 MED","1.0",,,,,
"FSD1","NA","1124355","USP","FIXED DRAW ROLLER, SMART PAC","02 MED","0.0",,,,,
"FSD1","NA","11409","USP","TAMPA","02 MED","1.0",,,,,
"FSD1","NA","11424","USP","UNWIND BRAKE BAND CTM PM-BB1030","02 MED","1.0","32.0","0.0313",,,
"FSD1","NA","11519","USP","Zebra Kit Maint Door Open Swch RH/LH","02 MED","1.0",,,,,
"FSD1","NA","14325","USP","WIRING TOOL required for insertion/extraction @ terminal strip","03 LOW","1.0",,,,,
"FSD1","NA","19978","USP","TIME DELAY FUSE, 30A, CLASS J, 300KA, 600VAC","01 HIGH","1.0",,,,,
"FSD1","NA","23103","USP","Time Delay, Cylindrical, Fuse, GDC Series, 250VAC, Indicating (5 PK)","03 LOW","1.0",,,,,
"FSD1","NA","3015434","USP","SWIVEL GRIPPER HEAD","01 HIGH","0.0","21.0","0.0",,,
"FSD1","NA","3015435","USP","VERTICAL JAW CABLE MANAGEMENT BACKING PLATE","01 HIGH","0.0","42.0","0.0","0.0056","1.0",
"FSD1","NA","3022932","USP","SENSOR FLAG PIN, USP TRIGGER GATE","01 HIGH","0.0","108.0","0.0",,,
"FSD1","NA","3022934","USP","SMC Shock Absorber, RBC1007, 46.7 mm Body Length, 63.7 mm Body Length, M10 x 1 Thread Size","01 HIGH","5.0","38.0","0.1316",,,
"FSD1","NA","3022941","USP","VERTICAL TOP, POWERSONIC MATED M12 + LBO2K","01 HIGH","0.0","70.0","0.0",,,
"FSD1","NA","3022945","USP","VERTICAL BOTTOM LOAD CELL","01 HIGH","0.0","70.0","0.0",,,
"FSD1","NA","3022948","USP","FLAT HEAD SOCKET CAP SCREW","01 HIGH","0.0","24.0","0.0",,,
"FSD1","NA","3022953","USP","GUARDING T-BLOCK","01 HIGH","0.0","24.0","0.0",,,
"FSD1","NA","3022958","USP","DIVERT PLATE, TOP","01 HIGH","0.0","94.0","0.0",,,
"FSD1","NA","3022959","USP","SHOULDER BOLT, 12MMX40MM, M10","02 MED","0.0","42.0","0.0",,,
"FSD1","NA","3022961","USP","FRONT PLATE","01 HIGH","0.0","94.0","0.0",,,
"FSD1","NA","3022969","USP","VERTICAL CARTRIDGE HEATER","01 HIGH","0.0","66.0","0.0",,,
"FSD1","NA","3022970","USP","CUTTING KNIFE ASSEMBLY","01 HIGH","0.0","108.0","0.0",,,
"FSD1","NA","3022971","USP","FAST CONNECTION-PEG","01 HIGH","0.0","24.0","0.0",,,
"FSD1","NA","3022977","USP","GUIDED PNUEMATIC CYLINDER DFM-16-125-B-PPV-A-KF","01 HIGH","0.0","25.0","0.0",,,
"FSD1","NA","3022978","USP","LIDAR SENSOR PICS150-01000 core 1","01 HIGH","0.0","95.0","0.0",,,
"FSD1","NA","3022982","USP","LEFT ISOLATOR PLATE","01 HIGH","0.0","70.0","0.0",,,
"FSD1","NA","3022983","USP","RIGHT ISOLATOR PLATE","01 HIGH","0.0","70.0","0.0",,,
"FSD1","NA","3022984","USP","8MM X 14MM LOW SOCKET HEAD MACHINE SCREWS (OR BLACK OXIDE EQUIVALENT)","01 HIGH","0.0","24.0","0.0",,,
"FSD1","NA","3025738","USP","COATED 9"" FOUR HOLE AIR ASSIST TUBE - MP-211-2230-9","02 MED","1.0","21.0","0.0476",,,
"FSD1","NA","3026266","USP","Control Block","02 MED","0.0",,,,,
"FSD1","NA","3029777","USP","Ring, Centering sleeve ZBH-7-B","01 HIGH","1.0","28.0","0.0357",,,
"FSD1","NA","3029778","USP","CABLE, NIP ROLLER MOTOR SERVO","01 HIGH","0.0","70.0","0.0",,,
"FSD1","NA","3031139","USP","RIGHT HORIZONTAL HEATER CABLE","01 HIGH","0.0","21.0","0.0",,,
"FSD1","NA","3032133","USP","COMPRESSION SPRING T=1.4 OD=20 ID=17","01 HIGH","1.0","28.0","0.0357",,,
"FSD1","NA","3033957","USP","Ring, Centering sleeve ZBH-5-B","01 HIGH","1.0","28.0","0.0357",,,
"FSD1","NA","3037848","USP","LEFT VER HEATER CABLE ASSY","01 HIGH","0.0","108.0","0.0",,,
"FSD1","NA","3037849","USP","RIGHT VER HEATER CABLE ASSY","01 HIGH","0.0","108.0","0.0",,,
"FSD1","NA","3037850","USP","ZIP TIES, STANDARD","01 HIGH","0.0","24.0","0.0",,,
"FSD1","NA","3037851","USP","ALTERNATE PLASTIC P-CLIP (MUST DRILL MOUNTING HOLE TO M6)","01 HIGH","0.0","24.0","0.0",,,
"FSD1","NA","3037852","USP","LEFT HOR HEATER CABLE ASSY","01 HIGH","0.0","108.0","0.0",,,
"FSD1","NA","3043407","USP","SICK IME2S Series Non-Flush Inductive Non-Contact Safety Switch, 24V dc, Nickel Plated Brass Housing, 2NO, M12","01 HIGH","1.0","42.0","0.0238",,,
"FSD1","NA","33053","USP","SENSOR CABLE, 5M GREY, M12 FEMALE 8P STRAIGHT TO OPEN ENDED, CONTINUOUS FLEX, PUR-OB","02 MED","1.0",,,,,
"FSD1","NA","3361381","USP","Fork sensor","01 HIGH","0.0","28.0","0.0",,,
"FSD1","NA","3464199","USP","SENSOR, FIBER OPTIC THIN ZERO SPACE, SIDE VIEW TYP","01 HIGH","0.0","30.0","0.0",,,
"FSD1","NA","3466132","USP","PNUEMATIC FITTING","01 HIGH","0.0","21.0","0.0",,,
"FSD1","NA","3466134","USP","ROLLING BEARING  61802-2RS1","01 HIGH","0.0","4.0","0.0",,,
"FSD1","NA","3466138","USP","VERTICAL VPL SERIES, FRAME SIZE 100MM, T WINDING, RATED SPEED 7200-80","01 HIGH","0.0","21.0","0.0",,,
"FSD1","NA","3466140","USP","KINETIX VP LOW INERTIA MOTOR,","01 HIGH","0.0","21.0","0.0",,,
"FSD1","NA","3466144","USP","SERVO DRIVE","01 HIGH","0.0","21.0","0.0",,,
"FSD1","NA","3466145","USP","RIGHT HORIZONTAL SEAL BAR ASSY","01 HIGH","0.0","21.0","0.0",,,
"FSD1","NA","3466147","USP","COMPACT CYLINDER ADN-32-25-I-P-A-S2","01 HIGH","0.0","21.0","0.0","0.0056","1.0",
"FSD1","NA","3466149","USP","PIVOT BLOCK","01 HIGH","0.0","14.0","0.0",,,
"FSD1","NA","3466152","USP","SENSOR MOUNT","01 HIGH","0.0","21.0","0.0",,,
"FSD1","NA","3466153","USP","RIGHT VERTICAL SEAL BAR ASSY","01 HIGH","0.0","21.0","0.0",,,
"FSD1","NA","3466158","USP","SPRING PLUNGER, BALL-NOSE HARD","01 HIGH","0.0","4.0","0.0",,,
"FSD1","NA","3466170","USP","DSNU, BORE 25MM, STROKE 100MM, DOUBLE ACTING, LATERAL AIR,","01 HIGH","0.0","21.0","0.0",,,
"FSD1","NA","3466204","USP","M8X1.25 X 16 MM LG, STROKE 1.5MM, MAX TEMP. 250C, THREAD-LOCKING, CERAMIC BALL","01 HIGH","0.0","4.0","0.0",,,
"FSD1","NA","3466208","USP","BEARING SPACER; INNER; 20 ID X 27 OD X 5 THICK","01 HIGH","0.0","28.0","0.0",,,
"FSD1","NA","3466223","USP","243TEETH 32 T5/1215","01 HIGH","0.0","11.0","0.0",,,
"FSD1","NA","3466243","USP","LEFT HORIZONTAL SEAL BAR ASSY","01 HIGH","0.0","21.0","0.0",,,
"FSD1","NA","3466247","USP","KINETIX VP MOTOR CABLE","01 HIGH","0.0","21.0","0.0",,,
"FSD1","NA","3466248","USP","PRECISION LINEAR SHAFT, DIA 12","01 HIGH","0.0","28.0","0.0",,,
"FSD1","NA","3466251","USP","PIVOT BLOCK - LEFT HORIZONTAL","01 HIGH","0.0","21.0","0.0",,,
"FSD1","NA","3466258","USP","LEFT VERTICAL SEAL BAR ASSY","01 HIGH","0.0","21.0","0.0",,,
"FSD1","NA","3466261","USP","SHANK THREAD SIZE(M10X1.25), ID 10MM, JAW OPENING W 10MM,","01 HIGH","0.0","3.0","0.0",,,
"FSD1","NA","3546294","USP","Kinetix VP Motor Cable, 4m","01 HIGH","0.0","90.0","0.0",,,
"FSD1","NA","49225","USP","HEX HEAD CAP SCREW  CTM PM-FAHHSS50557","03 LOW","1.0",,,,,
"FSD1","NA","61591","USP","TUBE FITTING, M5 TO 4MM","02 MED","1.0",,,,,
"FSD1","NA","72902","USP","kit,motor assy, high speed...","01 HIGH","0.0","126.0","0.0","0.0278","5.0",
"FSD1","NA","76580","USP","PROGRAMMED MAPLE DISPLAY UNIT FOR 3600A APPLICATOR","02 MED","0.0",,,,,
"FSD1","NA","N12270","USP","SMC Speed Control Valve: Elbow Fitting, Knob, 1/4 in/1/8 in Valve Body Size, 1/4 in Tube, Meter Out","02 MED","1.0",,,,,
"FSD1","NA","N37377","USP","SC300-2 SHOCK ABSORBER","02 MED","0.0","28.0","0.0","0.0056","1.0",
"FSD1","NA","N37843","USP","REWIND CONTROL/POWER ON RELAY FOR 3600A APPLICATORS - PE-RE1017","02 MED","1.0",,,,,
"FSD1","NA","N45907","USP","Valve flow control one way","02 MED","1.0",,,"0.0","0.0",
"FSD1","NA","N53951","USP","RADIAL BALL BEARING","02 MED","1.0","28.0","0.0357",,,
"FSD1","NA","N53964","USP","NEBV-S1G25-K-10-N-LE25-S6 CONNECTING CABLE","02 MED","1.0",,,,,
"FSD1","NA","N53977","USP","I110-E0454 SAFETY SWITCH","02 MED","1.0",,,,,
"FSD1","NA","N53990","USP","LINEAR RAIL","02 MED","1.0",,,,,
"FSD1","NA","N54020","USP","STOPPER BOLT, M6X1.0, L 20MM, WITH HEX SOCKET TIP, STRAIGHT TYPE, BUMPER URETHAN","02 MED","1.0",,,,,
"FSD1","NA","N54024","USP","TAPER-LOCK BUSHING, 1610 22MM BORE","02 MED","1.0",,,,,
"GEG1","NA","1001803","USP","Switch, Auxiliary, Supplementary Protector Accessory","02 MED","1.0",,,"0.0111","2.0",
"GEG1","NA","1004322","USP","PUSHBUTTON METAL LATCH","02 MED","4.0",,,,,
"GEG1","NA","10076","USP","UNWIND DANCER ARM UNWIND SPRING","02 MED","1.0",,,,,
"GEG1","NA","10086","USP","WASHER: CAPTURE CTM PM-FANU30375","03 LOW","1.0",,,,,
"GEG1","NA","10087","USP","THREADED INSERT CTM C-PM-INS1010","02 MED","1.0",,,,,
"GEG1","NA","10090","USP","Shoulder Screw,18-8 Stainless Steel,3/8"""" Shoulder Dia., 1"""" Shoulder Length,5/16-18 Thread,PK2","02 MED","1.0",,,,,
"GEG1","NA","10095","USP","FLANGED BUSHING","02 MED","1.0",,,,,
"GEG1","NA","10096","USP","WASHER: THRUST, BRONZE","02 MED","1.0",,,,,
"GEG1","NA","10105","USP","SPRING: REWIND CLUTCH, MED DUTY, .97OD X .080 WIRE DIA","02 MED","1.0",,,,,
"GEG1","NA","1061526","USP","SERVO DRVE AMP JR_AUTO JR0000549642","02 MED","0.0","35.0","0.0",,,
"GEG1","NA","1069554","USP","POWER IO CABLE M12 FOR COGNEX CONN MODULE W DB9","02 MED","0.0",,,,,
"GEG1","NA","1071515","USP","Radial/Deep Groove Ball Bearing - Round Bore, 25 mm ID, 42 mm OD, 9 mm Width, Double Shielded, Internal Clearance","01 HIGH","2.0","28.0","0.0714",,,
"GEG1","NA","11082","USP","SMART PACK FILTER REPLACEMENT  (PID)","02 MED","1.0",,,,,
"GEG1","NA","11147","USP","VHI425A-GV W/ GV4G6","02 MED","0.0",,,,,
"GEG1","NA","1124355","USP","FIXED DRAW ROLLER, SMART PAC","02 MED","0.0","100.0","0.0","0.0056","1.01",
"GEG1","NA","11409","USP","TAMPA","02 MED","1.0","25.0","0.04",,,
"GEG1","NA","11424","USP","UNWIND BRAKE BAND CTM PM-BB1030","01 HIGH","1.0",,,,,
"GEG1","NA","11519","USP","Zebra Kit Maint Door Open Swch RH/LH","02 MED","1.0","28.0","0.0357",,,
"GEG1","NA","14325","USP","WIRING TOOL required for insertion/extraction @ terminal strip","02 MED","1.0",,,,,
"GEG1","NA","19978","USP","TIME DELAY FUSE, 30A, CLASS J, 300KA, 600VAC","02 MED","1.0",,,,,
"GEG1","NA","226234","USP","SERIAL RS232 TO USB CONVERTER","02 MED","0.0","20.0","0.0","0.0056","1.0",
"GEG1","NA","23103","USP","Time Delay, Cylindrical, Fuse, GDC Series, 250VAC, Indicating (5 PK)","03 LOW","1.0",,,,,
"GEG1","NA","3015435","USP","VERTICAL JAW CABLE MANAGEMENT BACKING PLATE","01 HIGH","1.0","42.0","0.0238",,,
"GEG1","NA","3022935","USP","M8 LOCK WASHERS (OR BLACK OXIDE EQUIVALENT)","01 HIGH","1.0","24.0","0.0417",,,
"GEG1","NA","3022940","USP","VERTICAL JAW CABLE MANAGEMENT BACKING PLATE","01 HIGH","1.0","38.0","0.0263",,,
"GEG1","NA","3022945","USP","VERTICAL BOTTOM LOAD CELL","01 HIGH","2.0","70.0","0.0286",,,
"GEG1","NA","3022957","USP","WASHER, M5, SST","01 HIGH","1.0","24.0","0.0417",,,
"GEG1","NA","3022958","USP","DIVERT PLATE, TOP","01 HIGH","1.0","94.0","0.0106",,,
"GEG1","NA","3022961","USP","FRONT PLATE","01 HIGH","1.0","94.0","0.0106",,,
"GEG1","NA","3022964","USP","DIVERT PLATE, REJECT COVER","01 HIGH","1.0","94.0","0.0106",,,
"GEG1","NA","3022967","USP","ZIP TIES, STANDARD","01 HIGH","0.0","24.0","0.0","0.0056","1.0",
"GEG1","NA","3022970","USP","CUTTING KNIFE ASSEMBLY","01 HIGH","4.0","108.0","0.037",,,
"GEG1","NA","3022977","USP","GUIDED PNUEMATIC CYLINDER DFM-16-125-B-PPV-A-KF","01 HIGH","1.0","25.0","0.04",,,
"GEG1","NA","3022978","USP","LIDAR SENSOR PICS150-01000 core 1","01 HIGH","0.0","95.0","0.0",,,
"GEG1","NA","3022982","USP","LEFT ISOLATOR PLATE","01 HIGH","2.0","70.0","0.0286",,,
"GEG1","NA","3022983","USP","RIGHT ISOLATOR PLATE","01 HIGH","2.0","70.0","0.0286",,,
"GEG1","NA","3022985","USP","ROTATED CABLE EXIT HORIZONTAL LOAD CELL HOLDER BLOCK","01 HIGH","1.0","24.0","0.0417",,,
"GEG1","NA","3022987","USP","IO-LINK MASTER, ETHERNET/IP INTERFACE, TOTAL IN- AND OUTPUTS: 16, 4X 2A OUTPUTS","01 HIGH","1.0","45.0","0.0222",,,
"GEG1","NA","3026266","USP","Control Block","02 MED","0.0","21.0","0.0",,,
"GEG1","NA","3029777","USP","Ring, Centering sleeve ZBH-7-B","01 HIGH","1.0","28.0","0.0357",,,
"GEG1","NA","3029778","USP","CABLE, NIP ROLLER MOTOR SERVO","01 HIGH","0.0","70.0","0.0",,,
"GEG1","NA","3031139","USP","RIGHT HORIZONTAL HEATER CABLE","01 HIGH","1.0","21.0","0.0476",,,
"GEG1","NA","3033957","USP","Ring, Centering sleeve ZBH-5-B","01 HIGH","1.0","28.0","0.0357",,,
"GEG1","NA","3037848","USP","LEFT VER HEATER CABLE ASSY","01 HIGH","1.0","108.0","0.0093",,,
"GEG1","NA","3037849","USP","RIGHT VER HEATER CABLE ASSY","01 HIGH","1.0","108.0","0.0093",,,
"GEG1","NA","3037850","USP","ZIP TIES, STANDARD","01 HIGH","0.0","24.0","0.0","0.0056","1.0",
"GEG1","NA","3037851","USP","ALTERNATE PLASTIC P-CLIP (MUST DRILL MOUNTING HOLE TO M6)","01 HIGH","1.0","24.0","0.0417",,,
"GEG1","NA","3037852","USP","LEFT HOR HEATER CABLE ASSY","01 HIGH","1.0","108.0","0.0093",,,
"GEG1","NA","3043436","USP","Kinetix 5700 Servo Drive","02 MED","0.0","21.0","0.0",,,
"GEG1","NA","3208459","USP","FIELD ATTACHABLE CONNECTOR","02 MED","0.0","21.0","0.0","0.0056","1.0",
"GEG1","NA","3361381","USP","Fork sensor","01 HIGH","1.0","28.0","0.0357",,,
"GEG1","NA","3466127","USP","SCANNER,BARCODE:DM363 SMARTPACK PRESENTATION READER","01 HIGH","1.0","14.0","0.0714",,,
"GEG1","NA","3466134","USP","ROLLING BEARING  61802-2RS1","01 HIGH","6.0","4.0","1.5",,,
"GEG1","NA","3466138","USP","VERTICAL VPL SERIES, FRAME SIZE 100MM, T WINDING, RATED SPEED 7200-80","01 HIGH","0.0","21.0","0.0",,,
"GEG1","NA","3466140","USP","KINETIX VP LOW INERTIA MOTOR,","01 HIGH","0.0","21.0","0.0",,,
"GEG1","NA","3466144","USP","SERVO DRIVE","01 HIGH","0.0","21.0","0.0",,,
"GEG1","NA","3466145","USP","RIGHT HORIZONTAL SEAL BAR ASSY","01 HIGH","1.0","21.0","0.0476",,,
"GEG1","NA","3466152","USP","SENSOR MOUNT","01 HIGH","1.0","21.0","0.0476",,,
"GEG1","NA","3466153","USP","RIGHT VERTICAL SEAL BAR ASSY","01 HIGH","1.0","21.0","0.0476",,,
"GEG1","NA","3466158","USP","SPRING PLUNGER, BALL-NOSE HARD","01 HIGH","9.0","4.0","2.25",,,
"GEG1","NA","3466170","USP","DSNU, BORE 25MM, STROKE 100MM, DOUBLE ACTING, LATERAL AIR,","01 HIGH","1.0","21.0","0.0476",,,
"GEG1","NA","3466204","USP","M8X1.25 X 16 MM LG, STROKE 1.5MM, MAX TEMP. 250C, THREAD-LOCKING, CERAMIC BALL","01 HIGH","5.0","4.0","1.25",,,
"GEG1","NA","3466208","USP","BEARING SPACER; INNER; 20 ID X 27 OD X 5 THICK","01 HIGH","5.0","28.0","0.1786",,,
"GEG1","NA","3466243","USP","LEFT HORIZONTAL SEAL BAR ASSY","01 HIGH","1.0","21.0","0.0476",,,
"GEG1","NA","3466247","USP","KINETIX VP MOTOR CABLE","01 HIGH","0.0","21.0","0.0",,,
"GEG1","NA","3466258","USP","LEFT VERTICAL SEAL BAR ASSY","01 HIGH","1.0","21.0","0.0476",,,
"GEG1","NA","3546294","USP","Kinetix VP Motor Cable, 4m","01 HIGH","0.0","90.0","0.0",,,
"GEG1","NA","49345","USP","ZEBRA AIT PART KIT PRINTHEAD 300 DPI ZE521 RH & LH","02 MED","2.0","21.0","0.0952",,,
"GEG1","NA","76580","USP","PROGRAMMED MAPLE DISPLAY UNIT FOR 3600A APPLICATOR","02 MED","0.0",,,,,
"GEG1","NA","N12270","USP","SMC Speed Control Valve: Elbow Fitting, Knob, 1/4 in/1/8 in Valve Body Size, 1/4 in Tube, Meter Out","02 MED","1.0","14.0","0.0714",,,
"GEG1","NA","N37377","USP","SC300-2 SHOCK ABSORBER","02 MED","0.0","28.0","0.0","0.0111","2.0",
"GEG1","NA","N37843","USP","REWIND CONTROL/POWER ON RELAY FOR 3600A APPLICATORS - PE-RE1017","02 MED","0.0",,,,,
"HOU6","NA","1000078","USP","Sensor, proximity, SME-8M-DS-24V-K-0, 3-M8D","03 LOW","6.0",,,,,
"HOU6","NA","1001191","USP","VPL-B1003F-PJ12AA SERVO MOTOR","02 MED","0.0",,,,,
"HOU6","NA","1001803","USP","Switch, Auxiliary, Supplementary Protector Accessory","02 MED","0.0","11.0","0.0","0.0","0.0",
"HOU6","NA","1002613","USP","VALVE, CHECK VALVE,ASSEMBLY:FLOW CONTROL W/ PILOT CHECK VALVE 1/4 TUBE WITH1/8 T","01 HIGH","1.0","21.0","0.0476",,,
"HOU6","NA","10043","USP","PLC, CONTROLLER,PROGRAMMABLE:2-1/2 INHT,3-1/2 INWD,1-1/2 INDP,24 V DCVOLT,2.6 MACURRE","02 MED","0.0",,,,,
"HOU6","NA","1004322","USP","PUSHBUTTON METAL LATCH","02 MED","1.0",,,,,
"HOU6","NA","10076","USP","UNWIND DANCER ARM UNWIND SPRING","02 MED","1.0",,,,,
"HOU6","NA","10086","USP","WASHER: CAPTURE CTM PM-FANU30375","03 LOW","1.0",,,,,
"HOU6","NA","10087","USP","THREADED INSERT CTM C-PM-INS1010","03 LOW","1.0",,,,,
"HOU6","NA","10090","USP","Shoulder Screw,18-8 Stainless Steel,3/8"""" Shoulder Dia., 1"""" Shoulder Length,5/16-18 Thread,PK2","03 LOW","1.0","24.0","0.0417",,,
"HOU6","NA","10095","USP","FLANGED BUSHING","03 LOW","1.0","21.0","0.0476",,,
"HOU6","NA","10096","USP","WASHER: THRUST, BRONZE","02 MED","2.0","34.0","0.0588",,,
"HOU6","NA","10105","USP","SPRING: REWIND CLUTCH, MED DUTY, .97OD X .080 WIRE DIA","02 MED","2.0","28.0","0.0714",,,
"HOU6","NA","1063086","USP","SWITCH 2VDC PNP 0.5M LEAD M8 C","02 MED","0.0","21.0","0.0",,,
"HOU6","NA","1069554","USP","POWER IO CABLE M12 FOR COGNEX CONN MODULE W DB9","02 MED","2.0",,,,,
"HOU6","NA","1071515","USP","Radial/Deep Groove Ball Bearing - Round Bore, 25 mm ID, 42 mm OD, 9 mm Width, Double Shielded, Internal Clearance","02 MED","0.0","14.0","0.0",,,
"HOU6","NA","1071516","USP","REPLACEMENT BELT – 18”W FOR CO","01 HIGH","2.0","21.0","0.0952",,,
"HOU6","NA","1073001","USP","3600 TAMP or SWING HOME SENSOR ASSEMBLY without MOUNT","02 MED","1.0","17.0","0.0588",,,
"HOU6","NA","11082","USP","SMART PACK FILTER REPLACEMENT  (PID)","03 LOW","1.0","23.0","0.0435",,,
"HOU6","NA","1113249","USP","URGU48R1-04090N","02 MED","0.0","17.0","0.0",,,
"HOU6","NA","11147","USP","VHI425A-GV W/ GV4G6","01 HIGH","0.0",,,,,
"HOU6","NA","1116318","USP","ULTRASONIC SENSOR, PICO+","02 MED","0.0","21.0","0.0","0.0","0.0",
"HOU6","NA","11409","USP","TAMPA","02 MED","0.0",,,,,
"HOU6","NA","11424","USP","UNWIND BRAKE BAND CTM PM-BB1030","01 HIGH","1.0","32.0","0.0313",,,
"HOU6","NA","11519","USP","Zebra Kit Maint Door Open Swch RH/LH","02 MED","0.0","28.0","0.0",,,
"HOU6","NA","14325","USP","WIRING TOOL required for insertion/extraction @ terminal strip","02 MED","1.0",,,,,
"HOU6","NA","2066701","USP","ROLLER, MOVING DRAW ROLLER (SMART PAC)","01 HIGH","0.0","70.0","0.0",,,
"HOU6","NA","3022931","USP","MALE INSERT 5 PIN","01 HIGH","0.0","66.0","0.0",,,
"HOU6","NA","3022932","USP","SENSOR FLAG PIN, USP TRIGGER GATE","01 HIGH","0.0","108.0","0.0",,,
"HOU6","NA","3022935","USP","M8 LOCK WASHERS (OR BLACK OXIDE EQUIVALENT)","01 HIGH","0.0","24.0","0.0",,,
"HOU6","NA","3022940","USP","VERTICAL JAW CABLE MANAGEMENT BACKING PLATE","01 HIGH","0.0","38.0","0.0",,,
"HOU6","NA","3022948","USP","FLAT HEAD SOCKET CAP SCREW","01 HIGH","0.0","24.0","0.0",,,
"HOU6","NA","3022949","USP","MCMASTER ZIP TIE MOUNT","01 HIGH","0.0","24.0","0.0",,,
"HOU6","NA","3022952","USP","GALVANIZED STEEL , EPDM CUSHIO","01 HIGH","0.0","24.0","0.0",,,
"HOU6","NA","3022956","USP","ROTATED CABLE EXIT VERTICAL LOAD CELL HOLDER BLOCK","01 HIGH","0.0","108.0","0.0",,,
"HOU6","NA","3022957","USP","WASHER, M5, SST","01 HIGH","0.0","24.0","0.0",,,
"HOU6","NA","3022961","USP","FRONT PLATE","01 HIGH","0.0","94.0","0.0",,,
"HOU6","NA","3022964","USP","DIVERT PLATE, REJECT COVER","01 HIGH","0.0","94.0","0.0",,,
"HOU6","NA","3022967","USP","ZIP TIES, STANDARD","01 HIGH","0.0","24.0","0.0",,,
"HOU6","NA","3022969","USP","VERTICAL CARTRIDGE HEATER","01 HIGH","0.0","66.0","0.0",,,
"HOU6","NA","3022970","USP","CUTTING KNIFE ASSEMBLY","01 HIGH","1.0","108.0","0.0093",,,
"HOU6","NA","3022971","USP","FAST CONNECTION-PEG","01 HIGH","0.0","24.0","0.0",,,
"HOU6","NA","3022976","USP","FLAT HEAD SOCKET CAP SCREW","01 HIGH","0.0","24.0","0.0",,,
"HOU6","NA","3022977","USP","GUIDED PNUEMATIC CYLINDER DFM-16-125-B-PPV-A-KF","01 HIGH","0.0","25.0","0.0",,,
"HOU6","NA","3022978","USP","LIDAR SENSOR PICS150-01000 core 1","01 HIGH","0.0","95.0","0.0","0.0056","1.0",
"HOU6","NA","3022982","USP","LEFT ISOLATOR PLATE","01 HIGH","1.0","70.0","0.0143",,,
"HOU6","NA","3022983","USP","RIGHT ISOLATOR PLATE","01 HIGH","1.0","70.0","0.0143",,,
"HOU6","NA","3022987","USP","IO-LINK MASTER, ETHERNET/IP INTERFACE, TOTAL IN- AND OUTPUTS: 16, 4X 2A OUTPUTS","01 HIGH","0.0","45.0","0.0",,,
"HOU6","NA","3025738","USP","COATED 9"" FOUR HOLE AIR ASSIST TUBE - MP-211-2230-9","01 HIGH","1.0","21.0","0.0476",,,
"HOU6","NA","3026266","USP","Control Block","01 HIGH","0.0","21.0","0.0",,,
"HOU6","NA","3029777","USP","Ring, Centering sleeve ZBH-7-B","01 HIGH","1.0","28.0","0.0357",,,
"HOU6","NA","3029778","USP","CABLE, NIP ROLLER MOTOR SERVO","01 HIGH","0.0","70.0","0.0",,,
"HOU6","NA","3031139","USP","RIGHT HORIZONTAL HEATER CABLE","01 HIGH","0.0","21.0","0.0",,,
"HOU6","NA","3032133","USP","COMPRESSION SPRING T=1.4 OD=20 ID=17","01 HIGH","1.0","28.0","0.0357",,,
"HOU6","NA","3033957","USP","Ring, Centering sleeve ZBH-5-B","01 HIGH","1.0","28.0","0.0357",,,
"HOU6","NA","3037848","USP","LEFT VER HEATER CABLE ASSY","01 HIGH","0.0","108.0","0.0",,,
"HOU6","NA","3037849","USP","RIGHT VER HEATER CABLE ASSY","01 HIGH","0.0","108.0","0.0",,,
"HOU6","NA","3037850","USP","ZIP TIES, STANDARD","01 HIGH","0.0","24.0","0.0",,,
"HOU6","NA","3037851","USP","ALTERNATE PLASTIC P-CLIP (MUST DRILL MOUNTING HOLE TO M6)","01 HIGH","0.0","24.0","0.0",,,
"HOU6","NA","3037852","USP","LEFT HOR HEATER CABLE ASSY","01 HIGH","0.0","108.0","0.0",,,
"HOU6","NA","3043368","USP","Sensor Cable, 5m Grey, M12 Female 4P Angled to Open Ended, Continuous Flex, PUR","01 HIGH","0.0","21.0","0.0",,,
"HOU6","NA","3043407","USP","SICK IME2S Series Non-Flush Inductive Non-Contact Safety Switch, 24V dc, Nickel Plated Brass Housing, 2NO, M12","01 HIGH","1.0","42.0","0.0238",,,
"HOU6","NA","33053","USP","SENSOR CABLE, 5M GREY, M12 FEMALE 8P STRAIGHT TO OPEN ENDED, CONTINUOUS FLEX, PUR-OB","02 MED","0.0",,,,,
"HOU6","NA","3361381","USP","Fork sensor","01 HIGH","0.0","28.0","0.0",,,
"HOU6","NA","3466127","USP","SCANNER,BARCODE:DM363 SMARTPACK PRESENTATION READER","01 HIGH","0.0","14.0","0.0",,,
"HOU6","NA","3466132","USP","PNUEMATIC FITTING","01 HIGH","0.0","21.0","0.0","0.0111","2.0",
"HOU6","NA","3466134","USP","ROLLING BEARING  61802-2RS1","01 HIGH","6.0","4.0","1.5",,,
"HOU6","NA","3466138","USP","VERTICAL VPL SERIES, FRAME SIZE 100MM, T WINDING, RATED SPEED 7200-80","01 HIGH","0.0","21.0","0.0",,,
"HOU6","NA","3466140","USP","KINETIX VP LOW INERTIA MOTOR,","01 HIGH","0.0","21.0","0.0",,,
"HOU6","NA","3466144","USP","SERVO DRIVE","01 HIGH","0.0","21.0","0.0",,,
"HOU6","NA","3466145","USP","RIGHT HORIZONTAL SEAL BAR ASSY","01 HIGH","0.0","21.0","0.0",,,
"HOU6","NA","3466147","USP","COMPACT CYLINDER ADN-32-25-I-P-A-S2","01 HIGH","0.0","21.0","0.0",,,
"HOU6","NA","3466149","USP","PIVOT BLOCK","01 HIGH","0.0","14.0","0.0",,,
"HOU6","NA","3466152","USP","SENSOR MOUNT","01 HIGH","0.0","21.0","0.0",,,
"HOU6","NA","3466153","USP","RIGHT VERTICAL SEAL BAR ASSY","01 HIGH","0.0","21.0","0.0",,,
"HOU6","NA","3466158","USP","SPRING PLUNGER, BALL-NOSE HARD","01 HIGH","1.0","4.0","0.25",,,
"HOU6","NA","3466170","USP","DSNU, BORE 25MM, STROKE 100MM, DOUBLE ACTING, LATERAL AIR,","01 HIGH","0.0","21.0","0.0",,,
"HOU6","NA","3466204","USP","M8X1.25 X 16 MM LG, STROKE 1.5MM, MAX TEMP. 250C, THREAD-LOCKING, CERAMIC BALL","01 HIGH","1.0","4.0","0.25",,,
"HOU6","NA","3466208","USP","BEARING SPACER; INNER; 20 ID X 27 OD X 5 THICK","01 HIGH","1.0","28.0","0.0357",,,
"HOU6","NA","3466223","USP","243TEETH 32 T5/1215","01 HIGH","0.0","11.0","0.0",,,
"HOU6","NA","3466243","USP","LEFT HORIZONTAL SEAL BAR ASSY","01 HIGH","0.0","21.0","0.0",,,
"HOU6","NA","3466247","USP","KINETIX VP MOTOR CABLE","01 HIGH","0.0","21.0","0.0",,,
"HOU6","NA","3466248","USP","PRECISION LINEAR SHAFT, DIA 12","01 HIGH","0.0","28.0","0.0",,,
"HOU6","NA","3466251","USP","PIVOT BLOCK - LEFT HORIZONTAL","01 HIGH","0.0","21.0","0.0",,,
"HOU6","NA","3466258","USP","LEFT VERTICAL SEAL BAR ASSY","01 HIGH","0.0","21.0","0.0","0.0111","2.0",
"HOU6","NA","3546294","USP","Kinetix VP Motor Cable, 4m","01 HIGH","0.0","90.0","0.0",,,
"HOU6","NA","49225","USP","HEX HEAD CAP SCREW  CTM PM-FAHHSS50557","03 LOW","1.0","10.0","0.1",,,
"HOU6","NA","49346","USP","ZEBRA AIT PART KIT PLATEN, PINCH, & PEEL ROLLERS ZE521 RH & LH","02 MED","1.0","35.0","0.0286",,,
"HOU6","NA","76580","USP","PROGRAMMED MAPLE DISPLAY UNIT FOR 3600A APPLICATOR","02 MED","0.0",,,,,
"HOU6","NA","94998","USP","CYLINDER, ISO, PROX, X100MM, DA, MAG C03","02 MED","0.0","49.0","0.0",,,
"HOU6","NA","N24793","USP","Slim Electromechanical Relay, SPDT, 6A,24VDC, PCB Terminal, 34 Series","01 HIGH","1.0","14.0","0.0714",,,
"HOU6","NA","N37377","USP","SC300-2 SHOCK ABSORBER","02 MED","0.0","28.0","0.0","0.0056","1.0",
"HOU6","NA","N37843","USP","REWIND CONTROL/POWER ON RELAY FOR 3600A APPLICATORS - PE-RE1017","02 MED","1.0","14.0","0.0714",,,
"HOU6","NA","N41977","USP","R SERIES BEARING - .750 X 1.625 X .437","01 HIGH","1.0","14.0","0.0714",,,
"HOU6","NA","N45907","USP","Valve flow control one way","02 MED","1.0",,,,,
"HOU6","NA","N53964","USP","NEBV-S1G25-K-10-N-LE25-S6 CONNECTING CABLE","02 MED","0.0",,,,,
"HOU6","NA","N53977","USP","I110-E0454 SAFETY SWITCH","01 HIGH","0.0",,,,,
"HOU6","NA","N53990","USP","LINEAR RAIL","02 MED","1.0",,,,,
"HOU6","NA","N54020","USP","STOPPER BOLT, M6X1.0, L 20MM, WITH HEX SOCKET TIP, STRAIGHT TYPE, BUMPER URETHAN","02 MED","1.0",,,,,
"HOU6","NA","N54024","USP","TAPER-LOCK BUSHING, 1610 22MM BORE","02 MED","1.0",,,,,
"IGQ1","NA","1001191","USP","VPL-B1003F-PJ12AA SERVO MOTOR","02 MED","0.0",,,,,
"IGQ1","NA","1001803","USP","Switch, Auxiliary, Supplementary Protector Accessory","02 MED","0.0",,,,,
"IGQ1","NA","1002613","USP","VALVE, CHECK VALVE,ASSEMBLY:FLOW CONTROL W/ PILOT CHECK VALVE 1/4 TUBE WITH1/8 T","01 HIGH","1.0","16.0","0.0625",,,
"IGQ1","NA","10043","USP","PLC, CONTROLLER,PROGRAMMABLE:2-1/2 INHT,3-1/2 INWD,1-1/2 INDP,24 V DCVOLT,2.6 MACURRE","02 MED","0.0",,,,,
"IGQ1","NA","1004322","USP","PUSHBUTTON METAL LATCH","02 MED","1.0",,,,,
"IGQ1","NA","10076","USP","UNWIND DANCER ARM UNWIND SPRING","02 MED","1.0","21.0","0.0476",,,
"IGQ1","NA","10086","USP","WASHER: CAPTURE CTM PM-FANU30375","03 LOW","1.0","25.0","0.04",,,
"IGQ1","NA","10087","USP","THREADED INSERT CTM C-PM-INS1010","03 LOW","1.0","14.0","0.0714",,,
"IGQ1","NA","10090","USP","Shoulder Screw,18-8 Stainless Steel,3/8"""" Shoulder Dia., 1"""" Shoulder Length,5/16-18 Thread,PK2","03 LOW","1.0","24.0","0.0417",,,
"IGQ1","NA","10095","USP","FLANGED BUSHING","03 LOW","1.0",,,,,
"IGQ1","NA","10096","USP","WASHER: THRUST, BRONZE","02 MED","1.0",,,,,
"IGQ1","NA","10105","USP","SPRING: REWIND CLUTCH, MED DUTY, .97OD X .080 WIRE DIA","02 MED","1.0","28.0","0.0357",,,
"IGQ1","NA","1061198","USP","OLFLEXÂ® VFD SLIM, 14 AWG/4C, REDUCED DIAMETER VFD CABLE WITH ""SURGE GUARD""","02 MED","0.0",,,,,
"IGQ1","NA","1061526","USP","SERVO DRVE AMP JR_AUTO JR0000549642","02 MED","0.0","35.0","0.0","0.0","0.0",
"IGQ1","NA","1061778","USP","RT-B1221","01 HIGH","1.0","21.0","0.0476",,,
"IGQ1","NA","1063086","USP","SWITCH 2VDC PNP 0.5M LEAD M8 C","02 MED","0.0",,,,,
"IGQ1","NA","1069554","USP","POWER IO CABLE M12 FOR COGNEX CONN MODULE W DB9","02 MED","2.0","21.0","0.0952",,,
"IGQ1","NA","11082","USP","SMART PACK FILTER REPLACEMENT  (PID)","03 LOW","1.0",,,,,
"IGQ1","NA","1113249","USP","URGU48R1-04090N","02 MED","1.0","17.0","0.0588",,,
"IGQ1","NA","11147","USP","VHI425A-GV W/ GV4G6","01 HIGH","0.0","29.0","0.0",,,
"IGQ1","NA","1116318","USP","ULTRASONIC SENSOR, PICO+","02 MED","0.0",,,,,
"IGQ1","NA","1124355","USP","FIXED DRAW ROLLER, SMART PAC","02 MED","0.0","100.0","0.0","0.0333","6.0",
"IGQ1","NA","11424","USP","UNWIND BRAKE BAND CTM PM-BB1030","01 HIGH","2.0","32.0","0.0625",,,
"IGQ1","NA","19978","USP","TIME DELAY FUSE, 30A, CLASS J, 300KA, 600VAC","02 MED","1.0",,,,,
"IGQ1","NA","23103","USP","Time Delay, Cylindrical, Fuse, GDC Series, 250VAC, Indicating (5 PK)","03 LOW","1.0","13.0","0.0769",,,
"IGQ1","NA","3015435","USP","VERTICAL JAW CABLE MANAGEMENT BACKING PLATE","01 HIGH","1.0","42.0","0.0238",,,
"IGQ1","NA","3022931","USP","MALE INSERT 5 PIN","01 HIGH","1.0","66.0","0.0152",,,
"IGQ1","NA","3022932","USP","SENSOR FLAG PIN, USP TRIGGER GATE","01 HIGH","1.0","108.0","0.0093",,,
"IGQ1","NA","3022933","USP","STANDARD HOOD TOP ENTRY","01 HIGH","1.0","38.0","0.0263",,,
"IGQ1","NA","3022934","USP","SMC Shock Absorber, RBC1007, 46.7 mm Body Length, 63.7 mm Body Length, M10 x 1 Thread Size","03 LOW","3.0","38.0","0.0789",,,
"IGQ1","NA","3022935","USP","M8 LOCK WASHERS (OR BLACK OXIDE EQUIVALENT)","01 HIGH","1.0","24.0","0.0417",,,
"IGQ1","NA","3022938","USP","CAPTIVE SCREW RETAINER","01 HIGH","1.0","21.0","0.0476",,,
"IGQ1","NA","3022940","USP","VERTICAL JAW CABLE MANAGEMENT BACKING PLATE","01 HIGH","1.0","38.0","0.0263",,,
"IGQ1","NA","3022942","USP","CLAMP, LOOP NYLON 7/8"" X 1 1/2","01 HIGH","1.0","21.0","0.0476",,,
"IGQ1","NA","3022943","USP","HORIZONTAL REAR, POWERSONIC MATED M12 + LBO3K","01 HIGH","2.0","70.0","0.0286",,,
"IGQ1","NA","3022944","USP","CAPTIVE GUARDING SCREWS","01 HIGH","1.0","24.0","0.0417",,,
"IGQ1","NA","3022945","USP","VERTICAL BOTTOM LOAD CELL","01 HIGH","2.0","70.0","0.0286",,,
"IGQ1","NA","3022947","USP","HORIZONTAL JAW CABLE MANAGEMENT BACKING PLATE","01 HIGH","1.0","38.0","0.0263",,,
"IGQ1","NA","3022948","USP","FLAT HEAD SOCKET CAP SCREW","01 HIGH","1.0","24.0","0.0417",,,
"IGQ1","NA","3022949","USP","MCMASTER ZIP TIE MOUNT","01 HIGH","1.0","24.0","0.0417",,,
"IGQ1","NA","3022950","USP","HORIZONTAL FRONT, POWERSONIC MATED M12 + LBO3K","01 HIGH","2.0","70.0","0.0286",,,
"IGQ1","NA","3022951","USP","RTD, PT100, DIA 3MM, L 18MM, 3","01 HIGH","1.0","38.0","0.0263",,,
"IGQ1","NA","3022952","USP","GALVANIZED STEEL , EPDM CUSHIO","01 HIGH","1.0","24.0","0.0417",,,
"IGQ1","NA","3022953","USP","GUARDING T-BLOCK","01 HIGH","1.0","24.0","0.0417",,,
"IGQ1","NA","3022956","USP","ROTATED CABLE EXIT VERTICAL LOAD CELL HOLDER BLOCK","01 HIGH","1.0","108.0","0.0093",,,
"IGQ1","NA","3022957","USP","WASHER, M5, SST","01 HIGH","1.0","24.0","0.0417",,,
"IGQ1","NA","3022958","USP","DIVERT PLATE, TOP","01 HIGH","1.0","94.0","0.0106",,,
"IGQ1","NA","3022959","USP","SHOULDER BOLT, 12MMX40MM, M10","02 MED","1.0","42.0","0.0238",,,
"IGQ1","NA","3022961","USP","FRONT PLATE","01 HIGH","1.0","94.0","0.0106",,,
"IGQ1","NA","3022962","USP","DIVERT PLATE, LEFT","01 HIGH","1.0","30.0","0.0333",,,
"IGQ1","NA","3022964","USP","DIVERT PLATE, REJECT COVER","01 HIGH","1.0","94.0","0.0106",,,
"IGQ1","NA","3022967","USP","ZIP TIES, STANDARD","01 HIGH","0.0","24.0","0.0",,,
"IGQ1","NA","3022969","USP","VERTICAL CARTRIDGE HEATER","01 HIGH","1.0","66.0","0.0152",,,
"IGQ1","NA","3022971","USP","FAST CONNECTION-PEG","01 HIGH","1.0","24.0","0.0417",,,
"IGQ1","NA","3022976","USP","FLAT HEAD SOCKET CAP SCREW","01 HIGH","1.0","24.0","0.0417",,,
"IGQ1","NA","3022977","USP","GUIDED PNUEMATIC CYLINDER DFM-16-125-B-PPV-A-KF","01 HIGH","1.0","25.0","0.04",,,
"IGQ1","NA","3022978","USP","LIDAR SENSOR PICS150-01000 core 1","01 HIGH","0.0","95.0","0.0",,,
"IGQ1","NA","3022981","USP","UNDER JAW BULK HEAD PLATE","01 HIGH","1.0","108.0","0.0093",,,
"IGQ1","NA","3022982","USP","LEFT ISOLATOR PLATE","01 HIGH","1.0","70.0","0.0143",,,
"IGQ1","NA","3022983","USP","RIGHT ISOLATOR PLATE","01 HIGH","1.0","70.0","0.0143",,,
"IGQ1","NA","3022984","USP","8MM X 14MM LOW SOCKET HEAD MACHINE SCREWS (OR BLACK OXIDE EQUIVALENT)","01 HIGH","1.0","24.0","0.0417",,,
"IGQ1","NA","3022985","USP","ROTATED CABLE EXIT HORIZONTAL LOAD CELL HOLDER BLOCK","01 HIGH","1.0","24.0","0.0417",,,
"IGQ1","NA","3029777","USP","Ring, Centering sleeve ZBH-7-B","01 HIGH","1.0","28.0","0.0357",,,
"IGQ1","NA","3029778","USP","CABLE, NIP ROLLER MOTOR SERVO","01 HIGH","0.0","70.0","0.0",,,
"IGQ1","NA","3031139","USP","RIGHT HORIZONTAL HEATER CABLE","01 HIGH","1.0","21.0","0.0476",,,
"IGQ1","NA","3032133","USP","COMPRESSION SPRING T=1.4 OD=20 ID=17","01 HIGH","1.0","28.0","0.0357",,,
"IGQ1","NA","3033957","USP","Ring, Centering sleeve ZBH-5-B","01 HIGH","1.0","28.0","0.0357",,,
"IGQ1","NA","3037849","USP","RIGHT VER HEATER CABLE ASSY","01 HIGH","1.0","108.0","0.0093",,,
"IGQ1","NA","3037850","USP","ZIP TIES, STANDARD","01 HIGH","0.0","24.0","0.0",,,
"IGQ1","NA","3037851","USP","ALTERNATE PLASTIC P-CLIP (MUST DRILL MOUNTING HOLE TO M6)","01 HIGH","1.0","24.0","0.0417",,,
"IGQ1","NA","3037852","USP","LEFT HOR HEATER CABLE ASSY","01 HIGH","1.0","108.0","0.0093",,,
"IGQ1","NA","3043368","USP","Sensor Cable, 5m Grey, M12 Female 4P Angled to Open Ended, Continuous Flex, PUR","01 HIGH","1.0","21.0","0.0476",,,
"IGQ1","NA","3043405","USP","SENSOR CABLE FEMALE 5-POLE M12 STRAIGHT A CODED TO OPEN END PUR BLACK 5M","01 HIGH","1.0","21.0","0.0476",,,
"IGQ1","NA","3043407","USP","SICK IME2S Series Non-Flush Inductive Non-Contact Safety Switch, 24V dc, Nickel Plated Brass Housing, 2NO, M12","01 HIGH","1.0","42.0","0.0238",,,
"IGQ1","NA","3043436","USP","Kinetix 5700 Servo Drive","01 HIGH","0.0","21.0","0.0",,,
"IGQ1","NA","3208459","USP","FIELD ATTACHABLE CONNECTOR","01 HIGH","1.0","21.0","0.0476",,,
"IGQ1","NA","3361381","USP","Fork sensor","01 HIGH","1.0","28.0","0.0357",,,
"IGQ1","NA","3464199","USP","SENSOR, FIBER OPTIC THIN ZERO SPACE, SIDE VIEW TYP","01 HIGH","1.0","30.0","0.0333",,,
"IGQ1","NA","3466132","USP","PNUEMATIC FITTING","01 HIGH","1.0","21.0","0.0476",,,
"IGQ1","NA","3466134","USP","ROLLING BEARING  61802-2RS1","01 HIGH","12.0","4.0","3.0",,,
"IGQ1","NA","3466138","USP","VERTICAL VPL SERIES, FRAME SIZE 100MM, T WINDING, RATED SPEED 7200-80","01 HIGH","0.0","21.0","0.0",,,
"IGQ1","NA","3466140","USP","KINETIX VP LOW INERTIA MOTOR,","01 HIGH","0.0","21.0","0.0",,,
"IGQ1","NA","3466144","USP","SERVO DRIVE","01 HIGH","0.0","21.0","0.0",,,
"IGQ1","NA","3466145","USP","RIGHT HORIZONTAL SEAL BAR ASSY","01 HIGH","0.0","21.0","0.0",,,
"IGQ1","NA","3466149","USP","PIVOT BLOCK","01 HIGH","1.0","14.0","0.0714",,,
"IGQ1","NA","3466152","USP","SENSOR MOUNT","01 HIGH","1.0","21.0","0.0476",,,
"IGQ1","NA","3466153","USP","RIGHT VERTICAL SEAL BAR ASSY","01 HIGH","0.0","21.0","0.0",,,
"IGQ1","NA","3466158","USP","SPRING PLUNGER, BALL-NOSE HARD","01 HIGH","1.0","4.0","0.25",,,
"IGQ1","NA","3466170","USP","DSNU, BORE 25MM, STROKE 100MM, DOUBLE ACTING, LATERAL AIR,","01 HIGH","1.0","21.0","0.0476",,,
"IGQ1","NA","3466191","USP","ROD COUPLER, M10X1.25, STEEL (","01 HIGH","1.0","21.0","0.0476",,,
"IGQ1","NA","3466204","USP","M8X1.25 X 16 MM LG, STROKE 1.5MM, MAX TEMP. 250C, THREAD-LOCKING, CERAMIC BALL","01 HIGH","1.0","4.0","0.25",,,
"IGQ1","NA","3466208","USP","BEARING SPACER; INNER; 20 ID X 27 OD X 5 THICK","01 HIGH","1.0","28.0","0.0357",,,
"IGQ1","NA","3466223","USP","243TEETH 32 T5/1215","01 HIGH","1.0","11.0","0.0909",,,
"IGQ1","NA","3466243","USP","LEFT HORIZONTAL SEAL BAR ASSY","01 HIGH","0.0","21.0","0.0",,,
"IGQ1","NA","3466247","USP","KINETIX VP MOTOR CABLE","01 HIGH","0.0","21.0","0.0",,,
"IGQ1","NA","3466248","USP","PRECISION LINEAR SHAFT, DIA 12","01 HIGH","1.0","28.0","0.0357",,,
"IGQ1","NA","3466251","USP","PIVOT BLOCK - LEFT HORIZONTAL","01 HIGH","1.0","21.0","0.0476",,,
"IGQ1","NA","3466258","USP","LEFT VERTICAL SEAL BAR ASSY","01 HIGH","0.0","21.0","0.0",,,
"IGQ1","NA","3466261","USP","SHANK THREAD SIZE(M10X1.25), ID 10MM, JAW OPENING W 10MM,","01 HIGH","1.0","3.0","0.3333",,,
"IGQ1","NA","3546294","USP","Kinetix VP Motor Cable, 4m","01 HIGH","0.0","90.0","0.0",,,
"IGQ1","NA","49225","USP","HEX HEAD CAP SCREW  CTM PM-FAHHSS50557","02 MED","1.0","10.0","0.1",,,
"IGQ1","NA","49344","USP","Zebra ZE52163-R010000Z Print Engine","02 MED","0.0",,,,,
"IGQ1","NA","49345","USP","ZEBRA AIT PART KIT PRINTHEAD 300 DPI ZE521 RH & LH","01 HIGH","0.0","45.0","0.0","0.0278","5.0",
"IGQ1","NA","72902","USP","kit,motor assy, high speed...","02 MED","0.0","126.0","0.0","0.0056","1.0",
"IGQ1","NA","76580","USP","PROGRAMMED MAPLE DISPLAY UNIT FOR 3600A APPLICATOR","02 MED","0.0",,,,,
"IGQ1","NA","94998","USP","CYLINDER, ISO, PROX, X100MM, DA, MAG C03","02 MED","0.0","49.0","0.0",,,
"IGQ1","NA","N37377","USP","SC300-2 SHOCK ABSORBER","02 MED","0.0",,,,,
"IGQ1","NA","N37843","USP","REWIND CONTROL/POWER ON RELAY FOR 3600A APPLICATORS - PE-RE1017","02 MED","1.0","14.0","0.0714",,,
"IGQ1","NA","N45907","USP","Valve flow control one way","02 MED","1.0","21.0","0.0476",,,
"IGQ1","NA","N53951","USP","RADIAL BALL BEARING","01 HIGH","2.0","28.0","0.0714",,,
"IGQ1","NA","N53964","USP","NEBV-S1G25-K-10-N-LE25-S6 CONNECTING CABLE","02 MED","1.0","21.0","0.0476",,,
"IGQ1","NA","N53977","USP","I110-E0454 SAFETY SWITCH","01 HIGH","0.0",,,,,
"IGQ1","NA","N53990","USP","LINEAR RAIL","02 MED","1.0",,,,,
"IGQ1","NA","N54020","USP","STOPPER BOLT, M6X1.0, L 20MM, WITH HEX SOCKET TIP, STRAIGHT TYPE, BUMPER URETHAN","02 MED","1.0",,,,,
"IGQ1","NA","N54024","USP","TAPER-LOCK BUSHING, 1610 22MM BORE","02 MED","1.0",,,,,
"LUK2","NA","1001191","USP","VPL-B1003F-PJ12AA SERVO MOTOR","02 MED","0.0","21.0","0.0",,,
"LUK2","NA","1001803","USP","Switch, Auxiliary, Supplementary Protector Accessory","02 MED","0.0","49.0","0.0",,,
"LUK2","NA","10043","USP","PLC, CONTROLLER,PROGRAMMABLE:2-1/2 INHT,3-1/2 INWD,1-1/2 INDP,24 V DCVOLT,2.6 MACURRE","02 MED","1.0","21.0","0.0476",,,
"LUK2","NA","1004322","USP","PUSHBUTTON METAL LATCH","01 HIGH","4.0","30.0","0.1333",,,
"LUK2","NA","10076","USP","UNWIND DANCER ARM UNWIND SPRING","02 MED","1.0","23.0","0.0435",,,
"LUK2","NA","10086","USP","WASHER: CAPTURE CTM PM-FANU30375","03 LOW","1.0","25.0","0.04",,,
"LUK2","NA","10087","USP","THREADED INSERT CTM C-PM-INS1010","03 LOW","1.0","14.0","0.0714",,,
"LUK2","NA","10090","USP","Shoulder Screw,18-8 Stainless Steel,3/8"""" Shoulder Dia., 1"""" Shoulder Length,5/16-18 Thread,PK2","03 LOW","1.0","24.0","0.0417",,,
"LUK2","NA","10095","USP","FLANGED BUSHING","02 MED","2.0","21.0","0.0952",,,
"LUK2","NA","10096","USP","WASHER: THRUST, BRONZE","03 LOW","1.0","34.0","0.0294",,,
"LUK2","NA","1061526","USP","SERVO DRVE AMP JR_AUTO JR0000549642","02 MED","0.0","32.0","0.0",,,
"LUK2","NA","1063086","USP","SWITCH 2VDC PNP 0.5M LEAD M8 C","02 MED","0.0","21.0","0.0",,,
"LUK2","NA","1069554","USP","POWER IO CABLE M12 FOR COGNEX CONN MODULE W DB9","02 MED","0.0","21.0","0.0",,,
"LUK2","NA","1071515","USP","Radial/Deep Groove Ball Bearing - Round Bore, 25 mm ID, 42 mm OD, 9 mm Width, Double Shielded, Internal Clearance","02 MED","1.0","28.0","0.0357",,,
"LUK2","NA","1071516","USP","REPLACEMENT BELT – 18”W FOR CO","02 MED","2.0","21.0","0.0952",,,
"LUK2","NA","11082","USP","SMART PACK FILTER REPLACEMENT  (PID)","02 MED","2.0","23.0","0.087",,,
"LUK2","NA","11147","USP","VHI425A-GV W/ GV4G6","02 MED","0.0","23.0","0.0",,,
"LUK2","NA","1116318","USP","ULTRASONIC SENSOR, PICO+","02 MED","0.0","21.0","0.0",,,
"LUK2","NA","1124355","USP","FIXED DRAW ROLLER, SMART PAC","02 MED","0.0","33.0","0.0",,,
"LUK2","NA","11409","USP","TAMPA","02 MED","1.0","35.0","0.0286",,,
"LUK2","NA","14325","USP","WIRING TOOL required for insertion/extraction @ terminal strip","03 LOW","1.0","35.0","0.0286",,,
"LUK2","NA","19978","USP","TIME DELAY FUSE, 30A, CLASS J, 300KA, 600VAC","02 MED","1.0","21.0","0.0476",,,
"LUK2","NA","23103","USP","Time Delay, Cylindrical, Fuse, GDC Series, 250VAC, Indicating (5 PK)","03 LOW","1.0","15.0","0.0667",,,
"LUK2","NA","3015434","USP","SWIVEL GRIPPER HEAD","01 HIGH","1.0","21.0","0.0476",,,
"LUK2","NA","3015435","USP","VERTICAL JAW CABLE MANAGEMENT BACKING PLATE","01 HIGH","1.0","42.0","0.0238",,,
"LUK2","NA","3022932","USP","SENSOR FLAG PIN, USP TRIGGER GATE","01 HIGH","1.0","108.0","0.0093",,,
"LUK2","NA","3022941","USP","VERTICAL TOP, POWERSONIC MATED M12 + LBO2K","01 HIGH","2.0","70.0","0.0286",,,
"LUK2","NA","3022945","USP","VERTICAL BOTTOM LOAD CELL","01 HIGH","2.0","70.0","0.0286",,,
"LUK2","NA","3022948","USP","FLAT HEAD SOCKET CAP SCREW","01 HIGH","1.0","24.0","0.0417",,,
"LUK2","NA","3022953","USP","GUARDING T-BLOCK","01 HIGH","5.0","24.0","0.2083",,,
"LUK2","NA","3022958","USP","DIVERT PLATE, TOP","01 HIGH","1.0","94.0","0.0106",,,
"LUK2","NA","3022959","USP","SHOULDER BOLT, 12MMX40MM, M10","02 MED","1.0","42.0","0.0238",,,
"LUK2","NA","3022961","USP","FRONT PLATE","01 HIGH","1.0","94.0","0.0106",,,
"LUK2","NA","3022969","USP","VERTICAL CARTRIDGE HEATER","01 HIGH","1.0","66.0","0.0152",,,
"LUK2","NA","3022970","USP","CUTTING KNIFE ASSEMBLY","01 HIGH","4.0","108.0","0.037",,,
"LUK2","NA","3022971","USP","FAST CONNECTION-PEG","01 HIGH","1.0","24.0","0.0417",,,
"LUK2","NA","3022977","USP","GUIDED PNUEMATIC CYLINDER DFM-16-125-B-PPV-A-KF","01 HIGH","1.0","25.0","0.04",,,
"LUK2","NA","3022978","USP","LIDAR SENSOR PICS150-01000 core 1","01 HIGH","0.0","95.0","0.0",,,
"LUK2","NA","3022984","USP","8MM X 14MM LOW SOCKET HEAD MACHINE SCREWS (OR BLACK OXIDE EQUIVALENT)","01 HIGH","1.0","24.0","0.0417",,,
"LUK2","NA","3025738","USP","COATED 9"" FOUR HOLE AIR ASSIST TUBE - MP-211-2230-9","02 MED","1.0","21.0","0.0476",,,
"LUK2","NA","3029777","USP","Ring, Centering sleeve ZBH-7-B","01 HIGH","1.0","28.0","0.0357",,,
"LUK2","NA","3029778","USP","CABLE, NIP ROLLER MOTOR SERVO","01 HIGH","0.0","70.0","0.0",,,
"LUK2","NA","3031139","USP","RIGHT HORIZONTAL HEATER CABLE","01 HIGH","1.0","21.0","0.0476",,,
"LUK2","NA","3032133","USP","COMPRESSION SPRING T=1.4 OD=20 ID=17","01 HIGH","3.0","28.0","0.1071",,,
"LUK2","NA","3033957","USP","Ring, Centering sleeve ZBH-5-B","01 HIGH","1.0","28.0","0.0357",,,
"LUK2","NA","3037848","USP","LEFT VER HEATER CABLE ASSY","01 HIGH","1.0","108.0","0.0093",,,
"LUK2","NA","3037849","USP","RIGHT VER HEATER CABLE ASSY","01 HIGH","1.0","108.0","0.0093",,,
"LUK2","NA","3037850","USP","ZIP TIES, STANDARD","01 HIGH","0.0","24.0","0.0",,,
"LUK2","NA","3037851","USP","ALTERNATE PLASTIC P-CLIP (MUST DRILL MOUNTING HOLE TO M6)","01 HIGH","1.0","24.0","0.0417",,,
"LUK2","NA","3037852","USP","LEFT HOR HEATER CABLE ASSY","01 HIGH","1.0","108.0","0.0093",,,
"LUK2","NA","3043407","USP","SICK IME2S Series Non-Flush Inductive Non-Contact Safety Switch, 24V dc, Nickel Plated Brass Housing, 2NO, M12","01 HIGH","1.0","42.0","0.0238",,,
"LUK2","NA","33053","USP","SENSOR CABLE, 5M GREY, M12 FEMALE 8P STRAIGHT TO OPEN ENDED, CONTINUOUS FLEX, PUR-OB","02 MED","1.0","21.0","0.0476",,,
"LUK2","NA","3361381","USP","Fork sensor","01 HIGH","1.0","28.0","0.0357",,,
"LUK2","NA","3464199","USP","SENSOR, FIBER OPTIC THIN ZERO SPACE, SIDE VIEW TYP","01 HIGH","1.0","30.0","0.0333",,,
"LUK2","NA","3466132","USP","PNUEMATIC FITTING","01 HIGH","1.0","21.0","0.0476",,,
"LUK2","NA","3466134","USP","ROLLING BEARING  61802-2RS1","01 HIGH","6.0","4.0","1.5",,,
"LUK2","NA","3466138","USP","VERTICAL VPL SERIES, FRAME SIZE 100MM, T WINDING, RATED SPEED 7200-80","01 HIGH","0.0","21.0","0.0",,,
"LUK2","NA","3466140","USP","KINETIX VP LOW INERTIA MOTOR,","01 HIGH","0.0","21.0","0.0",,,
"LUK2","NA","3466144","USP","SERVO DRIVE","01 HIGH","0.0","21.0","0.0",,,
"LUK2","NA","3466145","USP","RIGHT HORIZONTAL SEAL BAR ASSY","01 HIGH","1.0","21.0","0.0476",,,
"LUK2","NA","3466147","USP","COMPACT CYLINDER ADN-32-25-I-P-A-S2","01 HIGH","1.0","21.0","0.0476",,,
"LUK2","NA","3466149","USP","PIVOT BLOCK","01 HIGH","1.0","14.0","0.0714",,,
"LUK2","NA","3466152","USP","SENSOR MOUNT","01 HIGH","1.0","21.0","0.0476",,,
"LUK2","NA","3466153","USP","RIGHT VERTICAL SEAL BAR ASSY","01 HIGH","1.0","21.0","0.0476",,,
"LUK2","NA","3466158","USP","SPRING PLUNGER, BALL-NOSE HARD","01 HIGH","9.0","4.0","2.25",,,
"LUK2","NA","3466170","USP","DSNU, BORE 25MM, STROKE 100MM, DOUBLE ACTING, LATERAL AIR,","01 HIGH","1.0","21.0","0.0476",,,
"LUK2","NA","3466204","USP","M8X1.25 X 16 MM LG, STROKE 1.5MM, MAX TEMP. 250C, THREAD-LOCKING, CERAMIC BALL","01 HIGH","5.0","4.0","1.25",,,
"LUK2","NA","3466208","USP","BEARING SPACER; INNER; 20 ID X 27 OD X 5 THICK","01 HIGH","5.0","28.0","0.1786",,,
"LUK2","NA","3466223","USP","243TEETH 32 T5/1215","01 HIGH","1.0","11.0","0.0909",,,
"LUK2","NA","3466243","USP","LEFT HORIZONTAL SEAL BAR ASSY","01 HIGH","1.0","21.0","0.0476",,,
"LUK2","NA","3466247","USP","KINETIX VP MOTOR CABLE","01 HIGH","0.0","21.0","0.0",,,
"LUK2","NA","3466248","USP","PRECISION LINEAR SHAFT, DIA 12","01 HIGH","1.0","28.0","0.0357",,,
"LUK2","NA","3466251","USP","PIVOT BLOCK - LEFT HORIZONTAL","01 HIGH","1.0","21.0","0.0476",,,
"LUK2","NA","3466258","USP","LEFT VERTICAL SEAL BAR ASSY","01 HIGH","1.0","21.0","0.0476",,,
"LUK2","NA","3466261","USP","SHANK THREAD SIZE(M10X1.25), ID 10MM, JAW OPENING W 10MM,","01 HIGH","2.0","3.0","0.6667",,,
"LUK2","NA","3546294","USP","Kinetix VP Motor Cable, 4m","01 HIGH","0.0","90.0","0.0",,,
"LUK2","NA","49225","USP","HEX HEAD CAP SCREW  CTM PM-FAHHSS50557","03 LOW","1.0","10.0","0.1",,,
"LUK2","NA","49344","USP","Zebra ZE52163-R010000Z Print Engine","02 MED","0.0","10.0","0.0","0.0167","3.0",
"LUK2","NA","49960","USP","MDC100-050101 DRIVE","01 HIGH","0.0","21.0","0.0",,,
"LUK2","NA","76580","USP","PROGRAMMED MAPLE DISPLAY UNIT FOR 3600A APPLICATOR","02 MED","0.0","14.0","0.0",,,
"LUK2","NA","N37377","USP","SC300-2 SHOCK ABSORBER","02 MED","0.0","28.0","0.0",,,
"LUK2","NA","N37843","USP","REWIND CONTROL/POWER ON RELAY FOR 3600A APPLICATORS - PE-RE1017","02 MED","1.0","14.0","0.0714",,,
"LUK2","NA","N53951","USP","RADIAL BALL BEARING","02 MED","1.0","56.0","0.0179",,,
"LUK2","NA","N53964","USP","NEBV-S1G25-K-10-N-LE25-S6 CONNECTING CABLE","02 MED","1.0","37.0","0.027",,,
"LUK2","NA","N53977","USP","I110-E0454 SAFETY SWITCH","02 MED","1.0","30.0","0.0333",,,
"LUK2","NA","N53990","USP","LINEAR RAIL","02 MED","1.0","23.0","0.0435",,,
"LUK2","NA","N54024","USP","TAPER-LOCK BUSHING, 1610 22MM BORE","02 MED","1.0","21.0","0.0476",,,
"MDW7","NA","1000863","EcoPac","Point IO Sinking Input Module, 8-Point","02 MED","1.0","31.0","0.0323",,,
"MDW7","NA","1004287","EcoPac","VOLTAGE MONITOR, DIGITAL PANEL METER","03 LOW","1.0",,,,,
"MDW7","NA","1069940","EcoPac","SENSOR LASER ANALOGIC LR-TB5000C","02 MED","0.0",,,,,
"MDW7","NA","3192291","EcoPac","POINT I/O COMM ADAPTER","02 MED","0.0","60.0","0.0",,,
"MDW7","NA","40934","EcoPac","VALVE: VUVG-L14-M52-AT-G18-1R8L","02 MED","1.0",,,,,
"MDW7","NA","79667","EcoPac","RSSB ID 36637-1-POINT I/O Dual Port Network Adaptor","02 MED","0.0","21.0","0.0","0.0","0.0",
"MLI1","NA","1001191","USP","VPL-B1003F-PJ12AA SERVO MOTOR","02 MED","0.0","21.0","0.0",,,
"MLI1","NA","1001803","USP","Switch, Auxiliary, Supplementary Protector Accessory","02 MED","0.0","49.0","0.0","0.0","0.0",
"MLI1","NA","10043","USP","PLC, CONTROLLER,PROGRAMMABLE:2-1/2 INHT,3-1/2 INWD,1-1/2 INDP,24 V DCVOLT,2.6 MACURRE","02 MED","0.0","21.0","0.0","0.0111","2.0",
"MLI1","NA","10086","USP","WASHER: CAPTURE CTM PM-FANU30375","03 LOW","2.0","25.0","0.08",,,
"MLI1","NA","10087","USP","THREADED INSERT CTM C-PM-INS1010","03 LOW","2.0","20.0","0.1",,,
"MLI1","NA","10090","USP","Shoulder Screw,18-8 Stainless Steel,3/8"""" Shoulder Dia., 1"""" Shoulder Length,5/16-18 Thread,PK2","03 LOW","1.0","24.0","0.0417",,,
"MLI1","NA","10095","USP","FLANGED BUSHING","02 MED","1.0","21.0","0.0476",,,
"MLI1","NA","10096","USP","WASHER: THRUST, BRONZE","03 LOW","1.0","34.0","0.0294",,,
"MLI1","NA","1061526","USP","SERVO DRVE AMP JR_AUTO JR0000549642","02 MED","0.0","32.0","0.0","0.0","0.0",
"MLI1","NA","1069554","USP","POWER IO CABLE M12 FOR COGNEX CONN MODULE W DB9","02 MED","0.0","21.0","0.0","0.0","0.0",
"MLI1","NA","1116318","USP","ULTRASONIC SENSOR, PICO+","02 MED","0.0","56.0","0.0","0.0","0.0",
"MLI1","NA","1124355","USP","FIXED DRAW ROLLER, SMART PAC","02 MED","0.0","33.0","0.0","0.0","0.0",
"MLI1","NA","1124729","USP","Pan and Tilt Camera Mount PTU-BE","01 HIGH","1.0","21.0","0.0476",,,
"MLI1","NA","11409","USP","TAMPA","02 MED","1.0","25.0","0.04",,,
"MLI1","NA","3022931","USP","MALE INSERT 5 PIN","02 MED","1.0","66.0","0.0152",,,
"MLI1","NA","3022932","USP","SENSOR FLAG PIN, USP TRIGGER GATE","02 MED","1.0","108.0","0.0093",,,
"MLI1","NA","3022933","USP","STANDARD HOOD TOP ENTRY","02 MED","1.0","38.0","0.0263",,,
"MLI1","NA","3022935","USP","M8 LOCK WASHERS (OR BLACK OXIDE EQUIVALENT)","02 MED","1.0","24.0","0.0417",,,
"MLI1","NA","3022938","USP","CAPTIVE SCREW RETAINER","02 MED","13.0","21.0","0.619",,,
"MLI1","NA","3022940","USP","VERTICAL JAW CABLE MANAGEMENT BACKING PLATE","02 MED","1.0","38.0","0.0263",,,
"MLI1","NA","3022941","USP","VERTICAL TOP, POWERSONIC MATED M12 + LBO2K","02 MED","2.0","70.0","0.0286",,,
"MLI1","NA","3022942","USP","CLAMP, LOOP NYLON 7/8"" X 1 1/2","02 MED","1.0","21.0","0.0476",,,
"MLI1","NA","3022943","USP","HORIZONTAL REAR, POWERSONIC MATED M12 + LBO3K","02 MED","2.0","70.0","0.0286",,,
"MLI1","NA","3022945","USP","VERTICAL BOTTOM LOAD CELL","02 MED","2.0","70.0","0.0286",,,
"MLI1","NA","3022947","USP","HORIZONTAL JAW CABLE MANAGEMENT BACKING PLATE","02 MED","1.0","38.0","0.0263",,,
"MLI1","NA","3022950","USP","HORIZONTAL FRONT, POWERSONIC MATED M12 + LBO3K","02 MED","2.0","70.0","0.0286",,,
"MLI1","NA","3022951","USP","RTD, PT100, DIA 3MM, L 18MM, 3","02 MED","1.0","38.0","0.0263",,,
"MLI1","NA","3022952","USP","GALVANIZED STEEL , EPDM CUSHIO","02 MED","1.0","24.0","0.0417",,,
"MLI1","NA","3022953","USP","GUARDING T-BLOCK","02 MED","13.0","24.0","0.5417",,,
"MLI1","NA","3022956","USP","ROTATED CABLE EXIT VERTICAL LOAD CELL HOLDER BLOCK","02 MED","1.0","108.0","0.0093",,,
"MLI1","NA","3022957","USP","WASHER, M5, SST","02 MED","1.0","24.0","0.0417",,,
"MLI1","NA","3022958","USP","DIVERT PLATE, TOP","02 MED","1.0","94.0","0.0106",,,
"MLI1","NA","3022959","USP","SHOULDER BOLT, 12MMX40MM, M10","02 MED","1.0","42.0","0.0238",,,
"MLI1","NA","3022961","USP","FRONT PLATE","02 MED","1.0","94.0","0.0106",,,
"MLI1","NA","3022962","USP","DIVERT PLATE, LEFT","02 MED","1.0","30.0","0.0333",,,
"MLI1","NA","3022964","USP","DIVERT PLATE, REJECT COVER","02 MED","1.0","94.0","0.0106",,,
"MLI1","NA","3022967","USP","ZIP TIES, STANDARD","02 MED","0.0",,,,,
"MLI1","NA","3022969","USP","VERTICAL CARTRIDGE HEATER","02 MED","1.0","66.0","0.0152",,,
"MLI1","NA","3022977","USP","GUIDED PNUEMATIC CYLINDER DFM-16-125-B-PPV-A-KF","02 MED","1.0","25.0","0.04",,,
"MLI1","NA","3022978","USP","LIDAR SENSOR PICS150-01000 core 1","02 MED","1.0","95.0","0.0105",,,
"MLI1","NA","3022981","USP","UNDER JAW BULK HEAD PLATE","02 MED","1.0","108.0","0.0093",,,
"MLI1","NA","3022984","USP","8MM X 14MM LOW SOCKET HEAD MACHINE SCREWS (OR BLACK OXIDE EQUIVALENT)","02 MED","1.0","24.0","0.0417",,,
"MLI1","NA","3022985","USP","ROTATED CABLE EXIT HORIZONTAL LOAD CELL HOLDER BLOCK","02 MED","1.0","24.0","0.0417",,,
"MLI1","NA","3031139","USP","RIGHT HORIZONTAL HEATER CABLE","01 HIGH","0.0",,,,,
"MLI1","NA","3037848","USP","LEFT VER HEATER CABLE ASSY","01 HIGH","0.0",,,,,
"MLI1","NA","3037852","USP","LEFT HOR HEATER CABLE ASSY","01 HIGH","0.0",,,,,
"MLI1","NA","3043388","USP","SENSOR REED PARA CILINDRO","02 MED","3.0","55.0","0.0545",,,
"MLI1","NA","33053","USP","SENSOR CABLE, 5M GREY, M12 FEMALE 8P STRAIGHT TO OPEN ENDED, CONTINUOUS FLEX, PUR-OB","02 MED","0.0","21.0","0.0","0.0","0.0",
"MLI1","NA","3361381","USP","Fork sensor","02 MED","1.0","28.0","0.0357",,,
"MLI1","NA","3466127","USP","SCANNER,BARCODE:DM363 SMARTPACK PRESENTATION READER","01 HIGH","0.0",,,,,
"MLI1","NA","3466134","USP","ROLLING BEARING  61802-2RS1","02 MED","0.0",,,,,
"MLI1","NA","3466138","USP","VERTICAL VPL SERIES, FRAME SIZE 100MM, T WINDING, RATED SPEED 7200-80","02 MED","1.0","21.0","0.0476",,,
"MLI1","NA","3466140","USP","KINETIX VP LOW INERTIA MOTOR,","02 MED","1.0","21.0","0.0476",,,
"MLI1","NA","3466144","USP","SERVO DRIVE","02 MED","1.0","21.0","0.0476",,,
"MLI1","NA","3466145","USP","RIGHT HORIZONTAL SEAL BAR ASSY","02 MED","1.0","21.0","0.0476",,,
"MLI1","NA","3466147","USP","COMPACT CYLINDER ADN-32-25-I-P-A-S2","02 MED","1.0","21.0","0.0476",,,
"MLI1","NA","3466149","USP","PIVOT BLOCK","02 MED","2.0","14.0","0.1429",,,
"MLI1","NA","3466152","USP","SENSOR MOUNT","02 MED","1.0","21.0","0.0476",,,
"MLI1","NA","3466153","USP","RIGHT VERTICAL SEAL BAR ASSY","02 MED","1.0","21.0","0.0476",,,
"MLI1","NA","3466158","USP","SPRING PLUNGER, BALL-NOSE HARD","02 MED","30.0","4.0","7.5",,,
"MLI1","NA","3466170","USP","DSNU, BORE 25MM, STROKE 100MM, DOUBLE ACTING, LATERAL AIR,","02 MED","1.0","21.0","0.0476",,,
"MLI1","NA","3466204","USP","M8X1.25 X 16 MM LG, STROKE 1.5MM, MAX TEMP. 250C, THREAD-LOCKING, CERAMIC BALL","02 MED","16.0","4.0","4.0",,,
"MLI1","NA","3466208","USP","BEARING SPACER; INNER; 20 ID X 27 OD X 5 THICK","02 MED","12.0","28.0","0.4286",,,
"MLI1","NA","3466223","USP","243TEETH 32 T5/1215","02 MED","1.0","11.0","0.0909",,,
"MLI1","NA","3466243","USP","LEFT HORIZONTAL SEAL BAR ASSY","02 MED","1.0","21.0","0.0476",,,
"MLI1","NA","3466247","USP","KINETIX VP MOTOR CABLE","02 MED","1.0","21.0","0.0476",,,
"MLI1","NA","3466248","USP","PRECISION LINEAR SHAFT, DIA 12","02 MED","1.0","28.0","0.0357",,,
"MLI1","NA","3466251","USP","PIVOT BLOCK - LEFT HORIZONTAL","02 MED","1.0","21.0","0.0476",,,
"MLI1","NA","3466258","USP","LEFT VERTICAL SEAL BAR ASSY","02 MED","1.0","21.0","0.0476",,,
"MLI1","NA","3466261","USP","SHANK THREAD SIZE(M10X1.25), ID 10MM, JAW OPENING W 10MM,","02 MED","8.0","3.0","2.6667",,,
"MLI1","NA","49225","USP","HEX HEAD CAP SCREW  CTM PM-FAHHSS50557","03 LOW","2.0","20.0","0.1",,,
"MLI1","NA","49344","USP","Zebra ZE52163-R010000Z Print Engine","02 MED","0.0","38.0","0.0","0.0278","5.0",
"MLI1","NA","49960","USP","MDC100-050101 DRIVE","01 HIGH","0.0","21.0","0.0","0.0056","1.0",
"MLI1","NA","72902","USP","kit,motor assy, high speed...","01 HIGH","0.0","126.0","0.0","0.0","0.0",
"MLI1","NA","76580","USP","PROGRAMMED MAPLE DISPLAY UNIT FOR 3600A APPLICATOR","02 MED","0.0","20.0","0.0","0.0056","1.0",
"MLI1","NA","N24793","USP","Slim Electromechanical Relay, SPDT, 6A,24VDC, PCB Terminal, 34 Series","02 MED","1.0",,,"0.0111","2.0",
"MLI1","NA","N37377","USP","SC300-2 SHOCK ABSORBER","02 MED","0.0","28.0","0.0","0.0168","3.02",
"MLI1","NA","N37843","USP","REWIND CONTROL/POWER ON RELAY FOR 3600A APPLICATORS - PE-RE1017","02 MED","1.0","14.0","0.0714",,,
"MLI1","NA","N53964","USP","NEBV-S1G25-K-10-N-LE25-S6 CONNECTING CABLE","02 MED","1.0","37.0","0.027",,,
"MLI1","NA","N53977","USP","I110-E0454 SAFETY SWITCH","02 MED","0.0","41.0","0.0",,,
"MLI1","NA","N54024","USP","TAPER-LOCK BUSHING, 1610 22MM BORE","02 MED","1.0","35.0","0.0286",,,
"MQY1","NA","10043","USP","PLC, CONTROLLER,PROGRAMMABLE:2-1/2 INHT,3-1/2 INWD,1-1/2 INDP,24 V DCVOLT,2.6 MACURRE","02 MED","0.0","21.0","0.0","0.0056","1.0",
"MQY1","NA","1004322","USP","PUSHBUTTON METAL LATCH","02 MED","2.0","56.0","0.0357",,,
"MQY1","NA","10076","USP","UNWIND DANCER ARM UNWIND SPRING","02 MED","2.0","21.0","0.0952",,,
"MQY1","NA","10086","USP","WASHER: CAPTURE CTM PM-FANU30375","03 LOW","2.0","25.0","0.08",,,
"MQY1","NA","10087","USP","THREADED INSERT CTM C-PM-INS1010","03 LOW","1.0","14.0","0.0714",,,
"MQY1","NA","10090","USP","Shoulder Screw,18-8 Stainless Steel,3/8"""" Shoulder Dia., 1"""" Shoulder Length,5/16-18 Thread,PK2","03 LOW","2.0","24.0","0.0833",,,
"MQY1","NA","10095","USP","FLANGED BUSHING","03 LOW","3.0","21.0","0.1429",,,
"MQY1","NA","10096","USP","WASHER: THRUST, BRONZE","02 MED","1.0","34.0","0.0294",,,
"MQY1","NA","10105","USP","SPRING: REWIND CLUTCH, MED DUTY, .97OD X .080 WIRE DIA","02 MED","1.0","28.0","0.0357",,,
"MQY1","NA","10191","USP","THRUST BALL BEARING, 3/4"" ID X 1-5/16"" OD X 9/32"" HT., STEEL","01 HIGH","2.0","42.0","0.0476",,,
"MQY1","NA","1061198","USP","OLFLEXÂ® VFD SLIM, 14 AWG/4C, REDUCED DIAMETER VFD CABLE WITH ""SURGE GUARD""","02 MED","1.0","21.0","0.0476",,,
"MQY1","NA","1061526","USP","SERVO DRVE AMP JR_AUTO JR0000549642","02 MED","0.0","35.0","0.0",,,
"MQY1","NA","1069554","USP","POWER IO CABLE M12 FOR COGNEX CONN MODULE W DB9","02 MED","2.0","21.0","0.0952",,,
"MQY1","NA","11082","USP","SMART PACK FILTER REPLACEMENT  (PID)","03 LOW","1.0","31.0","0.0323",,,
"MQY1","NA","1113249","USP","URGU48R1-04090N","02 MED","0.0","17.0","0.0",,,
"MQY1","NA","1116318","USP","ULTRASONIC SENSOR, PICO+","02 MED","0.0","21.0","0.0",,,
"MQY1","NA","1124355","USP","FIXED DRAW ROLLER, SMART PAC","02 MED","0.0","100.0","0.0","0.0","0.0",
"MQY1","NA","11409","USP","TAMPA","02 MED","1.0","25.0","0.04",,,
"MQY1","NA","11519","USP","Zebra Kit Maint Door Open Swch RH/LH","02 MED","2.0","28.0","0.0714",,,
"MQY1","NA","14325","USP","WIRING TOOL required for insertion/extraction @ terminal strip","02 MED","1.0","20.0","0.05",,,
"MQY1","NA","3015435","USP","VERTICAL JAW CABLE MANAGEMENT BACKING PLATE","01 HIGH","1.0","42.0","0.0238",,,
"MQY1","NA","3022931","USP","MALE INSERT 5 PIN","01 HIGH","1.0","66.0","0.0152",,,
"MQY1","NA","3022932","USP","SENSOR FLAG PIN, USP TRIGGER GATE","01 HIGH","1.0","108.0","0.0093",,,
"MQY1","NA","3022933","USP","STANDARD HOOD TOP ENTRY","01 HIGH","1.0","38.0","0.0263",,,
"MQY1","NA","3022935","USP","M8 LOCK WASHERS (OR BLACK OXIDE EQUIVALENT)","01 HIGH","1.0","24.0","0.0417",,,
"MQY1","NA","3022938","USP","CAPTIVE SCREW RETAINER","01 HIGH","2.0","21.0","0.0952",,,
"MQY1","NA","3022940","USP","VERTICAL JAW CABLE MANAGEMENT BACKING PLATE","01 HIGH","1.0","38.0","0.0263",,,
"MQY1","NA","3022941","USP","VERTICAL TOP, POWERSONIC MATED M12 + LBO2K","01 HIGH","0.0","70.0","0.0","0.0111","2.0",
"MQY1","NA","3022942","USP","CLAMP, LOOP NYLON 7/8"" X 1 1/2","01 HIGH","1.0","21.0","0.0476",,,
"MQY1","NA","3022944","USP","CAPTIVE GUARDING SCREWS","01 HIGH","2.0","24.0","0.0833",,,
"MQY1","NA","3022945","USP","VERTICAL BOTTOM LOAD CELL","01 HIGH","0.0","70.0","0.0","0.0111","2.0",
"MQY1","NA","3022947","USP","HORIZONTAL JAW CABLE MANAGEMENT BACKING PLATE","01 HIGH","1.0","38.0","0.0263",,,
"MQY1","NA","3022948","USP","FLAT HEAD SOCKET CAP SCREW","01 HIGH","3.0","24.0","0.125",,,
"MQY1","NA","3022949","USP","MCMASTER ZIP TIE MOUNT","01 HIGH","2.0","24.0","0.0833",,,
"MQY1","NA","3022950","USP","HORIZONTAL FRONT, POWERSONIC MATED M12 + LBO3K","01 HIGH","0.0","70.0","0.0","0.0222","4.0",
"MQY1","NA","3022951","USP","RTD, PT100, DIA 3MM, L 18MM, 3","01 HIGH","0.0","38.0","0.0",,,
"MQY1","NA","3022952","USP","GALVANIZED STEEL , EPDM CUSHIO","01 HIGH","1.0","24.0","0.0417",,,
"MQY1","NA","3022953","USP","GUARDING T-BLOCK","01 HIGH","2.0","24.0","0.0833",,,
"MQY1","NA","3022956","USP","ROTATED CABLE EXIT VERTICAL LOAD CELL HOLDER BLOCK","01 HIGH","1.0","108.0","0.0093",,,
"MQY1","NA","3022957","USP","WASHER, M5, SST","01 HIGH","3.0","24.0","0.125",,,
"MQY1","NA","3022958","USP","DIVERT PLATE, TOP","01 HIGH","0.0","94.0","0.0",,,
"MQY1","NA","3022959","USP","SHOULDER BOLT, 12MMX40MM, M10","01 HIGH","1.0","42.0","0.0238",,,
"MQY1","NA","3022961","USP","FRONT PLATE","01 HIGH","0.0","94.0","0.0",,,
"MQY1","NA","3022962","USP","DIVERT PLATE, LEFT","01 HIGH","1.0","30.0","0.0333",,,
"MQY1","NA","3022964","USP","DIVERT PLATE, REJECT COVER","01 HIGH","1.0","94.0","0.0106",,,
"MQY1","NA","3022967","USP","ZIP TIES, STANDARD","01 HIGH","2.0","24.0","0.0833",,,
"MQY1","NA","3022969","USP","VERTICAL CARTRIDGE HEATER","01 HIGH","0.0","66.0","0.0",,,
"MQY1","NA","3022970","USP","CUTTING KNIFE ASSEMBLY","01 HIGH","0.0","108.0","0.0",,,
"MQY1","NA","3022971","USP","FAST CONNECTION-PEG","01 HIGH","1.0","24.0","0.0417",,,
"MQY1","NA","3022976","USP","FLAT HEAD SOCKET CAP SCREW","01 HIGH","1.0","24.0","0.0417",,,
"MQY1","NA","3022977","USP","GUIDED PNUEMATIC CYLINDER DFM-16-125-B-PPV-A-KF","01 HIGH","0.0","25.0","0.0",,,
"MQY1","NA","3022981","USP","UNDER JAW BULK HEAD PLATE","01 HIGH","1.0","108.0","0.0093",,,
"MQY1","NA","3022984","USP","8MM X 14MM LOW SOCKET HEAD MACHINE SCREWS (OR BLACK OXIDE EQUIVALENT)","01 HIGH","1.0","24.0","0.0417",,,
"MQY1","NA","3022985","USP","ROTATED CABLE EXIT HORIZONTAL LOAD CELL HOLDER BLOCK","01 HIGH","0.0","24.0","0.0",,,
"MQY1","NA","3022987","USP","IO-LINK MASTER, ETHERNET/IP INTERFACE, TOTAL IN- AND OUTPUTS: 16, 4X 2A OUTPUTS","01 HIGH","0.0","45.0","0.0","0.0056","1.0",
"MQY1","NA","3029777","USP","Ring, Centering sleeve ZBH-7-B","01 HIGH","1.0","28.0","0.0357",,,
"MQY1","NA","3029778","USP","CABLE, NIP ROLLER MOTOR SERVO","01 HIGH","0.0","70.0","0.0",,,
"MQY1","NA","3031139","USP","RIGHT HORIZONTAL HEATER CABLE","02 MED","1.0","21.0","0.0476",,,
"MQY1","NA","3033957","USP","Ring, Centering sleeve ZBH-5-B","01 HIGH","1.0","28.0","0.0357",,,
"MQY1","NA","3037848","USP","LEFT VER HEATER CABLE ASSY","01 HIGH","1.0","108.0","0.0093",,,
"MQY1","NA","3037849","USP","RIGHT VER HEATER CABLE ASSY","01 HIGH","1.0","108.0","0.0093",,,
"MQY1","NA","3037851","USP","ALTERNATE PLASTIC P-CLIP (MUST DRILL MOUNTING HOLE TO M6)","01 HIGH","1.0","24.0","0.0417",,,
"MQY1","NA","3037852","USP","LEFT HOR HEATER CABLE ASSY","01 HIGH","1.0","108.0","0.0093",,,
"MQY1","NA","3361381","USP","Fork sensor","01 HIGH","0.0","28.0","0.0",,,
"MQY1","NA","3466127","USP","SCANNER,BARCODE:DM363 SMARTPACK PRESENTATION READER","02 MED","0.0","14.0","0.0","0.0","0.0",
"MQY1","NA","3466134","USP","ROLLING BEARING  61802-2RS1","02 MED","2.0","4.0","0.5",,,
"MQY1","NA","3466149","USP","PIVOT BLOCK","02 MED","2.0","14.0","0.1429",,,
"MQY1","NA","3466152","USP","SENSOR MOUNT","03 LOW","2.0","21.0","0.0952",,,
"MQY1","NA","3466153","USP","RIGHT VERTICAL SEAL BAR ASSY","03 LOW","1.0","21.0","0.0476",,,
"MQY1","NA","3466158","USP","SPRING PLUNGER, BALL-NOSE HARD","02 MED","2.0","4.0","0.5",,,
"MQY1","NA","3466204","USP","M8X1.25 X 16 MM LG, STROKE 1.5MM, MAX TEMP. 250C, THREAD-LOCKING, CERAMIC BALL","01 HIGH","2.0","4.0","0.5",,,
"MQY1","NA","3466208","USP","BEARING SPACER; INNER; 20 ID X 27 OD X 5 THICK","02 MED","2.0","28.0","0.0714",,,
"MQY1","NA","3466247","USP","KINETIX VP MOTOR CABLE","01 HIGH","2.0","21.0","0.0952",,,
"MQY1","NA","3546294","USP","Kinetix VP Motor Cable, 4m","01 HIGH","0.0","90.0","0.0",,,
"MQY1","NA","49225","USP","HEX HEAD CAP SCREW  CTM PM-FAHHSS50557","02 MED","1.0","20.0","0.05",,,
"MQY1","NA","49346","USP","ZEBRA AIT PART KIT PLATEN, PINCH, & PEEL ROLLERS ZE521 RH & LH","01 HIGH","0.0","35.0","0.0","0.05","9.0",
"MQY1","NA","49960","USP","MDC100-050101 DRIVE","01 HIGH","0.0","21.0","0.0",,,
"MQY1","NA","76580","USP","PROGRAMMED MAPLE DISPLAY UNIT FOR 3600A APPLICATOR","02 MED","0.0","14.0","0.0",,,
"MQY1","NA","816958","USP","IN-SIGHT STD. POWER & I/O BREAKOUT CABLE, 5M (15')","02 MED","0.0","35.0","0.0","0.0111","2.0",
"MQY1","NA","94998","USP","CYLINDER, ISO, PROX, X100MM, DA, MAG C03","02 MED","0.0","49.0","0.0",,,
"MQY1","NA","N37377","USP","SC300-2 SHOCK ABSORBER","02 MED","0.0","28.0","0.0","0.0056","1.0",
"MQY1","NA","N41977","USP","R SERIES BEARING - .750 X 1.625 X .437","02 MED","1.0","14.0","0.0714",,,
"MQY1","NA","N45907","USP","Valve flow control one way","02 MED","1.0","21.0","0.0476",,,
"MQY1","NA","N53951","USP","RADIAL BALL BEARING","01 HIGH","1.0","28.0","0.0357",,,
"MQY1","NA","N53964","USP","NEBV-S1G25-K-10-N-LE25-S6 CONNECTING CABLE","02 MED","1.0","21.0","0.0476",,,
"MQY1","NA","N53977","USP","I110-E0454 SAFETY SWITCH","02 MED","0.0","30.0","0.0","0.0278","5.0",
"MQY1","NA","N53990","USP","LINEAR RAIL","03 LOW","1.0","56.0","0.0179",,,
"MQY1","NA","N54024","USP","TAPER-LOCK BUSHING, 1610 22MM BORE","02 MED","1.0","21.0","0.0476",,,
"MTN1","NA","1001191","USP","VPL-B1003F-PJ12AA SERVO MOTOR","02 MED","0.0","35.0","0.0","0.0","0.0",
"MTN1","NA","1001803","USP","Switch, Auxiliary, Supplementary Protector Accessory","02 MED","0.0",,,,,
"MTN1","NA","10043","USP","PLC, CONTROLLER,PROGRAMMABLE:2-1/2 INHT,3-1/2 INWD,1-1/2 INDP,24 V DCVOLT,2.6 MACURRE","02 MED","0.0","15.0","0.0",,,
"MTN1","NA","10076","USP","UNWIND DANCER ARM UNWIND SPRING","02 MED","2.0","20.0","0.1",,,
"MTN1","NA","10086","USP","WASHER: CAPTURE CTM PM-FANU30375","03 LOW","1.0","20.0","0.05",,,
"MTN1","NA","10087","USP","THREADED INSERT CTM C-PM-INS1010","03 LOW","1.0","20.0","0.05",,,
"MTN1","NA","10090","USP","Shoulder Screw,18-8 Stainless Steel,3/8"""" Shoulder Dia., 1"""" Shoulder Length,5/16-18 Thread,PK2","03 LOW","1.0","21.0","0.0476",,,
"MTN1","NA","10095","USP","FLANGED BUSHING","03 LOW","2.0","8.0","0.25",,,
"MTN1","NA","10096","USP","WASHER: THRUST, BRONZE","02 MED","1.0","20.0","0.05",,,
"MTN1","NA","1061198","USP","OLFLEXÂ® VFD SLIM, 14 AWG/4C, REDUCED DIAMETER VFD CABLE WITH ""SURGE GUARD""","02 MED","1.0","21.0","0.0476",,,
"MTN1","NA","1061526","USP","SERVO DRVE AMP JR_AUTO JR0000549642","02 MED","0.0","35.0","0.0",,,
"MTN1","NA","1069554","USP","POWER IO CABLE M12 FOR COGNEX CONN MODULE W DB9","02 MED","0.0",,,,,
"MTN1","NA","1071516","USP","REPLACEMENT BELT – 18”W FOR CO","01 HIGH","9.0","21.0","0.4286",,,
"MTN1","NA","11082","USP","SMART PACK FILTER REPLACEMENT  (PID)","03 LOW","2.0","20.0","0.1",,,
"MTN1","NA","1113249","USP","URGU48R1-04090N","02 MED","1.0","8.0","0.125",,,
"MTN1","NA","11147","USP","VHI425A-GV W/ GV4G6","01 HIGH","0.0","20.0","0.0",,,
"MTN1","NA","1116318","USP","ULTRASONIC SENSOR, PICO+","02 MED","0.0","21.0","0.0","0.0","0.0",
"MTN1","NA","1124355","USP","FIXED DRAW ROLLER, SMART PAC","02 MED","0.0","100.0","0.0","0.0","0.0",
"MTN1","NA","11424","USP","UNWIND BRAKE BAND CTM PM-BB1030","01 HIGH","1.0","20.0","0.05",,,
"MTN1","NA","14325","USP","WIRING TOOL required for insertion/extraction @ terminal strip","02 MED","0.0","20.0","0.0",,,
"MTN1","NA","2066701","USP","ROLLER, MOVING DRAW ROLLER (SMART PAC)","02 MED","1.0","70.0","0.0143",,,
"MTN1","NA","3015435","USP","VERTICAL JAW CABLE MANAGEMENT BACKING PLATE","01 HIGH","1.0","42.0","0.0238",,,
"MTN1","NA","3022931","USP","MALE INSERT 5 PIN","01 HIGH","1.0","66.0","0.0152",,,
"MTN1","NA","3022933","USP","STANDARD HOOD TOP ENTRY","01 HIGH","1.0","38.0","0.0263",,,
"MTN1","NA","3022934","USP","SMC Shock Absorber, RBC1007, 46.7 mm Body Length, 63.7 mm Body Length, M10 x 1 Thread Size","01 HIGH","1.0","38.0","0.0263",,,
"MTN1","NA","3022940","USP","VERTICAL JAW CABLE MANAGEMENT BACKING PLATE","01 HIGH","1.0","38.0","0.0263",,,
"MTN1","NA","3022941","USP","VERTICAL TOP, POWERSONIC MATED M12 + LBO2K","01 HIGH","1.0","70.0","0.0143",,,
"MTN1","NA","3022942","USP","CLAMP, LOOP NYLON 7/8"" X 1 1/2","01 HIGH","1.0","21.0","0.0476",,,
"MTN1","NA","3022943","USP","HORIZONTAL REAR, POWERSONIC MATED M12 + LBO3K","01 HIGH","2.0","70.0","0.0286",,,
"MTN1","NA","3022944","USP","CAPTIVE GUARDING SCREWS","01 HIGH","1.0","24.0","0.0417",,,
"MTN1","NA","3022945","USP","VERTICAL BOTTOM LOAD CELL","01 HIGH","2.0","70.0","0.0286",,,
"MTN1","NA","3022947","USP","HORIZONTAL JAW CABLE MANAGEMENT BACKING PLATE","01 HIGH","1.0","38.0","0.0263",,,
"MTN1","NA","3022950","USP","HORIZONTAL FRONT, POWERSONIC MATED M12 + LBO3K","01 HIGH","2.0","70.0","0.0286",,,
"MTN1","NA","3022951","USP","RTD, PT100, DIA 3MM, L 18MM, 3","01 HIGH","0.0","38.0","0.0",,,
"MTN1","NA","3022953","USP","GUARDING T-BLOCK","01 HIGH","2.0","24.0","0.0833",,,
"MTN1","NA","3022956","USP","ROTATED CABLE EXIT VERTICAL LOAD CELL HOLDER BLOCK","01 HIGH","1.0","108.0","0.0093",,,
"MTN1","NA","3022958","USP","DIVERT PLATE, TOP","01 HIGH","1.0","94.0","0.0106",,,
"MTN1","NA","3022961","USP","FRONT PLATE","01 HIGH","1.0","94.0","0.0106",,,
"MTN1","NA","3022962","USP","DIVERT PLATE, LEFT","01 HIGH","1.0","30.0","0.0333",,,
"MTN1","NA","3022964","USP","DIVERT PLATE, REJECT COVER","01 HIGH","1.0","94.0","0.0106",,,
"MTN1","NA","3022969","USP","VERTICAL CARTRIDGE HEATER","01 HIGH","1.0","66.0","0.0152",,,
"MTN1","NA","3022970","USP","CUTTING KNIFE ASSEMBLY","01 HIGH","34.0","108.0","0.3148",,,
"MTN1","NA","3022971","USP","FAST CONNECTION-PEG","01 HIGH","2.0","24.0","0.0833",,,
"MTN1","NA","3022977","USP","GUIDED PNUEMATIC CYLINDER DFM-16-125-B-PPV-A-KF","01 HIGH","1.0","25.0","0.04",,,
"MTN1","NA","3022981","USP","UNDER JAW BULK HEAD PLATE","01 HIGH","1.0","108.0","0.0093",,,
"MTN1","NA","3022983","USP","RIGHT ISOLATOR PLATE","01 HIGH","2.0","70.0","0.0286",,,
"MTN1","NA","3022985","USP","ROTATED CABLE EXIT HORIZONTAL LOAD CELL HOLDER BLOCK","01 HIGH","1.0","24.0","0.0417",,,
"MTN1","NA","3029777","USP","Ring, Centering sleeve ZBH-7-B","01 HIGH","1.0","28.0","0.0357",,,
"MTN1","NA","3029778","USP","CABLE, NIP ROLLER MOTOR SERVO","01 HIGH","0.0","70.0","0.0",,,
"MTN1","NA","3031139","USP","RIGHT HORIZONTAL HEATER CABLE","01 HIGH","1.0","21.0","0.0476",,,
"MTN1","NA","3033957","USP","Ring, Centering sleeve ZBH-5-B","01 HIGH","1.0","28.0","0.0357",,,
"MTN1","NA","3037848","USP","LEFT VER HEATER CABLE ASSY","01 HIGH","1.0","108.0","0.0093",,,
"MTN1","NA","3037849","USP","RIGHT VER HEATER CABLE ASSY","01 HIGH","1.0","108.0","0.0093",,,
"MTN1","NA","3037851","USP","ALTERNATE PLASTIC P-CLIP (MUST DRILL MOUNTING HOLE TO M6)","01 HIGH","1.0","24.0","0.0417",,,
"MTN1","NA","3037852","USP","LEFT HOR HEATER CABLE ASSY","01 HIGH","1.0","108.0","0.0093",,,
"MTN1","NA","3043408","USP","M12, 5-pin female to flying leads, 10m Cable","02 MED","1.0","35.0","0.0286",,,
"MTN1","NA","33053","USP","SENSOR CABLE, 5M GREY, M12 FEMALE 8P STRAIGHT TO OPEN ENDED, CONTINUOUS FLEX, PUR-OB","02 MED","1.0","21.0","0.0476",,,
"MTN1","NA","3361381","USP","Fork sensor","01 HIGH","1.0","28.0","0.0357",,,
"MTN1","NA","3466132","USP","PNUEMATIC FITTING","01 HIGH","1.0","21.0","0.0476",,,
"MTN1","NA","3466134","USP","ROLLING BEARING  61802-2RS1","01 HIGH","3.0","4.0","0.75",,,
"MTN1","NA","3466138","USP","VERTICAL VPL SERIES, FRAME SIZE 100MM, T WINDING, RATED SPEED 7200-80","01 HIGH","1.0","21.0","0.0476",,,
"MTN1","NA","3466140","USP","KINETIX VP LOW INERTIA MOTOR,","01 HIGH","1.0","21.0","0.0476",,,
"MTN1","NA","3466144","USP","SERVO DRIVE","01 HIGH","1.0","21.0","0.0476",,,
"MTN1","NA","3466145","USP","RIGHT HORIZONTAL SEAL BAR ASSY","01 HIGH","1.0","21.0","0.0476",,,
"MTN1","NA","3466147","USP","COMPACT CYLINDER ADN-32-25-I-P-A-S2","01 HIGH","1.0","21.0","0.0476",,,
"MTN1","NA","3466149","USP","PIVOT BLOCK","01 HIGH","2.0","14.0","0.1429",,,
"MTN1","NA","3466152","USP","SENSOR MOUNT","01 HIGH","2.0","21.0","0.0952",,,
"MTN1","NA","3466153","USP","RIGHT VERTICAL SEAL BAR ASSY","01 HIGH","1.0","21.0","0.0476",,,
"MTN1","NA","3466158","USP","SPRING PLUNGER, BALL-NOSE HARD","01 HIGH","35.0","4.0","8.75",,,
"MTN1","NA","3466191","USP","ROD COUPLER, M10X1.25, STEEL (","01 HIGH","1.0","21.0","0.0476",,,
"MTN1","NA","3466204","USP","M8X1.25 X 16 MM LG, STROKE 1.5MM, MAX TEMP. 250C, THREAD-LOCKING, CERAMIC BALL","01 HIGH","7.0","4.0","1.75",,,
"MTN1","NA","3466208","USP","BEARING SPACER; INNER; 20 ID X 27 OD X 5 THICK","01 HIGH","2.0","28.0","0.0714",,,
"MTN1","NA","3466223","USP","243TEETH 32 T5/1215","01 HIGH","1.0","11.0","0.0909",,,
"MTN1","NA","3466243","USP","LEFT HORIZONTAL SEAL BAR ASSY","01 HIGH","1.0","21.0","0.0476",,,
"MTN1","NA","3466247","USP","KINETIX VP MOTOR CABLE","01 HIGH","1.0","21.0","0.0476",,,
"MTN1","NA","3466251","USP","PIVOT BLOCK - LEFT HORIZONTAL","01 HIGH","1.0","21.0","0.0476",,,
"MTN1","NA","3466258","USP","LEFT VERTICAL SEAL BAR ASSY","01 HIGH","1.0","21.0","0.0476",,,
"MTN1","NA","3546294","USP","Kinetix VP Motor Cable, 4m","01 HIGH","0.0","90.0","0.0",,,
"MTN1","NA","49225","USP","HEX HEAD CAP SCREW  CTM PM-FAHHSS50557","02 MED","2.0","20.0","0.1",,,
"MTN1","NA","49344","USP","Zebra ZE52163-R010000Z Print Engine","02 MED","0.0","38.0","0.0","0.0111","2.0",
"MTN1","NA","49346","USP","ZEBRA AIT PART KIT PLATEN, PINCH, & PEEL ROLLERS ZE521 RH & LH","01 HIGH",,"45.0",,"0.0222","4.0",
"MTN1","NA","54023","USP","TAPER-LOCK BUSHING, 1610 20MM BORE","02 MED","1.0","21.0","0.0476",,,
"MTN1","NA","76580","USP","PROGRAMMED MAPLE DISPLAY UNIT FOR 3600A APPLICATOR","02 MED","0.0","20.0","0.0",,,
"MTN1","NA","N12270","USP","SMC Speed Control Valve: Elbow Fitting, Knob, 1/4 in/1/8 in Valve Body Size, 1/4 in Tube, Meter Out","02 MED","0.0","14.0","0.0","0.0056","1.0",
"MTN1","NA","N37377","USP","SC300-2 SHOCK ABSORBER","02 MED","0.0","8.0","0.0","0.0","0.0",
"MTN1","NA","N37843","USP","REWIND CONTROL/POWER ON RELAY FOR 3600A APPLICATORS - PE-RE1017","02 MED","0.0","8.0","0.0","0.0","0.0",
"MTN1","NA","N53964","USP","NEBV-S1G25-K-10-N-LE25-S6 CONNECTING CABLE","02 MED","1.0","21.0","0.0476",,,
"MTN1","NA","N53977","USP","I110-E0454 SAFETY SWITCH","02 MED","1.0","30.0","0.0333",,,
"MTN1","NA","N53990","USP","LINEAR RAIL","02 MED","1.0","21.0","0.0476",,,
"MTN1","NA","N54020","USP","STOPPER BOLT, M6X1.0, L 20MM, WITH HEX SOCKET TIP, STRAIGHT TYPE, BUMPER URETHAN","02 MED","1.0",,,"0.0","0.0",
"MTN1","NA","N54024","USP","TAPER-LOCK BUSHING, 1610 22MM BORE","02 MED","1.0","21.0","0.0476",,,
"NCL1","EU","1001803","USP","Switch, Auxiliary, Supplementary Protector Accessory","01 HIGH","0.0","55.0","0.0",,,
"NCL1","EU","1004322","USP","PUSHBUTTON METAL LATCH","01 HIGH","0.0","63.0","0.0",,,
"NCL1","EU","1061778","USP","RT-B1221","01 HIGH","1.0","55.0","0.0182",,,
"NCL1","EU","10683","USP","WHEEL, WHEEL: LOAD ASSEMBLY","01 HIGH","0.0","55.0","0.0","0.0056","1.0",
"NCL1","EU","1071515","USP","Radial/Deep Groove Ball Bearing - Round Bore, 25 mm ID, 42 mm OD, 9 mm Width, Double Shielded, Internal Clearance","01 HIGH","2.0","55.0","0.0364",,,
"NCL1","EU","107980","USP","X CODE M12X8 TO RJ45 CBL","02 MED","1.0","89.0","0.0112",,,
"NCL1","EU","1116318","USP","ULTRASONIC SENSOR, PICO+","01 HIGH","2.0","55.0","0.0364",,,
"NCL1","EU","1124553","USP","POINT I/O, POWER SUPPLY 24VDC","01 HIGH","0.0","55.0","0.0",,,
"NCL1","EU","129198","USP","Touch Screen, 10.4"""", TFT Color, 24V DC","02 MED","0.0","123.0","0.0",,,
"NCL1","EU","19978","USP","TIME DELAY FUSE, 30A, CLASS J, 300KA, 600VAC","01 HIGH","0.0","63.0","0.0",,,
"NCL1","EU","2066701","USP","ROLLER, MOVING DRAW ROLLER (SMART PAC)","01 HIGH","0.0","55.0","0.0",,,
"NCL1","EU","3015435","USP","VERTICAL JAW CABLE MANAGEMENT BACKING PLATE","01 HIGH","0.0","66.0","0.0",,,
"NCL1","EU","3022931","USP","MALE INSERT 5 PIN","01 HIGH","0.0","66.0","0.0",,,
"NCL1","EU","3022932","USP","SENSOR FLAG PIN, USP TRIGGER GATE","01 HIGH","0.0","108.0","0.0",,,
"NCL1","EU","3022933","USP","STANDARD HOOD TOP ENTRY","01 HIGH","0.0","38.0","0.0",,,
"NCL1","EU","3022935","USP","M8 LOCK WASHERS (OR BLACK OXIDE EQUIVALENT)","01 HIGH","0.0","90.0","0.0",,,
"NCL1","EU","3022938","USP","CAPTIVE SCREW RETAINER","01 HIGH","0.0","24.0","0.0",,,
"NCL1","EU","3022940","USP","VERTICAL JAW CABLE MANAGEMENT BACKING PLATE","01 HIGH","0.0","38.0","0.0",,,
"NCL1","EU","3022941","USP","VERTICAL TOP, POWERSONIC MATED M12 + LBO2K","01 HIGH","2.0","70.0","0.0286",,,
"NCL1","EU","3022942","USP","CLAMP, LOOP NYLON 7/8"" X 1 1/2","01 HIGH","1.0","108.0","0.0093",,,
"NCL1","EU","3022943","USP","HORIZONTAL REAR, POWERSONIC MATED M12 + LBO3K","01 HIGH","2.0","70.0","0.0286",,,
"NCL1","EU","3022944","USP","CAPTIVE GUARDING SCREWS","01 HIGH","0.0","90.0","0.0",,,
"NCL1","EU","3022945","USP","VERTICAL BOTTOM LOAD CELL","01 HIGH","2.0","70.0","0.0286",,,
"NCL1","EU","3022947","USP","HORIZONTAL JAW CABLE MANAGEMENT BACKING PLATE","01 HIGH","0.0","38.0","0.0",,,
"NCL1","EU","3022948","USP","FLAT HEAD SOCKET CAP SCREW","01 HIGH","0.0","90.0","0.0",,,
"NCL1","EU","3022949","USP","MCMASTER ZIP TIE MOUNT","02 MED","0.0","90.0","0.0",,,
"NCL1","EU","3022950","USP","HORIZONTAL FRONT, POWERSONIC MATED M12 + LBO3K","01 HIGH","2.0","70.0","0.0286",,,
"NCL1","EU","3022951","USP","RTD, PT100, DIA 3MM, L 18MM, 3","01 HIGH","0.0","38.0","0.0",,,
"NCL1","EU","3022952","USP","GALVANIZED STEEL , EPDM CUSHIO","01 HIGH","0.0","24.0","0.0",,,
"NCL1","EU","3022953","USP","GUARDING T-BLOCK","01 HIGH","0.0","24.0","0.0",,,
"NCL1","EU","3022956","USP","ROTATED CABLE EXIT VERTICAL LOAD CELL HOLDER BLOCK","01 HIGH","0.0","108.0","0.0",,,
"NCL1","EU","3022957","USP","WASHER, M5, SST","01 HIGH","0.0","90.0","0.0",,,
"NCL1","EU","3022958","USP","DIVERT PLATE, TOP","01 HIGH","0.0","94.0","0.0",,,
"NCL1","EU","3022959","USP","SHOULDER BOLT, 12MMX40MM, M10","01 HIGH","0.0","42.0","0.0",,,
"NCL1","EU","3022961","USP","FRONT PLATE","01 HIGH","0.0","94.0","0.0",,,
"NCL1","EU","3022962","USP","DIVERT PLATE, LEFT","01 HIGH","0.0","30.0","0.0",,,
"NCL1","EU","3022964","USP","DIVERT PLATE, REJECT COVER","01 HIGH","0.0","94.0","0.0",,,
"NCL1","EU","3022967","USP","ZIP TIES, STANDARD","02 MED","0.0","90.0","0.0",,,
"NCL1","EU","3022969","USP","VERTICAL CARTRIDGE HEATER","01 HIGH","0.0","66.0","0.0",,,
"NCL1","EU","3022970","USP","CUTTING KNIFE ASSEMBLY","01 HIGH","3.0","108.0","0.0278",,,
"NCL1","EU","3022971","USP","FAST CONNECTION-PEG","01 HIGH","0.0","24.0","0.0",,,
"NCL1","EU","3022976","USP","FLAT HEAD SOCKET CAP SCREW","01 HIGH","0.0","90.0","0.0",,,
"NCL1","EU","3022977","USP","GUIDED PNUEMATIC CYLINDER DFM-16-125-B-PPV-A-KF","01 HIGH","0.0","25.0","0.0",,,
"NCL1","EU","3022978","USP","LIDAR SENSOR PICS150-01000 core 1","01 HIGH","0.0","95.0","0.0",,,
"NCL1","EU","3022981","USP","UNDER JAW BULK HEAD PLATE","01 HIGH","0.0","108.0","0.0",,,
"NCL1","EU","3022982","USP","LEFT ISOLATOR PLATE","01 HIGH","0.0","70.0","0.0",,,
"NCL1","EU","3022983","USP","RIGHT ISOLATOR PLATE","01 HIGH","0.0","70.0","0.0",,,
"NCL1","EU","3022984","USP","8MM X 14MM LOW SOCKET HEAD MACHINE SCREWS (OR BLACK OXIDE EQUIVALENT)","02 MED","0.0","24.0","0.0",,,
"NCL1","EU","3022985","USP","ROTATED CABLE EXIT HORIZONTAL LOAD CELL HOLDER BLOCK","01 HIGH","0.0","24.0","0.0",,,
"NCL1","EU","3022987","USP","IO-LINK MASTER, ETHERNET/IP INTERFACE, TOTAL IN- AND OUTPUTS: 16, 4X 2A OUTPUTS","01 HIGH","0.0","45.0","0.0","0.0056","1.0",
"NCL1","EU","3029777","USP","Ring, Centering sleeve ZBH-7-B","01 HIGH","1.0","28.0","0.0357",,,
"NCL1","EU","3029778","USP","CABLE, NIP ROLLER MOTOR SERVO","01 HIGH","0.0","70.0","0.0",,,
"NCL1","EU","3032133","USP","COMPRESSION SPRING T=1.4 OD=20 ID=17","01 HIGH","1.0","28.0","0.0357",,,
"NCL1","EU","3043368","USP","Sensor Cable, 5m Grey, M12 Female 4P Angled to Open Ended, Continuous Flex, PUR","01 HIGH","0.0","55.0","0.0",,,
"NCL1","EU","3043376","USP","ZLD18-BFZ4B8 SIMPLE SENSE","01 HIGH","0.0","55.0","0.0",,,
"NCL1","EU","3043377","USP","CABLE, M12, 5-PIN SOCKET TO FL","01 HIGH","0.0","55.0","0.0",,,
"NCL1","EU","3043382","USP","75129321-3200 I DRIVE SPCL SWITCH ASSY","01 HIGH","0.0","55.0","0.0",,,
"NCL1","EU","3043384","USP","SAFE COUPLING RELAY WITH SAFE","01 HIGH","0.0","60.0","0.0",,,
"NCL1","EU","3043386","USP","SERVO CENTER SENSOR CABLE","01 HIGH","0.0","55.0","0.0",,,
"NCL1","EU","3043389","USP","MOTOR CABLE FOR D-MAX CONTROLLER 1M LENGTH","01 HIGH","0.0","55.0","0.0",,,
"NCL1","EU","3043393","USP","FIFE ETHERNET CABLE","01 HIGH","0.0","55.0","0.0",,,
"NCL1","EU","3043399","USP","D-MAX WEB GUIDE CONTROLLER,INPUT VOLTAGE 24 - 48 VDC, 6 DIGITAL INPUTS, 2 OUTPUT","01 HIGH","0.0","55.0","0.0",,,
"NCL1","EU","3043401","USP","Stopper Bolt, M8x1.25, L 25mm, Standard Tip, Straight Type, Bumper Urethane","01 HIGH","0.0","55.0","0.0",,,
"NCL1","EU","3043404","USP","AC/DC Brick Power Supply, 90-264VAC In, 12VDC Out, 50 Watts, Standard DC Plug","01 HIGH","0.0","60.0","0.0",,,
"NCL1","EU","3043405","USP","SENSOR CABLE FEMALE 5-POLE M12 STRAIGHT A CODED TO OPEN END PUR BLACK 5M","01 HIGH","0.0","55.0","0.0",,,
"NCL1","EU","3043407","USP","SICK IME2S Series Non-Flush Inductive Non-Contact Safety Switch, 24V dc, Nickel Plated Brass Housing, 2NO, M12","01 HIGH","1.0","55.0","0.0182",,,
"NCL1","EU","3043408","USP","M12, 5-pin female to flying leads, 10m Cable","01 HIGH","0.0","55.0","0.0",,,
"NCL1","EU","3043410","USP","POWER CABLE FOR D-MAX CONTROLLER 5M LENGTH","01 HIGH","0.0","55.0","0.0",,,
"NCL1","EU","3043417","USP","3200/LPZ iDrive spindle kit. Includes spindle with bearings and spindle","01 HIGH","0.0","55.0","0.0",,,
"NCL1","EU","3043418","USP","350870-18-SPINDLE ASSY, 3"" IDLER, 18W","01 HIGH","0.0","55.0","0.0",,,
"NCL1","EU","3043419","USP","PULLEY,TMG,5mm X 15mm -36T 14mm BORE W","01 HIGH","0.0","55.0","0.0",,,
"NCL1","EU","3043423","USP","FUSE,5 AMP,250V","01 HIGH","0.0","55.0","0.0",,,
"NCL1","EU","3043424","USP","Timing Belt, 15 mm x 355 mm long","01 HIGH","0.0","55.0","0.0",,,
"NCL1","EU","3043431","USP","SERVO MOTORSERVOMOTOR N6750 M0.93 AB BRE","01 HIGH","0.0","60.0","0.0",,,
"NCL1","EU","3043436","USP","Kinetix 5700 Servo Drive","01 HIGH","0.0","55.0","0.0",,,
"NCL1","EU","33053","USP","SENSOR CABLE, 5M GREY, M12 FEMALE 8P STRAIGHT TO OPEN ENDED, CONTINUOUS FLEX, PUR-OB","01 HIGH","0.0","28.0","0.0",,,
"NCL1","EU","3361381","USP","Fork sensor","01 HIGH","0.0","28.0","0.0",,,
"NCL1","EU","3464199","USP","SENSOR, FIBER OPTIC THIN ZERO SPACE, SIDE VIEW TYP","01 HIGH","0.0","24.0","0.0",,,
"NCL1","EU","3466132","USP","PNUEMATIC FITTING","01 HIGH","1.0","28.0","0.0357",,,
"NCL1","EU","3466134","USP","ROLLING BEARING  61802-2RS1","01 HIGH","3.0","35.0","0.0857",,,
"NCL1","EU","3466138","USP","VERTICAL VPL SERIES, FRAME SIZE 100MM, T WINDING, RATED SPEED 7200-80","01 HIGH","0.0","49.0","0.0",,,
"NCL1","EU","3466140","USP","KINETIX VP LOW INERTIA MOTOR,","01 HIGH","0.0","49.0","0.0",,,
"NCL1","EU","3466144","USP","SERVO DRIVE","01 HIGH","0.0","21.0","0.0",,,
"NCL1","EU","3466145","USP","RIGHT HORIZONTAL SEAL BAR ASSY","01 HIGH","0.0","70.0","0.0",,,
"NCL1","EU","3466147","USP","COMPACT CYLINDER ADN-32-25-I-P-A-S2","01 HIGH","0.0","56.0","0.0",,,
"NCL1","EU","3466149","USP","PIVOT BLOCK","01 HIGH","0.0","70.0","0.0",,,
"NCL1","EU","3466152","USP","SENSOR MOUNT","01 HIGH","0.0","56.0","0.0",,,
"NCL1","EU","3466153","USP","RIGHT VERTICAL SEAL BAR ASSY","01 HIGH","0.0","70.0","0.0",,,
"NCL1","EU","3466158","USP","SPRING PLUNGER, BALL-NOSE HARD","01 HIGH","0.0","42.0","0.0",,,
"NCL1","EU","3466170","USP","DSNU, BORE 25MM, STROKE 100MM, DOUBLE ACTING, LATERAL AIR,","01 HIGH","0.0","56.0","0.0",,,
"NCL1","EU","3466191","USP","ROD COUPLER, M10X1.25, STEEL (","01 HIGH","0.0","56.0","0.0",,,
"NCL1","EU","3466204","USP","M8X1.25 X 16 MM LG, STROKE 1.5MM, MAX TEMP. 250C, THREAD-LOCKING, CERAMIC BALL","02 MED","0.0","21.0","0.0",,,
"NCL1","EU","3466208","USP","BEARING SPACER; INNER; 20 ID X 27 OD X 5 THICK","01 HIGH","2.0","28.0","0.0714",,,
"NCL1","EU","3466223","USP","243TEETH 32 T5/1215","01 HIGH","0.0","42.0","0.0",,,
"NCL1","EU","3466243","USP","LEFT HORIZONTAL SEAL BAR ASSY","01 HIGH","0.0","70.0","0.0",,,
"NCL1","EU","3466247","USP","KINETIX VP MOTOR CABLE","01 HIGH","0.0","70.0","0.0",,,
"NCL1","EU","3466248","USP","PRECISION LINEAR SHAFT, DIA 12","02 MED","0.0","28.0","0.0",,,
"NCL1","EU","3466251","USP","PIVOT BLOCK - LEFT HORIZONTAL","01 HIGH","0.0","70.0","0.0",,,
"NCL1","EU","3466258","USP","LEFT VERTICAL SEAL BAR ASSY","01 HIGH","0.0","70.0","0.0",,,
"NCL1","EU","3466261","USP","SHANK THREAD SIZE(M10X1.25), ID 10MM, JAW OPENING W 10MM,","02 MED","0.0","21.0","0.0",,,
"NCL1","EU","3546294","USP","Kinetix VP Motor Cable, 4m","01 HIGH","0.0","55.0","0.0",,,
"NCL1","EU","42306","USP","SCANNER KIT DMR-262X-0161","02 MED","0.0","0.0",,,,
"NCL1","EU","54023","USP","TAPER-LOCK BUSHING, 1610 20MM BORE","01 HIGH","0.0","55.0","0.0",,,
"NCL1","EU","61591","USP","TUBE FITTING, M5 TO 4MM","01 HIGH","0.0","56.0","0.0","0.0056","1.0",
"NCL1","EU","72902","USP","kit,motor assy, high speed...","01 HIGH","0.0","55.0","0.0",,,
"NCL1","EU","816958","USP","IN-SIGHT STD. POWER & I/O BREAKOUT CABLE, 5M (15')","01 HIGH","0.0","35.0","0.0",,,
"NCL1","EU","94998","USP","CYLINDER, ISO, PROX, X100MM, DA, MAG C03","02 MED","0.0","49.0","0.0",,,
"NCL1","EU","N45907","USP","Valve flow control one way","01 HIGH","0.0","55.0","0.0",,,
"NCL1","EU","N53951","USP","RADIAL BALL BEARING","01 HIGH","2.0","28.0","0.0714",,,
"NCL1","EU","N53964","USP","NEBV-S1G25-K-10-N-LE25-S6 CONNECTING CABLE","01 HIGH","0.0","56.0","0.0",,,
"NCL1","EU","N53977","USP","I110-E0454 SAFETY SWITCH","01 HIGH","0.0","28.0","0.0",,,
"NCL1","EU","N53990","USP","LINEAR RAIL","01 HIGH","0.0","55.0","0.0",,,
"NCL1","EU","N54020","USP","STOPPER BOLT, M6X1.0, L 20MM, WITH HEX SOCKET TIP, STRAIGHT TYPE, BUMPER URETHAN","01 HIGH","0.0","21.0","0.0",,,
"NCL1","EU","N54024","USP","TAPER-LOCK BUSHING, 1610 22MM BORE","01 HIGH","0.0","55.0","0.0",,,
"OMA2","NA","1000078","USP","Sensor, proximity, SME-8M-DS-24V-K-0, 3-M8D","02 MED","0.0","15.0","0.0","0.0","0.0",
"OMA2","NA","1001191","USP","VPL-B1003F-PJ12AA SERVO MOTOR","02 MED","0.0","21.0","0.0","0.0056","1.0",
"OMA2","NA","1001803","USP","Switch, Auxiliary, Supplementary Protector Accessory","02 MED","0.0",,,,,
"OMA2","NA","1002613","USP","VALVE, CHECK VALVE,ASSEMBLY:FLOW CONTROL W/ PILOT CHECK VALVE 1/4 TUBE WITH1/8 T","02 MED","0.0","16.0","0.0","0.0055","0.99",
"OMA2","NA","10043","USP","PLC, CONTROLLER,PROGRAMMABLE:2-1/2 INHT,3-1/2 INWD,1-1/2 INDP,24 V DCVOLT,2.6 MACURRE","02 MED","0.0","32.0","0.0",,,
"OMA2","NA","1004322","USP","PUSHBUTTON METAL LATCH","02 MED","1.0",,,,,
"OMA2","NA","10076","USP","UNWIND DANCER ARM UNWIND SPRING","02 MED","0.0","23.0","0.0",,,
"OMA2","NA","10086","USP","WASHER: CAPTURE CTM PM-FANU30375","03 LOW","1.0",,,,,
"OMA2","NA","10087","USP","THREADED INSERT CTM C-PM-INS1010","03 LOW","1.0",,,,,
"OMA2","NA","10090","USP","Shoulder Screw,18-8 Stainless Steel,3/8"""" Shoulder Dia., 1"""" Shoulder Length,5/16-18 Thread,PK2","03 LOW","1.0",,,,,
"OMA2","NA","10095","USP","FLANGED BUSHING","03 LOW","1.0",,,,,
"OMA2","NA","10096","USP","WASHER: THRUST, BRONZE","03 LOW","1.0",,,,,
"OMA2","NA","1061778","USP","RT-B1221","02 MED","0.0",,,,,
"OMA2","NA","1063086","USP","SWITCH 2VDC PNP 0.5M LEAD M8 C","03 LOW","0.0","21.0","0.0","0.0","0.0",
"OMA2","NA","1069554","USP","POWER IO CABLE M12 FOR COGNEX CONN MODULE W DB9","02 MED","0.0",,,,,
"OMA2","NA","1071515","USP","Radial/Deep Groove Ball Bearing - Round Bore, 25 mm ID, 42 mm OD, 9 mm Width, Double Shielded, Internal Clearance","02 MED","1.0",,,,,
"OMA2","NA","1071516","USP","REPLACEMENT BELT – 18”W FOR CO","02 MED","1.0",,,,,
"OMA2","NA","1073001","USP","3600 TAMP or SWING HOME SENSOR ASSEMBLY without MOUNT","02 MED","1.0","17.0","0.0588",,,
"OMA2","NA","11082","USP","SMART PACK FILTER REPLACEMENT  (PID)","03 LOW","1.0",,,,,
"OMA2","NA","11147","USP","VHI425A-GV W/ GV4G6","02 MED","0.0","22.0","0.0","0.0111","2.0",
"OMA2","NA","1124355","USP","FIXED DRAW ROLLER, SMART PAC","03 LOW","1.0","100.0","0.01",,,
"OMA2","NA","11424","USP","UNWIND BRAKE BAND CTM PM-BB1030","02 MED","1.0","32.0","0.0313",,,
"OMA2","NA","11519","USP","Zebra Kit Maint Door Open Swch RH/LH","02 MED","0.0","25.0","0.0","0.0","0.0",
"OMA2","NA","14325","USP","WIRING TOOL required for insertion/extraction @ terminal strip","03 LOW","0.0",,,,,
"OMA2","NA","19978","USP","TIME DELAY FUSE, 30A, CLASS J, 300KA, 600VAC","02 MED","1.0",,,,,
"OMA2","NA","226234","USP","SERIAL RS232 TO USB CONVERTER","01 HIGH","1.0","45.0","0.0222",,,
"OMA2","NA","23103","USP","Time Delay, Cylindrical, Fuse, GDC Series, 250VAC, Indicating (5 PK)","03 LOW","1.0",,,,,
"OMA2","NA","3022933","USP","STANDARD HOOD TOP ENTRY","01 HIGH","1.0","38.0","0.0263",,,
"OMA2","NA","3022934","USP","SMC Shock Absorber, RBC1007, 46.7 mm Body Length, 63.7 mm Body Length, M10 x 1 Thread Size","01 HIGH","3.0","38.0","0.0789",,,
"OMA2","NA","3022935","USP","M8 LOCK WASHERS (OR BLACK OXIDE EQUIVALENT)","01 HIGH","1.0","24.0","0.0417",,,
"OMA2","NA","3022938","USP","CAPTIVE SCREW RETAINER","01 HIGH","1.0","21.0","0.0476",,,
"OMA2","NA","3022941","USP","VERTICAL TOP, POWERSONIC MATED M12 + LBO2K","01 HIGH","2.0","70.0","0.0286",,,
"OMA2","NA","3022942","USP","CLAMP, LOOP NYLON 7/8"" X 1 1/2","01 HIGH","1.0","21.0","0.0476",,,
"OMA2","NA","3022943","USP","HORIZONTAL REAR, POWERSONIC MATED M12 + LBO3K","01 HIGH","2.0","70.0","0.0286",,,
"OMA2","NA","3022945","USP","VERTICAL BOTTOM LOAD CELL","01 HIGH","2.0","70.0","0.0286",,,
"OMA2","NA","3022948","USP","FLAT HEAD SOCKET CAP SCREW","01 HIGH","1.0","24.0","0.0417",,,
"OMA2","NA","3022949","USP","MCMASTER ZIP TIE MOUNT","01 HIGH","1.0","24.0","0.0417",,,
"OMA2","NA","3022952","USP","GALVANIZED STEEL , EPDM CUSHIO","01 HIGH","1.0","24.0","0.0417",,,
"OMA2","NA","3022953","USP","GUARDING T-BLOCK","01 HIGH","1.0","24.0","0.0417",,,
"OMA2","NA","3022956","USP","ROTATED CABLE EXIT VERTICAL LOAD CELL HOLDER BLOCK","01 HIGH","1.0","108.0","0.0093",,,
"OMA2","NA","3022959","USP","SHOULDER BOLT, 12MMX40MM, M10","02 MED","1.0","42.0","0.0238",,,
"OMA2","NA","3022961","USP","FRONT PLATE","01 HIGH","1.0","94.0","0.0106",,,
"OMA2","NA","3022967","USP","ZIP TIES, STANDARD","01 HIGH","0.0","24.0","0.0",,,
"OMA2","NA","3022969","USP","VERTICAL CARTRIDGE HEATER","01 HIGH","1.0","66.0","0.0152",,,
"OMA2","NA","3022970","USP","CUTTING KNIFE ASSEMBLY","01 HIGH","1.0","108.0","0.0093",,,
"OMA2","NA","3022978","USP","LIDAR SENSOR PICS150-01000 core 1","01 HIGH","0.0","95.0","0.0","0.0056","1.0",
"OMA2","NA","3022981","USP","UNDER JAW BULK HEAD PLATE","01 HIGH","1.0","108.0","0.0093",,,
"OMA2","NA","3022985","USP","ROTATED CABLE EXIT HORIZONTAL LOAD CELL HOLDER BLOCK","01 HIGH","1.0","24.0","0.0417",,,
"OMA2","NA","3022987","USP","IO-LINK MASTER, ETHERNET/IP INTERFACE, TOTAL IN- AND OUTPUTS: 16, 4X 2A OUTPUTS","01 HIGH","1.0","45.0","0.0222",,,
"OMA2","NA","3025738","USP","COATED 9"" FOUR HOLE AIR ASSIST TUBE - MP-211-2230-9","02 MED","1.0","21.0","0.0476",,,
"OMA2","NA","3029777","USP","Ring, Centering sleeve ZBH-7-B","01 HIGH","1.0","28.0","0.0357",,,
"OMA2","NA","3029778","USP","CABLE, NIP ROLLER MOTOR SERVO","01 HIGH","0.0","70.0","0.0",,,
"OMA2","NA","3031139","USP","RIGHT HORIZONTAL HEATER CABLE","01 HIGH","1.0","21.0","0.0476",,,
"OMA2","NA","3032133","USP","COMPRESSION SPRING T=1.4 OD=20 ID=17","01 HIGH","1.0","28.0","0.0357",,,
"OMA2","NA","3033957","USP","Ring, Centering sleeve ZBH-5-B","01 HIGH","1.0","28.0","0.0357",,,
"OMA2","NA","3037848","USP","LEFT VER HEATER CABLE ASSY","01 HIGH","1.0","108.0","0.0093",,,
"OMA2","NA","3037849","USP","RIGHT VER HEATER CABLE ASSY","01 HIGH","1.0","108.0","0.0093",,,
"OMA2","NA","3037850","USP","ZIP TIES, STANDARD","01 HIGH","0.0","24.0","0.0",,,
"OMA2","NA","3037851","USP","ALTERNATE PLASTIC P-CLIP (MUST DRILL MOUNTING HOLE TO M6)","01 HIGH","1.0","24.0","0.0417",,,
"OMA2","NA","3037852","USP","LEFT HOR HEATER CABLE ASSY","01 HIGH","1.0","108.0","0.0093",,,
"OMA2","NA","3043423","USP","FUSE,5 AMP,250V","01 HIGH","1.0","30.0","0.0333",,,
"OMA2","NA","3043436","USP","Kinetix 5700 Servo Drive","01 HIGH","0.0","21.0","0.0",,,
"OMA2","NA","33053","USP","SENSOR CABLE, 5M GREY, M12 FEMALE 8P STRAIGHT TO OPEN ENDED, CONTINUOUS FLEX, PUR-OB","02 MED","0.0",,,,,
"OMA2","NA","3361381","USP","Fork sensor","01 HIGH","1.0","28.0","0.0357",,,
"OMA2","NA","3464199","USP","SENSOR, FIBER OPTIC THIN ZERO SPACE, SIDE VIEW TYP","01 HIGH","1.0","30.0","0.0333",,,
"OMA2","NA","3466127","USP","SCANNER,BARCODE:DM363 SMARTPACK PRESENTATION READER","01 HIGH","1.0","14.0","0.0714",,,
"OMA2","NA","3466132","USP","PNUEMATIC FITTING","01 HIGH","1.0","21.0","0.0476",,,
"OMA2","NA","3466134","USP","ROLLING BEARING  61802-2RS1","01 HIGH","12.0","4.0","3.0",,,
"OMA2","NA","3466138","USP","VERTICAL VPL SERIES, FRAME SIZE 100MM, T WINDING, RATED SPEED 7200-80","01 HIGH","0.0","21.0","0.0",,,
"OMA2","NA","3466140","USP","KINETIX VP LOW INERTIA MOTOR,","01 HIGH","0.0","21.0","0.0",,,
"OMA2","NA","3466144","USP","SERVO DRIVE","01 HIGH","0.0","21.0","0.0",,,
"OMA2","NA","3466145","USP","RIGHT HORIZONTAL SEAL BAR ASSY","01 HIGH","0.0","21.0","0.0",,,
"OMA2","NA","3466147","USP","COMPACT CYLINDER ADN-32-25-I-P-A-S2","01 HIGH","1.0","21.0","0.0476",,,
"OMA2","NA","3466149","USP","PIVOT BLOCK","01 HIGH","1.0","14.0","0.0714",,,
"OMA2","NA","3466152","USP","SENSOR MOUNT","01 HIGH","1.0","21.0","0.0476",,,
"OMA2","NA","3466153","USP","RIGHT VERTICAL SEAL BAR ASSY","01 HIGH","0.0","21.0","0.0",,,
"OMA2","NA","3466158","USP","SPRING PLUNGER, BALL-NOSE HARD","01 HIGH","1.0","4.0","0.25",,,
"OMA2","NA","3466170","USP","DSNU, BORE 25MM, STROKE 100MM, DOUBLE ACTING, LATERAL AIR,","01 HIGH","1.0","21.0","0.0476",,,
"OMA2","NA","3466204","USP","M8X1.25 X 16 MM LG, STROKE 1.5MM, MAX TEMP. 250C, THREAD-LOCKING, CERAMIC BALL","01 HIGH","1.0","4.0","0.25",,,
"OMA2","NA","3466208","USP","BEARING SPACER; INNER; 20 ID X 27 OD X 5 THICK","01 HIGH","1.0","28.0","0.0357",,,
"OMA2","NA","3466223","USP","243TEETH 32 T5/1215","01 HIGH","1.0","11.0","0.0909",,,
"OMA2","NA","3466243","USP","LEFT HORIZONTAL SEAL BAR ASSY","01 HIGH","0.0","21.0","0.0",,,
"OMA2","NA","3466247","USP","KINETIX VP MOTOR CABLE","01 HIGH","0.0","21.0","0.0",,,
"OMA2","NA","3466248","USP","PRECISION LINEAR SHAFT, DIA 12","01 HIGH","1.0","28.0","0.0357",,,
"OMA2","NA","3466251","USP","PIVOT BLOCK - LEFT HORIZONTAL","01 HIGH","1.0","21.0","0.0476",,,
"OMA2","NA","3466258","USP","LEFT VERTICAL SEAL BAR ASSY","01 HIGH","0.0","21.0","0.0",,,
"OMA2","NA","3466261","USP","SHANK THREAD SIZE(M10X1.25), ID 10MM, JAW OPENING W 10MM,","01 HIGH","1.0","3.0","0.3333",,,
"OMA2","NA","3546294","USP","Kinetix VP Motor Cable, 4m","01 HIGH","0.0","90.0","0.0",,,
"OMA2","NA","49225","USP","HEX HEAD CAP SCREW  CTM PM-FAHHSS50557","03 LOW","1.0",,,,,
"OMA2","NA","49960","USP","MDC100-050101 DRIVE","02 MED","0.0","21.0","0.0",,,
"OMA2","NA","61591","USP","TUBE FITTING, M5 TO 4MM","02 MED","1.0",,,,,
"OMA2","NA","72902","USP","kit,motor assy, high speed...","02 MED","0.0","126.0","0.0","0.0","0.0",
"OMA2","NA","76580","USP","PROGRAMMED MAPLE DISPLAY UNIT FOR 3600A APPLICATOR","03 LOW","1.0",,,,,
"OMA2","NA","94998","USP","CYLINDER, ISO, PROX, X100MM, DA, MAG C03","02 MED","0.0","49.0","0.0",,,
"OMA2","NA","N12270","USP","SMC Speed Control Valve: Elbow Fitting, Knob, 1/4 in/1/8 in Valve Body Size, 1/4 in Tube, Meter Out","02 MED","1.0",,,,,
"OMA2","NA","N37377","USP","SC300-2 SHOCK ABSORBER","02 MED","0.0","14.0","0.0","0.0","0.0",
"OMA2","NA","N37843","USP","REWIND CONTROL/POWER ON RELAY FOR 3600A APPLICATORS - PE-RE1017","02 MED","1.0",,,,,
"OMA2","NA","N41977","USP","R SERIES BEARING - .750 X 1.625 X .437","01 HIGH","1.0","14.0","0.0714",,,
"OMA2","NA","N45907","USP","Valve flow control one way","03 LOW","1.0","21.0","0.0476",,,
"OMA2","NA","N53951","USP","RADIAL BALL BEARING","03 LOW","1.0",,,,,
"OMA2","NA","N53964","USP","NEBV-S1G25-K-10-N-LE25-S6 CONNECTING CABLE","02 MED","1.0",,,,,
"OMA2","NA","N53977","USP","I110-E0454 SAFETY SWITCH","02 MED","0.0","30.0","0.0","0.0056","1.0",
"OMA2","NA","N53990","USP","LINEAR RAIL","02 MED","1.0",,,,,
"OMA2","NA","N54024","USP","TAPER-LOCK BUSHING, 1610 22MM BORE","02 MED","1.0",,,,,
"ORD5","NA","1000078","USP","Sensor, proximity, SME-8M-DS-24V-K-0, 3-M8D","01 HIGH","2.0",,,,,
"ORD5","NA","1001191","USP","VPL-B1003F-PJ12AA SERVO MOTOR","02 MED","0.0",,,"0.0111","2.0",
"ORD5","NA","1001803","USP","Switch, Auxiliary, Supplementary Protector Accessory","02 MED","0.0",,,,,
"ORD5","NA","10043","USP","PLC, CONTROLLER,PROGRAMMABLE:2-1/2 INHT,3-1/2 INWD,1-1/2 INDP,24 V DCVOLT,2.6 MACURRE","02 MED","1.0","15.0","0.0667",,,
"ORD5","NA","1004322","USP","PUSHBUTTON METAL LATCH","02 MED","1.0","21.0","0.0476",,,
"ORD5","NA","10076","USP","UNWIND DANCER ARM UNWIND SPRING","03 LOW","1.0","20.0","0.05",,,
"ORD5","NA","10086","USP","WASHER: CAPTURE CTM PM-FANU30375","03 LOW","1.0","20.0","0.05",,,
"ORD5","NA","10087","USP","THREADED INSERT CTM C-PM-INS1010","03 LOW","1.0","20.0","0.05",,,
"ORD5","NA","10090","USP","Shoulder Screw,18-8 Stainless Steel,3/8"""" Shoulder Dia., 1"""" Shoulder Length,5/16-18 Thread,PK2","03 LOW","1.0","21.0","0.0476",,,
"ORD5","NA","10095","USP","FLANGED BUSHING","03 LOW","1.0","8.0","0.125",,,
"ORD5","NA","1061198","USP","OLFLEXÂ® VFD SLIM, 14 AWG/4C, REDUCED DIAMETER VFD CABLE WITH ""SURGE GUARD""","02 MED","2.0","21.0","0.0952",,,
"ORD5","NA","1061526","USP","SERVO DRVE AMP JR_AUTO JR0000549642","02 MED","0.0",,,"0.0167","3.0",
"ORD5","NA","1063086","USP","SWITCH 2VDC PNP 0.5M LEAD M8 C","02 MED","0.0",,,,,
"ORD5","NA","1069554","USP","POWER IO CABLE M12 FOR COGNEX CONN MODULE W DB9","02 MED","0.0","40.0","0.0","0.0","0.0",
"ORD5","NA","1071515","USP","Radial/Deep Groove Ball Bearing - Round Bore, 25 mm ID, 42 mm OD, 9 mm Width, Double Shielded, Internal Clearance","02 MED","2.0","28.0","0.0714",,,
"ORD5","NA","1071516","USP","REPLACEMENT BELT – 18”W FOR CO","01 HIGH","2.0","21.0","0.0952",,,
"ORD5","NA","1073001","USP","3600 TAMP or SWING HOME SENSOR ASSEMBLY without MOUNT","02 MED","0.0","21.0","0.0",,,
"ORD5","NA","11082","USP","SMART PACK FILTER REPLACEMENT  (PID)","03 LOW","1.0","20.0","0.05",,,
"ORD5","NA","1113249","USP","URGU48R1-04090N","02 MED","2.0","17.0","0.1176",,,
"ORD5","NA","11147","USP","VHI425A-GV W/ GV4G6","01 HIGH","0.0",,,,,
"ORD5","NA","1116318","USP","ULTRASONIC SENSOR, PICO+","02 MED","0.0",,,,,
"ORD5","NA","1124355","USP","FIXED DRAW ROLLER, SMART PAC","02 MED","0.0","100.0","0.0","0.0111","2.0",
"ORD5","NA","1124729","USP","Pan and Tilt Camera Mount PTU-BE","01 HIGH","1.0","38.0","0.0263",,,
"ORD5","NA","11424","USP","UNWIND BRAKE BAND CTM PM-BB1030","01 HIGH","1.0","20.0","0.05",,,
"ORD5","NA","14325","USP","WIRING TOOL required for insertion/extraction @ terminal strip","02 MED","1.0","20.0","0.05",,,
"ORD5","NA","19978","USP","TIME DELAY FUSE, 30A, CLASS J, 300KA, 600VAC","02 MED","1.0","21.0","0.0476",,,
"ORD5","NA","2066701","USP","ROLLER, MOVING DRAW ROLLER (SMART PAC)","02 MED","0.0","70.0","0.0",,,
"ORD5","NA","2066703","USP","BEARING BLOCK, LINEAR","02 MED","2.0","35.0","0.0571",,,
"ORD5","NA","23103","USP","Time Delay, Cylindrical, Fuse, GDC Series, 250VAC, Indicating (5 PK)","03 LOW","1.0","15.0","0.0667",,,
"ORD5","NA","3022931","USP","MALE INSERT 5 PIN","01 HIGH","1.0","66.0","0.0152",,,
"ORD5","NA","3022932","USP","SENSOR FLAG PIN, USP TRIGGER GATE","01 HIGH","1.0","108.0","0.0093",,,
"ORD5","NA","3022933","USP","STANDARD HOOD TOP ENTRY","01 HIGH","1.0","38.0","0.0263",,,
"ORD5","NA","3022935","USP","M8 LOCK WASHERS (OR BLACK OXIDE EQUIVALENT)","01 HIGH","1.0","24.0","0.0417",,,
"ORD5","NA","3022938","USP","CAPTIVE SCREW RETAINER","01 HIGH","2.0","21.0","0.0952",,,
"ORD5","NA","3022940","USP","VERTICAL JAW CABLE MANAGEMENT BACKING PLATE","01 HIGH","1.0","38.0","0.0263",,,
"ORD5","NA","3022942","USP","CLAMP, LOOP NYLON 7/8"" X 1 1/2","01 HIGH","1.0","21.0","0.0476",,,
"ORD5","NA","3022943","USP","HORIZONTAL REAR, POWERSONIC MATED M12 + LBO3K","01 HIGH","2.0","70.0","0.0286",,,
"ORD5","NA","3022944","USP","CAPTIVE GUARDING SCREWS","01 HIGH","2.0","24.0","0.0833",,,
"ORD5","NA","3022947","USP","HORIZONTAL JAW CABLE MANAGEMENT BACKING PLATE","01 HIGH","1.0","38.0","0.0263",,,
"ORD5","NA","3022948","USP","FLAT HEAD SOCKET CAP SCREW","01 HIGH","1.0","24.0","0.0417",,,
"ORD5","NA","3022949","USP","MCMASTER ZIP TIE MOUNT","01 HIGH","1.0","24.0","0.0417",,,
"ORD5","NA","3022951","USP","RTD, PT100, DIA 3MM, L 18MM, 3","01 HIGH","0.0","38.0","0.0",,,
"ORD5","NA","3022952","USP","GALVANIZED STEEL , EPDM CUSHIO","01 HIGH","1.0","24.0","0.0417",,,
"ORD5","NA","3022953","USP","GUARDING T-BLOCK","01 HIGH","2.0","24.0","0.0833",,,
"ORD5","NA","3022956","USP","ROTATED CABLE EXIT VERTICAL LOAD CELL HOLDER BLOCK","01 HIGH","1.0","108.0","0.0093",,,
"ORD5","NA","3022957","USP","WASHER, M5, SST","01 HIGH","2.0","24.0","0.0833",,,
"ORD5","NA","3022958","USP","DIVERT PLATE, TOP","01 HIGH","0.0","94.0","0.0",,,
"ORD5","NA","3022959","USP","SHOULDER BOLT, 12MMX40MM, M10","01 HIGH","1.0","42.0","0.0238",,,
"ORD5","NA","3022961","USP","FRONT PLATE","01 HIGH","1.0","94.0","0.0106",,,
"ORD5","NA","3022962","USP","DIVERT PLATE, LEFT","01 HIGH","0.0","30.0","0.0",,,
"ORD5","NA","3022964","USP","DIVERT PLATE, REJECT COVER","01 HIGH","1.0","94.0","0.0106",,,
"ORD5","NA","3022967","USP","ZIP TIES, STANDARD","01 HIGH","2.0","24.0","0.0833",,,
"ORD5","NA","3022969","USP","VERTICAL CARTRIDGE HEATER","01 HIGH","0.0","66.0","0.0",,,
"ORD5","NA","3022970","USP","CUTTING KNIFE ASSEMBLY","01 HIGH","0.0","108.0","0.0","0.0167","3.0",
"ORD5","NA","3022971","USP","FAST CONNECTION-PEG","01 HIGH","1.0","24.0","0.0417",,,
"ORD5","NA","3022976","USP","FLAT HEAD SOCKET CAP SCREW","01 HIGH","1.0","24.0","0.0417",,,
"ORD5","NA","3022977","USP","GUIDED PNUEMATIC CYLINDER DFM-16-125-B-PPV-A-KF","01 HIGH","0.0","25.0","0.0",,,
"ORD5","NA","3022981","USP","UNDER JAW BULK HEAD PLATE","01 HIGH","1.0","108.0","0.0093",,,
"ORD5","NA","3022984","USP","8MM X 14MM LOW SOCKET HEAD MACHINE SCREWS (OR BLACK OXIDE EQUIVALENT)","01 HIGH","1.0","24.0","0.0417",,,
"ORD5","NA","3022985","USP","ROTATED CABLE EXIT HORIZONTAL LOAD CELL HOLDER BLOCK","01 HIGH","0.0","24.0","0.0",,,
"ORD5","NA","3022987","USP","IO-LINK MASTER, ETHERNET/IP INTERFACE, TOTAL IN- AND OUTPUTS: 16, 4X 2A OUTPUTS","01 HIGH","0.0","45.0","0.0","0.0","0.0",
"ORD5","NA","3025738","USP","COATED 9"" FOUR HOLE AIR ASSIST TUBE - MP-211-2230-9","01 HIGH","1.0","1.0","1.0",,,
"ORD5","NA","3029777","USP","Ring, Centering sleeve ZBH-7-B","01 HIGH","1.0","28.0","0.0357",,,
"ORD5","NA","3029778","USP","CABLE, NIP ROLLER MOTOR SERVO","01 HIGH","0.0","70.0","0.0",,,
"ORD5","NA","3031139","USP","RIGHT HORIZONTAL HEATER CABLE","01 HIGH","1.0","21.0","0.0476",,,
"ORD5","NA","3032133","USP","COMPRESSION SPRING T=1.4 OD=20 ID=17","01 HIGH","1.0","28.0","0.0357",,,
"ORD5","NA","3033957","USP","Ring, Centering sleeve ZBH-5-B","01 HIGH","1.0","28.0","0.0357",,,
"ORD5","NA","3037850","USP","ZIP TIES, STANDARD","01 HIGH","0.0","24.0","0.0",,,
"ORD5","NA","3037851","USP","ALTERNATE PLASTIC P-CLIP (MUST DRILL MOUNTING HOLE TO M6)","01 HIGH","1.0","24.0","0.0417",,,
"ORD5","NA","3037852","USP","LEFT HOR HEATER CABLE ASSY","01 HIGH","1.0","108.0","0.0093",,,
"ORD5","NA","3043368","USP","Sensor Cable, 5m Grey, M12 Female 4P Angled to Open Ended, Continuous Flex, PUR","01 HIGH","1.0","21.0","0.0476",,,
"ORD5","NA","3043405","USP","SENSOR CABLE FEMALE 5-POLE M12 STRAIGHT A CODED TO OPEN END PUR BLACK 5M","02 MED","1.0","21.0","0.0476",,,
"ORD5","NA","3043423","USP","FUSE,5 AMP,250V","01 HIGH","1.0","30.0","0.0333",,,
"ORD5","NA","3043436","USP","Kinetix 5700 Servo Drive","02 MED","0.0","21.0","0.0","0.0056","1.0",
"ORD5","NA","3208459","USP","FIELD ATTACHABLE CONNECTOR","01 HIGH","1.0","21.0","0.0476",,,
"ORD5","NA","33053","USP","SENSOR CABLE, 5M GREY, M12 FEMALE 8P STRAIGHT TO OPEN ENDED, CONTINUOUS FLEX, PUR-OB","02 MED","1.0","21.0","0.0476",,,
"ORD5","NA","3361381","USP","Fork sensor","01 HIGH","0.0","28.0","0.0",,,
"ORD5","NA","3464199","USP","SENSOR, FIBER OPTIC THIN ZERO SPACE, SIDE VIEW TYP","01 HIGH","1.0","30.0","0.0333",,,
"ORD5","NA","3466132","USP","PNUEMATIC FITTING","01 HIGH","1.0","21.0","0.0476",,,
"ORD5","NA","3466134","USP","ROLLING BEARING  61802-2RS1","01 HIGH","2.0","4.0","0.5",,,
"ORD5","NA","3466138","USP","VERTICAL VPL SERIES, FRAME SIZE 100MM, T WINDING, RATED SPEED 7200-80","01 HIGH","1.0","21.0","0.0476",,,
"ORD5","NA","3466140","USP","KINETIX VP LOW INERTIA MOTOR,","01 HIGH","1.0","21.0","0.0476",,,
"ORD5","NA","3466145","USP","RIGHT HORIZONTAL SEAL BAR ASSY","01 HIGH","0.0","21.0","0.0",,,
"ORD5","NA","3466147","USP","COMPACT CYLINDER ADN-32-25-I-P-A-S2","01 HIGH","1.0","21.0","0.0476",,,
"ORD5","NA","3466149","USP","PIVOT BLOCK","01 HIGH","0.0","14.0","0.0","0.0056","1.0",
"ORD5","NA","3466152","USP","SENSOR MOUNT","01 HIGH","2.0","21.0","0.0952",,,
"ORD5","NA","3466153","USP","RIGHT VERTICAL SEAL BAR ASSY","01 HIGH","0.0","21.0","0.0",,,
"ORD5","NA","3466158","USP","SPRING PLUNGER, BALL-NOSE HARD","01 HIGH","2.0","4.0","0.5",,,
"ORD5","NA","3466170","USP","DSNU, BORE 25MM, STROKE 100MM, DOUBLE ACTING, LATERAL AIR,","01 HIGH","1.0","21.0","0.0476",,,
"ORD5","NA","3466191","USP","ROD COUPLER, M10X1.25, STEEL (","01 HIGH","1.0","21.0","0.0476",,,
"ORD5","NA","3466204","USP","M8X1.25 X 16 MM LG, STROKE 1.5MM, MAX TEMP. 250C, THREAD-LOCKING, CERAMIC BALL","01 HIGH","2.0","4.0","0.5",,,
"ORD5","NA","3466208","USP","BEARING SPACER; INNER; 20 ID X 27 OD X 5 THICK","01 HIGH","2.0","28.0","0.0714",,,
"ORD5","NA","3466243","USP","LEFT HORIZONTAL SEAL BAR ASSY","01 HIGH","0.0","21.0","0.0","0.0222","4.0",
"ORD5","NA","3466247","USP","KINETIX VP MOTOR CABLE","01 HIGH","1.0","21.0","0.0476",,,
"ORD5","NA","3466251","USP","PIVOT BLOCK - LEFT HORIZONTAL","01 HIGH","0.0","21.0","0.0","0.0056","1.0",
"ORD5","NA","3466258","USP","LEFT VERTICAL SEAL BAR ASSY","01 HIGH","0.0","21.0","0.0",,,
"ORD5","NA","3466261","USP","SHANK THREAD SIZE(M10X1.25), ID 10MM, JAW OPENING W 10MM,","01 HIGH","3.0","3.0","1.0",,,
"ORD5","NA","3546294","USP","Kinetix VP Motor Cable, 4m","01 HIGH","0.0","90.0","0.0",,,
"ORD5","NA","49225","USP","HEX HEAD CAP SCREW  CTM PM-FAHHSS50557","02 MED","1.0","20.0","0.05",,,
"ORD5","NA","49344","USP","Zebra ZE52163-R010000Z Print Engine","02 MED","1.0",,,"0.0","0.0",
"ORD5","NA","49346","USP","ZEBRA AIT PART KIT PLATEN, PINCH, & PEEL ROLLERS ZE521 RH & LH","01 HIGH","1.0","35.0","0.0286",,,
"ORD5","NA","61591","USP","TUBE FITTING, M5 TO 4MM","02 MED","1.0","70.0","0.0143",,,
"ORD5","NA","72902","USP","kit,motor assy, high speed...","02 MED","0.0","126.0","0.0",,,
"ORD5","NA","76580","USP","PROGRAMMED MAPLE DISPLAY UNIT FOR 3600A APPLICATOR","02 MED","0.0",,,,,
"ORD5","NA","816958","USP","IN-SIGHT STD. POWER & I/O BREAKOUT CABLE, 5M (15')","02 MED","0.0","35.0","0.0","0.0056","1.0",
"ORD5","NA","N37377","USP","SC300-2 SHOCK ABSORBER","02 MED","0.0","14.0","0.0","0.0","0.0",
"ORD5","NA","N41977","USP","R SERIES BEARING - .750 X 1.625 X .437","02 MED","1.0","14.0","0.0714",,,
"ORD5","NA","N45907","USP","Valve flow control one way","02 MED","2.0","21.0","0.0952",,,
"ORD5","NA","N53951","USP","RADIAL BALL BEARING","01 HIGH","1.0","28.0","0.0357",,,
"ORD5","NA","N53964","USP","NEBV-S1G25-K-10-N-LE25-S6 CONNECTING CABLE","02 MED","1.0","21.0","0.0476",,,
"ORD5","NA","N53977","USP","I110-E0454 SAFETY SWITCH","01 HIGH","1.0","30.0","0.0333",,,
"ORD5","NA","N53990","USP","LINEAR RAIL","02 MED","1.0","21.0","0.0476",,,
"ORD5","NA","N54020","USP","STOPPER BOLT, M6X1.0, L 20MM, WITH HEX SOCKET TIP, STRAIGHT TYPE, BUMPER URETHAN","03 LOW","1.0","21.0","0.0476",,,
"ORD5","NA","N54024","USP","TAPER-LOCK BUSHING, 1610 22MM BORE","03 LOW","1.0","21.0","0.0476",,,
"ORF3","NA","1001191","USP","VPL-B1003F-PJ12AA SERVO MOTOR","02 MED","0.0",,,,,
"ORF3","NA","1001803","USP","Switch, Auxiliary, Supplementary Protector Accessory","02 MED","0.0","21.0","0.0",,,
"ORF3","NA","10043","USP","PLC, CONTROLLER,PROGRAMMABLE:2-1/2 INHT,3-1/2 INWD,1-1/2 INDP,24 V DCVOLT,2.6 MACURRE","02 MED","0.0","21.0","0.0",,,
"ORF3","NA","1004322","USP","PUSHBUTTON METAL LATCH","02 MED","1.0",,,,,
"ORF3","NA","10076","USP","UNWIND DANCER ARM UNWIND SPRING","02 MED","2.0","21.0","0.0952",,,
"ORF3","NA","10086","USP","WASHER: CAPTURE CTM PM-FANU30375","03 LOW","1.0","18.0","0.0556",,,
"ORF3","NA","10087","USP","THREADED INSERT CTM C-PM-INS1010","03 LOW","1.0","14.0","0.0714",,,
"ORF3","NA","10090","USP","Shoulder Screw,18-8 Stainless Steel,3/8"""" Shoulder Dia., 1"""" Shoulder Length,5/16-18 Thread,PK2","03 LOW","1.0","24.0","0.0417",,,
"ORF3","NA","10095","USP","FLANGED BUSHING","03 LOW","1.0",,,,,
"ORF3","NA","10096","USP","WASHER: THRUST, BRONZE","02 MED","1.0","34.0","0.0294",,,
"ORF3","NA","10105","USP","SPRING: REWIND CLUTCH, MED DUTY, .97OD X .080 WIRE DIA","02 MED","1.0","28.0","0.0357",,,
"ORF3","NA","10191","USP","THRUST BALL BEARING, 3/4"" ID X 1-5/16"" OD X 9/32"" HT., STEEL","01 HIGH","1.0","20.0","0.05",,,
"ORF3","NA","1060925","USP","RING-GRIP QUICK-RELEASE PIN","01 HIGH","1.0","3.0","0.3333",,,
"ORF3","NA","1061526","USP","SERVO DRVE AMP JR_AUTO JR0000549642","02 MED","0.0",,,,,
"ORF3","NA","1063086","USP","SWITCH 2VDC PNP 0.5M LEAD M8 C","02 MED","0.0",,,,,
"ORF3","NA","1071515","USP","Radial/Deep Groove Ball Bearing - Round Bore, 25 mm ID, 42 mm OD, 9 mm Width, Double Shielded, Internal Clearance","02 MED","0.0",,,,,
"ORF3","NA","1073001","USP","3600 TAMP or SWING HOME SENSOR ASSEMBLY without MOUNT","02 MED","1.0","17.0","0.0588",,,
"ORF3","NA","11082","USP","SMART PACK FILTER REPLACEMENT  (PID)","03 LOW","1.0","31.0","0.0323",,,
"ORF3","NA","1113249","USP","URGU48R1-04090N","02 MED","1.0","17.0","0.0588",,,
"ORF3","NA","11147","USP","VHI425A-GV W/ GV4G6","01 HIGH","1.0",,,,,
"ORF3","NA","1116318","USP","ULTRASONIC SENSOR, PICO+","02 MED","0.0",,,,,
"ORF3","NA","1124355","USP","FIXED DRAW ROLLER, SMART PAC","02 MED","0.0",,,"0.0056","1.0",
"ORF3","NA","11409","USP","TAMPA","02 MED","0.0","25.0","0.0",,,
"ORF3","NA","11519","USP","Zebra Kit Maint Door Open Swch RH/LH","02 MED","2.0","28.0","0.0714",,,
"ORF3","NA","132054","USP","ZEBRA - P1046696-146, EXTENDED LIFE DRIVE BELTS, ZE500/ZE511, HTC 8443.99.2550 C","02 MED","1.0","42.0","0.0238",,,
"ORF3","NA","14325","USP","WIRING TOOL required for insertion/extraction @ terminal strip","02 MED","1.0","35.0","0.0286",,,
"ORF3","NA","19978","USP","TIME DELAY FUSE, 30A, CLASS J, 300KA, 600VAC","02 MED","1.0",,,,,
"ORF3","NA","23103","USP","Time Delay, Cylindrical, Fuse, GDC Series, 250VAC, Indicating (5 PK)","02 MED","1.0","15.0","0.0667",,,
"ORF3","NA","3015434","USP","SWIVEL GRIPPER HEAD","01 HIGH","1.0","21.0","0.0476",,,
"ORF3","NA","3022931","USP","MALE INSERT 5 PIN","01 HIGH","1.0","66.0","0.0152",,,
"ORF3","NA","3022933","USP","STANDARD HOOD TOP ENTRY","01 HIGH","1.0","38.0","0.0263",,,
"ORF3","NA","3022934","USP","SMC Shock Absorber, RBC1007, 46.7 mm Body Length, 63.7 mm Body Length, M10 x 1 Thread Size","01 HIGH","10.0","38.0","0.2632",,,
"ORF3","NA","3022938","USP","CAPTIVE SCREW RETAINER","01 HIGH","1.0","21.0","0.0476",,,
"ORF3","NA","3022940","USP","VERTICAL JAW CABLE MANAGEMENT BACKING PLATE","01 HIGH","1.0","38.0","0.0263",,,
"ORF3","NA","3022941","USP","VERTICAL TOP, POWERSONIC MATED M12 + LBO2K","01 HIGH","5.0","70.0","0.0714",,,
"ORF3","NA","3022942","USP","CLAMP, LOOP NYLON 7/8"" X 1 1/2","01 HIGH","1.0","21.0","0.0476",,,
"ORF3","NA","3022943","USP","HORIZONTAL REAR, POWERSONIC MATED M12 + LBO3K","01 HIGH","5.0","70.0","0.0714",,,
"ORF3","NA","3022944","USP","CAPTIVE GUARDING SCREWS","01 HIGH","1.0","24.0","0.0417",,,
"ORF3","NA","3022948","USP","FLAT HEAD SOCKET CAP SCREW","01 HIGH","1.0","24.0","0.0417",,,
"ORF3","NA","3022950","USP","HORIZONTAL FRONT, POWERSONIC MATED M12 + LBO3K","01 HIGH","5.0","70.0","0.0714",,,
"ORF3","NA","3022953","USP","GUARDING T-BLOCK","01 HIGH","1.0","24.0","0.0417",,,
"ORF3","NA","3022967","USP","ZIP TIES, STANDARD","01 HIGH","0.0","24.0","0.0",,,
"ORF3","NA","3022971","USP","FAST CONNECTION-PEG","01 HIGH","1.0","24.0","0.0417",,,
"ORF3","NA","3022976","USP","FLAT HEAD SOCKET CAP SCREW","01 HIGH","1.0","24.0","0.0417",,,
"ORF3","NA","3022977","USP","GUIDED PNUEMATIC CYLINDER DFM-16-125-B-PPV-A-KF","01 HIGH","1.0","25.0","0.04",,,
"ORF3","NA","3022978","USP","LIDAR SENSOR PICS150-01000 core 1","01 HIGH","0.0","95.0","0.0",,,
"ORF3","NA","3022984","USP","8MM X 14MM LOW SOCKET HEAD MACHINE SCREWS (OR BLACK OXIDE EQUIVALENT)","01 HIGH","1.0","24.0","0.0417",,,
"ORF3","NA","3025738","USP","COATED 9"" FOUR HOLE AIR ASSIST TUBE - MP-211-2230-9","02 MED","1.0","21.0","0.0476",,,
"ORF3","NA","3029777","USP","Ring, Centering sleeve ZBH-7-B","01 HIGH","1.0","28.0","0.0357",,,
"ORF3","NA","3029778","USP","CABLE, NIP ROLLER MOTOR SERVO","01 HIGH","0.0","70.0","0.0",,,
"ORF3","NA","3031139","USP","RIGHT HORIZONTAL HEATER CABLE","01 HIGH","1.0","21.0","0.0476",,,
"ORF3","NA","3032133","USP","COMPRESSION SPRING T=1.4 OD=20 ID=17","01 HIGH","1.0","28.0","0.0357",,,
"ORF3","NA","3033957","USP","Ring, Centering sleeve ZBH-5-B","01 HIGH","1.0","28.0","0.0357",,,
"ORF3","NA","3037849","USP","RIGHT VER HEATER CABLE ASSY","01 HIGH","1.0","108.0","0.0093",,,
"ORF3","NA","3037850","USP","ZIP TIES, STANDARD","01 HIGH","0.0","24.0","0.0",,,
"ORF3","NA","3037851","USP","ALTERNATE PLASTIC P-CLIP (MUST DRILL MOUNTING HOLE TO M6)","01 HIGH","1.0","24.0","0.0417",,,
"ORF3","NA","3037852","USP","LEFT HOR HEATER CABLE ASSY","01 HIGH","1.0","108.0","0.0093",,,
"ORF3","NA","3043399","USP","D-MAX WEB GUIDE CONTROLLER,INPUT VOLTAGE 24 - 48 VDC, 6 DIGITAL INPUTS, 2 OUTPUT","01 HIGH","0.0","56.0","0.0",,,
"ORF3","NA","3043407","USP","SICK IME2S Series Non-Flush Inductive Non-Contact Safety Switch, 24V dc, Nickel Plated Brass Housing, 2NO, M12","01 HIGH","1.0","42.0","0.0238",,,
"ORF3","NA","3043423","USP","FUSE,5 AMP,250V","01 HIGH","1.0","30.0","0.0333",,,
"ORF3","NA","3043436","USP","Kinetix 5700 Servo Drive","01 HIGH","0.0","21.0","0.0",,,
"ORF3","NA","33053","USP","SENSOR CABLE, 5M GREY, M12 FEMALE 8P STRAIGHT TO OPEN ENDED, CONTINUOUS FLEX, PUR-OB","02 MED","1.0","21.0","0.0476",,,
"ORF3","NA","3361381","USP","Fork sensor","01 HIGH","1.0","28.0","0.0357",,,
"ORF3","NA","3466127","USP","SCANNER,BARCODE:DM363 SMARTPACK PRESENTATION READER","01 HIGH","1.0","14.0","0.0714",,,
"ORF3","NA","3466132","USP","PNUEMATIC FITTING","01 HIGH","1.0","21.0","0.0476",,,
"ORF3","NA","3466134","USP","ROLLING BEARING  61802-2RS1","01 HIGH","12.0","4.0","3.0",,,
"ORF3","NA","3466138","USP","VERTICAL VPL SERIES, FRAME SIZE 100MM, T WINDING, RATED SPEED 7200-80","01 HIGH","0.0","21.0","0.0",,,
"ORF3","NA","3466140","USP","KINETIX VP LOW INERTIA MOTOR,","01 HIGH","0.0","21.0","0.0",,,
"ORF3","NA","3466144","USP","SERVO DRIVE","01 HIGH","0.0","21.0","0.0",,,
"ORF3","NA","3466145","USP","RIGHT HORIZONTAL SEAL BAR ASSY","01 HIGH","0.0","21.0","0.0",,,
"ORF3","NA","3466147","USP","COMPACT CYLINDER ADN-32-25-I-P-A-S2","01 HIGH","1.0","21.0","0.0476",,,
"ORF3","NA","3466149","USP","PIVOT BLOCK","01 HIGH","1.0","14.0","0.0714",,,
"ORF3","NA","3466152","USP","SENSOR MOUNT","01 HIGH","1.0","21.0","0.0476",,,
"ORF3","NA","3466153","USP","RIGHT VERTICAL SEAL BAR ASSY","01 HIGH","0.0","21.0","0.0",,,
"ORF3","NA","3466158","USP","SPRING PLUNGER, BALL-NOSE HARD","01 HIGH","1.0","4.0","0.25",,,
"ORF3","NA","3466204","USP","M8X1.25 X 16 MM LG, STROKE 1.5MM, MAX TEMP. 250C, THREAD-LOCKING, CERAMIC BALL","01 HIGH","1.0","4.0","0.25",,,
"ORF3","NA","3466208","USP","BEARING SPACER; INNER; 20 ID X 27 OD X 5 THICK","01 HIGH","1.0","28.0","0.0357",,,
"ORF3","NA","3466223","USP","243TEETH 32 T5/1215","01 HIGH","1.0","11.0","0.0909",,,
"ORF3","NA","3466243","USP","LEFT HORIZONTAL SEAL BAR ASSY","01 HIGH","0.0","21.0","0.0",,,
"ORF3","NA","3466247","USP","KINETIX VP MOTOR CABLE","01 HIGH","0.0","21.0","0.0",,,
"ORF3","NA","3466248","USP","PRECISION LINEAR SHAFT, DIA 12","01 HIGH","1.0","28.0","0.0357",,,
"ORF3","NA","3466251","USP","PIVOT BLOCK - LEFT HORIZONTAL","01 HIGH","1.0","21.0","0.0476",,,
"ORF3","NA","3466258","USP","LEFT VERTICAL SEAL BAR ASSY","01 HIGH","0.0","21.0","0.0","0.0111","2.0",
"ORF3","NA","3466261","USP","SHANK THREAD SIZE(M10X1.25), ID 10MM, JAW OPENING W 10MM,","01 HIGH","1.0","3.0","0.3333",,,
"ORF3","NA","3546294","USP","Kinetix VP Motor Cable, 4m","01 HIGH","0.0","90.0","0.0",,,
"ORF3","NA","49225","USP","HEX HEAD CAP SCREW  CTM PM-FAHHSS50557","02 MED","1.0","10.0","0.1",,,
"ORF3","NA","49344","USP","Zebra ZE52163-R010000Z Print Engine","02 MED","2.0","10.0","0.2",,,
"ORF3","NA","49345","USP","ZEBRA AIT PART KIT PRINTHEAD 300 DPI ZE521 RH & LH","01 HIGH","0.0","21.0","0.0","0.0278","5.0",
"ORF3","NA","49346","USP","ZEBRA AIT PART KIT PLATEN, PINCH, & PEEL ROLLERS ZE521 RH & LH","02 MED","1.0","35.0","0.0286",,,
"ORF3","NA","49960","USP","MDC100-050101 DRIVE","01 HIGH","0.0","21.0","0.0","0.0056","1.0",
"ORF3","NA","61591","USP","TUBE FITTING, M5 TO 4MM","02 MED","1.0",,,,,
"ORF3","NA","72902","USP","kit,motor assy, high speed...","02 MED","0.0","126.0","0.0",,,
"ORF3","NA","76580","USP","PROGRAMMED MAPLE DISPLAY UNIT FOR 3600A APPLICATOR","02 MED","0.0",,,,,
"ORF3","NA","94998","USP","CYLINDER, ISO, PROX, X100MM, DA, MAG C03","02 MED","0.0","49.0","0.0",,,
"ORF3","NA","N12270","USP","SMC Speed Control Valve: Elbow Fitting, Knob, 1/4 in/1/8 in Valve Body Size, 1/4 in Tube, Meter Out","02 MED","1.0","20.0","0.05",,,
"ORF3","NA","N37377","USP","SC300-2 SHOCK ABSORBER","02 MED","0.0","28.0","0.0","0.0","0.0",
"ORF3","NA","N41977","USP","R SERIES BEARING - .750 X 1.625 X .437","01 HIGH","1.0","14.0","0.0714",,,
"ORF3","NA","N45907","USP","Valve flow control one way","02 MED","1.0",,,,,
"ORF3","NA","N53951","USP","RADIAL BALL BEARING","01 HIGH","1.0",,,,,
"ORF3","NA","N53964","USP","NEBV-S1G25-K-10-N-LE25-S6 CONNECTING CABLE","02 MED","1.0",,,,,
"ORF3","NA","N53977","USP","I110-E0454 SAFETY SWITCH","01 HIGH","1.0",,,,,
"ORF3","NA","N53990","USP","LINEAR RAIL","02 MED","1.0",,,,,
"ORF3","NA","N54020","USP","STOPPER BOLT, M6X1.0, L 20MM, WITH HEX SOCKET TIP, STRAIGHT TYPE, BUMPER URETHAN","02 MED","1.0",,,,,
"ORF3","NA","N54024","USP","TAPER-LOCK BUSHING, 1610 22MM BORE","02 MED","1.0","21.0","0.0476",,,
"ORF4","NA","1000324","URL","FIELDBUS COUPLER ETHERNET/IP, 64 I/O MODULES, 24VDC, 4TH GEN","02 MED","0.0","14.0","0.0",,,
"ORF4","NA","1000863","EcoPac","Point IO Sinking Input Module, 8-Point","02 MED","0.0","28.0","0.0","0.0056","1.0",
"ORF4","NA","1001191","USP","VPL-B1003F-PJ12AA SERVO MOTOR","02 MED","4.0","21.0","0.1905",,,
"ORF4","NA","1001803","USP","Switch, Auxiliary, Supplementary Protector Accessory","02 MED","4.0","42.0","0.0952",,,
"ORF4","NA","1004287","EcoPac","VOLTAGE MONITOR, DIGITAL PANEL METER","02 MED","0.0","23.0","0.0",,,
"ORF4","NA","10043","USP","PLC, CONTROLLER,PROGRAMMABLE:2-1/2 INHT,3-1/2 INWD,1-1/2 INDP,24 V DCVOLT,2.6 MACURRE","02 MED","1.0","15.0","0.0667",,,
"ORF4","NA","1004322","USP","PUSHBUTTON METAL LATCH","01 HIGH","4.0","43.0","0.093",,,
"ORF4","NA","10049258","URL","SITOP SEL1200 SELECTIVITY MODULE 8-CHANNEL SWITCHING CHARACTERISTIC INPUT","02 MED","1.0","42.0","0.0238",,,
"ORF4","NA","10076","USP","UNWIND DANCER ARM UNWIND SPRING","02 MED","1.0","20.0","0.05",,,
"ORF4","NA","10086","USP","WASHER: CAPTURE CTM PM-FANU30375","02 MED","1.0","20.0","0.05",,,
"ORF4","NA","10087","USP","THREADED INSERT CTM C-PM-INS1010","02 MED","1.0","20.0","0.05",,,
"ORF4","NA","10090","USP","Shoulder Screw,18-8 Stainless Steel,3/8"""" Shoulder Dia., 1"""" Shoulder Length,5/16-18 Thread,PK2","02 MED","1.0","21.0","0.0476",,,
"ORF4","NA","10095","USP","FLANGED BUSHING","03 LOW","4.0","21.0","0.1905",,,
"ORF4","NA","10096","USP","WASHER: THRUST, BRONZE","02 MED","1.0","20.0","0.05",,,
"ORF4","NA","10105","USP","SPRING: REWIND CLUTCH, MED DUTY, .97OD X .080 WIRE DIA","02 MED","1.0","8.0","0.125",,,
"ORF4","NA","10191","USP","THRUST BALL BEARING, 3/4"" ID X 1-5/16"" OD X 9/32"" HT., STEEL","02 MED","1.0","20.0","0.05",,,
"ORF4","NA","103691","EcoPac","roll ø50x1,5 gravity","01 HIGH","1.0","19.0","0.0526",,,
"ORF4","NA","1061526","USP","SERVO DRVE AMP JR_AUTO JR0000549642","01 HIGH","1.0","113.0","0.0088",,,
"ORF4","NA","1061778","USP","RT-B1221","02 MED","4.0","21.0","0.1905",,,
"ORF4","NA","1062078","URL","MPCB, 8A, SINGLE-PHASE","02 MED","2.0","28.0","0.0714",,,
"ORF4","NA","1063086","USP","SWITCH 2VDC PNP 0.5M LEAD M8 C","02 MED","4.0","21.0","0.1905",,,
"ORF4","NA","1068036","URL","Unknown","02 MED","3.0","96.0","0.0313",,,
"ORF4","NA","1068301","URL","SR-50APW","02 MED","0.0","21.0","0.0",,,
"ORF4","NA","1068918","URL","Zebra, P1112750-039, Platen/Pinch & Peel Rollers, LH/RH","02 MED","0.0","42.0","0.0",,,
"ORF4","NA","1069554","USP","POWER IO CABLE M12 FOR COGNEX CONN MODULE W DB9","03 LOW","2.0","21.0","0.0952",,,
"ORF4","NA","1069940","EcoPac","SENSOR LASER ANALOGIC LR-TB5000C","02 MED","1.0","21.0","0.0476",,,
"ORF4","NA","1070075","EcoPac","ZEBRA, P1112750-010, PRINTHEAD ASSEMBLY, 300 DPI, LH/RH","01 HIGH","0.0","10.0","0.0","0.0278","5.0",
"ORF4","NA","1070514","URL","PNEUMATICS AIR CYLINDER ASSEMBLY ADN-50-5-I-P-A","02 MED","3.0","42.0","0.0714",,,
"ORF4","NA","1070793","URL","contact block for e-stop switch","02 MED","5.0","21.0","0.2381",,,
"ORF4","NA","1071515","USP","Radial/Deep Groove Ball Bearing - Round Bore, 25 mm ID, 42 mm OD, 9 mm Width, Double Shielded, Internal Clearance","02 MED","24.0","28.0","0.8571",,,
"ORF4","NA","1071516","USP","REPLACEMENT BELT – 18”W FOR CO","02 MED","4.0","21.0","0.1905",,,
"ORF4","NA","1072164","URL","UL489 20 A MINIATURE CIRCUIT BREAKER 1 POLE","02 MED","3.0","30.0","0.1",,,
"ORF4","NA","1073001","USP","3600 TAMP or SWING HOME SENSOR ASSEMBLY without MOUNT","02 MED","1.0","21.0","0.0476",,,
"ORF4","NA","11082","USP","SMART PACK FILTER REPLACEMENT  (PID)","02 MED","1.0","20.0","0.05",,,
"ORF4","NA","1112947","URL","Série 7000 Transverse Roller V3 Acetal Base/ Urethane And Wear Resistant Acetal Roller/ Nylon Axle Grey/ Black And Orange/ White Largura: 737 mm (+/-1 mm) (58.0 elos) Comprimento: 1.62 metros (20 fileiras)","02 MED","6.0","42.0","0.1429",,,
"ORF4","NA","11147","USP","VHI425A-GV W/ GV4G6","01 HIGH","1.0","20.0","0.05",,,
"ORF4","NA","1116318","USP","ULTRASONIC SENSOR, PICO+","02 MED","2.0","21.0","0.0952",,,
"ORF4","NA","1116543","URL","TIME DELAY FUSE, AMP TRAP 2000® 20A, ATDR KLASSE CC","02 MED","5.0","106.0","0.0472",,,
"ORF4","NA","1116749","EcoPac","PHOTOCEL S45-PH-5-B03-PH","01 HIGH","0.0","30.0","0.0",,,
"ORF4","NA","1119110","URL","MOULDED CIRCUIT BREAKER","02 MED","2.0","28.0","0.0714",,,
"ORF4","NA","1123746","URL","MOTOR CIRCUIT BREAKER","02 MED","1.0","42.0","0.0238",,,
"ORF4","NA","1123747","URL","MOTOR CIRCUIT BREAKER","02 MED","1.0","42.0","0.0238",,,
"ORF4","NA","1124355","USP","FIXED DRAW ROLLER, SMART PAC","02 MED","4.0","100.0","0.04",,,
"ORF4","NA","1124470","URL","SENSOR AMPLIFIER, LASER THRUBEAM, M8, PNP, KEYENCE","02 MED","1.0","21.0","0.0476",,,
"ORF4","NA","1125233","URL","Siemens SITOP PSU300S Switched Mode DIN Rail Power Supply, 340 → 550V","02 MED","0.0","32.0","0.0",,,
"ORF4","NA","1125460","URL","Latch for Print Mechanism ZE511 ZE521 RH & LH","02 MED","0.0","42.0","0.0",,,
"ORF4","NA","11300","URL","SPST-NO Contact Block for 22mm Panel-Mount Metal Switch","02 MED","20.0","35.0","0.5714",,,
"ORF4","NA","11409","USP","TAMPA","02 MED","1.0","20.0","0.05",,,
"ORF4","NA","11424","USP","UNWIND BRAKE BAND CTM PM-BB1030","02 MED","1.0","23.0","0.0435",,,
"ORF4","NA","11519","USP","Zebra Kit Maint Door Open Swch RH/LH","01 HIGH","1.0","25.0","0.04",,,
"ORF4","NA","11543","URL","TIMING DRIVE BELT, GT2, 8MGT-1440-21","02 MED","0.0","42.0","0.0",,,
"ORF4","NA","116561","URL","Load cell: MTB-100kg 3m","02 MED","1.0","42.0","0.0238",,,
"ORF4","NA","118954","URL","SQUARE_Sproket_60mm_#24_S2H0XXDHXXMT-10","02 MED","2.0","42.0","0.0476",,,
"ORF4","NA","132054","USP","ZEBRA - P1046696-146, EXTENDED LIFE DRIVE BELTS, ZE500/ZE511, HTC 8443.99.2550 C","02 MED","1.0","42.0","0.0238",,,
"ORF4","NA","14325","USP","WIRING TOOL required for insertion/extraction @ terminal strip","02 MED","1.0","20.0","0.05",,,
"ORF4","NA","19774","URL","MECHANICAL PULLEY BUSHING PART 2012 1-1/8","02 MED","0.0","42.0","0.0",,,
"ORF4","NA","19949","URL","MECHANICAL PULLEY BUSHING PART 2012 1-17/16","02 MED","0.0","42.0","0.0",,,
"ORF4","NA","19978","USP","TIME DELAY FUSE, 30A, CLASS J, 300KA, 600VAC","01 HIGH","4.0","56.0","0.0714",,,
"ORF4","NA","2036642","URL","Peel Bracket Assembly ZE511 RH & LH","02 MED","1.0","42.0","0.0238",,,
"ORF4","NA","2038925","URL","Zebra, Kit, Print Mechanism, ZE511 Right Hand","02 MED","4.0","42.0","0.0952",,,
"ORF4","NA","2038927","URL","Zebra, Kit, Toggle Assemblies, ZE511, ZE521, Right Hand/Left Hand","02 MED","1.0","42.0","0.0238",,,
"ORF4","NA","2038928","URL","Zebra, Kit, Ruler for Toggle Position, Quantity of 3, ZE511 Right Hand","02 MED","1.0","42.0","0.0238",,,
"ORF4","NA","2038929","URL","Zebra, Kit, Ribbon Strip Plate & Ribbon Static Brush, ZE511 Right Hand/Left Hand","02 MED","1.0","42.0","0.0238",,,
"ORF4","NA","2038930","URL","Zebra, Kit, Cables for Printhead, ZE511 ZE521 Right Hand/Left Hand","02 MED","1.0","42.0","0.0238",,,
"ORF4","NA","2038945","URL","Zebra, Kit, Media Sensor, ZE511 Right Hand","02 MED","1.0","42.0","0.0238",,,
"ORF4","NA","2038946","URL","Zebra, Kit, Media Door Open Sensor, ZE511, ZE521, RH & LH","02 MED","1.0","42.0","0.0238",,,
"ORF4","NA","2038947","URL","Zebra, Kit, Encoder Sensors for Ribbon Drive System, ZE511, ZE521, Right Hand/Left Hand","02 MED","1.0","42.0","0.0238",,,
"ORF4","NA","2038952","URL","Zebra, Kit, Motor For The Media Drive System ZE511, ZE521, RH","02 MED","1.0","42.0","0.0238",,,
"ORF4","NA","2038959","URL","Zebra, Kit, Platen Support And Guard For Printhead, ZE511 RH & LH","02 MED","1.0","42.0","0.0238",,,
"ORF4","NA","2038961","URL","Zebra, Kit, Roller Plates, ZE511, ZE521, Right Hand","02 MED","1.0","42.0","0.0238",,,
"ORF4","NA","2038966","URL","Zebra, Kit, Print Mechanism, ZE511 Left Hand","02 MED","4.0","42.0","0.0952",,,
"ORF4","NA","2038968","URL","Zebra, Kit, Media Sensor, ZE511 Left Hand","02 MED","1.0","42.0","0.0238",,,
"ORF4","NA","2038971","URL","Zebra, Kit, Motor For The Media Drive System, ZE511, ZE521, LH","02 MED","1.0","42.0","0.0238",,,
"ORF4","NA","2038972","URL","Zebra, Kit, Ribbon Drive System, ZE511, ZE521, Left Hand","02 MED","1.0","42.0","0.0238",,,
"ORF4","NA","2038973","URL","roller Plates ZE511/ZE521 LH","02 MED","1.0","42.0","0.0238",,,
"ORF4","NA","23103","USP","Time Delay, Cylindrical, Fuse, GDC Series, 250VAC, Indicating (5 PK)","02 MED","1.0","8.0","0.125",,,
"ORF4","NA","29142","URL","MANIFOLD,VALVE,8 STATION,MODULAR","02 MED","1.0","42.0","0.0238",,,
"ORF4","NA","3001681","EcoPac","PHOTOCEL S45-PH-5-B03-PH","02 MED","0.0","24.0","0.0",,,
"ORF4","NA","3008688","URL","Dancing Arm – Backing Paper Rewinder RH","02 MED","1.0","42.0","0.0238",,,
"ORF4","NA","3008689","URL","Roller – dancing arm","02 MED","0.0","42.0","0.0",,,
"ORF4","NA","3008690","URL","MINIATURE CIRCUIT BREAKER FORM FK2 4A","02 MED","1.0","42.0","0.0238",,,
"ORF4","NA","3008695","URL","RS232 Com cable","02 MED","1.0","42.0","0.0238",,,
"ORF4","NA","3008711","URL","WEIGHCELL CABLE 11.5M SONIC","02 MED","1.0","42.0","0.0238",,,
"ORF4","NA","3008712","URL","DISC_BREAK","02 MED","0.0","42.0","0.0",,,
"ORF4","NA","3008716","URL","MOTOR AC,0.55KW,23.8NM,221RPM,M1,RAL7031","02 MED","1.0","42.0","0.0238",,,
"ORF4","NA","3008717","URL","UK 6-FSI/C-LED NO3001938","02 MED","0.0","42.0","0.0",,,
"ORF4","NA","3008718","URL","ULTRA-HI-SPEED VISION SYSTEM","02 MED","0.0","42.0","0.0",,,
"ORF4","NA","3008719","URL","SENSOR_INDUCTIVE","02 MED","1.0","42.0","0.0238",,,
"ORF4","NA","3008720","URL","ULTRA-HI-SPEED VISION SYSTEMÂ","02 MED","0.0","42.0","0.0",,,
"ORF4","NA","3008723","URL","Bearing (2 pieces needed) 15x32x9 mm","02 MED","0.0","42.0","0.0",,,
"ORF4","NA","3008724","URL","6MM POLYCORDSTRAIGHT LENGTH: 212MM (INSTALLATION LENGTH)CUT LENGTH: 215MM","02 MED","2.0","42.0","0.0476",,,
"ORF4","NA","3008725","URL","IDLE ROLLER,BAL B-ST ST F12,D79 BB600","02 MED","2.0","42.0","0.0476",,,
"ORF4","NA","3008726","URL","RELAY PC 1CO 110VAC/DC","02 MED","0.0","42.0","0.0",,,
"ORF4","NA","3008727","URL","TAPER LOCK BUSHING,1108,DI20","02 MED","1.0","42.0","0.0238",,,
"ORF4","NA","3008729","URL","Oldham coupling disk","02 MED","0.0","42.0","0.0",,,
"ORF4","NA","3008730","URL","Phoenix Contact 1754465 PCB Plug Screw 5mm 12AWG 320V 12A 3 Position COMBICON MSTB Series","02 MED","0.0","42.0","0.0",,,
"ORF4","NA","3008732","URL","Inner disc 305 mm","02 MED","0.0","42.0","0.0",,,
"ORF4","NA","3008733","URL","SUPPLY_POWER","02 MED","1.0","42.0","0.0238",,,
"ORF4","NA","3008734","URL","Dancing Arm – Backing Paper Rewinder LH","02 MED","1.0","42.0","0.0238",,,
"ORF4","NA","3008735","URL","REWINDER_BACKING_PAPER_RH","02 MED","1.0","42.0","0.0238",,,
"ORF4","NA","3008736","URL","CABLE_APPLICATOR","02 MED","1.0","42.0","0.0238",,,
"ORF4","NA","3008737","URL","V3-GM-10M-PVC, CABLE 10M M8/F/3P/0/A","02 MED","1.0","42.0","0.0238",,,
"ORF4","NA","3008738","URL","Outer disc incl. locking hub","02 MED","0.0","42.0","0.0",,,
"ORF4","NA","3008739","URL","V1-G-10M-PVC, CABLE 10M M12/F/8P/0 10M","02 MED","1.0","42.0","0.0238",,,
"ORF4","NA","3008740","URL","Spacer disc 5mm","02 MED","0.0","42.0","0.0",,,
"ORF4","NA","3008741","URL","Spring - break band","02 MED","6.0","42.0","0.1429",,,
"ORF4","NA","3008742","URL","Siemens 3NW7513-0HG Fuse Holder, 1-P, 32A, 600V, Class Cc F","02 MED","1.0","42.0","0.0238",,,
"ORF4","NA","3008743","URL","CIRCUIT BREAKER MOTOR,CONTACT ,1NO,1NC","02 MED","0.0","42.0","0.0",,,
"ORF4","NA","3008744","URL","S80 Adapter board - “Printer Port”","02 MED","1.0","42.0","0.0238",,,
"ORF4","NA","3008745","URL","BOARD 200041062","02 MED","1.0","42.0","0.0238",,,
"ORF4","NA","3008746","URL","ROLLER_REWIND","02 MED","0.0","42.0","0.0",,,
"ORF4","NA","3008747","URL","Shock absorber 20x15 incl. screw","02 MED","3.0","42.0","0.0714",,,
"ORF4","NA","3008748","URL","Spacer for unwinder 8mm for S80","02 MED","0.0","42.0","0.0",,,
"ORF4","NA","3008749","URL","Warning low level labels; optic sensor","02 MED","1.0","42.0","0.0238",,,
"ORF4","NA","3008750","URL","PLUG DFMC 1,5/ 5-ST-3,5-LR","02 MED","0.0","42.0","0.0",,,
"ORF4","NA","3008751","URL","6MM POLYCORDSTRAIGHT LENGTH: 238MM (INSTALLATION LENGTH)CUT LENGTH: 241MM","02 MED","2.0","42.0","0.0476",,,
"ORF4","NA","3008753","URL","SWITCH_INLET_AND_FUSES","02 MED","0.0","42.0","0.0",,,
"ORF4","NA","3008754","URL","T-COUPLER M8 MALE / 2X M8 FEMALE","02 MED","1.0","42.0","0.0238",,,
"ORF4","NA","3008759","URL","M8 4-POLE PVC 10M CABLE","02 MED","1.0","42.0","0.0238",,,
"ORF4","NA","3008760","URL","SUPPORT_DISC_REWINDER","02 MED","0.0","42.0","0.0",,,
"ORF4","NA","3008761","URL","S80 motor assembly","02 MED","1.0","42.0","0.0238",,,
"ORF4","NA","3008762","URL","Roller – label unwinder","02 MED","0.0","42.0","0.0",,,
"ORF4","NA","3008763","URL","Adapter 76 mm width 30 mm","02 MED","0.0","42.0","0.0",,,
"ORF4","NA","3008764","URL","CLIP DOMINO","02 MED","0.0","42.0","0.0",,,
"ORF4","NA","3008765","URL","MOTOR PROTECTIVE CIRCUIT BREAKER 3P,4A","02 MED","0.0","42.0","0.0",,,
"ORF4","NA","3008767","URL","DRIVE ROLLER,BAL B-ST ST F12,D79 BB600","02 MED","2.0","42.0","0.0476",,,
"ORF4","NA","3008768","URL","SEW VSD DRIVE 115V,0.75KW","02 MED","1.0","42.0","0.0238",,,
"ORF4","NA","3008769","URL","CONNECTOR PHOENIX PLUG,12 WAY","02 MED","0.0","42.0","0.0",,,
"ORF4","NA","3008771","URL","RING_GUIDE","02 MED","3.0","42.0","0.0714",,,
"ORF4","NA","3008773","URL","Photocell cable, 5 m","02 MED","1.0","42.0","0.0238",,,
"ORF4","NA","3008774","URL","CABLE WEIGHCELL,0.1M,ADAPTER,SCALA-LIBRA","02 MED","1.0","42.0","0.0238",,,
"ORF4","NA","3016911","URL","SENSOR HEAD, 980MM","02 MED","0.0","21.0","0.0",,,
"ORF4","NA","3020087","URL","ROLLER_DRIVE","02 MED","1.0","15.0","0.0667",,,
"ORF4","NA","3022931","USP","MALE INSERT 5 PIN","01 HIGH","1.0","66.0","0.0152",,,
"ORF4","NA","3022932","USP","SENSOR FLAG PIN, USP TRIGGER GATE","01 HIGH","1.0","108.0","0.0093",,,
"ORF4","NA","3022933","USP","STANDARD HOOD TOP ENTRY","01 HIGH","1.0","38.0","0.0263",,,
"ORF4","NA","3022935","USP","M8 LOCK WASHERS (OR BLACK OXIDE EQUIVALENT)","01 HIGH","1.0","24.0","0.0417",,,
"ORF4","NA","3022938","USP","CAPTIVE SCREW RETAINER","01 HIGH","24.0","21.0","1.1429",,,
"ORF4","NA","3022940","USP","VERTICAL JAW CABLE MANAGEMENT BACKING PLATE","01 HIGH","1.0","38.0","0.0263",,,
"ORF4","NA","3022941","USP","VERTICAL TOP, POWERSONIC MATED M12 + LBO2K","01 HIGH","5.0","70.0","0.0714",,,
"ORF4","NA","3022942","USP","CLAMP, LOOP NYLON 7/8"" X 1 1/2","01 HIGH","1.0","21.0","0.0476",,,
"ORF4","NA","3022943","USP","HORIZONTAL REAR, POWERSONIC MATED M12 + LBO3K","01 HIGH","5.0","70.0","0.0714",,,
"ORF4","NA","3022944","USP","CAPTIVE GUARDING SCREWS","01 HIGH","24.0","24.0","1.0",,,
"ORF4","NA","3022945","USP","VERTICAL BOTTOM LOAD CELL","01 HIGH","5.0","70.0","0.0714",,,
"ORF4","NA","3022947","USP","HORIZONTAL JAW CABLE MANAGEMENT BACKING PLATE","01 HIGH","1.0","38.0","0.0263",,,
"ORF4","NA","3022948","USP","FLAT HEAD SOCKET CAP SCREW","01 HIGH","1.0","24.0","0.0417",,,
"ORF4","NA","3022949","USP","MCMASTER ZIP TIE MOUNT","01 HIGH","1.0","24.0","0.0417",,,
"ORF4","NA","3022950","USP","HORIZONTAL FRONT, POWERSONIC MATED M12 + LBO3K","01 HIGH","5.0","70.0","0.0714",,,
"ORF4","NA","3022952","USP","GALVANIZED STEEL , EPDM CUSHIO","01 HIGH","1.0","24.0","0.0417",,,
"ORF4","NA","3022953","USP","GUARDING T-BLOCK","01 HIGH","24.0","24.0","1.0",,,
"ORF4","NA","3022956","USP","ROTATED CABLE EXIT VERTICAL LOAD CELL HOLDER BLOCK","01 HIGH","1.0","108.0","0.0093",,,
"ORF4","NA","3022957","USP","WASHER, M5, SST","01 HIGH","1.0","24.0","0.0417",,,
"ORF4","NA","3022958","USP","DIVERT PLATE, TOP","01 HIGH","1.0","94.0","0.0106",,,
"ORF4","NA","3022959","USP","SHOULDER BOLT, 12MMX40MM, M10","01 HIGH","1.0","42.0","0.0238",,,
"ORF4","NA","3022961","USP","FRONT PLATE","01 HIGH","1.0","94.0","0.0106",,,
"ORF4","NA","3022962","USP","DIVERT PLATE, LEFT","01 HIGH","1.0","30.0","0.0333",,,
"ORF4","NA","3022964","USP","DIVERT PLATE, REJECT COVER","01 HIGH","1.0","94.0","0.0106",,,
"ORF4","NA","3022967","USP","ZIP TIES, STANDARD","01 HIGH","0.0","24.0","0.0",,,
"ORF4","NA","3022969","USP","VERTICAL CARTRIDGE HEATER","01 HIGH","1.0","66.0","0.0152",,,
"ORF4","NA","3022971","USP","FAST CONNECTION-PEG","01 HIGH","1.0","24.0","0.0417",,,
"ORF4","NA","3022976","USP","FLAT HEAD SOCKET CAP SCREW","01 HIGH","1.0","24.0","0.0417",,,
"ORF4","NA","3022977","USP","GUIDED PNUEMATIC CYLINDER DFM-16-125-B-PPV-A-KF","01 HIGH","1.0","25.0","0.04",,,
"ORF4","NA","3022978","USP","LIDAR SENSOR PICS150-01000 core 1","01 HIGH","1.0","95.0","0.0105",,,
"ORF4","NA","3022981","USP","UNDER JAW BULK HEAD PLATE","01 HIGH","1.0","108.0","0.0093",,,
"ORF4","NA","3022984","USP","8MM X 14MM LOW SOCKET HEAD MACHINE SCREWS (OR BLACK OXIDE EQUIVALENT)","01 HIGH","1.0","24.0","0.0417",,,
"ORF4","NA","3022985","USP","ROTATED CABLE EXIT HORIZONTAL LOAD CELL HOLDER BLOCK","01 HIGH","1.0","24.0","0.0417",,,
"ORF4","NA","3025738","USP","COATED 9"" FOUR HOLE AIR ASSIST TUBE - MP-211-2230-9","02 MED","3.0","1.0","3.0",,,
"ORF4","NA","3029777","USP","Ring, Centering sleeve ZBH-7-B","01 HIGH","1.0","28.0","0.0357",,,
"ORF4","NA","3029778","USP","CABLE, NIP ROLLER MOTOR SERVO","01 HIGH","0.0","70.0","0.0",,,
"ORF4","NA","3031139","USP","RIGHT HORIZONTAL HEATER CABLE","01 HIGH","1.0","21.0","0.0476",,,
"ORF4","NA","3032133","USP","COMPRESSION SPRING T=1.4 OD=20 ID=17","01 HIGH","3.0","28.0","0.1071",,,
"ORF4","NA","3033957","USP","Ring, Centering sleeve ZBH-5-B","01 HIGH","1.0","28.0","0.0357",,,
"ORF4","NA","30366879","URL","6.8M PIXEL CODE READER","02 MED","0.0","42.0","0.0",,,
"ORF4","NA","3036880","URL","SR-5000X POLARIZING FILTER","02 MED","0.0","21.0","0.0",,,
"ORF4","NA","3037848","USP","LEFT VER HEATER CABLE ASSY","01 HIGH","1.0","108.0","0.0093",,,
"ORF4","NA","3037849","USP","RIGHT VER HEATER CABLE ASSY","01 HIGH","1.0","108.0","0.0093",,,
"ORF4","NA","3037850","USP","ZIP TIES, STANDARD","01 HIGH","0.0","24.0","0.0",,,
"ORF4","NA","3037851","USP","ALTERNATE PLASTIC P-CLIP (MUST DRILL MOUNTING HOLE TO M6)","01 HIGH","1.0","24.0","0.0417",,,
"ORF4","NA","3040795","EcoPac","STOP 95X30X14","02 MED","0.0","24.0","0.0",,,
"ORF4","NA","3040796","EcoPac","SHARE 770X8X8","02 MED","0.0","22.0","0.0",,,
"ORF4","NA","3040797","EcoPac","SHARE 400X28X8","02 MED","0.0","21.0","0.0",,,
"ORF4","NA","3043405","USP","SENSOR CABLE FEMALE 5-POLE M12 STRAIGHT A CODED TO OPEN END PUR BLACK 5M","02 MED","1.0","21.0","0.0476",,,
"ORF4","NA","3043410","USP","POWER CABLE FOR D-MAX CONTROLLER 5M LENGTH","02 MED","4.0","56.0","0.0714",,,
"ORF4","NA","3051070","URL","MT11071, SPRING","02 MED","2.0","42.0","0.0476",,,
"ORF4","NA","3055424","URL","OP-88439, 10M POWER CABLE","02 MED","1.0","30.0","0.0333",,,
"ORF4","NA","3062874","URL","KEYENCE - CA-E200LJ, LJ-X/LJ-V INPUT UNIT","02 MED","0.0","21.0","0.0",,,
"ORF4","NA","3077242","URL","SUPPLY TERM BLOCK 24V 10+FUSE","02 MED","1.0","14.0","0.0714",,,
"ORF4","NA","3077246","URL","PNOZ m B0","02 MED","2.0","140.0","0.0143",,,
"ORF4","NA","3077248","URL","PNOZ m EF 8DI4DO","02 MED","2.0","140.0","0.0143",,,
"ORF4","NA","3077250","URL","PNOZ m EF 4DI4RO","02 MED","2.0","140.0","0.0143",,,
"ORF4","NA","3077254","URL","XG-X2902LJ, CAMERA CONTROLLER","02 MED","0.0","30.0","0.0",,,
"ORF4","NA","3077257","URL","WAGO - 750-631/000-010","01 HIGH","1.0","14.0","0.0714",,,
"ORF4","NA","3077259","URL","Upper Arm","02 MED","5.0","56.0","0.0893",,,
"ORF4","NA","3077260","URL","Gearbox main axis","02 MED","2.0","56.0","0.0357",,,
"ORF4","NA","3077261","URL","Parallel plate with bearing and ball pins","02 MED","5.0","56.0","0.0893",,,
"ORF4","NA","3077262","URL","Slide films ‐ three sets of three","02 MED","2.0","56.0","0.0357",,,
"ORF4","NA","3077263","URL","PINS_BALL_SET_12","02 MED","2.0","56.0","0.0357",,,
"ORF4","NA","3077264","URL","SOCKETS_BALL_SET_12","02 MED","2.0","56.0","0.0357",,,
"ORF4","NA","3077266","URL","Telescopic axis","02 MED","5.0","56.0","0.0893",,,
"ORF4","NA","3077267","URL","P6 ROBOT ARM ASSEMBLY","02 MED","5.0","56.0","0.0893",,,
"ORF4","NA","3077268","URL","Plain bearing","02 MED","3.0","56.0","0.0536",,,
"ORF4","NA","3077269","URL","Upper universal joint","02 MED","7.0","56.0","0.125",,,
"ORF4","NA","3077270","URL","Lower universal joint","02 MED","7.0","56.0","0.125",,,
"ORF4","NA","3077271","URL","INTERLOCK SW. (FULLY CODED) 24VDC","02 MED","2.0","140.0","0.0143",,,
"ORF4","NA","3077273","URL","NON-CONTACT SAFETY SWITCH","02 MED","2.0","140.0","0.0143",,,
"ORF4","NA","3077284","URL","INCREMENTAL ENCODER","01 HIGH","1.0","70.0","0.0143",,,
"ORF4","NA","3077285","URL","DOL-2312-G10MMA3 CABLE","02 MED","1.0","42.0","0.0238",,,
"ORF4","NA","3077289","URL","ALTIVAR 055KW ON MACHINE INVERTER","02 MED","1.0","42.0","0.0238",,,
"ORF4","NA","3077290","URL","ALTIVAR 1.5KW ON MACHINE INVERTER","02 MED","1.0","42.0","0.0238",,,
"ORF4","NA","3077291","URL","COMMS ADAPTER","02 MED","1.0","42.0","0.0238",,,
"ORF4","NA","3077292","URL","ALTIVAR 075KW ON MACHINE INVERTER","02 MED","1.0","42.0","0.0238",,,
"ORF4","NA","3083137","URL","STANDARD LENGTH PEEL BAR ZE511 RH & LH","02 MED","1.0","42.0","0.0238",,,
"ORF4","NA","3125137","URL","V1-W-10M-PVC, FEMALE CORDSET 10M CABLE","02 MED","1.0","30.0","0.0333",,,
"ORF4","NA","3127815","URL","Pivot Bar and Toggle Assemblies ZE511 RH & LH","02 MED","2.0","21.0","0.0952",,,
"ORF4","NA","3127827","URL","Zebra, Kit, Wireless Wi-Fi 802,11ac, USA and Canada, Includes magnetic antenna mount, ZE511, ZE521, RH & LH","02 MED","1.0","42.0","0.0238",,,
"ORF4","NA","3129266","URL","Pressure Regulator","02 MED","1.0","14.0","0.0714",,,
"ORF4","NA","3129268","URL","Lagged Idle Roller","02 MED","2.0","28.0","0.0714",,,
"ORF4","NA","3129282","URL","Drive Motor","02 MED","4.0","56.0","0.0714",,,
"ORF4","NA","3129285","URL","RJ45 INDUSTRIAL PLUG 09451511100","02 MED","5.0","30.0","0.1667",,,
"ORF4","NA","3129286","URL","Encoder Roller Bearing","01 HIGH","2.0","14.0","0.1429",,,
"ORF4","NA","3129287","URL","Drive Roller Bearing","02 MED","2.0","14.0","0.1429",,,
"ORF4","NA","3129290","URL","Roller Table Assembly - LH","02 MED","1.0","30.0","0.0333",,,
"ORF4","NA","3129291","URL","Roller Table Assembly - RH","02 MED","1.0","30.0","0.0333",,,
"ORF4","NA","3129293","URL","Vacuum Generator","02 MED","2.0","21.0","0.0952",,,
"ORF4","NA","3129296","URL","AUX CONTACT BLOCK","02 MED","2.0","28.0","0.0714",,,
"ORF4","NA","3129298","URL","OULDED CIRCUIT BREAKER","02 MED","2.0","28.0","0.0714",,,
"ORF4","NA","3129309","URL","24VDC PLUG IN RELAY","02 MED","2.0","28.0","0.0714",,,
"ORF4","NA","3129312","URL","ILLUMINATED ESTOP STATION","02 MED","2.0","28.0","0.0714",,,
"ORF4","NA","3129313","URL","2500VA 480/115VAC TRANSFORMER","02 MED","1.0","28.0","0.0357",,,
"ORF4","NA","3129320","URL","6.3A FUSE","02 MED","3.0","14.0","0.2143",,,
"ORF4","NA","3129323","URL","CONTROL SYSTEM","01 HIGH","2.0","28.0","0.0714",,,
"ORF4","NA","3129325","URL","KEYENCE FS-N41C Sensor de fibra óptica","02 MED","1.0","21.0","0.0476",,,
"ORF4","NA","3129326","URL","FIBRE UNIT REFLECTIVE","02 MED","1.0","21.0","0.0476",,,
"ORF4","NA","3129335","URL","ENCODER SPLITTER","01 HIGH","1.0","140.0","0.0071",,,
"ORF4","NA","3129339","URL","PNOZ m B1","02 MED","2.0","140.0","0.0143",,,
"ORF4","NA","3129340","URL","PNOZ m EF SAFETYNET","02 MED","2.0","140.0","0.0143",,,
"ORF4","NA","3129354","URL","USB TO SERIAL CABLE","02 MED","1.0","14.0","0.0714",,,
"ORF4","NA","3129355","URL","15"" INDUSTRIAL DISPLAY","02 MED","0.0","42.0","0.0",,,
"ORF4","NA","3129368","URL","SERVO CONTROL MODULE","01 HIGH","1.0","42.0","0.0238",,,
"ORF4","NA","3129369","URL","ILM DISTRIBUTION BOX ILM62DB, 1I / 4O","01 HIGH","1.0","42.0","0.0238",,,
"ORF4","NA","3129370","URL","MOTION CONTROLLER LMC402 16 AXIS - ACC KIT - BASIC","01 HIGH","1.0","42.0","0.0238",,,
"ORF4","NA","3129371","URL","SERVO POWER SUPPLY","01 HIGH","1.0","42.0","0.0238",,,
"ORF4","NA","3129372","URL","ETHERNET TCP/IP COMMUNICATION CARD","02 MED","1.0","42.0","0.0238",,,
"ORF4","NA","3192291","EcoPac","POINT I/O COMM ADAPTER","02 MED","1.0","60.0","0.0167",,,
"ORF4","NA","328138","URL","Toothed belt: 475-5MHP-15","02 MED","2.0","30.0","0.0667",,,
"ORF4","NA","3288500","URL","Tension Roller Assembly","02 MED","2.0","42.0","0.0476",,,
"ORF4","NA","3288501","URL","Tension Roller Assembly","02 MED","2.0","42.0","0.0476",,,
"ORF4","NA","3288504","URL","Drive Motor","02 MED","2.0","42.0","0.0476",,,
"ORF4","NA","33053","USP","SENSOR CABLE, 5M GREY, M12 FEMALE 8P STRAIGHT TO OPEN ENDED, CONTINUOUS FLEX, PUR-OB","02 MED","4.0","63.0","0.0635",,,
"ORF4","NA","3316630","URL","FITTING_PLASTIC","01 HIGH","7.0","21.0","0.3333",,,
"ORF4","NA","3316631","URL","FITTING_PLASTIC","01 HIGH","23.0","21.0","1.0952",,,
"ORF4","NA","3316632","URL","PLUNGER_SPRING","01 HIGH","7.0","21.0","0.3333",,,
"ORF4","NA","3361381","USP","Fork sensor","01 HIGH","1.0","28.0","0.0357",,,
"ORF4","NA","3464199","USP","SENSOR, FIBER OPTIC THIN ZERO SPACE, SIDE VIEW TYP","01 HIGH","1.0","30.0","0.0333",,,
"ORF4","NA","3466127","USP","SCANNER,BARCODE:DM363 SMARTPACK PRESENTATION READER","02 MED","2.0","14.0","0.1429",,,
"ORF4","NA","3466132","USP","PNUEMATIC FITTING","02 MED","4.0","21.0","0.1905",,,
"ORF4","NA","3466134","USP","ROLLING BEARING  61802-2RS1","02 MED","24.0","4.0","6.0",,,
"ORF4","NA","3466138","USP","VERTICAL VPL SERIES, FRAME SIZE 100MM, T WINDING, RATED SPEED 7200-80","02 MED","4.0","21.0","0.1905",,,
"ORF4","NA","3466140","USP","KINETIX VP LOW INERTIA MOTOR,","01 HIGH","4.0","21.0","0.1905",,,
"ORF4","NA","3466144","USP","SERVO DRIVE","01 HIGH","4.0","21.0","0.1905",,,
"ORF4","NA","3466147","USP","COMPACT CYLINDER ADN-32-25-I-P-A-S2","02 MED","4.0","21.0","0.1905",,,
"ORF4","NA","3466149","USP","PIVOT BLOCK","02 MED","8.0","14.0","0.5714",,,
"ORF4","NA","3466152","USP","SENSOR MOUNT","03 LOW","4.0","21.0","0.1905",,,
"ORF4","NA","3466153","USP","RIGHT VERTICAL SEAL BAR ASSY","01 HIGH","4.0","21.0","0.1905",,,
"ORF4","NA","3466158","USP","SPRING PLUNGER, BALL-NOSE HARD","02 MED","60.0","4.0","15.0",,,
"ORF4","NA","3466191","USP","ROD COUPLER, M10X1.25, STEEL (","03 LOW","4.0","21.0","0.1905",,,
"ORF4","NA","3466204","USP","M8X1.25 X 16 MM LG, STROKE 1.5MM, MAX TEMP. 250C, THREAD-LOCKING, CERAMIC BALL","01 HIGH","60.0","4.0","15.0",,,
"ORF4","NA","3466208","USP","BEARING SPACER; INNER; 20 ID X 27 OD X 5 THICK","02 MED","24.0","28.0","0.8571",,,
"ORF4","NA","3466223","USP","243TEETH 32 T5/1215","01 HIGH","4.0","11.0","0.3636",,,
"ORF4","NA","3466247","USP","KINETIX VP MOTOR CABLE","01 HIGH","4.0","21.0","0.1905",,,
"ORF4","NA","3466248","USP","PRECISION LINEAR SHAFT, DIA 12","02 MED","4.0","28.0","0.1429",,,
"ORF4","NA","3466251","USP","PIVOT BLOCK - LEFT HORIZONTAL","01 HIGH","4.0","21.0","0.1905",,,
"ORF4","NA","3516102","URL","24408449 TOOTHED BELT PULLEY TL N36 5M","02 MED","1.0","30.0","0.0333",,,
"ORF4","NA","3516105","URL","CIRCUIT BREAKER 230VAC 1P 30552422","02 MED","1.0","30.0","0.0333",,,
"ORF4","NA","3516106","URL","CIRCUIT BREAKER 230VAC 6A 30552418","02 MED","1.0","30.0","0.0333",,,
"ORF4","NA","3516111","URL","RJ45 INDUSTRIAL PLUG 09451511100","02 MED","0.0","30.0","0.0",,,
"ORF4","NA","3516116","URL","Break Band 410 mm","02 MED","3.0","30.0","0.1",,,
"ORF4","NA","3516120","URL","99-3379-100-03, M8 CABLE CONNECTOR","02 MED","1.0","30.0","0.0333",,,
"ORF4","NA","3516122","URL","RJ45 INDUSTRIAL PLUG 09451511100","02 MED","1.0","30.0","0.0333",,,
"ORF4","NA","3516129","URL","LED TUBE 16W 24VDC 4000-75800-1715016","02 MED","0.0","30.0","0.0",,,
"ORF4","NA","3516135","URL","VW3E1142R030 HYBRID CABLE DB 4 DOWN","02 MED","1.0","30.0","0.0333",,,
"ORF4","NA","3516136","URL","VW3E1141R100 HYBRID CABLE 10M","02 MED","1.0","30.0","0.0333",,,
"ORF4","NA","3516137","URL","RJ45 INDUSTRIAL PLUG 09451511100","02 MED","1.0","30.0","0.0333",,,
"ORF4","NA","3524194","EcoPac","STRAP D  5MM   POLYCORD","02 MED","0.0","5.0","0.0",,,
"ORF4","NA","3524238","EcoPac","PHOTOCEL S45-PH-5-B03-PH","01 HIGH","1.0","30.0","0.0333",,,
"ORF4","NA","3524251","EcoPac","PHOTOCEL S45-PH-5-B03-PH","01 HIGH","0.0","30.0","0.0",,,
"ORF4","NA","3524276","EcoPac","PHOTOCEL S45-PH-5-B03-PH","01 HIGH","0.0","15.0","0.0",,,
"ORF4","NA","3524277","EcoPac","PHOTOCEL S45-PH-5-B03-PH","01 HIGH","0.0","50.0","0.0","0.0111","2.0",
"ORF4","NA","3524279","EcoPac","PHOTOCEL S45-PH-5-B03-PH","01 HIGH","0.0","30.0","0.0",,,
"ORF4","NA","3524280","EcoPac","PHOTOCEL S45-PH-5-B03-PH","01 HIGH","0.0","30.0","0.0",,,
"ORF4","NA","3524282","EcoPac","PHOTOCEL S45-PH-5-B03-PH","01 HIGH","0.0","30.0","0.0",,,
"ORF4","NA","3524283","EcoPac","PHOTOCEL S45-PH-5-B03-PH","01 HIGH","0.0","30.0","0.0",,,
"ORF4","NA","3524284","EcoPac","PHOTOCEL S45-PH-5-B03-PH","01 HIGH","0.0","30.0","0.0",,,
"ORF4","NA","3524285","EcoPac","PHOTOCEL S45-PH-5-B03-PH","01 HIGH","0.0","30.0","0.0",,,
"ORF4","NA","3524286","EcoPac","PHOTOCEL S45-PH-5-B03-PH","01 HIGH","0.0","30.0","0.0",,,
"ORF4","NA","3524289","EcoPac","RING OR SP.3.5  D36 INTERNAL","02 MED","4.0","10.0","0.4",,,
"ORF4","NA","3524290","EcoPac","ROBA ES-SIZE 19 940-755 A-S D20-20 L=45","02 MED","0.0","10.0","0.0",,,
"ORF4","NA","3524374","EcoPac","PHOTOCEL S45-PH-5-B03-PH","02 MED","1.0","15.0","0.0667",,,
"ORF4","NA","3524417","EcoPac","VALVOLA VHEF-ES-B52-G18","01 HIGH","0.0","15.0","0.0",,,
"ORF4","NA","3524434","EcoPac","PHOTOCEL S45-PH-5-B03-PH","01 HIGH","0.0","20.0","0.0",,,
"ORF4","NA","3524435","EcoPac","PHOTOCEL S45-PH-5-B03-PH","01 HIGH","0.0","20.0","0.0",,,
"ORF4","NA","3524441","EcoPac","STAFFA SMBR  8-8","01 HIGH","1.0","15.0","0.0667",,,
"ORF4","NA","3524442","EcoPac","VALVOLA OBLIQUA  VZXF-L-M22C-M-A","01 HIGH","0.0","15.0","0.0",,,
"ORF4","NA","3524501","EcoPac","PIN SQ20X65 D6 L13 B19 M8","02 MED","6.0","22.0","0.2727",,,
"ORF4","NA","3524502","EcoPac","PHOTOCEL S45-PH-5-B03-PH","01 HIGH","1.0","22.0","0.0455",,,
"ORF4","NA","3524503","EcoPac","STAFFA 101X15X15","01 HIGH","0.0","23.0","0.0","0.0056","1.0",
"ORF4","NA","3524530","EcoPac","ROD 835 X 30 X 8","01 HIGH","0.0","21.0","0.0",,,
"ORF4","NA","3524538","EcoPac","SHARE 95X94X20","02 MED","0.0","16.0","0.0",,,
"ORF4","NA","3524548","EcoPac","STOP 200X18X8","01 HIGH","1.0","32.0","0.0313",,,
"ORF4","NA","3524549","EcoPac","STOP 48.5X18X9","01 HIGH","1.0","24.0","0.0417",,,
"ORF4","NA","3524550","EcoPac","STOP 211.5X18X8","01 HIGH","1.0","32.0","0.0313",,,
"ORF4","NA","3524551","EcoPac","ROLLER D70X221 D35","01 HIGH","1.0","24.0","0.0417",,,
"ORF4","NA","3524553","EcoPac","PHOTOCEL S45-PH-5-B03-PH","02 MED","1.0","20.0","0.05",,,
"ORF4","NA","3524555","EcoPac","ROLLER D45X60 D25","01 HIGH","1.0","24.0","0.0417",,,
"ORF4","NA","3524556","EcoPac","SHAFT D 25X1070","01 HIGH","0.0","22.0","0.0",,,
"ORF4","NA","3524557","EcoPac","ROLLER D55X958 D25","01 HIGH","0.0","21.0","0.0",,,
"ORF4","NA","3524558","EcoPac","SHARE  145X25X2","02 MED","3.0","12.0","0.25",,,
"ORF4","NA","3524559","EcoPac","SHAFT D 25X160.5","01 HIGH","0.0","40.0","0.0",,,
"ORF4","NA","3524565","EcoPac","PHOTOCEL S45-PH-5-B03-PH","03 LOW","0.0","22.0","0.0",,,
"ORF4","NA","3524566","EcoPac","PHOTOCEL S45-PH-5-B03-PH","03 LOW","0.0","22.0","0.0",,,
"ORF4","NA","3524567","EcoPac","PHOTOCEL S45-PH-5-B03-PH","01 HIGH","0.0","30.0","0.0",,,
"ORF4","NA","3524569","EcoPac","PHOTOCEL S45-PH-5-B03-PH","01 HIGH","0.0","7.0","0.0","0.0056","1.0",
"ORF4","NA","3524570","EcoPac","SHAFT D 25X563.5","01 HIGH","0.0","16.0","0.0",,,
"ORF4","NA","3524571","EcoPac","SHAFT D 25X205","01 HIGH","0.0","21.0","0.0",,,
"ORF4","NA","3524577","EcoPac","WHEEL D41 X13 D22","01 HIGH","1.0","16.0","0.0625",,,
"ORF4","NA","3524582","EcoPac","PHOTOCEL S45-PH-5-B03-PH","01 HIGH","0.0","30.0","0.0",,,
"ORF4","NA","3524593","EcoPac","PHOTOCEL S45-PH-5-B03-PH","02 MED","0.0","30.0","0.0",,,
"ORF4","NA","3524601","EcoPac","PHOTOCEL S45-PH-5-B03-PH","01 HIGH","0.0","5.0","0.0",,,
"ORF4","NA","3524604","EcoPac","PHOTOCEL S45-PH-5-B03-PH","01 HIGH","0.0","5.0","0.0","0.0056","1.0",
"ORF4","NA","3546294","USP","Kinetix VP Motor Cable, 4m","01 HIGH","0.0","90.0","0.0",,,
"ORF4","NA","41867","URL","SUPER SMALL LASER SENSOR HEAD AREA BEAM RETRO REFLECTIVE","02 MED","2.0","21.0","0.0952",,,
"ORF4","NA","44819","URL","TN2511 ELECTRONIC TEMPERATURE SENSOR","01 HIGH","5.0","42.0","0.119",,,
"ORF4","NA","47016","URL","FLANGE BEARING, 2-HOLE, 1-7/16"" BORE","02 MED","2.0","42.0","0.0476",,,
"ORF4","NA","49225","USP","HEX HEAD CAP SCREW  CTM PM-FAHHSS50557","02 MED","1.0","20.0","0.05",,,
"ORF4","NA","49960","USP","MDC100-050101 DRIVE","02 MED","1.0","21.0","0.0476",,,
"ORF4","NA","55600","URL","OUTLET FILTER, STANDARD, 255MMX255MM","02 MED","8.0","42.0","0.1905",,,
"ORF4","NA","65023","URL","Zebra Kit Medien Führung ZE500 Serie","02 MED","1.0","42.0","0.0238",,,
"ORF4","NA","65242","URL","Zebra, Kit Upper Segmented Pinch Roller Assembly ZE500-4 LH","02 MED","1.0","42.0","0.0238",,,
"ORF4","NA","65245","URL","Upper Segmented Pinch Roller Assembly ZE511 RH","02 MED","1.0","42.0","0.0238",,,
"ORF4","NA","66809","URL","TWO HOLE FLANGE BEARING GLCTEY","02 MED","2.0","42.0","0.0476",,,
"ORF4","NA","69833","URL","INPUT TERMINAL-WAGO TYPE 750-430 FOR PLC10 SATELLITE PANEL","02 MED","0.0","21.0","0.0",,,
"ORF4","NA","69834","URL","OUTPUT TERMINAL-WAGO TYPE 750-530 FOR PLC10 SATELLITE PANEL","02 MED","0.0","40.0","0.0",,,
"ORF4","NA","71920","URL","SMC - KQ2P-11, FITTING, 3/8""","02 MED","1.0","42.0","0.0238",,,
"ORF4","NA","72899","URL","Zebra - P1046696-146, Extended Life Drive Belts","02 MED","3.0","8.0","0.375",,,
"ORF4","NA","76186","URL","UL1489, CIRCUIT BREAKER, UL1489, 1-POLE, TRIP CURVE C, 277VAC, 48VDC, 40 AMP","02 MED","3.0","28.0","0.1071",,,
"ORF4","NA","76580","USP","PROGRAMMED MAPLE DISPLAY UNIT FOR 3600A APPLICATOR","02 MED","1.0","20.0","0.05",,,
"ORF4","NA","76987","EcoPac","PHOTOCEL S45-PH-5-B03-PH","01 HIGH","0.0","35.0","0.0",,,
"ORF4","NA","77864","URL","STARTER, MANUAL 3PH 460V 1HP 1.6-2.5A","02 MED","1.0","42.0","0.0238",,,
"ORF4","NA","79667","EcoPac","RSSB ID 36637-1-POINT I/O Dual Port Network Adaptor","02 MED","0.0","21.0","0.0",,,
"ORF4","NA","79676","EcoPac","Point guard i/o safety module","02 MED","0.0","14.0","0.0",,,
"ORF4","NA","85098","EcoPac","Plug Socket With Cable","02 MED","1.0","30.0","0.0333",,,
"ORF4","NA","87441","URL","SITOP PSU300S/3AC/24VDC/20A","02 MED","0.0","14.0","0.0",,,
"ORF4","NA","92775","URL","SERIES 7000 21"" X 5.85' (22 ROWS) TRANSVERSE ROLLER V3 GREY ACETAL WITH BLACK POLYURETHANE AND ORANGE WEAR RESISTANT ACETAL ROLLER AND WHITE NYLON AXLE BOXED BELT WITH NATURAL ABRASION RESISTANT RODS","02 MED","0.0","42.0","0.0",,,
"ORF4","NA","97607","URL","UL 489 CIRCUIT BREAKER, 3A, 1 POLE, CURVE C, 10KAIC @ 480/277VAC","02 MED","3.0","113.0","0.0265",,,
"ORF4","NA","99304","URL","Spiratex components barcap 0,63""","02 MED","3.0","42.0","0.0714",,,
"ORF4","NA","C-1005","EcoPac","PHOTOCEL S45-PH-5-B03-PH","01 HIGH","3.0","14.0","0.2143",,,
"ORF4","NA","C-1020","EcoPac","PHOTOCEL S45-PH-5-B03-PH","01 HIGH","3.0","14.0","0.2143",,,
"ORF4","NA","C-1049","EcoPac","PHOTOCEL S45-PH-5-B03-PH","01 HIGH","1.0","14.0","0.0714",,,
"ORF4","NA","C-1087","EcoPac","YF8U14-050UA3XLEAX","01 HIGH","3.0","14.0","0.2143",,,
"ORF4","NA","C-1105","EcoPac","PHOTOCEL S45-PH-5-B03-PH","01 HIGH","3.0","14.0","0.2143",,,
"ORF4","NA","C-1158","EcoPac","TIME DELAY FUSE, AMP TRAP 2000® 10A, ATDR KLASSE CC","02 MED","15.0","14.0","1.0714",,,
"ORF4","NA","C-1163","EcoPac","FUSE, DELAY CLASS CC 600V 4AMP","02 MED","15.0","31.0","0.4839",,,
"ORF4","NA","C-1165","EcoPac","FUSE,CLASS CC,600 VOLTS,10 AMPS","02 MED","15.0","14.0","1.0714",,,
"ORF4","NA","C-1167","EcoPac","FUSE,CLASS CC,600 VOLTS,6 AMPS","02 MED","12.0","14.0","0.8571",,,
"ORF4","NA","C-1183","EcoPac","PHOTOCEL S45-PH-5-B03-PH","01 HIGH","0.0","14.0","0.0",,,
"ORF4","NA","C-1184","EcoPac","ROD EYE, 9261","02 MED","0.0","14.0","0.0",,,
"ORF4","NA","C-1204","EcoPac","PHOTOCEL S45-PH-5-B03-PH","01 HIGH","0.0","14.0","0.0",,,
"ORF4","NA","C-1209","EcoPac","MOTOR 71B","01 HIGH","0.0","14.0","0.0",,,
"ORF4","NA","C-1212","EcoPac","MOTOR ST90SC4-UL-1,5HP 4P B14","01 HIGH","0.0","14.0","0.0",,,
"ORF4","NA","C-1217","EcoPac","PHOTOCEL S45-PH-5-B03-PH","01 HIGH","0.0","31.0","0.0",,,
"ORF4","NA","C-1218","EcoPac","ND-PISTOLA MB2-BE00AIATTSSFP41-000000","01 HIGH","0.0","14.0","0.0","0.0167","3.0",
"ORF4","NA","C-1232","EcoPac","SICK RAY26P-34162530A00 4P M12ST MONITORING HEIGHT 55MM, PRODUCT MIN 5MM (LIGHT","01 HIGH","0.0","14.0","0.0",,,
"ORF4","NA","C-1236","EcoPac","STRAP PLATE HTD 8M LARGH.30","01 HIGH","1.0","14.0","0.0714",,,
"ORF4","NA","C-1260","EcoPac","RELE' MY4-US 24VDC 4 SCAMBI","01 HIGH","0.0","14.0","0.0",,,
"ORF4","NA","C-1261","EcoPac","SOLID STATE RELAY","02 MED","1.0","14.0","0.0714",,,
"ORF4","NA","C-1262","EcoPac","RELE' PLC-RSC-24DC/21 1SC. + ZOCCOLO","01 HIGH","1.0","12.0","0.0833",,,
"ORF4","NA","C-1306","EcoPac","SOLENOID PLUG 5M PVC CABLE","02 MED","1.0","14.0","0.0714",,,
"ORF4","NA","C-1342","EcoPac","SPRING D22X32 D3 N.7 SPIRE COMP","01 HIGH","1.0","14.0","0.0714",,,
"ORF4","NA","C-1346","EcoPac","SPRING D35X17.5 D3.5 N.4 SPIRE TORS","01 HIGH","1.0","14.0","0.0714",,,
"ORF4","NA","C-1358","EcoPac","SUPPORT SUM  -10  H15  -M 6","01 HIGH","10.0","14.0","0.7143",,,
"ORF4","NA","C-1364","EcoPac","TOOTHED BELT     5M-15 HTD METRAGGIO","01 HIGH","30.0","14.0","2.1429",,,
"ORF4","NA","C-1365","EcoPac","TOOTHED BELT, 1M-25 HTD","01 HIGH","20.0","14.0","1.4286",,,
"ORF4","NA","C-1372","EcoPac","TOOTHED BELT 720 8M-30 HTD","01 HIGH","0.0","14.0","0.0",,,
"ORF4","NA","C-1389","EcoPac","SOLENOID VALVE VUVS-L20-M52-AD-G18-F7-1C1","01 HIGH","0.0","14.0","0.0",,,
"ORF4","NA","C-1411","EcoPac","VITE M6X L126 DX","02 MED","4.0","31.0","0.129",,,
"ORF4","NA","C-1413","EcoPac","SUPPORT SFT 20","01 HIGH","1.0","14.0","0.0714",,,
"ORF4","NA","C-1639","EcoPac","FUSE ATQR20 20A CLASS CC TIME DELAY","02 MED","15.0","14.0","1.0714",,,
"ORF4","NA","C-1645","EcoPac","FUSIBILE 10.3X38 16A GG","01 HIGH","6.0","31.0","0.1935",,,
"ORF4","NA","C-1687","EcoPac","SHRINK DISK RCK13 25X50","01 HIGH","0.0","14.0","0.0",,,
"ORF4","NA","C-1689","EcoPac","SHRINK DISK RCK80 14X23","01 HIGH","0.0","14.0","0.0",,,
"ORF4","NA","C-1706","EcoPac","SECURITY MODULE  PNOZ X2.8P","01 HIGH","0.0","14.0","0.0",,,
"ORF4","NA","C-1708","EcoPac","SECURITY MODULE  PZE X4","01 HIGH","0.0","14.0","0.0",,,
"ORF4","NA","C-1723","EcoPac","PHOTOCEL S45-PH-5-B03-PH","01 HIGH","0.0","14.0","0.0",,,
"ORF4","NA","C-1726","EcoPac","PHOTOCEL S45-PH-5-B03-PH","01 HIGH","0.0","14.0","0.0","0.0056","1.0",
"ORF4","NA","C-1727","EcoPac","PHOTOCEL S45-PH-5-B03-PH","01 HIGH","0.0","14.0","0.0",,,
"ORF4","NA","C-1731","EcoPac","PHOTOCEL S45-PH-5-B03-PH","01 HIGH","0.0","14.0","0.0",,,
"ORF4","NA","C-1804","EcoPac","REDUCER XC40 R 1: 7,5 PAM 14-105","01 HIGH","0.0","14.0","0.0","0.0111","2.0",
"ORF4","NA","C-1956","EcoPac","SOLENOID VALVE VUVS-L20-M32C-AD-G18-F7-1C1","01 HIGH","0.0","14.0","0.0",,,
"ORF4","NA","C-2040","EcoPac","SHRINK DISK RCK13 19X47","01 HIGH","0.0","14.0","0.0",,,
"ORF4","NA","C-2041","EcoPac","SHRINK DISC RCK13 20X47","01 HIGH","0.0","31.0","0.0",,,
"ORF4","NA","C-2042","EcoPac","SHRINK DISK RCK13 22X47","01 HIGH","0.0","14.0","0.0",,,
"ORF4","NA","C-2049","EcoPac","PHOTOCEL S45-PH-5-B03-PH","01 HIGH","0.0","20.0","0.0",,,
"ORF4","NA","C-2076","EcoPac","PHOTOCEL S45-PH-5-B03-PH","02 MED","0.0","14.0","0.0",,,
"ORF4","NA","C-2307","EcoPac","PHOTOCEL S45-PH-5-B03-PH","01 HIGH","3.0","14.0","0.2143",,,
"ORF4","NA","C-2309","EcoPac","PHOTOCEL S45-PH-5-B03-PH","01 HIGH","3.0","14.0","0.2143",,,
"ORF4","NA","C-2342","EcoPac","SHAFT SEAL KIT (A. BRADLEY) MPL-SSN-A3B3","01 HIGH","3.0","14.0","0.2143",,,
"ORF4","NA","C-2348","EcoPac","PHOTOCEL S45-PH-5-B03-PH","01 HIGH","0.0","31.0","0.0",,,
"ORF4","NA","C-2589","EcoPac","SHRINK DISK RCK61 20X38","01 HIGH","0.0","14.0","0.0",,,
"ORF4","NA","C-2590","EcoPac","SHRINK DISK RCK61 22X40","01 HIGH","0.0","14.0","0.0",,,
"ORF4","NA","C-2591","EcoPac","PHOTOCEL S45-PH-5-B03-PH","01 HIGH","0.0","21.0","0.0",,,
"ORF4","NA","C-2598","EcoPac","PLATE BELT 5M-25","01 HIGH","1.0","14.0","0.0714",,,
"ORF4","NA","C-2635","EcoPac","SLIDER  MGN  12 HZ0H","01 HIGH","1.0","21.0","0.0476",,,
"ORF4","NA","C-2636","EcoPac","SPRING  D11X8.4 D1.5 N.7 SPIRE COMP","01 HIGH","1.0","21.0","0.0476",,,
"ORF4","NA","C-2645","EcoPac","TOOTHED BELT 375 5M-15 HTD GT3","01 HIGH","0.0","21.0","0.0",,,
"ORF4","NA","C-2678","EcoPac","SERVOMOTOR VPL-B0633M-PJ12AA 1.3NM ASS/D","01 HIGH","0.0","50.0","0.0","0.0056","1.0",
"ORF4","NA","C-2716","EcoPac","TOOTHED BELT 640 8M-30 HTD","01 HIGH","0.0","21.0","0.0",,,
"ORF4","NA","C-2721","EcoPac","PHOTOCEL S45-PH-5-B03-PH","01 HIGH","3.0","21.0","0.1429",,,
"ORF4","NA","C-2723","EcoPac","PHOTOCEL S45-PH-5-B03-PH","01 HIGH","3.0","21.0","0.1429",,,
"ORF4","NA","C-2724","EcoPac","PHOTOCEL S45-PH-5-B03-PH","01 HIGH","3.0","21.0","0.1429",,,
"ORF4","NA","C-2732","EcoPac","TOOTHED BELT 800 5M-25 HTD","01 HIGH","0.0","21.0","0.0",,,
"ORF4","NA","C-2756","EcoPac","TOOTHED BELT 560 8M-30 HTD","01 HIGH","0.0","31.0","0.0",,,
"ORF4","NA","C-2757","EcoPac","TOOTHED BELT 300 5M-15 HTD","01 HIGH","0.0","31.0","0.0",,,
"ORF4","NA","C-2758","EcoPac","TOOTHED BELT 475 5M-25 HTD","01 HIGH","0.0","31.0","0.0",,,
"ORF4","NA","C-2759","EcoPac","TOOTHED BELT 1100 5M-25HTD DUAL","01 HIGH","0.0","31.0","0.0",,,
"ORF4","NA","C-2760","EcoPac","TOOTHED BELT 375 5M-25 HTD","01 HIGH","0.0","31.0","0.0",,,
"ORF4","NA","C-2761","EcoPac","TOOTHED BELT 450 5M-25 HTD","01 HIGH","0.0","31.0","0.0",,,
"ORF4","NA","C-2762","EcoPac","TOOTHED BELT 575 5M-25 HTD","01 HIGH","0.0","31.0","0.0",,,
"ORF4","NA","C-2763","EcoPac","TOOTHED BELT 325 5M-25 HTD","01 HIGH","0.0","31.0","0.0",,,
"ORF4","NA","C-2766","EcoPac","RID.XC 50 R 1:10 PAM 19-120","01 HIGH","0.0","31.0","0.0",,,
"ORF4","NA","C-2777","EcoPac","TOOTHED BELT 1790 5M-25 HTD","01 HIGH","0.0","31.0","0.0",,,
"ORF4","NA","C-2799","EcoPac","PHOTOCEL S45-PH-5-B03-PH","01 HIGH","0.0","31.0","0.0",,,
"ORF4","NA","C-2807","EcoPac","VALVE GROUP   DFM 32-125 PA-KF","01 HIGH","0.0","31.0","0.0",,,
"ORF4","NA","C-2808","EcoPac","VALVE  VUVG-L18-M52-MT-G14-1R8L","01 HIGH","0.0","31.0","0.0",,,
"ORF4","NA","C-2809","EcoPac","PHOTOCEL S45-PH-5-B03-PH","01 HIGH","0.0","31.0","0.0",,,
"ORF4","NA","C-2812","EcoPac","SOLENOID VALVE VUVG-L18-P53U-T-G14-1R8L","01 HIGH","0.0","31.0","0.0",,,
"ORF4","NA","C-2822","EcoPac","PHOTOCEL S45-PH-5-B03-PH","01 HIGH","0.0","31.0","0.0",,,
"ORF4","NA","C-2824","EcoPac","PHOTOCEL S45-PH-5-B03-PH","01 HIGH","0.0","31.0","0.0",,,
"ORF4","NA","C-2825","EcoPac","PHOTOCEL S45-PH-5-B03-PH","01 HIGH","0.0","31.0","0.0",,,
"ORF4","NA","C-2826","EcoPac","PHOTOCEL S45-PH-5-B03-PH","01 HIGH","1.0","31.0","0.0323",,,
"ORF4","NA","C-2827","EcoPac","PHOTOCEL S45-PH-5-B03-PH","01 HIGH","1.0","31.0","0.0323",,,
"ORF4","NA","C-2831","EcoPac","PHOTOCEL S45-PH-5-B03-PH","01 HIGH","0.0","31.0","0.0","0.0056","1.0",
"ORF4","NA","C-2832","EcoPac","PHOTOCEL S45-PH-5-B03-PH","01 HIGH","0.0","31.0","0.0","0.0111","2.0",
"ORF4","NA","C-2835","EcoPac","PHOTOCEL S45-PH-5-B03-PH","01 HIGH","0.0","31.0","0.0",,,
"ORF4","NA","C-2836","EcoPac","WHEEL D69X27 D47 FOLLE","01 HIGH","0.0","31.0","0.0",,,
"ORF4","NA","C-2844","EcoPac","PHOTOCEL S45-PH-5-B03-PH","01 HIGH","3.0","31.0","0.0968",,,
"ORF4","NA","C-2855","EcoPac","PHOTOCEL S45-PH-5-B03-PH","02 MED","0.0","31.0","0.0",,,
"ORF4","NA","C-2859","EcoPac","SNODO SGS M12X1.25 SFERICO -DX","02 MED","0.0","31.0","0.0",,,
"ORF4","NA","C-2860","EcoPac","SNODO JAF 6 SFERICO -DX","02 MED","0.0","31.0","0.0",,,
"ORF4","NA","C-2861","EcoPac","SPHERICAL JOINT JAF 12 RIGHT","02 MED","0.0","31.0","0.0",,,
"ORF4","NA","C-2862","EcoPac","SPHERICAL JOINT JAFL 12 LEFT","02 MED","0.0","31.0","0.0",,,
"ORF4","NA","C-2864","EcoPac","VALVOLA VFOF-LE-BAH-G14-Q8","01 HIGH","0.0","31.0","0.0",,,
"ORF4","NA","C-2870","EcoPac","RULLO D70X135 D45","01 HIGH","1.0","31.0","0.0323",,,
"ORF4","NA","C-2874","EcoPac","SHAFT D 25X1087","01 HIGH","0.0","31.0","0.0",,,
"ORF4","NA","C-2879","EcoPac","SHAFT D 25X1420","01 HIGH","0.0","31.0","0.0",,,
"ORF4","NA","C-2951","EcoPac","PHOTOCEL S45-PH-5-B03-PH","01 HIGH","0.0","31.0","0.0",,,
"ORF4","NA","C-2990","EcoPac","PHOTOCEL S45-PH-5-B03-PH","01 HIGH","0.0","31.0","0.0",,,
"ORF4","NA","C-3003","EcoPac","SNODO SGS M16X1.5  SFERICO -DX","02 MED","0.0","31.0","0.0",,,
"ORF4","NA","C-3035","EcoPac","REGULATOR VRPA-LM-R18-Q8","03 LOW","3.0","14.0","0.2143",,,
"ORF4","NA","C-3052","EcoPac","SPRING D23X120 D3 N.28 COILS TENSION","01 HIGH","1.0","10.0","0.1",,,
"ORF4","NA","C-3199","EcoPac","SEEGER E  20X1.2   UNI7435","01 HIGH","0.0","14.0","0.0",,,
"ORF4","NA","C-3699","EcoPac","PHOTOCEL S45-PH-5-B03-PH","01 HIGH","3.0","12.0","0.25",,,
"ORF4","NA","C-3701","EcoPac","PHOTOCEL S45-PH-5-B03-PH","02 MED","1.0","12.0","0.0833",,,
"ORF4","NA","C-3702","EcoPac","PHOTOCEL S45-PH-5-B03-PH","01 HIGH","1.0","12.0","0.0833",,,
"ORF4","NA","C-3703","EcoPac","TOOTHED BELT 1200 8M-30 HTD","01 HIGH","0.0","12.0","0.0",,,
"ORF4","NA","C-3704","EcoPac","TOOTHED BELT 700 5M-25 HTD DUAL","01 HIGH","0.0","12.0","0.0",,,
"ORF4","NA","C-3705","EcoPac","TOOTHED BELT 700 5M-25 HTD","01 HIGH","0.0","12.0","0.0",,,
"ORF4","NA","C-3706","EcoPac","PHOTOCEL S45-PH-5-B03-PH","01 HIGH","0.0","12.0","0.0",,,
"ORF4","NA","C-3707","EcoPac","PHOTOCEL S45-PH-5-B03-PH","01 HIGH","0.0","12.0","0.0",,,
"ORF4","NA","C-3711","EcoPac","PHOTOCEL S45-PH-5-B03-PH","01 HIGH","0.0","12.0","0.0",,,
"ORF4","NA","C-3712","EcoPac","PHOTOCEL S45-PH-5-B03-PH","01 HIGH","1.0","12.0","0.0833",,,
"ORF4","NA","C-3713","EcoPac","PIN  D 5X 50 SP6325 TEMPERATA","02 MED","6.0","12.0","0.5",,,
"ORF4","NA","C-3714","EcoPac","SPRING  VL VERDE DI-8 DE-16 L-25","01 HIGH","1.0","12.0","0.0833",,,
"ORF4","NA","C-3716","EcoPac","PHOTOCEL S45-PH-5-B03-PH","03 LOW","1.0","12.0","0.0833",,,
"ORF4","NA","C-3721","EcoPac","SHAFT-HUB CONNECTION RCK61 14X26","01 HIGH","0.0","12.0","0.0",,,
"ORF4","NA","C-3729","EcoPac","FUSE  LPJ-40SP 40A CLASS J TIME DELAY","02 MED","5.0","12.0","0.4167",,,
"ORF4","NA","C-3730","EcoPac","SENSOR KI-3250NFPKG M12 4P M","02 MED","0.0","12.0","0.0",,,
"ORF4","NA","C-3731","EcoPac","VALVE  OS-1/8""-B   SELETTRICE","01 HIGH","0.0","12.0","0.0",,,
"ORF4","NA","C-3740","EcoPac","FUSE,CLASS CC,600 VOLTS,15 AMPS","02 MED","15.0","12.0","1.25",,,
"ORF4","NA","C-3741","EcoPac","ROD  520X32X4.5","03 LOW","0.0","12.0","0.0",,,
"ORF4","NA","C-3742","EcoPac","RUBBER ROLLER  D55X60    D42","01 HIGH","0.0","12.0","0.0",,,
"ORF4","NA","C-3745","EcoPac","SHAFT D 25X1472","01 HIGH","0.0","12.0","0.0",,,
"ORF4","NA","C-3746","EcoPac","SHAFT D 25X1364","01 HIGH","0.0","12.0","0.0",,,
"ORF4","NA","C-3747","EcoPac","RUBBER ROLLER  D65X550    D34","01 HIGH","1.0","12.0","0.0833",,,
"ORF4","NA","C-3748","EcoPac","SHAFT D 20X1349","01 HIGH","0.0","12.0","0.0",,,
"ORF4","NA","C-3749","EcoPac","STAKE D 6 X26","02 MED","0.0","12.0","0.0",,,
"ORF4","NA","C-3750","EcoPac","PHOTOCEL S45-PH-5-B03-PH","01 HIGH","1.0","12.0","0.0833",,,
"ORF4","NA","C-3751","EcoPac","RUBBER ROLLER  D118X60    D50","01 HIGH","0.0","12.0","0.0",,,
"ORF4","NA","C-3755","EcoPac","WHEEL D69X19.3 D47 FOLLE","01 HIGH","0.0","12.0","0.0",,,
"ORF4","NA","C-3758","EcoPac","ROLLER D70X119 D35","01 HIGH","1.0","12.0","0.0833",,,
"ORF4","NA","C-3759","EcoPac","ROLLER D70X330 D35","01 HIGH","1.0","12.0","0.0833",,,
"ORF4","NA","C-3760","EcoPac","PHOTOCEL S45-PH-5-B03-PH","02 MED","0.0","12.0","0.0",,,
"ORF4","NA","C-3761","EcoPac","RUBBER ROLLER  D55X390    D25","01 HIGH","1.0","12.0","0.0833",,,
"ORF4","NA","C-3762","EcoPac","ROLLER D53X60 D25","01 HIGH","0.0","12.0","0.0",,,
"ORF4","NA","C-3764","EcoPac","SHARE  173X42X6","02 MED","3.0","12.0","0.25",,,
"ORF4","NA","C-3766","EcoPac","PHOTOCEL S45-PH-5-B03-PH","01 HIGH","0.0","12.0","0.0","0.0556","10.0",
"ORF4","NA","C-3767","EcoPac","PHOTOCEL S45-PH-5-B03-PH","01 HIGH","3.0","12.0","0.25",,,
"ORF4","NA","C-3768","EcoPac","PHOTOCEL S45-PH-5-B03-PH","01 HIGH","3.0","12.0","0.25",,,
"ORF4","NA","C-3769","EcoPac","PHOTOCEL S45-PH-5-B03-PH","01 HIGH","3.0","12.0","0.25",,,
"ORF4","NA","C-3770","EcoPac","PHOTOCEL S45-PH-5-B03-PH","01 HIGH","3.0","12.0","0.25",,,
"ORF4","NA","C-3772","EcoPac","PHOTOCEL S45-PH-5-B03-PH","01 HIGH","0.0","12.0","0.0",,,
"ORF4","NA","C-3773","EcoPac","TOOTHED BELT L-2175 5M-25 HTD","01 HIGH","1.0","12.0","0.0833",,,
"ORF4","NA","C-3779","EcoPac","SHAFT D 25X696","01 HIGH","0.0","12.0","0.0",,,
"ORF4","NA","C-3783","EcoPac","PHOTOCEL S45-PH-5-B03-PH","01 HIGH","1.0","12.0","0.0833",,,
"ORF4","NA","C-3785","EcoPac","PLATE 114X60,2X26","01 HIGH","0.0","12.0","0.0",,,
"ORF4","NA","C-3786","EcoPac","SPRING-LOADED PRESSER KIT","02 MED","0.0","12.0","0.0",,,
"ORF4","NA","C-3787","EcoPac","SPRING-LOADED PRESSER KIT GREEN SPRING","02 MED","0.0","12.0","0.0",,,
"ORF4","NA","C-3790","EcoPac","SINGLE CORDINATOR KIT","02 MED","0.0","12.0","0.0",,,
"ORF4","NA","C-3793","EcoPac","PHOTOCEL S45-PH-5-B03-PH","01 HIGH","0.0","12.0","0.0",,,
"ORF4","NA","C-3794","EcoPac","SHAFT D 25X1370","01 HIGH","0.0","12.0","0.0",,,
"ORF4","NA","C-3816","EcoPac","SENSOR LASER ANALOGIC LR-TB5000C","02 MED","0.0","12.0","0.0",,,
"ORF4","NA","C-3817","EcoPac","PHOTOCEL S45-PH-5-B03-PH","01 HIGH","0.0","12.0","0.0",,,
"ORF4","NA","C-3819","EcoPac","POWER SUP. 24VDC/12,5A 1F 300W","01 HIGH","0.0","12.0","0.0",,,
"ORF4","NA","C-3820","EcoPac","PLC OTP MOD 8 24VDC","01 HIGH","0.0","12.0","0.0",,,
"ORF4","NA","C-3821","EcoPac","VACUUM CUP VASB 30-1/8""-PUR-B","01 HIGH","6.0","12.0","0.5",,,
"ORF4","NA","C-3822","EcoPac","VALVE VTUG-14-VRAP-B1T-Q12-U-Q8S-KK6AL+TV","01 HIGH","0.0","12.0","0.0",,,
"ORF4","NA","C-3823","EcoPac","PHOTOCEL S45-PH-5-B03-PH","01 HIGH","0.0","12.0","0.0",,,
"ORF4","NA","C-3824","EcoPac","PHOTOCEL S45-PH-5-B03-PH","01 HIGH","0.0","12.0","0.0",,,
"ORF4","NA","C-3825","EcoPac","PHOTOCEL S45-PH-5-B03-PH","01 HIGH","0.0","12.0","0.0",,,
"ORF4","NA","C-3826","EcoPac","PHOTOCEL S45-PH-5-B03-PH","01 HIGH","0.0","12.0","0.0",,,
"ORF4","NA","C-3827","EcoPac","PHOTOCEL S45-PH-5-B03-PH","01 HIGH","0.0","12.0","0.0",,,
"ORF4","NA","C-3828","EcoPac","PHOTOCEL S45-PH-5-B03-PH","01 HIGH","0.0","12.0","0.0",,,
"ORF4","NA","C-3829","EcoPac","PHOTOCEL S45-PH-5-B03-PH","01 HIGH","0.0","12.0","0.0",,,
"ORF4","NA","C-3832","EcoPac","PHOTOCEL S45-PH-5-B03-PH","01 HIGH","1.0","12.0","0.0833",,,
"ORF4","NA","C-3833","EcoPac","PHOTOCEL S45-PH-5-B03-PH","01 HIGH","1.0","12.0","0.0833",,,
"ORF4","NA","C-3836","EcoPac","PHOTOCEL S45-PH-5-B03-PH","01 HIGH","0.0","12.0","0.0","0.0056","1.0",
"ORF4","NA","C-3837","EcoPac","VALVE UNIT DFM 16-20","01 HIGH","0.0","12.0","0.0",,,
"ORF4","NA","C-3838","EcoPac","SHAFT D 25X1455","01 HIGH","0.0","12.0","0.0",,,
"ORF4","NA","C-3839","EcoPac","ROLLER D80X110 D42","01 HIGH","1.0","12.0","0.0833",,,
"ORF4","NA","C-3840","EcoPac","ROLLER D80X260 D50","01 HIGH","0.0","12.0","0.0",,,
"ORF4","NA","C-3844","EcoPac","PHOTOCEL S45-PH-5-B03-PH","01 HIGH","1.0","12.0","0.0833",,,
"ORF4","NA","C-3848","EcoPac","READING BAR KIT INDUCT ECOPAC","01 HIGH","0.0","12.0","0.0",,,
"ORF4","NA","C-3857","EcoPac","TOOTHED BELT 480 8M-30 HTD","01 HIGH","0.0","12.0","0.0",,,
"ORF4","NA","C-3858","EcoPac","SHAFT D 30X1220","01 HIGH","0.0","12.0","0.0",,,
"ORF4","NA","C-3860","EcoPac","RULLO D70X495    D35","01 HIGH","0.0","12.0","0.0",,,
"ORF4","NA","C-3861","EcoPac","SHAFT D 25X52","02 MED","0.0","12.0","0.0",,,
"ORF4","NA","C-3862","EcoPac","SHAFT D 35X72","01 HIGH","0.0","12.0","0.0",,,
"ORF4","NA","C-3863","EcoPac","SHAFT D 35X206","01 HIGH","0.0","12.0","0.0",,,
"ORF4","NA","N18792","URL","VLV AIR SOL DBL 2POS MTL SEAL","02 MED","3.0","42.0","0.0714",,,
"ORF4","NA","N24349","URL","Zebra, Kit Drive Gears for Ribbon Spindles ZE500 Series","02 MED","1.0","42.0","0.0238",,,
"ORF4","NA","N24364","URL","Zebra, Kit Ribbon Spindles ZE500-4 RH & LH","02 MED","1.0","42.0","0.0238",,,
"ORF4","NA","N24793","USP","Slim Electromechanical Relay, SPDT, 6A,24VDC, PCB Terminal, 34 Series","01 HIGH","1.0",,,,,
"ORF4","NA","N27503","URL","RED DGE 23Q20L14","02 MED","0.0","42.0","0.0",,,
"ORF4","NA","N36439Z","URL","MOULDED CIRCUIT BREAKER","02 MED","2.0","28.0","0.0714",,,
"ORF4","NA","N36607","URL","SET CLLR 1-3/8 B SPLT 2P","02 MED","1.0","42.0","0.0238",,,
"ORF4","NA","N37377","USP","SC300-2 SHOCK ABSORBER","01 HIGH","1.0","28.0","0.0357",,,
"ORF4","NA","N40126","URL","Holder for cylindrical fuse ø10x38mm 1p+N 32A 690V","02 MED","0.0","42.0","0.0",,,
"ORF4","NA","N44133","EcoPac","TAPER LOCK RCK80 12X18","01 HIGH","0.0","15.0","0.0",,,
"ORF4","NA","N45907","USP","Valve flow control one way","02 MED","4.0","21.0","0.1905",,,
"ORF4","NA","N53951","USP","RADIAL BALL BEARING","02 MED","24.0","28.0","0.8571",,,
"ORF4","NA","N53964","USP","NEBV-S1G25-K-10-N-LE25-S6 CONNECTING CABLE","02 MED","4.0","21.0","0.1905",,,
"ORF4","NA","N53977","USP","I110-E0454 SAFETY SWITCH","02 MED","4.0","70.0","0.0571",,,
"ORF4","NA","N53990","USP","LINEAR RAIL","03 LOW","4.0","56.0","0.0714",,,
"ORF4","NA","N54020","USP","STOPPER BOLT, M6X1.0, L 20MM, WITH HEX SOCKET TIP, STRAIGHT TYPE, BUMPER URETHAN","02 MED","4.0","56.0","0.0714",,,
"ORF4","NA","N54024","USP","TAPER-LOCK BUSHING, 1610 22MM BORE","02 MED","4.0","21.0","0.1905",,,
"OXR1","NA","1001191","USP","VPL-B1003F-PJ12AA SERVO MOTOR","02 MED","0.0",,,,,
"OXR1","NA","1002613","USP","VALVE, CHECK VALVE,ASSEMBLY:FLOW CONTROL W/ PILOT CHECK VALVE 1/4 TUBE WITH1/8 T","02 MED","2.0","16.0","0.125",,,
"OXR1","NA","10043","USP","PLC, CONTROLLER,PROGRAMMABLE:2-1/2 INHT,3-1/2 INWD,1-1/2 INDP,24 V DCVOLT,2.6 MACURRE","03 LOW","1.0",,,,,
"OXR1","NA","1004322","USP","PUSHBUTTON METAL LATCH","02 MED","2.0",,,,,
"OXR1","NA","10076","USP","UNWIND DANCER ARM UNWIND SPRING","02 MED","1.0",,,,,
"OXR1","NA","10086","USP","WASHER: CAPTURE CTM PM-FANU30375","03 LOW","1.0",,,,,
"OXR1","NA","10087","USP","THREADED INSERT CTM C-PM-INS1010","03 LOW","1.0",,,,,
"OXR1","NA","10090","USP","Shoulder Screw,18-8 Stainless Steel,3/8"""" Shoulder Dia., 1"""" Shoulder Length,5/16-18 Thread,PK2","03 LOW","1.0",,,,,
"OXR1","NA","10095","USP","FLANGED BUSHING","02 MED","1.0",,,,,
"OXR1","NA","10096","USP","WASHER: THRUST, BRONZE","02 MED","1.0",,,,,
"OXR1","NA","1061526","USP","SERVO DRVE AMP JR_AUTO JR0000549642","03 LOW","1.0",,,,,
"OXR1","NA","1071515","USP","Radial/Deep Groove Ball Bearing - Round Bore, 25 mm ID, 42 mm OD, 9 mm Width, Double Shielded, Internal Clearance","02 MED","2.0","28.0","0.0714",,,
"OXR1","NA","1073001","USP","3600 TAMP or SWING HOME SENSOR ASSEMBLY without MOUNT","02 MED","1.0","17.0","0.0588",,,
"OXR1","NA","11082","USP","SMART PACK FILTER REPLACEMENT  (PID)","02 MED","2.0","24.0","0.0833",,,
"OXR1","NA","11147","USP","VHI425A-GV W/ GV4G6","02 MED","2.0","22.0","0.0909",,,
"OXR1","NA","1124355","USP","FIXED DRAW ROLLER, SMART PAC","02 MED","0.0","28.0","0.0","0.0278","5.0",
"OXR1","NA","11409","USP","TAMPA","02 MED","1.0",,,,,
"OXR1","NA","11424","USP","UNWIND BRAKE BAND CTM PM-BB1030","02 MED","3.0","32.0","0.0938",,,
"OXR1","NA","14325","USP","WIRING TOOL required for insertion/extraction @ terminal strip","03 LOW","1.0",,,,,
"OXR1","NA","19978","USP","TIME DELAY FUSE, 30A, CLASS J, 300KA, 600VAC","01 HIGH","1.0",,,"0.2","36.0",
"OXR1","NA","3015435","USP","VERTICAL JAW CABLE MANAGEMENT BACKING PLATE","01 HIGH","1.0","42.0","0.0238",,,
"OXR1","NA","3022931","USP","MALE INSERT 5 PIN","01 HIGH","1.0","66.0","0.0152",,,
"OXR1","NA","3022932","USP","SENSOR FLAG PIN, USP TRIGGER GATE","01 HIGH","1.0","108.0","0.0093",,,
"OXR1","NA","3022938","USP","CAPTIVE SCREW RETAINER","01 HIGH","3.0","21.0","0.1429",,,
"OXR1","NA","3022940","USP","VERTICAL JAW CABLE MANAGEMENT BACKING PLATE","01 HIGH","1.0","38.0","0.0263",,,
"OXR1","NA","3022941","USP","VERTICAL TOP, POWERSONIC MATED M12 + LBO2K","01 HIGH","2.0","70.0","0.0286",,,
"OXR1","NA","3022943","USP","HORIZONTAL REAR, POWERSONIC MATED M12 + LBO3K","01 HIGH","2.0","70.0","0.0286",,,
"OXR1","NA","3022945","USP","VERTICAL BOTTOM LOAD CELL","01 HIGH","2.0","70.0","0.0286",,,
"OXR1","NA","3022948","USP","FLAT HEAD SOCKET CAP SCREW","01 HIGH","1.0","24.0","0.0417",,,
"OXR1","NA","3022950","USP","HORIZONTAL FRONT, POWERSONIC MATED M12 + LBO3K","01 HIGH","2.0","70.0","0.0286",,,
"OXR1","NA","3022951","USP","RTD, PT100, DIA 3MM, L 18MM, 3","01 HIGH","1.0","38.0","0.0263",,,
"OXR1","NA","3022952","USP","GALVANIZED STEEL , EPDM CUSHIO","01 HIGH","1.0","24.0","0.0417",,,
"OXR1","NA","3022953","USP","GUARDING T-BLOCK","01 HIGH","5.0","24.0","0.2083",,,
"OXR1","NA","3022957","USP","WASHER, M5, SST","01 HIGH","1.0","24.0","0.0417",,,
"OXR1","NA","3022961","USP","FRONT PLATE","01 HIGH","1.0","94.0","0.0106",,,
"OXR1","NA","3022962","USP","DIVERT PLATE, LEFT","01 HIGH","1.0","30.0","0.0333",,,
"OXR1","NA","3022964","USP","DIVERT PLATE, REJECT COVER","01 HIGH","1.0","94.0","0.0106",,,
"OXR1","NA","3022969","USP","VERTICAL CARTRIDGE HEATER","01 HIGH","1.0","66.0","0.0152",,,
"OXR1","NA","3022971","USP","FAST CONNECTION-PEG","01 HIGH","1.0","24.0","0.0417",,,
"OXR1","NA","3022976","USP","FLAT HEAD SOCKET CAP SCREW","01 HIGH","1.0","24.0","0.0417",,,
"OXR1","NA","3022977","USP","GUIDED PNUEMATIC CYLINDER DFM-16-125-B-PPV-A-KF","01 HIGH","1.0","25.0","0.04",,,
"OXR1","NA","3022978","USP","LIDAR SENSOR PICS150-01000 core 1","01 HIGH","0.0","95.0","0.0",,,
"OXR1","NA","3022982","USP","LEFT ISOLATOR PLATE","01 HIGH","2.0","70.0","0.0286",,,
"OXR1","NA","3022983","USP","RIGHT ISOLATOR PLATE","01 HIGH","2.0","70.0","0.0286",,,
"OXR1","NA","3025738","USP","COATED 9"" FOUR HOLE AIR ASSIST TUBE - MP-211-2230-9","02 MED","1.0","21.0","0.0476",,,
"OXR1","NA","3029777","USP","Ring, Centering sleeve ZBH-7-B","01 HIGH","1.0","28.0","0.0357",,,
"OXR1","NA","3029778","USP","CABLE, NIP ROLLER MOTOR SERVO","01 HIGH","0.0","70.0","0.0",,,
"OXR1","NA","3031139","USP","RIGHT HORIZONTAL HEATER CABLE","01 HIGH","1.0","21.0","0.0476",,,
"OXR1","NA","3032133","USP","COMPRESSION SPRING T=1.4 OD=20 ID=17","01 HIGH","3.0","28.0","0.1071",,,
"OXR1","NA","3033957","USP","Ring, Centering sleeve ZBH-5-B","01 HIGH","1.0","28.0","0.0357",,,
"OXR1","NA","3037848","USP","LEFT VER HEATER CABLE ASSY","01 HIGH","1.0","108.0","0.0093",,,
"OXR1","NA","3037850","USP","ZIP TIES, STANDARD","01 HIGH","0.0","24.0","0.0",,,
"OXR1","NA","3037851","USP","ALTERNATE PLASTIC P-CLIP (MUST DRILL MOUNTING HOLE TO M6)","01 HIGH","1.0","24.0","0.0417",,,
"OXR1","NA","3037852","USP","LEFT HOR HEATER CABLE ASSY","01 HIGH","1.0","108.0","0.0093",,,
"OXR1","NA","3043407","USP","SICK IME2S Series Non-Flush Inductive Non-Contact Safety Switch, 24V dc, Nickel Plated Brass Housing, 2NO, M12","01 HIGH","1.0","42.0","0.0238",,,
"OXR1","NA","3043436","USP","Kinetix 5700 Servo Drive","02 MED","0.0","21.0","0.0",,,
"OXR1","NA","3208459","USP","FIELD ATTACHABLE CONNECTOR","02 MED","0.0","21.0","0.0",,,
"OXR1","NA","33053","USP","SENSOR CABLE, 5M GREY, M12 FEMALE 8P STRAIGHT TO OPEN ENDED, CONTINUOUS FLEX, PUR-OB","02 MED","1.0","21.0","0.0476",,,
"OXR1","NA","3361381","USP","Fork sensor","01 HIGH","1.0","28.0","0.0357",,,
"OXR1","NA","3466132","USP","PNUEMATIC FITTING","01 HIGH","1.0","21.0","0.0476",,,
"OXR1","NA","3466134","USP","ROLLING BEARING  61802-2RS1","01 HIGH","6.0","4.0","1.5",,,
"OXR1","NA","3466138","USP","VERTICAL VPL SERIES, FRAME SIZE 100MM, T WINDING, RATED SPEED 7200-80","01 HIGH","0.0","21.0","0.0",,,
"OXR1","NA","3466140","USP","KINETIX VP LOW INERTIA MOTOR,","01 HIGH","0.0","21.0","0.0",,,
"OXR1","NA","3466144","USP","SERVO DRIVE","01 HIGH","0.0","21.0","0.0",,,
"OXR1","NA","3466145","USP","RIGHT HORIZONTAL SEAL BAR ASSY","01 HIGH","1.0","21.0","0.0476",,,
"OXR1","NA","3466149","USP","PIVOT BLOCK","01 HIGH","1.0","14.0","0.0714",,,
"OXR1","NA","3466152","USP","SENSOR MOUNT","01 HIGH","1.0","21.0","0.0476",,,
"OXR1","NA","3466153","USP","RIGHT VERTICAL SEAL BAR ASSY","01 HIGH","1.0","21.0","0.0476",,,
"OXR1","NA","3466158","USP","SPRING PLUNGER, BALL-NOSE HARD","01 HIGH","9.0","4.0","2.25",,,
"OXR1","NA","3466170","USP","DSNU, BORE 25MM, STROKE 100MM, DOUBLE ACTING, LATERAL AIR,","01 HIGH","1.0","21.0","0.0476",,,
"OXR1","NA","3466204","USP","M8X1.25 X 16 MM LG, STROKE 1.5MM, MAX TEMP. 250C, THREAD-LOCKING, CERAMIC BALL","01 HIGH","5.0","4.0","1.25",,,
"OXR1","NA","3466208","USP","BEARING SPACER; INNER; 20 ID X 27 OD X 5 THICK","01 HIGH","5.0","28.0","0.1786",,,
"OXR1","NA","3466223","USP","243TEETH 32 T5/1215","01 HIGH","1.0","11.0","0.0909",,,
"OXR1","NA","3466243","USP","LEFT HORIZONTAL SEAL BAR ASSY","01 HIGH","1.0","21.0","0.0476",,,
"OXR1","NA","3466247","USP","KINETIX VP MOTOR CABLE","01 HIGH","0.0","21.0","0.0",,,
"OXR1","NA","3466248","USP","PRECISION LINEAR SHAFT, DIA 12","01 HIGH","1.0","28.0","0.0357",,,
"OXR1","NA","3466258","USP","LEFT VERTICAL SEAL BAR ASSY","01 HIGH","1.0","21.0","0.0476",,,
"OXR1","NA","3466261","USP","SHANK THREAD SIZE(M10X1.25), ID 10MM, JAW OPENING W 10MM,","01 HIGH","2.0","3.0","0.6667",,,
"OXR1","NA","3546294","USP","Kinetix VP Motor Cable, 4m","01 HIGH","0.0","90.0","0.0",,,
"OXR1","NA","49225","USP","HEX HEAD CAP SCREW  CTM PM-FAHHSS50557","03 LOW","1.0",,,,,
"OXR1","NA","61591","USP","TUBE FITTING, M5 TO 4MM","02 MED","1.0",,,,,
"OXR1","NA","76580","USP","PROGRAMMED MAPLE DISPLAY UNIT FOR 3600A APPLICATOR","03 LOW","1.0",,,,,
"OXR1","NA","N37377","USP","SC300-2 SHOCK ABSORBER","02 MED","0.0","28.0","0.0","0.0056","1.0",
"OXR1","NA","N45907","USP","Valve flow control one way","02 MED","3.0","21.0","0.1429",,,
"OXR1","NA","N53951","USP","RADIAL BALL BEARING","03 LOW","1.0",,,,,
"OXR1","NA","N53964","USP","NEBV-S1G25-K-10-N-LE25-S6 CONNECTING CABLE","03 LOW","1.0",,,,,
"OXR1","NA","N53977","USP","I110-E0454 SAFETY SWITCH","02 MED","1.0",,,,,
"OXR1","NA","N53990","USP","LINEAR RAIL","02 MED","1.0",,,,,
"OXR1","NA","N54020","USP","STOPPER BOLT, M6X1.0, L 20MM, WITH HEX SOCKET TIP, STRAIGHT TYPE, BUMPER URETHAN","02 MED","1.0","21.0","0.0476",,,
"OXR1","NA","N54024","USP","TAPER-LOCK BUSHING, 1610 22MM BORE","02 MED","1.0",,,,,
"PAE2","NA","1000078","USP","Sensor, proximity, SME-8M-DS-24V-K-0, 3-M8D","02 MED","1.0",,,"0.0056","1.0",
"PAE2","NA","1001191","USP","VPL-B1003F-PJ12AA SERVO MOTOR","02 MED","1.0",,,,,
"PAE2","NA","1001803","USP","Switch, Auxiliary, Supplementary Protector Accessory","02 MED","0.0",,,,,
"PAE2","NA","1002613","USP","VALVE, CHECK VALVE,ASSEMBLY:FLOW CONTROL W/ PILOT CHECK VALVE 1/4 TUBE WITH1/8 T","02 MED","0.0","21.0","0.0",,,
"PAE2","NA","10043","USP","PLC, CONTROLLER,PROGRAMMABLE:2-1/2 INHT,3-1/2 INWD,1-1/2 INDP,24 V DCVOLT,2.6 MACURRE","03 LOW","1.0","21.0","0.0476",,,
"PAE2","NA","1004322","USP","PUSHBUTTON METAL LATCH","03 LOW","1.0","21.0","0.0476",,,
"PAE2","NA","10086","USP","WASHER: CAPTURE CTM PM-FANU30375","02 MED","1.0","25.0","0.04",,,
"PAE2","NA","10087","USP","THREADED INSERT CTM C-PM-INS1010","03 LOW","1.0","14.0","0.0714",,,
"PAE2","NA","10090","USP","Shoulder Screw,18-8 Stainless Steel,3/8"""" Shoulder Dia., 1"""" Shoulder Length,5/16-18 Thread,PK2","03 LOW","1.0","24.0","0.0417",,,
"PAE2","NA","10095","USP","FLANGED BUSHING","02 MED","3.0","21.0","0.1429",,,
"PAE2","NA","10096","USP","WASHER: THRUST, BRONZE","03 LOW","1.0","34.0","0.0294",,,
"PAE2","NA","10105","USP","SPRING: REWIND CLUTCH, MED DUTY, .97OD X .080 WIRE DIA","02 MED","1.0","28.0","0.0357",,,
"PAE2","NA","10191","USP","THRUST BALL BEARING, 3/4"" ID X 1-5/16"" OD X 9/32"" HT., STEEL","02 MED","1.0","42.0","0.0238",,,
"PAE2","NA","1061198","USP","OLFLEXÂ® VFD SLIM, 14 AWG/4C, REDUCED DIAMETER VFD CABLE WITH ""SURGE GUARD""","03 LOW","1.0","21.0","0.0476",,,
"PAE2","NA","1061526","USP","SERVO DRVE AMP JR_AUTO JR0000549642","02 MED","0.0","32.0","0.0","0.0","0.0",
"PAE2","NA","1063086","USP","SWITCH 2VDC PNP 0.5M LEAD M8 C","02 MED","0.0","21.0","0.0",,,
"PAE2","NA","1069554","USP","POWER IO CABLE M12 FOR COGNEX CONN MODULE W DB9","02 MED","0.0","21.0","0.0",,,
"PAE2","NA","1071516","USP","REPLACEMENT BELT – 18”W FOR CO","01 HIGH","2.0","21.0","0.0952",,,
"PAE2","NA","11082","USP","SMART PACK FILTER REPLACEMENT  (PID)","02 MED","1.0","31.0","0.0323",,,
"PAE2","NA","1113249","USP","URGU48R1-04090N","02 MED","1.0","17.0","0.0588",,,
"PAE2","NA","11147","USP","VHI425A-GV W/ GV4G6","02 MED","0.0","29.0","0.0",,,
"PAE2","NA","1116318","USP","ULTRASONIC SENSOR, PICO+","02 MED","0.0","21.0","0.0",,,
"PAE2","NA","1124355","USP","FIXED DRAW ROLLER, SMART PAC","03 LOW","1.0",,,,,
"PAE2","NA","11409","USP","TAMPA","03 LOW","1.0","25.0","0.04",,,
"PAE2","NA","11424","USP","UNWIND BRAKE BAND CTM PM-BB1030","01 HIGH","1.0","32.0","0.0313",,,
"PAE2","NA","11519","USP","Zebra Kit Maint Door Open Swch RH/LH","02 MED","2.0","28.0","0.0714",,,
"PAE2","NA","129198","USP","Touch Screen, 10.4"""", TFT Color, 24V DC","02 MED","1.0","35.0","0.0286",,,
"PAE2","NA","14325","USP","WIRING TOOL required for insertion/extraction @ terminal strip","03 LOW","1.0","35.0","0.0286",,,
"PAE2","NA","19978","USP","TIME DELAY FUSE, 30A, CLASS J, 300KA, 600VAC","01 HIGH","2.0","21.0","0.0952",,,
"PAE2","NA","2066701","USP","ROLLER, MOVING DRAW ROLLER (SMART PAC)","02 MED","1.0","70.0","0.0143",,,
"PAE2","NA","2066703","USP","BEARING BLOCK, LINEAR","02 MED","11.0","35.0","0.3143",,,
"PAE2","NA","23103","USP","Time Delay, Cylindrical, Fuse, GDC Series, 250VAC, Indicating (5 PK)","03 LOW","1.0","15.0","0.0667",,,
"PAE2","NA","3015435","USP","VERTICAL JAW CABLE MANAGEMENT BACKING PLATE","01 HIGH","1.0","42.0","0.0238",,,
"PAE2","NA","3022931","USP","MALE INSERT 5 PIN","01 HIGH","1.0","66.0","0.0152",,,
"PAE2","NA","3022932","USP","SENSOR FLAG PIN, USP TRIGGER GATE","01 HIGH","1.0","108.0","0.0093",,,
"PAE2","NA","3022933","USP","STANDARD HOOD TOP ENTRY","01 HIGH","1.0","38.0","0.0263",,,
"PAE2","NA","3022935","USP","M8 LOCK WASHERS (OR BLACK OXIDE EQUIVALENT)","01 HIGH","1.0","24.0","0.0417",,,
"PAE2","NA","3022938","USP","CAPTIVE SCREW RETAINER","01 HIGH","1.0","21.0","0.0476",,,
"PAE2","NA","3022940","USP","VERTICAL JAW CABLE MANAGEMENT BACKING PLATE","01 HIGH","1.0","38.0","0.0263",,,
"PAE2","NA","3022941","USP","VERTICAL TOP, POWERSONIC MATED M12 + LBO2K","01 HIGH","2.0","70.0","0.0286",,,
"PAE2","NA","3022942","USP","CLAMP, LOOP NYLON 7/8"" X 1 1/2","01 HIGH","1.0","21.0","0.0476",,,
"PAE2","NA","3022943","USP","HORIZONTAL REAR, POWERSONIC MATED M12 + LBO3K","01 HIGH","2.0","70.0","0.0286",,,
"PAE2","NA","3022944","USP","CAPTIVE GUARDING SCREWS","01 HIGH","1.0","24.0","0.0417",,,
"PAE2","NA","3022945","USP","VERTICAL BOTTOM LOAD CELL","01 HIGH","2.0","70.0","0.0286",,,
"PAE2","NA","3022947","USP","HORIZONTAL JAW CABLE MANAGEMENT BACKING PLATE","01 HIGH","1.0","38.0","0.0263",,,
"PAE2","NA","3022949","USP","MCMASTER ZIP TIE MOUNT","01 HIGH","2.0","24.0","0.0833",,,
"PAE2","NA","3022950","USP","HORIZONTAL FRONT, POWERSONIC MATED M12 + LBO3K","01 HIGH","2.0","70.0","0.0286",,,
"PAE2","NA","3022951","USP","RTD, PT100, DIA 3MM, L 18MM, 3","01 HIGH","1.0","38.0","0.0263",,,
"PAE2","NA","3022952","USP","GALVANIZED STEEL , EPDM CUSHIO","01 HIGH","1.0","24.0","0.0417",,,
"PAE2","NA","3022953","USP","GUARDING T-BLOCK","01 HIGH","1.0","24.0","0.0417",,,
"PAE2","NA","3022956","USP","ROTATED CABLE EXIT VERTICAL LOAD CELL HOLDER BLOCK","01 HIGH","1.0","108.0","0.0093",,,
"PAE2","NA","3022957","USP","WASHER, M5, SST","01 HIGH","5.0","24.0","0.2083",,,
"PAE2","NA","3022958","USP","DIVERT PLATE, TOP","01 HIGH","1.0","94.0","0.0106",,,
"PAE2","NA","3022959","USP","SHOULDER BOLT, 12MMX40MM, M10","01 HIGH","1.0","42.0","0.0238",,,
"PAE2","NA","3022961","USP","FRONT PLATE","01 HIGH","1.0","94.0","0.0106",,,
"PAE2","NA","3022962","USP","DIVERT PLATE, LEFT","01 HIGH","1.0","30.0","0.0333",,,
"PAE2","NA","3022964","USP","DIVERT PLATE, REJECT COVER","01 HIGH","1.0","94.0","0.0106",,,
"PAE2","NA","3022967","USP","ZIP TIES, STANDARD","01 HIGH","2.0","24.0","0.0833",,,
"PAE2","NA","3022969","USP","VERTICAL CARTRIDGE HEATER","01 HIGH","1.0","66.0","0.0152",,,
"PAE2","NA","3022971","USP","FAST CONNECTION-PEG","01 HIGH","3.0","24.0","0.125",,,
"PAE2","NA","3022976","USP","FLAT HEAD SOCKET CAP SCREW","01 HIGH","1.0","24.0","0.0417",,,
"PAE2","NA","3022977","USP","GUIDED PNUEMATIC CYLINDER DFM-16-125-B-PPV-A-KF","01 HIGH","1.0","25.0","0.04",,,
"PAE2","NA","3022978","USP","LIDAR SENSOR PICS150-01000 core 1","01 HIGH","1.0","95.0","0.0105",,,
"PAE2","NA","3022981","USP","UNDER JAW BULK HEAD PLATE","01 HIGH","1.0","108.0","0.0093",,,
"PAE2","NA","3022983","USP","RIGHT ISOLATOR PLATE","01 HIGH","7.0","70.0","0.1",,,
"PAE2","NA","3022984","USP","8MM X 14MM LOW SOCKET HEAD MACHINE SCREWS (OR BLACK OXIDE EQUIVALENT)","01 HIGH","1.0","24.0","0.0417",,,
"PAE2","NA","3022985","USP","ROTATED CABLE EXIT HORIZONTAL LOAD CELL HOLDER BLOCK","01 HIGH","1.0","24.0","0.0417",,,
"PAE2","NA","3022987","USP","IO-LINK MASTER, ETHERNET/IP INTERFACE, TOTAL IN- AND OUTPUTS: 16, 4X 2A OUTPUTS","01 HIGH","1.0","45.0","0.0222",,,
"PAE2","NA","3025738","USP","COATED 9"" FOUR HOLE AIR ASSIST TUBE - MP-211-2230-9","02 MED","1.0","21.0","0.0476",,,
"PAE2","NA","3029777","USP","Ring, Centering sleeve ZBH-7-B","01 HIGH","1.0","28.0","0.0357",,,
"PAE2","NA","3029778","USP","CABLE, NIP ROLLER MOTOR SERVO","01 HIGH","0.0","70.0","0.0",,,
"PAE2","NA","3031139","USP","RIGHT HORIZONTAL HEATER CABLE","01 HIGH","1.0","21.0","0.0476",,,
"PAE2","NA","3032133","USP","COMPRESSION SPRING T=1.4 OD=20 ID=17","01 HIGH","1.0","28.0","0.0357",,,
"PAE2","NA","3033957","USP","Ring, Centering sleeve ZBH-5-B","01 HIGH","1.0","28.0","0.0357",,,
"PAE2","NA","3037848","USP","LEFT VER HEATER CABLE ASSY","01 HIGH","1.0","108.0","0.0093",,,
"PAE2","NA","3037849","USP","RIGHT VER HEATER CABLE ASSY","01 HIGH","1.0","108.0","0.0093",,,
"PAE2","NA","3037850","USP","ZIP TIES, STANDARD","01 HIGH","0.0","24.0","0.0",,,
"PAE2","NA","3037851","USP","ALTERNATE PLASTIC P-CLIP (MUST DRILL MOUNTING HOLE TO M6)","01 HIGH","1.0","24.0","0.0417",,,
"PAE2","NA","3037852","USP","LEFT HOR HEATER CABLE ASSY","01 HIGH","1.0","108.0","0.0093",,,
"PAE2","NA","3043376","USP","ZLD18-BFZ4B8 SIMPLE SENSE","02 MED","1.0","42.0","0.0238",,,
"PAE2","NA","3043399","USP","D-MAX WEB GUIDE CONTROLLER,INPUT VOLTAGE 24 - 48 VDC, 6 DIGITAL INPUTS, 2 OUTPUT","01 HIGH","0.0","56.0","0.0",,,
"PAE2","NA","3043404","USP","AC/DC Brick Power Supply, 90-264VAC In, 12VDC Out, 50 Watts, Standard DC Plug","02 MED","1.0","21.0","0.0476",,,
"PAE2","NA","3043405","USP","SENSOR CABLE FEMALE 5-POLE M12 STRAIGHT A CODED TO OPEN END PUR BLACK 5M","02 MED","1.0","21.0","0.0476",,,
"PAE2","NA","3043408","USP","M12, 5-pin female to flying leads, 10m Cable","02 MED","1.0","35.0","0.0286",,,
"PAE2","NA","3043436","USP","Kinetix 5700 Servo Drive","01 HIGH","0.0","21.0","0.0",,,
"PAE2","NA","3208459","USP","FIELD ATTACHABLE CONNECTOR","01 HIGH","1.0","21.0","0.0476",,,
"PAE2","NA","33053","USP","SENSOR CABLE, 5M GREY, M12 FEMALE 8P STRAIGHT TO OPEN ENDED, CONTINUOUS FLEX, PUR-OB","02 MED","1.0","21.0","0.0476",,,
"PAE2","NA","3361381","USP","Fork sensor","01 HIGH","1.0","28.0","0.0357",,,
"PAE2","NA","3464199","USP","SENSOR, FIBER OPTIC THIN ZERO SPACE, SIDE VIEW TYP","01 HIGH","1.0","30.0","0.0333",,,
"PAE2","NA","3466127","USP","SCANNER,BARCODE:DM363 SMARTPACK PRESENTATION READER","01 HIGH","1.0","14.0","0.0714",,,
"PAE2","NA","3466134","USP","ROLLING BEARING  61802-2RS1","01 HIGH","1.0","4.0","0.25",,,
"PAE2","NA","3466138","USP","VERTICAL VPL SERIES, FRAME SIZE 100MM, T WINDING, RATED SPEED 7200-80","01 HIGH","1.0","21.0","0.0476",,,
"PAE2","NA","3466140","USP","KINETIX VP LOW INERTIA MOTOR,","01 HIGH","1.0","21.0","0.0476",,,
"PAE2","NA","3466144","USP","SERVO DRIVE","01 HIGH","1.0","21.0","0.0476",,,
"PAE2","NA","3466145","USP","RIGHT HORIZONTAL SEAL BAR ASSY","01 HIGH","1.0","21.0","0.0476",,,
"PAE2","NA","3466147","USP","COMPACT CYLINDER ADN-32-25-I-P-A-S2","01 HIGH","1.0","21.0","0.0476",,,
"PAE2","NA","3466149","USP","PIVOT BLOCK","01 HIGH","2.0","14.0","0.1429",,,
"PAE2","NA","3466152","USP","SENSOR MOUNT","01 HIGH","1.0","21.0","0.0476",,,
"PAE2","NA","3466153","USP","RIGHT VERTICAL SEAL BAR ASSY","01 HIGH","1.0","21.0","0.0476",,,
"PAE2","NA","3466158","USP","SPRING PLUNGER, BALL-NOSE HARD","01 HIGH","1.0","4.0","0.25",,,
"PAE2","NA","3466170","USP","DSNU, BORE 25MM, STROKE 100MM, DOUBLE ACTING, LATERAL AIR,","01 HIGH","1.0","21.0","0.0476",,,
"PAE2","NA","3466191","USP","ROD COUPLER, M10X1.25, STEEL (","01 HIGH","1.0","21.0","0.0476",,,
"PAE2","NA","3466204","USP","M8X1.25 X 16 MM LG, STROKE 1.5MM, MAX TEMP. 250C, THREAD-LOCKING, CERAMIC BALL","01 HIGH","1.0","4.0","0.25",,,
"PAE2","NA","3466208","USP","BEARING SPACER; INNER; 20 ID X 27 OD X 5 THICK","01 HIGH","1.0","28.0","0.0357",,,
"PAE2","NA","3466223","USP","243TEETH 32 T5/1215","01 HIGH","1.0","11.0","0.0909",,,
"PAE2","NA","3466243","USP","LEFT HORIZONTAL SEAL BAR ASSY","01 HIGH","1.0","21.0","0.0476",,,
"PAE2","NA","3466247","USP","KINETIX VP MOTOR CABLE","01 HIGH","1.0","21.0","0.0476",,,
"PAE2","NA","3466248","USP","PRECISION LINEAR SHAFT, DIA 12","01 HIGH","1.0","28.0","0.0357",,,
"PAE2","NA","3466251","USP","PIVOT BLOCK - LEFT HORIZONTAL","01 HIGH","1.0","21.0","0.0476",,,
"PAE2","NA","3466258","USP","LEFT VERTICAL SEAL BAR ASSY","01 HIGH","1.0","21.0","0.0476",,,
"PAE2","NA","3466261","USP","SHANK THREAD SIZE(M10X1.25), ID 10MM, JAW OPENING W 10MM,","01 HIGH","15.0","3.0","5.0",,,
"PAE2","NA","3546294","USP","Kinetix VP Motor Cable, 4m","01 HIGH","0.0","90.0","0.0",,,
"PAE2","NA","49225","USP","HEX HEAD CAP SCREW  CTM PM-FAHHSS50557","03 LOW","1.0","10.0","0.1",,,
"PAE2","NA","61591","USP","TUBE FITTING, M5 TO 4MM","02 MED","3.0","70.0","0.0429",,,
"PAE2","NA","72902","USP","kit,motor assy, high speed...","02 MED","0.0","126.0","0.0","0.0056","1.0",
"PAE2","NA","76580","USP","PROGRAMMED MAPLE DISPLAY UNIT FOR 3600A APPLICATOR","03 LOW","0.0","14.0","0.0",,,
"PAE2","NA","N12270","USP","SMC Speed Control Valve: Elbow Fitting, Knob, 1/4 in/1/8 in Valve Body Size, 1/4 in Tube, Meter Out","02 MED","1.0","20.0","0.05",,,
"PAE2","NA","N24793","USP","Slim Electromechanical Relay, SPDT, 6A,24VDC, PCB Terminal, 34 Series","02 MED","1.0","14.0","0.0714",,,
"PAE2","NA","N37377","USP","SC300-2 SHOCK ABSORBER","02 MED","0.0","28.0","0.0",,,
"PAE2","NA","N45907","USP","Valve flow control one way","02 MED","1.0","21.0","0.0476",,,
"PAE2","NA","N53951","USP","RADIAL BALL BEARING","02 MED","1.0","28.0","0.0357",,,
"PAE2","NA","N53964","USP","NEBV-S1G25-K-10-N-LE25-S6 CONNECTING CABLE","02 MED","1.0","21.0","0.0476",,,
"PAE2","NA","N53977","USP","I110-E0454 SAFETY SWITCH","02 MED","0.0","30.0","0.0",,,
"PAE2","NA","N53990","USP","LINEAR RAIL","02 MED","1.0","21.0","0.0476",,,
"PAE2","NA","N54020","USP","STOPPER BOLT, M6X1.0, L 20MM, WITH HEX SOCKET TIP, STRAIGHT TYPE, BUMPER URETHAN","02 MED","1.0",,,,,
"PAE2","NA","N54024","USP","TAPER-LOCK BUSHING, 1610 22MM BORE","02 MED","1.0","21.0","0.0476",,,
"PDX8","NA","1001191","USP","VPL-B1003F-PJ12AA SERVO MOTOR","02 MED","1.0","21.0","0.0476",,,
"PDX8","NA","1001803","USP","Switch, Auxiliary, Supplementary Protector Accessory","02 MED","1.0","21.0","0.0476",,,
"PDX8","NA","1004322","USP","PUSHBUTTON METAL LATCH","02 MED","1.0","21.0","0.0476",,,
"PDX8","NA","10076","USP","UNWIND DANCER ARM UNWIND SPRING","02 MED","1.0","17.0","0.0588",,,
"PDX8","NA","10086","USP","WASHER: CAPTURE CTM PM-FANU30375","03 LOW","1.0","18.0","0.0556",,,
"PDX8","NA","10087","USP","THREADED INSERT CTM C-PM-INS1010","02 MED","1.0","14.0","0.0714",,,
"PDX8","NA","10090","USP","Shoulder Screw,18-8 Stainless Steel,3/8"""" Shoulder Dia., 1"""" Shoulder Length,5/16-18 Thread,PK2","03 LOW","2.0","24.0","0.0833",,,
"PDX8","NA","10096","USP","WASHER: THRUST, BRONZE","03 LOW","2.0","27.0","0.0741",,,
"PDX8","NA","10105","USP","SPRING: REWIND CLUTCH, MED DUTY, .97OD X .080 WIRE DIA","02 MED","1.0","28.0","0.0357",,,
"PDX8","NA","10191","USP","THRUST BALL BEARING, 3/4"" ID X 1-5/16"" OD X 9/32"" HT., STEEL","01 HIGH","1.0","35.0","0.0286",,,
"PDX8","NA","1061526","USP","SERVO DRVE AMP JR_AUTO JR0000549642","01 HIGH","1.0","35.0","0.0286",,,
"PDX8","NA","1063086","USP","SWITCH 2VDC PNP 0.5M LEAD M8 C","02 MED","1.0","21.0","0.0476",,,
"PDX8","NA","10683","USP","WHEEL, WHEEL: LOAD ASSEMBLY","02 MED","1.0","35.0","0.0286",,,
"PDX8","NA","1069554","USP","POWER IO CABLE M12 FOR COGNEX CONN MODULE W DB9","02 MED","1.0","21.0","0.0476",,,
"PDX8","NA","1071515","USP","Radial/Deep Groove Ball Bearing - Round Bore, 25 mm ID, 42 mm OD, 9 mm Width, Double Shielded, Internal Clearance","02 MED","1.0","28.0","0.0357",,,
"PDX8","NA","1071516","USP","REPLACEMENT BELT – 18”W FOR CO","02 MED","0.0","21.0","0.0",,,
"PDX8","NA","1073001","USP","3600 TAMP or SWING HOME SENSOR ASSEMBLY without MOUNT","02 MED","2.0","53.0","0.0377",,,
"PDX8","NA","11082","USP","SMART PACK FILTER REPLACEMENT  (PID)","02 MED","2.0","17.0","0.1176",,,
"PDX8","NA","11147","USP","VHI425A-GV W/ GV4G6","01 HIGH","1.0","70.0","0.0143",,,
"PDX8","NA","1116318","USP","ULTRASONIC SENSOR, PICO+","02 MED","1.0","21.0","0.0476",,,
"PDX8","NA","1124355","USP","FIXED DRAW ROLLER, SMART PAC","02 MED","1.0","100.0","0.01",,,
"PDX8","NA","11409","USP","TAMPA","01 HIGH","1.0","25.0","0.04",,,
"PDX8","NA","14325","USP","WIRING TOOL required for insertion/extraction @ terminal strip","02 MED","1.0","35.0","0.0286",,,
"PDX8","NA","19978","USP","TIME DELAY FUSE, 30A, CLASS J, 300KA, 600VAC","02 MED","1.0","21.0","0.0476",,,
"PDX8","NA","23103","USP","Time Delay, Cylindrical, Fuse, GDC Series, 250VAC, Indicating (5 PK)","03 LOW","1.0","15.0","0.0667",,,
"PDX8","NA","3022932","USP","SENSOR FLAG PIN, USP TRIGGER GATE","01 HIGH","1.0","108.0","0.0093",,,
"PDX8","NA","3022935","USP","M8 LOCK WASHERS (OR BLACK OXIDE EQUIVALENT)","01 HIGH","1.0","24.0","0.0417",,,
"PDX8","NA","3022938","USP","CAPTIVE SCREW RETAINER","01 HIGH","1.0","21.0","0.0476",,,
"PDX8","NA","3022941","USP","VERTICAL TOP, POWERSONIC MATED M12 + LBO2K","01 HIGH","2.0","70.0","0.0286",,,
"PDX8","NA","3022942","USP","CLAMP, LOOP NYLON 7/8"" X 1 1/2","01 HIGH","1.0","21.0","0.0476",,,
"PDX8","NA","3022943","USP","HORIZONTAL REAR, POWERSONIC MATED M12 + LBO3K","01 HIGH","2.0","70.0","0.0286",,,
"PDX8","NA","3022947","USP","HORIZONTAL JAW CABLE MANAGEMENT BACKING PLATE","01 HIGH","1.0","38.0","0.0263",,,
"PDX8","NA","3022957","USP","WASHER, M5, SST","01 HIGH","1.0","24.0","0.0417",,,
"PDX8","NA","3022961","USP","FRONT PLATE","01 HIGH","1.0","94.0","0.0106",,,
"PDX8","NA","3022977","USP","GUIDED PNUEMATIC CYLINDER DFM-16-125-B-PPV-A-KF","01 HIGH","1.0","25.0","0.04",,,
"PDX8","NA","3022978","USP","LIDAR SENSOR PICS150-01000 core 1","01 HIGH","0.0","95.0","0.0",,,
"PDX8","NA","3025738","USP","COATED 9"" FOUR HOLE AIR ASSIST TUBE - MP-211-2230-9","02 MED","1.0","21.0","0.0476",,,
"PDX8","NA","3029777","USP","Ring, Centering sleeve ZBH-7-B","01 HIGH","1.0","28.0","0.0357",,,
"PDX8","NA","3029778","USP","CABLE, NIP ROLLER MOTOR SERVO","01 HIGH","0.0","70.0","0.0",,,
"PDX8","NA","3031139","USP","RIGHT HORIZONTAL HEATER CABLE","01 HIGH","1.0","21.0","0.0476",,,
"PDX8","NA","3032133","USP","COMPRESSION SPRING T=1.4 OD=20 ID=17","01 HIGH","1.0","28.0","0.0357",,,
"PDX8","NA","3033957","USP","Ring, Centering sleeve ZBH-5-B","01 HIGH","1.0","28.0","0.0357",,,
"PDX8","NA","3037849","USP","RIGHT VER HEATER CABLE ASSY","01 HIGH","1.0","108.0","0.0093",,,
"PDX8","NA","3037850","USP","ZIP TIES, STANDARD","01 HIGH","0.0","24.0","0.0",,,
"PDX8","NA","3037851","USP","ALTERNATE PLASTIC P-CLIP (MUST DRILL MOUNTING HOLE TO M6)","01 HIGH","1.0","24.0","0.0417",,,
"PDX8","NA","3037852","USP","LEFT HOR HEATER CABLE ASSY","01 HIGH","1.0","108.0","0.0093",,,
"PDX8","NA","3043399","USP","D-MAX WEB GUIDE CONTROLLER,INPUT VOLTAGE 24 - 48 VDC, 6 DIGITAL INPUTS, 2 OUTPUT","01 HIGH","0.0","56.0","0.0",,,
"PDX8","NA","3043423","USP","FUSE,5 AMP,250V","01 HIGH","1.0","30.0","0.0333",,,
"PDX8","NA","3043436","USP","Kinetix 5700 Servo Drive","01 HIGH","0.0","21.0","0.0",,,
"PDX8","NA","3208459","USP","FIELD ATTACHABLE CONNECTOR","01 HIGH","1.0","21.0","0.0476",,,
"PDX8","NA","33053","USP","SENSOR CABLE, 5M GREY, M12 FEMALE 8P STRAIGHT TO OPEN ENDED, CONTINUOUS FLEX, PUR-OB","02 MED","1.0","21.0","0.0476",,,
"PDX8","NA","3361381","USP","Fork sensor","01 HIGH","1.0","28.0","0.0357",,,
"PDX8","NA","3466134","USP","ROLLING BEARING  61802-2RS1","01 HIGH","12.0","4.0","3.0",,,
"PDX8","NA","3466138","USP","VERTICAL VPL SERIES, FRAME SIZE 100MM, T WINDING, RATED SPEED 7200-80","01 HIGH","0.0","21.0","0.0","0.0056","1.0",
"PDX8","NA","3466140","USP","KINETIX VP LOW INERTIA MOTOR,","01 HIGH","0.0","21.0","0.0",,,
"PDX8","NA","3466144","USP","SERVO DRIVE","01 HIGH","0.0","21.0","0.0",,,
"PDX8","NA","3466145","USP","RIGHT HORIZONTAL SEAL BAR ASSY","01 HIGH","0.0","21.0","0.0",,,
"PDX8","NA","3466147","USP","COMPACT CYLINDER ADN-32-25-I-P-A-S2","01 HIGH","1.0","21.0","0.0476",,,
"PDX8","NA","3466152","USP","SENSOR MOUNT","01 HIGH","1.0","21.0","0.0476",,,
"PDX8","NA","3466153","USP","RIGHT VERTICAL SEAL BAR ASSY","01 HIGH","0.0","21.0","0.0",,,
"PDX8","NA","3466158","USP","SPRING PLUNGER, BALL-NOSE HARD","01 HIGH","1.0","4.0","0.25",,,
"PDX8","NA","3466170","USP","DSNU, BORE 25MM, STROKE 100MM, DOUBLE ACTING, LATERAL AIR,","01 HIGH","1.0","21.0","0.0476",,,
"PDX8","NA","3466204","USP","M8X1.25 X 16 MM LG, STROKE 1.5MM, MAX TEMP. 250C, THREAD-LOCKING, CERAMIC BALL","01 HIGH","1.0","4.0","0.25",,,
"PDX8","NA","3466208","USP","BEARING SPACER; INNER; 20 ID X 27 OD X 5 THICK","01 HIGH","1.0","28.0","0.0357",,,
"PDX8","NA","3466223","USP","243TEETH 32 T5/1215","01 HIGH","1.0","11.0","0.0909",,,
"PDX8","NA","3466243","USP","LEFT HORIZONTAL SEAL BAR ASSY","01 HIGH","0.0","21.0","0.0",,,
"PDX8","NA","3466247","USP","KINETIX VP MOTOR CABLE","01 HIGH","0.0","21.0","0.0",,,
"PDX8","NA","3466248","USP","PRECISION LINEAR SHAFT, DIA 12","01 HIGH","1.0","28.0","0.0357",,,
"PDX8","NA","3466258","USP","LEFT VERTICAL SEAL BAR ASSY","01 HIGH","0.0","21.0","0.0","0.0111","2.0",
"PDX8","NA","3466261","USP","SHANK THREAD SIZE(M10X1.25), ID 10MM, JAW OPENING W 10MM,","01 HIGH","1.0","3.0","0.3333",,,
"PDX8","NA","3546294","USP","Kinetix VP Motor Cable, 4m","01 HIGH","0.0","90.0","0.0",,,
"PDX8","NA","49225","USP","HEX HEAD CAP SCREW  CTM PM-FAHHSS50557","03 LOW","1.0","10.0","0.1",,,
"PDX8","NA","49344","USP","Zebra ZE52163-R010000Z Print Engine","02 MED","0.0","10.0","0.0","0.0","0.0",
"PDX8","NA","61591","USP","TUBE FITTING, M5 TO 4MM","02 MED","3.0","70.0","0.0429",,,
"PDX8","NA","72902","USP","kit,motor assy, high speed...","02 MED","1.0","126.0","0.0079",,,
"PDX8","NA","76580","USP","PROGRAMMED MAPLE DISPLAY UNIT FOR 3600A APPLICATOR","01 HIGH","1.0","14.0","0.0714",,,
"PDX8","NA","94998","USP","CYLINDER, ISO, PROX, X100MM, DA, MAG C03","02 MED","0.0","49.0","0.0",,,
"PDX8","NA","N37377","USP","SC300-2 SHOCK ABSORBER","02 MED","1.0","28.0","0.0357",,,
"PDX8","NA","N45907","USP","Valve flow control one way","02 MED","2.0","21.0","0.0952",,,
"PDX8","NA","N53951","USP","RADIAL BALL BEARING","02 MED","1.0","28.0","0.0357",,,
"PDX8","NA","N53964","USP","NEBV-S1G25-K-10-N-LE25-S6 CONNECTING CABLE","02 MED","1.0","21.0","0.0476",,,
"PDX8","NA","N53977","USP","I110-E0454 SAFETY SWITCH","02 MED","1.0","30.0","0.0333",,,
"PDX8","NA","N53990","USP","LINEAR RAIL","02 MED","1.0","21.0","0.0476",,,
"PDX8","NA","N54020","USP","STOPPER BOLT, M6X1.0, L 20MM, WITH HEX SOCKET TIP, STRAIGHT TYPE, BUMPER URETHAN","02 MED","2.0","21.0","0.0952",,,
"PDX8","NA","N54024","USP","TAPER-LOCK BUSHING, 1610 22MM BORE","02 MED","1.0","21.0","0.0476",,,
"POZ2","EU","1001803","USP","Switch, Auxiliary, Supplementary Protector Accessory","01 HIGH","0.0","21.0","0.0",,,
"POZ2","EU","1061198","USP","OLFLEXÂ® VFD SLIM, 14 AWG/4C, REDUCED DIAMETER VFD CABLE WITH ""SURGE GUARD""","01 HIGH","0.0","35.0","0.0",,,
"POZ2","EU","1061778","USP","RT-B1221","01 HIGH","1.0","28.0","0.0357",,,
"POZ2","EU","10683","USP","WHEEL, WHEEL: LOAD ASSEMBLY","01 HIGH","0.0","35.0","0.0",,,
"POZ2","EU","1069554","USP","POWER IO CABLE M12 FOR COGNEX CONN MODULE W DB9","01 HIGH","0.0","28.0","0.0",,,
"POZ2","EU","1071515","USP","Radial/Deep Groove Ball Bearing - Round Bore, 25 mm ID, 42 mm OD, 9 mm Width, Double Shielded, Internal Clearance","01 HIGH","2.0","28.0","0.0714",,,
"POZ2","EU","1071516","USP","REPLACEMENT BELT – 18”W FOR CO","01 HIGH","3.0","42.0","0.0714",,,
"POZ2","EU","107980","USP","X CODE M12X8 TO RJ45 CBL","01 HIGH","1.0",,,,,
"POZ2","EU","1116318","USP","ULTRASONIC SENSOR, PICO+","01 HIGH","2.0","21.0","0.0952",,,
"POZ2","EU","129198","USP","Touch Screen, 10.4"""", TFT Color, 24V DC","02 MED","0.0","123.0","0.0",,,
"POZ2","EU","129227","USP","F.O. AMPLIFIER FS-NEO","01 HIGH","0.0","28.0","0.0",,,
"POZ2","EU","2061034","USP","VARISTOR 250V 5A ECABALLERO MEV2505","01 HIGH","0.0","42.0","0.0",,,
"POZ2","EU","2066701","USP","ROLLER, MOVING DRAW ROLLER (SMART PAC)","01 HIGH","0.0","70.0","0.0",,,
"POZ2","EU","3015435","USP","VERTICAL JAW CABLE MANAGEMENT BACKING PLATE","01 HIGH","0.0","66.0","0.0",,,
"POZ2","EU","3022931","USP","MALE INSERT 5 PIN","01 HIGH","0.0","66.0","0.0",,,
"POZ2","EU","3022932","USP","SENSOR FLAG PIN, USP TRIGGER GATE","01 HIGH","0.0","108.0","0.0",,,
"POZ2","EU","3022935","USP","M8 LOCK WASHERS (OR BLACK OXIDE EQUIVALENT)","01 HIGH","0.0","24.0","0.0",,,
"POZ2","EU","3022938","USP","CAPTIVE SCREW RETAINER","01 HIGH","0.0","24.0","0.0",,,
"POZ2","EU","3022940","USP","VERTICAL JAW CABLE MANAGEMENT BACKING PLATE","01 HIGH","0.0","38.0","0.0",,,
"POZ2","EU","3022941","USP","VERTICAL TOP, POWERSONIC MATED M12 + LBO2K","01 HIGH","2.0","70.0","0.0286",,,
"POZ2","EU","3022944","USP","CAPTIVE GUARDING SCREWS","01 HIGH","0.0","24.0","0.0",,,
"POZ2","EU","3022945","USP","VERTICAL BOTTOM LOAD CELL","01 HIGH","2.0","70.0","0.0286",,,
"POZ2","EU","3022948","USP","FLAT HEAD SOCKET CAP SCREW","01 HIGH","0.0","24.0","0.0",,,
"POZ2","EU","3022949","USP","MCMASTER ZIP TIE MOUNT","02 MED","0.0","24.0","0.0",,,
"POZ2","EU","3022951","USP","RTD, PT100, DIA 3MM, L 18MM, 3","01 HIGH","0.0","38.0","0.0",,,
"POZ2","EU","3022953","USP","GUARDING T-BLOCK","01 HIGH","0.0","24.0","0.0",,,
"POZ2","EU","3022956","USP","ROTATED CABLE EXIT VERTICAL LOAD CELL HOLDER BLOCK","01 HIGH","0.0","108.0","0.0",,,
"POZ2","EU","3022957","USP","WASHER, M5, SST","01 HIGH","0.0","24.0","0.0",,,
"POZ2","EU","3022958","USP","DIVERT PLATE, TOP","01 HIGH","0.0","94.0","0.0",,,
"POZ2","EU","3022959","USP","SHOULDER BOLT, 12MMX40MM, M10","01 HIGH","0.0","42.0","0.0",,,
"POZ2","EU","3022961","USP","FRONT PLATE","01 HIGH","0.0","94.0","0.0",,,
"POZ2","EU","3022962","USP","DIVERT PLATE, LEFT","01 HIGH","0.0","30.0","0.0",,,
"POZ2","EU","3022967","USP","ZIP TIES, STANDARD","02 MED","0.0","24.0","0.0",,,
"POZ2","EU","3022969","USP","VERTICAL CARTRIDGE HEATER","01 HIGH","0.0","66.0","0.0",,,
"POZ2","EU","3022970","USP","CUTTING KNIFE ASSEMBLY","01 HIGH","3.0","108.0","0.0278",,,
"POZ2","EU","3022971","USP","FAST CONNECTION-PEG","01 HIGH","0.0","24.0","0.0",,,
"POZ2","EU","3022976","USP","FLAT HEAD SOCKET CAP SCREW","01 HIGH","0.0","24.0","0.0",,,
"POZ2","EU","3022977","USP","GUIDED PNUEMATIC CYLINDER DFM-16-125-B-PPV-A-KF","01 HIGH","0.0","25.0","0.0",,,
"POZ2","EU","3022978","USP","LIDAR SENSOR PICS150-01000 core 1","01 HIGH","0.0","95.0","0.0",,,
"POZ2","EU","3022981","USP","UNDER JAW BULK HEAD PLATE","01 HIGH","0.0","108.0","0.0",,,
"POZ2","EU","3022982","USP","LEFT ISOLATOR PLATE","01 HIGH","0.0","70.0","0.0",,,
"POZ2","EU","3022983","USP","RIGHT ISOLATOR PLATE","01 HIGH","0.0","70.0","0.0",,,
"POZ2","EU","3022984","USP","8MM X 14MM LOW SOCKET HEAD MACHINE SCREWS (OR BLACK OXIDE EQUIVALENT)","02 MED","0.0","24.0","0.0",,,
"POZ2","EU","3022985","USP","ROTATED CABLE EXIT HORIZONTAL LOAD CELL HOLDER BLOCK","01 HIGH","0.0","24.0","0.0",,,
"POZ2","EU","3029777","USP","Ring, Centering sleeve ZBH-7-B","01 HIGH","10.0","28.0","0.3571",,,
"POZ2","EU","3029778","USP","CABLE, NIP ROLLER MOTOR SERVO","01 HIGH","0.0","70.0","0.0",,,
"POZ2","EU","3032133","USP","COMPRESSION SPRING T=1.4 OD=20 ID=17","02 MED","1.0","28.0","0.0357",,,
"POZ2","EU","3033957","USP","Ring, Centering sleeve ZBH-5-B","01 HIGH","10.0","28.0","0.3571",,,
"POZ2","EU","3043368","USP","Sensor Cable, 5m Grey, M12 Female 4P Angled to Open Ended, Continuous Flex, PUR","01 HIGH","0.0","21.0","0.0",,,
"POZ2","EU","3043376","USP","ZLD18-BFZ4B8 SIMPLE SENSE","01 HIGH","0.0","42.0","0.0",,,
"POZ2","EU","3043377","USP","CABLE, M12, 5-PIN SOCKET TO FL","01 HIGH","0.0","35.0","0.0",,,
"POZ2","EU","3043382","USP","75129321-3200 I DRIVE SPCL SWITCH ASSY","01 HIGH","0.0","56.0","0.0",,,
"POZ2","EU","3043384","USP","SAFE COUPLING RELAY WITH SAFE","01 HIGH","0.0","42.0","0.0",,,
"POZ2","EU","3043386","USP","SERVO CENTER SENSOR CABLE","01 HIGH","0.0","35.0","0.0",,,
"POZ2","EU","3043388","USP","SENSOR REED PARA CILINDRO","01 HIGH","2.0","56.0","0.0357",,,
"POZ2","EU","3043389","USP","MOTOR CABLE FOR D-MAX CONTROLLER 1M LENGTH","01 HIGH","0.0","35.0","0.0",,,
"POZ2","EU","3043393","USP","FIFE ETHERNET CABLE","01 HIGH","0.0","35.0","0.0",,,
"POZ2","EU","3043399","USP","D-MAX WEB GUIDE CONTROLLER,INPUT VOLTAGE 24 - 48 VDC, 6 DIGITAL INPUTS, 2 OUTPUT","01 HIGH","0.0","35.0","0.0",,,
"POZ2","EU","3043401","USP","Stopper Bolt, M8x1.25, L 25mm, Standard Tip, Straight Type, Bumper Urethane","01 HIGH","0.0","28.0","0.0",,,
"POZ2","EU","3043404","USP","AC/DC Brick Power Supply, 90-264VAC In, 12VDC Out, 50 Watts, Standard DC Plug","01 HIGH","0.0","21.0","0.0",,,
"POZ2","EU","3043405","USP","SENSOR CABLE FEMALE 5-POLE M12 STRAIGHT A CODED TO OPEN END PUR BLACK 5M","01 HIGH","0.0","21.0","0.0",,,
"POZ2","EU","3043407","USP","SICK IME2S Series Non-Flush Inductive Non-Contact Safety Switch, 24V dc, Nickel Plated Brass Housing, 2NO, M12","02 MED","1.0","35.0","0.0286",,,
"POZ2","EU","3043410","USP","POWER CABLE FOR D-MAX CONTROLLER 5M LENGTH","01 HIGH","0.0","35.0","0.0",,,
"POZ2","EU","3043418","USP","350870-18-SPINDLE ASSY, 3"" IDLER, 18W","01 HIGH","0.0","63.0","0.0",,,
"POZ2","EU","3043419","USP","PULLEY,TMG,5mm X 15mm -36T 14mm BORE W","01 HIGH","0.0","84.0","0.0",,,
"POZ2","EU","3043423","USP","FUSE,5 AMP,250V","01 HIGH","0.0","56.0","0.0",,,
"POZ2","EU","3043424","USP","Timing Belt, 15 mm x 355 mm long","01 HIGH","0.0","63.0","0.0",,,
"POZ2","EU","3043431","USP","SERVO MOTORSERVOMOTOR N6750 M0.93 AB BRE","01 HIGH","0.0","49.0","0.0",,,
"POZ2","EU","3043436","USP","Kinetix 5700 Servo Drive","01 HIGH","0.0","35.0","0.0",,,
"POZ2","EU","3055824","USP","INTEGRATED LED, GREEN, LATCH M","01 HIGH","0.0","28.0","0.0",,,
"POZ2","EU","3055885","USP","SEW - 2.0HP,89.38RPM,KT47DRN90L4","01 HIGH","0.0","42.0","0.0",,,
"POZ2","EU","3208459","USP","FIELD ATTACHABLE CONNECTOR","01 HIGH","0.0","21.0","0.0",,,
"POZ2","EU","33053","USP","SENSOR CABLE, 5M GREY, M12 FEMALE 8P STRAIGHT TO OPEN ENDED, CONTINUOUS FLEX, PUR-OB","01 HIGH","0.0","28.0","0.0",,,
"POZ2","EU","3361381","USP","Fork sensor","01 HIGH","0.0","28.0","0.0",,,
"POZ2","EU","3464199","USP","SENSOR, FIBER OPTIC THIN ZERO SPACE, SIDE VIEW TYP","01 HIGH","0.0","24.0","0.0",,,
"POZ2","EU","3466132","USP","PNUEMATIC FITTING","01 HIGH","1.0","28.0","0.0357",,,
"POZ2","EU","3466134","USP","ROLLING BEARING  61802-2RS1","01 HIGH","3.0","35.0","0.0857",,,
"POZ2","EU","3466138","USP","VERTICAL VPL SERIES, FRAME SIZE 100MM, T WINDING, RATED SPEED 7200-80","01 HIGH","0.0","49.0","0.0",,,
"POZ2","EU","3466140","USP","KINETIX VP LOW INERTIA MOTOR,","01 HIGH","0.0","49.0","0.0",,,
"POZ2","EU","3466144","USP","SERVO DRIVE","01 HIGH","0.0","21.0","0.0",,,
"POZ2","EU","3466145","USP","RIGHT HORIZONTAL SEAL BAR ASSY","01 HIGH","0.0","70.0","0.0",,,
"POZ2","EU","3466147","USP","COMPACT CYLINDER ADN-32-25-I-P-A-S2","01 HIGH","0.0","56.0","0.0",,,
"POZ2","EU","3466149","USP","PIVOT BLOCK","01 HIGH","0.0","70.0","0.0",,,
"POZ2","EU","3466152","USP","SENSOR MOUNT","01 HIGH","0.0","56.0","0.0",,,
"POZ2","EU","3466153","USP","RIGHT VERTICAL SEAL BAR ASSY","01 HIGH","0.0","70.0","0.0",,,
"POZ2","EU","3466158","USP","SPRING PLUNGER, BALL-NOSE HARD","01 HIGH","0.0","42.0","0.0",,,
"POZ2","EU","3466170","USP","DSNU, BORE 25MM, STROKE 100MM, DOUBLE ACTING, LATERAL AIR,","01 HIGH","0.0","56.0","0.0",,,
"POZ2","EU","3466191","USP","ROD COUPLER, M10X1.25, STEEL (","01 HIGH","0.0","56.0","0.0",,,
"POZ2","EU","3466204","USP","M8X1.25 X 16 MM LG, STROKE 1.5MM, MAX TEMP. 250C, THREAD-LOCKING, CERAMIC BALL","02 MED","0.0","21.0","0.0",,,
"POZ2","EU","3466208","USP","BEARING SPACER; INNER; 20 ID X 27 OD X 5 THICK","01 HIGH","2.0","28.0","0.0714",,,
"POZ2","EU","3466223","USP","243TEETH 32 T5/1215","01 HIGH","0.0","42.0","0.0",,,
"POZ2","EU","3466243","USP","LEFT HORIZONTAL SEAL BAR ASSY","01 HIGH","0.0","70.0","0.0","0.0056","1.0",
"POZ2","EU","3466247","USP","KINETIX VP MOTOR CABLE","01 HIGH","0.0","70.0","0.0",,,
"POZ2","EU","3466248","USP","PRECISION LINEAR SHAFT, DIA 12","02 MED","0.0","28.0","0.0",,,
"POZ2","EU","3466251","USP","PIVOT BLOCK - LEFT HORIZONTAL","01 HIGH","0.0","70.0","0.0",,,
"POZ2","EU","3466258","USP","LEFT VERTICAL SEAL BAR ASSY","01 HIGH","0.0","70.0","0.0",,,
"POZ2","EU","3466261","USP","SHANK THREAD SIZE(M10X1.25), ID 10MM, JAW OPENING W 10MM,","02 MED","0.0","21.0","0.0",,,
"POZ2","EU","3546294","USP","Kinetix VP Motor Cable, 4m","01 HIGH","0.0","70.0","0.0",,,
"POZ2","EU","54023","USP","TAPER-LOCK BUSHING, 1610 20MM BORE","01 HIGH","0.0","21.0","0.0",,,
"POZ2","EU","61591","USP","TUBE FITTING, M5 TO 4MM","01 HIGH","0.0","56.0","0.0",,,
"POZ2","EU","72902","USP","kit,motor assy, high speed...","01 HIGH","0.0","63.0","0.0",,,
"POZ2","EU","816958","USP","IN-SIGHT STD. POWER & I/O BREAKOUT CABLE, 5M (15')","01 HIGH","0.0","35.0","0.0",,,
"POZ2","EU","94998","USP","CYLINDER, ISO, PROX, X100MM, DA, MAG C03","02 MED","0.0","49.0","0.0",,,
"POZ2","EU","N45907","USP","Valve flow control one way","01 HIGH","0.0","56.0","0.0",,,
"POZ2","EU","N53951","USP","RADIAL BALL BEARING","01 HIGH","2.0","28.0","0.0714",,,
"POZ2","EU","N53964","USP","NEBV-S1G25-K-10-N-LE25-S6 CONNECTING CABLE","01 HIGH","0.0","56.0","0.0",,,
"POZ2","EU","N53977","USP","I110-E0454 SAFETY SWITCH","01 HIGH","0.0","28.0","0.0",,,
"POZ2","EU","N53990","USP","LINEAR RAIL","01 HIGH","0.0","35.0","0.0",,,
"POZ2","EU","N54020","USP","STOPPER BOLT, M6X1.0, L 20MM, WITH HEX SOCKET TIP, STRAIGHT TYPE, BUMPER URETHAN","01 HIGH","0.0","21.0","0.0",,,
"POZ2","EU","N54024","USP","TAPER-LOCK BUSHING, 1610 22MM BORE","01 HIGH","0.0","21.0","0.0",,,
"PVD2","NA","1000078","USP","Sensor, proximity, SME-8M-DS-24V-K-0, 3-M8D","01 HIGH","1.0","15.0","0.0667",,,
"PVD2","NA","1001191","USP","VPL-B1003F-PJ12AA SERVO MOTOR","02 MED","2.0","21.0","0.0952",,,
"PVD2","NA","1001803","USP","Switch, Auxiliary, Supplementary Protector Accessory","02 MED","1.0","21.0","0.0476",,,
"PVD2","NA","1002613","USP","VALVE, CHECK VALVE,ASSEMBLY:FLOW CONTROL W/ PILOT CHECK VALVE 1/4 TUBE WITH1/8 T","02 MED","2.0","20.0","0.1",,,
"PVD2","NA","10043","USP","PLC, CONTROLLER,PROGRAMMABLE:2-1/2 INHT,3-1/2 INWD,1-1/2 INDP,24 V DCVOLT,2.6 MACURRE","02 MED","1.0","21.0","0.0476",,,
"PVD2","NA","10076","USP","UNWIND DANCER ARM UNWIND SPRING","02 MED","1.0","21.0","0.0476",,,
"PVD2","NA","10086","USP","WASHER: CAPTURE CTM PM-FANU30375","02 MED","1.0","20.0","0.05",,,
"PVD2","NA","10087","USP","THREADED INSERT CTM C-PM-INS1010","02 MED","1.0","20.0","0.05",,,
"PVD2","NA","10090","USP","Shoulder Screw,18-8 Stainless Steel,3/8"""" Shoulder Dia., 1"""" Shoulder Length,5/16-18 Thread,PK2","02 MED","1.0","24.0","0.0417",,,
"PVD2","NA","10095","USP","FLANGED BUSHING","02 MED","1.0","21.0","0.0476",,,
"PVD2","NA","10096","USP","WASHER: THRUST, BRONZE","02 MED","2.0","34.0","0.0588",,,
"PVD2","NA","10105","USP","SPRING: REWIND CLUTCH, MED DUTY, .97OD X .080 WIRE DIA","02 MED","1.0","28.0","0.0357",,,
"PVD2","NA","10191","USP","THRUST BALL BEARING, 3/4"" ID X 1-5/16"" OD X 9/32"" HT., STEEL","01 HIGH","1.0","42.0","0.0238",,,
"PVD2","NA","1061778","USP","RT-B1221","02 MED","1.0","21.0","0.0476",,,
"PVD2","NA","1063086","USP","SWITCH 2VDC PNP 0.5M LEAD M8 C","02 MED","1.0","21.0","0.0476",,,
"PVD2","NA","1069554","USP","POWER IO CABLE M12 FOR COGNEX CONN MODULE W DB9","02 MED","1.0","21.0","0.0476",,,
"PVD2","NA","1071515","USP","Radial/Deep Groove Ball Bearing - Round Bore, 25 mm ID, 42 mm OD, 9 mm Width, Double Shielded, Internal Clearance","02 MED","1.0","28.0","0.0357",,,
"PVD2","NA","1071516","USP","REPLACEMENT BELT – 18”W FOR CO","02 MED","2.0","21.0","0.0952",,,
"PVD2","NA","11082","USP","SMART PACK FILTER REPLACEMENT  (PID)","02 MED","1.0","31.0","0.0323",,,
"PVD2","NA","11147","USP","VHI425A-GV W/ GV4G6","01 HIGH","1.0","70.0","0.0143",,,
"PVD2","NA","1116318","USP","ULTRASONIC SENSOR, PICO+","02 MED","1.0","21.0","0.0476",,,
"PVD2","NA","1124355","USP","FIXED DRAW ROLLER, SMART PAC","02 MED","1.0","100.0","0.01",,,
"PVD2","NA","1124729","USP","Pan and Tilt Camera Mount PTU-BE","01 HIGH","1.0","38.0","0.0263",,,
"PVD2","NA","11409","USP","TAMPA","01 HIGH","1.0","25.0","0.04",,,
"PVD2","NA","11519","USP","Zebra Kit Maint Door Open Swch RH/LH","01 HIGH","3.0","17.0","0.1765",,,
"PVD2","NA","14325","USP","WIRING TOOL required for insertion/extraction @ terminal strip","02 MED","1.0","35.0","0.0286",,,
"PVD2","NA","19978","USP","TIME DELAY FUSE, 30A, CLASS J, 300KA, 600VAC","02 MED","1.0","21.0","0.0476",,,
"PVD2","NA","2066701","USP","ROLLER, MOVING DRAW ROLLER (SMART PAC)","01 HIGH","1.0","70.0","0.0143",,,
"PVD2","NA","23103","USP","Time Delay, Cylindrical, Fuse, GDC Series, 250VAC, Indicating (5 PK)","02 MED","2.0","15.0","0.1333",,,
"PVD2","NA","3022934","USP","SMC Shock Absorber, RBC1007, 46.7 mm Body Length, 63.7 mm Body Length, M10 x 1 Thread Size","01 HIGH","3.0","38.0","0.0789",,,
"PVD2","NA","3022940","USP","VERTICAL JAW CABLE MANAGEMENT BACKING PLATE","01 HIGH","1.0","38.0","0.0263",,,
"PVD2","NA","3022943","USP","HORIZONTAL REAR, POWERSONIC MATED M12 + LBO3K","01 HIGH","2.0","70.0","0.0286",,,
"PVD2","NA","3022952","USP","GALVANIZED STEEL , EPDM CUSHIO","01 HIGH","1.0","24.0","0.0417",,,
"PVD2","NA","3022953","USP","GUARDING T-BLOCK","01 HIGH","1.0","24.0","0.0417",,,
"PVD2","NA","3022958","USP","DIVERT PLATE, TOP","01 HIGH","1.0","94.0","0.0106",,,
"PVD2","NA","3022961","USP","FRONT PLATE","01 HIGH","1.0","94.0","0.0106",,,
"PVD2","NA","3022969","USP","VERTICAL CARTRIDGE HEATER","01 HIGH","1.0","66.0","0.0152",,,
"PVD2","NA","3022971","USP","FAST CONNECTION-PEG","01 HIGH","1.0","24.0","0.0417",,,
"PVD2","NA","3022977","USP","GUIDED PNUEMATIC CYLINDER DFM-16-125-B-PPV-A-KF","01 HIGH","1.0","25.0","0.04",,,
"PVD2","NA","3022978","USP","LIDAR SENSOR PICS150-01000 core 1","01 HIGH","0.0","95.0","0.0","0.0056","1.0",
"PVD2","NA","3022982","USP","LEFT ISOLATOR PLATE","01 HIGH","1.0","70.0","0.0143",,,
"PVD2","NA","3022985","USP","ROTATED CABLE EXIT HORIZONTAL LOAD CELL HOLDER BLOCK","01 HIGH","1.0","24.0","0.0417",,,
"PVD2","NA","3025738","USP","COATED 9"" FOUR HOLE AIR ASSIST TUBE - MP-211-2230-9","02 MED","1.0","21.0","0.0476",,,
"PVD2","NA","3029777","USP","Ring, Centering sleeve ZBH-7-B","01 HIGH","1.0","28.0","0.0357",,,
"PVD2","NA","3029778","USP","CABLE, NIP ROLLER MOTOR SERVO","01 HIGH","0.0","70.0","0.0",,,
"PVD2","NA","3031139","USP","RIGHT HORIZONTAL HEATER CABLE","01 HIGH","1.0","21.0","0.0476",,,
"PVD2","NA","3032133","USP","COMPRESSION SPRING T=1.4 OD=20 ID=17","01 HIGH","1.0","28.0","0.0357",,,
"PVD2","NA","3033957","USP","Ring, Centering sleeve ZBH-5-B","01 HIGH","1.0","28.0","0.0357",,,
"PVD2","NA","3037848","USP","LEFT VER HEATER CABLE ASSY","01 HIGH","1.0","108.0","0.0093",,,
"PVD2","NA","3037849","USP","RIGHT VER HEATER CABLE ASSY","01 HIGH","1.0","108.0","0.0093",,,
"PVD2","NA","3037850","USP","ZIP TIES, STANDARD","01 HIGH","0.0","24.0","0.0",,,
"PVD2","NA","3037851","USP","ALTERNATE PLASTIC P-CLIP (MUST DRILL MOUNTING HOLE TO M6)","01 HIGH","1.0","24.0","0.0417",,,
"PVD2","NA","3037852","USP","LEFT HOR HEATER CABLE ASSY","01 HIGH","1.0","108.0","0.0093",,,
"PVD2","NA","3043368","USP","Sensor Cable, 5m Grey, M12 Female 4P Angled to Open Ended, Continuous Flex, PUR","01 HIGH","1.0","21.0","0.0476",,,
"PVD2","NA","33053","USP","SENSOR CABLE, 5M GREY, M12 FEMALE 8P STRAIGHT TO OPEN ENDED, CONTINUOUS FLEX, PUR-OB","02 MED","1.0","21.0","0.0476",,,
"PVD2","NA","3361381","USP","Fork sensor","01 HIGH","1.0","28.0","0.0357",,,
"PVD2","NA","3464199","USP","SENSOR, FIBER OPTIC THIN ZERO SPACE, SIDE VIEW TYP","01 HIGH","1.0","30.0","0.0333",,,
"PVD2","NA","3466132","USP","PNUEMATIC FITTING","01 HIGH","1.0","21.0","0.0476",,,
"PVD2","NA","3466134","USP","ROLLING BEARING  61802-2RS1","01 HIGH","12.0","4.0","3.0",,,
"PVD2","NA","3466138","USP","VERTICAL VPL SERIES, FRAME SIZE 100MM, T WINDING, RATED SPEED 7200-80","01 HIGH","0.0","21.0","0.0",,,
"PVD2","NA","3466140","USP","KINETIX VP LOW INERTIA MOTOR,","01 HIGH","0.0","21.0","0.0",,,
"PVD2","NA","3466144","USP","SERVO DRIVE","01 HIGH","0.0","21.0","0.0",,,
"PVD2","NA","3466145","USP","RIGHT HORIZONTAL SEAL BAR ASSY","01 HIGH","0.0","21.0","0.0",,,
"PVD2","NA","3466147","USP","COMPACT CYLINDER ADN-32-25-I-P-A-S2","01 HIGH","1.0","21.0","0.0476",,,
"PVD2","NA","3466152","USP","SENSOR MOUNT","01 HIGH","1.0","21.0","0.0476",,,
"PVD2","NA","3466153","USP","RIGHT VERTICAL SEAL BAR ASSY","01 HIGH","0.0","21.0","0.0",,,
"PVD2","NA","3466158","USP","SPRING PLUNGER, BALL-NOSE HARD","01 HIGH","1.0","4.0","0.25",,,
"PVD2","NA","3466170","USP","DSNU, BORE 25MM, STROKE 100MM, DOUBLE ACTING, LATERAL AIR,","01 HIGH","1.0","21.0","0.0476",,,
"PVD2","NA","3466204","USP","M8X1.25 X 16 MM LG, STROKE 1.5MM, MAX TEMP. 250C, THREAD-LOCKING, CERAMIC BALL","01 HIGH","1.0","4.0","0.25",,,
"PVD2","NA","3466208","USP","BEARING SPACER; INNER; 20 ID X 27 OD X 5 THICK","01 HIGH","1.0","28.0","0.0357",,,
"PVD2","NA","3466223","USP","243TEETH 32 T5/1215","01 HIGH","1.0","11.0","0.0909",,,
"PVD2","NA","3466243","USP","LEFT HORIZONTAL SEAL BAR ASSY","01 HIGH","0.0","21.0","0.0","0.0111","2.0",
"PVD2","NA","3466247","USP","KINETIX VP MOTOR CABLE","01 HIGH","0.0","21.0","0.0",,,
"PVD2","NA","3466248","USP","PRECISION LINEAR SHAFT, DIA 12","01 HIGH","1.0","28.0","0.0357",,,
"PVD2","NA","3466258","USP","LEFT VERTICAL SEAL BAR ASSY","01 HIGH","0.0","21.0","0.0",,,
"PVD2","NA","3466261","USP","SHANK THREAD SIZE(M10X1.25), ID 10MM, JAW OPENING W 10MM,","01 HIGH","1.0","3.0","0.3333",,,
"PVD2","NA","3546294","USP","Kinetix VP Motor Cable, 4m","01 HIGH","0.0","90.0","0.0","0.0056","1.0",
"PVD2","NA","49225","USP","HEX HEAD CAP SCREW  CTM PM-FAHHSS50557","02 MED","1.0","20.0","0.05",,,
"PVD2","NA","54023","USP","TAPER-LOCK BUSHING, 1610 20MM BORE","02 MED","2.0","21.0","0.0952",,,
"PVD2","NA","61591","USP","TUBE FITTING, M5 TO 4MM","02 MED","3.0","70.0","0.0429",,,
"PVD2","NA","72902","USP","kit,motor assy, high speed...","02 MED","1.0","126.0","0.0079",,,
"PVD2","NA","76580","USP","PROGRAMMED MAPLE DISPLAY UNIT FOR 3600A APPLICATOR","02 MED","1.0","20.0","0.05",,,
"PVD2","NA","N12270","USP","SMC Speed Control Valve: Elbow Fitting, Knob, 1/4 in/1/8 in Valve Body Size, 1/4 in Tube, Meter Out","02 MED","2.0","20.0","0.1",,,
"PVD2","NA","N24793","USP","Slim Electromechanical Relay, SPDT, 6A,24VDC, PCB Terminal, 34 Series","01 HIGH","1.0","29.0","0.0345",,,
"PVD2","NA","N37843","USP","REWIND CONTROL/POWER ON RELAY FOR 3600A APPLICATORS - PE-RE1017","02 MED","1.0","14.0","0.0714",,,
"PVD2","NA","N45907","USP","Valve flow control one way","02 MED","2.0","21.0","0.0952",,,
"PVD2","NA","N53951","USP","RADIAL BALL BEARING","02 MED","1.0","28.0","0.0357",,,
"PVD2","NA","N53964","USP","NEBV-S1G25-K-10-N-LE25-S6 CONNECTING CABLE","02 MED","2.0","21.0","0.0952",,,
"PVD2","NA","N53977","USP","I110-E0454 SAFETY SWITCH","02 MED","2.0","30.0","0.0667",,,
"PVD2","NA","N53990","USP","LINEAR RAIL","02 MED","2.0","21.0","0.0952",,,
"PVD2","NA","N54020","USP","STOPPER BOLT, M6X1.0, L 20MM, WITH HEX SOCKET TIP, STRAIGHT TYPE, BUMPER URETHAN","02 MED","1.0","21.0","0.0476",,,
"PVD2","NA","N54024","USP","TAPER-LOCK BUSHING, 1610 22MM BORE","02 MED","2.0","21.0","0.0952",,,
"RIC4","NA","1001803","USP","Switch, Auxiliary, Supplementary Protector Accessory","02 MED","0.0","21.0","0.0",,,
"RIC4","NA","1002613","USP","VALVE, CHECK VALVE,ASSEMBLY:FLOW CONTROL W/ PILOT CHECK VALVE 1/4 TUBE WITH1/8 T","02 MED","1.0","21.0","0.0476",,,
"RIC4","NA","10043","USP","PLC, CONTROLLER,PROGRAMMABLE:2-1/2 INHT,3-1/2 INWD,1-1/2 INDP,24 V DCVOLT,2.6 MACURRE","02 MED","0.0","21.0","0.0","0.0056","1.0",
"RIC4","NA","10076","USP","UNWIND DANCER ARM UNWIND SPRING","02 MED","2.0","21.0","0.0952",,,
"RIC4","NA","10086","USP","WASHER: CAPTURE CTM PM-FANU30375","03 LOW","2.0","25.0","0.08",,,
"RIC4","NA","10087","USP","THREADED INSERT CTM C-PM-INS1010","03 LOW","1.0","14.0","0.0714",,,
"RIC4","NA","10090","USP","Shoulder Screw,18-8 Stainless Steel,3/8"""" Shoulder Dia., 1"""" Shoulder Length,5/16-18 Thread,PK2","03 LOW","1.0","24.0","0.0417",,,
"RIC4","NA","10095","USP","FLANGED BUSHING","02 MED","2.0","21.0","0.0952",,,
"RIC4","NA","10096","USP","WASHER: THRUST, BRONZE","03 LOW","1.0","34.0","0.0294",,,
"RIC4","NA","10105","USP","SPRING: REWIND CLUTCH, MED DUTY, .97OD X .080 WIRE DIA","03 LOW","1.0","20.0","0.05",,,
"RIC4","NA","10191","USP","THRUST BALL BEARING, 3/4"" ID X 1-5/16"" OD X 9/32"" HT., STEEL","02 MED","1.0","20.0","0.05",,,
"RIC4","NA","1060925","USP","RING-GRIP QUICK-RELEASE PIN","01 HIGH","1.0","3.0","0.3333",,,
"RIC4","NA","1061526","USP","SERVO DRVE AMP JR_AUTO JR0000549642","02 MED","0.0","35.0","0.0",,,
"RIC4","NA","1069554","USP","POWER IO CABLE M12 FOR COGNEX CONN MODULE W DB9","02 MED","0.0","21.0","0.0","0.0","0.0",
"RIC4","NA","1071516","USP","REPLACEMENT BELT – 18”W FOR CO","02 MED","2.0","21.0","0.0952",,,
"RIC4","NA","11082","USP","SMART PACK FILTER REPLACEMENT  (PID)","02 MED","2.0","23.0","0.087",,,
"RIC4","NA","1113249","USP","URGU48R1-04090N","02 MED","0.0","8.0","0.0",,,
"RIC4","NA","11147","USP","VHI425A-GV W/ GV4G6","02 MED","0.0","23.0","0.0",,,
"RIC4","NA","1116318","USP","ULTRASONIC SENSOR, PICO+","02 MED","1.0","56.0","0.0179",,,
"RIC4","NA","1124355","USP","FIXED DRAW ROLLER, SMART PAC","02 MED","0.0","100.0","0.0","0.0111","2.0",
"RIC4","NA","11409","USP","TAMPA","02 MED","2.0","25.0","0.08",,,
"RIC4","NA","11519","USP","Zebra Kit Maint Door Open Swch RH/LH","02 MED","1.0","28.0","0.0357",,,
"RIC4","NA","14325","USP","WIRING TOOL required for insertion/extraction @ terminal strip","03 LOW","1.0","35.0","0.0286",,,
"RIC4","NA","19978","USP","TIME DELAY FUSE, 30A, CLASS J, 300KA, 600VAC","02 MED","1.0","21.0","0.0476",,,
"RIC4","NA","2066701","USP","ROLLER, MOVING DRAW ROLLER (SMART PAC)","02 MED","0.0","70.0","0.0",,,
"RIC4","NA","23103","USP","Time Delay, Cylindrical, Fuse, GDC Series, 250VAC, Indicating (5 PK)","03 LOW","1.0","15.0","0.0667",,,
"RIC4","NA","3015435","USP","VERTICAL JAW CABLE MANAGEMENT BACKING PLATE","01 HIGH","1.0","42.0","0.0238",,,
"RIC4","NA","3022932","USP","SENSOR FLAG PIN, USP TRIGGER GATE","01 HIGH","1.0","108.0","0.0093",,,
"RIC4","NA","3022933","USP","STANDARD HOOD TOP ENTRY","01 HIGH","1.0","38.0","0.0263",,,
"RIC4","NA","3022935","USP","M8 LOCK WASHERS (OR BLACK OXIDE EQUIVALENT)","01 HIGH","1.0","24.0","0.0417",,,
"RIC4","NA","3022938","USP","CAPTIVE SCREW RETAINER","01 HIGH","1.0","21.0","0.0476",,,
"RIC4","NA","3022940","USP","VERTICAL JAW CABLE MANAGEMENT BACKING PLATE","01 HIGH","1.0","38.0","0.0263",,,
"RIC4","NA","3022942","USP","CLAMP, LOOP NYLON 7/8"" X 1 1/2","01 HIGH","1.0","21.0","0.0476",,,
"RIC4","NA","3022943","USP","HORIZONTAL REAR, POWERSONIC MATED M12 + LBO3K","01 HIGH","1.0","70.0","0.0143",,,
"RIC4","NA","3022944","USP","CAPTIVE GUARDING SCREWS","01 HIGH","2.0","24.0","0.0833",,,
"RIC4","NA","3022947","USP","HORIZONTAL JAW CABLE MANAGEMENT BACKING PLATE","01 HIGH","0.0","38.0","0.0",,,
"RIC4","NA","3022949","USP","MCMASTER ZIP TIE MOUNT","01 HIGH","2.0","24.0","0.0833",,,
"RIC4","NA","3022951","USP","RTD, PT100, DIA 3MM, L 18MM, 3","01 HIGH","0.0","38.0","0.0","0.0056","1.0",
"RIC4","NA","3022952","USP","GALVANIZED STEEL , EPDM CUSHIO","01 HIGH","2.0","24.0","0.0833",,,
"RIC4","NA","3022956","USP","ROTATED CABLE EXIT VERTICAL LOAD CELL HOLDER BLOCK","01 HIGH","1.0","108.0","0.0093",,,
"RIC4","NA","3022957","USP","WASHER, M5, SST","01 HIGH","1.0","24.0","0.0417",,,
"RIC4","NA","3022959","USP","SHOULDER BOLT, 12MMX40MM, M10","01 HIGH","1.0","42.0","0.0238",,,
"RIC4","NA","3022961","USP","FRONT PLATE","01 HIGH","1.0","94.0","0.0106",,,
"RIC4","NA","3022962","USP","DIVERT PLATE, LEFT","01 HIGH","1.0","30.0","0.0333",,,
"RIC4","NA","3022964","USP","DIVERT PLATE, REJECT COVER","01 HIGH","1.0","94.0","0.0106",,,
"RIC4","NA","3022967","USP","ZIP TIES, STANDARD","01 HIGH","0.0","24.0","0.0",,,
"RIC4","NA","3022969","USP","VERTICAL CARTRIDGE HEATER","01 HIGH","0.0","66.0","0.0",,,
"RIC4","NA","3022976","USP","FLAT HEAD SOCKET CAP SCREW","01 HIGH","1.0","24.0","0.0417",,,
"RIC4","NA","3022977","USP","GUIDED PNUEMATIC CYLINDER DFM-16-125-B-PPV-A-KF","01 HIGH","0.0","25.0","0.0",,,
"RIC4","NA","3022981","USP","UNDER JAW BULK HEAD PLATE","01 HIGH","0.0","108.0","0.0",,,
"RIC4","NA","3022983","USP","RIGHT ISOLATOR PLATE","01 HIGH","1.0","70.0","0.0143",,,
"RIC4","NA","3022984","USP","8MM X 14MM LOW SOCKET HEAD MACHINE SCREWS (OR BLACK OXIDE EQUIVALENT)","01 HIGH","1.0","24.0","0.0417",,,
"RIC4","NA","3022985","USP","ROTATED CABLE EXIT HORIZONTAL LOAD CELL HOLDER BLOCK","01 HIGH","0.0","24.0","0.0",,,
"RIC4","NA","3022987","USP","IO-LINK MASTER, ETHERNET/IP INTERFACE, TOTAL IN- AND OUTPUTS: 16, 4X 2A OUTPUTS","01 HIGH","0.0","45.0","0.0","0.0111","2.0",
"RIC4","NA","3029777","USP","Ring, Centering sleeve ZBH-7-B","01 HIGH","1.0","28.0","0.0357",,,
"RIC4","NA","3029778","USP","CABLE, NIP ROLLER MOTOR SERVO","01 HIGH","0.0","70.0","0.0",,,
"RIC4","NA","3031139","USP","RIGHT HORIZONTAL HEATER CABLE","01 HIGH","1.0","21.0","0.0476",,,
"RIC4","NA","3032133","USP","COMPRESSION SPRING T=1.4 OD=20 ID=17","01 HIGH","1.0","28.0","0.0357",,,
"RIC4","NA","3033957","USP","Ring, Centering sleeve ZBH-5-B","01 HIGH","1.0","28.0","0.0357",,,
"RIC4","NA","3037848","USP","LEFT VER HEATER CABLE ASSY","01 HIGH","1.0","108.0","0.0093",,,
"RIC4","NA","3037849","USP","RIGHT VER HEATER CABLE ASSY","01 HIGH","1.0","108.0","0.0093",,,
"RIC4","NA","3037850","USP","ZIP TIES, STANDARD","01 HIGH","0.0","24.0","0.0",,,
"RIC4","NA","3037851","USP","ALTERNATE PLASTIC P-CLIP (MUST DRILL MOUNTING HOLE TO M6)","01 HIGH","1.0","24.0","0.0417",,,
"RIC4","NA","3043384","USP","SAFE COUPLING RELAY WITH SAFE","02 MED","0.0","70.0","0.0",,,
"RIC4","NA","3043401","USP","Stopper Bolt, M8x1.25, L 25mm, Standard Tip, Straight Type, Bumper Urethane","02 MED","1.0","28.0","0.0357",,,
"RIC4","NA","3043404","USP","AC/DC Brick Power Supply, 90-264VAC In, 12VDC Out, 50 Watts, Standard DC Plug","02 MED","0.0","21.0","0.0",,,
"RIC4","NA","3043405","USP","SENSOR CABLE FEMALE 5-POLE M12 STRAIGHT A CODED TO OPEN END PUR BLACK 5M","01 HIGH","1.0","21.0","0.0476",,,
"RIC4","NA","3043407","USP","SICK IME2S Series Non-Flush Inductive Non-Contact Safety Switch, 24V dc, Nickel Plated Brass Housing, 2NO, M12","01 HIGH","1.0","42.0","0.0238",,,
"RIC4","NA","3043408","USP","M12, 5-pin female to flying leads, 10m Cable","02 MED","0.0","35.0","0.0","0.0","0.0",
"RIC4","NA","3361381","USP","Fork sensor","01 HIGH","0.0","28.0","0.0",,,
"RIC4","NA","3464199","USP","SENSOR, FIBER OPTIC THIN ZERO SPACE, SIDE VIEW TYP","01 HIGH","1.0","30.0","0.0333",,,
"RIC4","NA","3466127","USP","SCANNER,BARCODE:DM363 SMARTPACK PRESENTATION READER","01 HIGH","1.0","14.0","0.0714",,,
"RIC4","NA","3466132","USP","PNUEMATIC FITTING","01 HIGH","2.0","21.0","0.0952",,,
"RIC4","NA","3466134","USP","ROLLING BEARING  61802-2RS1","01 HIGH","4.0","4.0","1.0",,,
"RIC4","NA","3466147","USP","COMPACT CYLINDER ADN-32-25-I-P-A-S2","01 HIGH","1.0","21.0","0.0476",,,
"RIC4","NA","3466152","USP","SENSOR MOUNT","01 HIGH","2.0","21.0","0.0952",,,
"RIC4","NA","3466153","USP","RIGHT VERTICAL SEAL BAR ASSY","01 HIGH","2.0","21.0","0.0952",,,
"RIC4","NA","3466158","USP","SPRING PLUNGER, BALL-NOSE HARD","01 HIGH","1.0","4.0","0.25",,,
"RIC4","NA","3466191","USP","ROD COUPLER, M10X1.25, STEEL (","01 HIGH","1.0","21.0","0.0476",,,
"RIC4","NA","3466204","USP","M8X1.25 X 16 MM LG, STROKE 1.5MM, MAX TEMP. 250C, THREAD-LOCKING, CERAMIC BALL","01 HIGH","1.0","4.0","0.25",,,
"RIC4","NA","3466208","USP","BEARING SPACER; INNER; 20 ID X 27 OD X 5 THICK","01 HIGH","2.0","28.0","0.0714",,,
"RIC4","NA","3466243","USP","LEFT HORIZONTAL SEAL BAR ASSY","01 HIGH","0.0","21.0","0.0",,,
"RIC4","NA","3466247","USP","KINETIX VP MOTOR CABLE","01 HIGH","1.0","21.0","0.0476",,,
"RIC4","NA","3466248","USP","PRECISION LINEAR SHAFT, DIA 12","01 HIGH","0.0","28.0","0.0","0.0056","1.0",
"RIC4","NA","3466258","USP","LEFT VERTICAL SEAL BAR ASSY","01 HIGH","2.0","21.0","0.0952",,,
"RIC4","NA","3466261","USP","SHANK THREAD SIZE(M10X1.25), ID 10MM, JAW OPENING W 10MM,","01 HIGH","3.0","3.0","1.0",,,
"RIC4","NA","3546294","USP","Kinetix VP Motor Cable, 4m","01 HIGH","0.0","90.0","0.0",,,
"RIC4","NA","49225","USP","HEX HEAD CAP SCREW  CTM PM-FAHHSS50557","03 LOW","2.0","10.0","0.2",,,
"RIC4","NA","54023","USP","TAPER-LOCK BUSHING, 1610 20MM BORE","02 MED","1.0","21.0","0.0476",,,
"RIC4","NA","61591","USP","TUBE FITTING, M5 TO 4MM","02 MED","1.0","70.0","0.0143",,,
"RIC4","NA","72902","USP","kit,motor assy, high speed...","01 HIGH","0.0","126.0","0.0",,,
"RIC4","NA","76580","USP","PROGRAMMED MAPLE DISPLAY UNIT FOR 3600A APPLICATOR","02 MED","0.0","14.0","0.0",,,
"RIC4","NA","N24793","USP","Slim Electromechanical Relay, SPDT, 6A,24VDC, PCB Terminal, 34 Series","01 HIGH","1.0",,,,,
"RIC4","NA","N37377","USP","SC300-2 SHOCK ABSORBER","02 MED","0.0","28.0","0.0",,,
"RIC4","NA","N37843","USP","REWIND CONTROL/POWER ON RELAY FOR 3600A APPLICATORS - PE-RE1017","02 MED","0.0","14.0","0.0",,,
"RIC4","NA","N45907","USP","Valve flow control one way","02 MED","1.0","21.0","0.0476",,,
"RIC4","NA","N53964","USP","NEBV-S1G25-K-10-N-LE25-S6 CONNECTING CABLE","02 MED","1.0","37.0","0.027",,,
"RIC4","NA","N53977","USP","I110-E0454 SAFETY SWITCH","02 MED","1.0","30.0","0.0333",,,
"RIC4","NA","N53990","USP","LINEAR RAIL","02 MED","1.0","21.0","0.0476",,,
"RIC4","NA","N54020","USP","STOPPER BOLT, M6X1.0, L 20MM, WITH HEX SOCKET TIP, STRAIGHT TYPE, BUMPER URETHAN","02 MED","0.0","21.0","0.0",,,
"RIC4","NA","N54024","USP","TAPER-LOCK BUSHING, 1610 22MM BORE","02 MED","1.0","21.0","0.0476",,,
"SAN3","NA","1001191","USP","VPL-B1003F-PJ12AA SERVO MOTOR","02 MED","0.0","21.0","0.0","0.0111","2.0",
"SAN3","NA","1001803","USP","Switch, Auxiliary, Supplementary Protector Accessory","02 MED","2.0",,,"0.05","9.0",
"SAN3","NA","1002613","USP","VALVE, CHECK VALVE,ASSEMBLY:FLOW CONTROL W/ PILOT CHECK VALVE 1/4 TUBE WITH1/8 T","01 HIGH","1.0","20.0","0.05",,,
"SAN3","NA","10087","USP","THREADED INSERT CTM C-PM-INS1010","03 LOW","1.0","20.0","0.05",,,
"SAN3","NA","1061198","USP","OLFLEXÂ® VFD SLIM, 14 AWG/4C, REDUCED DIAMETER VFD CABLE WITH ""SURGE GUARD""","02 MED","0.0","21.0","0.0",,,
"SAN3","NA","1061526","USP","SERVO DRVE AMP JR_AUTO JR0000549642","02 MED","0.0","35.0","0.0","0.0278","5.0",
"SAN3","NA","1061778","USP","RT-B1221","02 MED","0.0","21.0","0.0",,,
"SAN3","NA","1069554","USP","POWER IO CABLE M12 FOR COGNEX CONN MODULE W DB9","03 LOW","1.0","21.0","0.0476",,,
"SAN3","NA","1071515","USP","Radial/Deep Groove Ball Bearing - Round Bore, 25 mm ID, 42 mm OD, 9 mm Width, Double Shielded, Internal Clearance","02 MED","0.0","28.0","0.0","0.1333","24.0",
"SAN3","NA","1073001","USP","3600 TAMP or SWING HOME SENSOR ASSEMBLY without MOUNT","02 MED","0.0","21.0","0.0",,,
"SAN3","NA","1113249","USP","URGU48R1-04090N","02 MED","0.0","8.0","0.0","0.0056","1.0",
"SAN3","NA","11147","USP","VHI425A-GV W/ GV4G6","01 HIGH","0.0","29.0","0.0","0.0111","2.0",
"SAN3","NA","1116318","USP","ULTRASONIC SENSOR, PICO+","02 MED","0.0","21.0","0.0","0.0111","2.0",
"SAN3","NA","1124355","USP","FIXED DRAW ROLLER, SMART PAC","02 MED","0.0","100.0","0.0","0.0111","2.0",
"SAN3","NA","11519","USP","Zebra Kit Maint Door Open Swch RH/LH","02 MED","5.0","15.0","0.3333",,,
"SAN3","NA","132054","USP","ZEBRA - P1046696-146, EXTENDED LIFE DRIVE BELTS, ZE500/ZE511, HTC 8443.99.2550 C","02 MED","0.0","8.0","0.0",,,
"SAN3","NA","2066701","USP","ROLLER, MOVING DRAW ROLLER (SMART PAC)","02 MED","0.0","70.0","0.0","0.0111","2.0",
"SAN3","NA","3015435","USP","VERTICAL JAW CABLE MANAGEMENT BACKING PLATE","01 HIGH","1.0","42.0","0.0238",,,
"SAN3","NA","3022931","USP","MALE INSERT 5 PIN","01 HIGH","1.0","66.0","0.0152",,,
"SAN3","NA","3022932","USP","SENSOR FLAG PIN, USP TRIGGER GATE","01 HIGH","1.0","108.0","0.0093",,,
"SAN3","NA","3022933","USP","STANDARD HOOD TOP ENTRY","01 HIGH","1.0","38.0","0.0263",,,
"SAN3","NA","3022935","USP","M8 LOCK WASHERS (OR BLACK OXIDE EQUIVALENT)","01 HIGH","1.0","24.0","0.0417",,,
"SAN3","NA","3022938","USP","CAPTIVE SCREW RETAINER","01 HIGH","1.0","21.0","0.0476",,,
"SAN3","NA","3022940","USP","VERTICAL JAW CABLE MANAGEMENT BACKING PLATE","01 HIGH","1.0","38.0","0.0263",,,
"SAN3","NA","3022942","USP","CLAMP, LOOP NYLON 7/8"" X 1 1/2","01 HIGH","1.0","21.0","0.0476",,,
"SAN3","NA","3022944","USP","CAPTIVE GUARDING SCREWS","01 HIGH","1.0","24.0","0.0417",,,
"SAN3","NA","3022945","USP","VERTICAL BOTTOM LOAD CELL","01 HIGH","2.0","70.0","0.0286",,,
"SAN3","NA","3022947","USP","HORIZONTAL JAW CABLE MANAGEMENT BACKING PLATE","01 HIGH","1.0","38.0","0.0263",,,
"SAN3","NA","3022948","USP","FLAT HEAD SOCKET CAP SCREW","01 HIGH","3.0","24.0","0.125",,,
"SAN3","NA","3022949","USP","MCMASTER ZIP TIE MOUNT","01 HIGH","2.0","24.0","0.0833",,,
"SAN3","NA","3022950","USP","HORIZONTAL FRONT, POWERSONIC MATED M12 + LBO3K","01 HIGH","2.0","70.0","0.0286",,,
"SAN3","NA","3022951","USP","RTD, PT100, DIA 3MM, L 18MM, 3","01 HIGH","1.0","38.0","0.0263",,,
"SAN3","NA","3022952","USP","GALVANIZED STEEL , EPDM CUSHIO","01 HIGH","1.0","24.0","0.0417",,,
"SAN3","NA","3022953","USP","GUARDING T-BLOCK","01 HIGH","1.0","24.0","0.0417",,,
"SAN3","NA","3022956","USP","ROTATED CABLE EXIT VERTICAL LOAD CELL HOLDER BLOCK","01 HIGH","1.0","108.0","0.0093",,,
"SAN3","NA","3022957","USP","WASHER, M5, SST","01 HIGH","2.0","24.0","0.0833",,,
"SAN3","NA","3022958","USP","DIVERT PLATE, TOP","01 HIGH","1.0","94.0","0.0106",,,
"SAN3","NA","3022959","USP","SHOULDER BOLT, 12MMX40MM, M10","01 HIGH","1.0","42.0","0.0238",,,
"SAN3","NA","3022961","USP","FRONT PLATE","01 HIGH","1.0","94.0","0.0106",,,
"SAN3","NA","3022962","USP","DIVERT PLATE, LEFT","01 HIGH","1.0","30.0","0.0333",,,
"SAN3","NA","3022964","USP","DIVERT PLATE, REJECT COVER","01 HIGH","1.0","94.0","0.0106",,,
"SAN3","NA","3022967","USP","ZIP TIES, STANDARD","01 HIGH","2.0","24.0","0.0833",,,
"SAN3","NA","3022969","USP","VERTICAL CARTRIDGE HEATER","01 HIGH","1.0","66.0","0.0152",,,
"SAN3","NA","3022971","USP","FAST CONNECTION-PEG","01 HIGH","3.0","24.0","0.125",,,
"SAN3","NA","3022976","USP","FLAT HEAD SOCKET CAP SCREW","01 HIGH","2.0","24.0","0.0833",,,
"SAN3","NA","3022977","USP","GUIDED PNUEMATIC CYLINDER DFM-16-125-B-PPV-A-KF","01 HIGH","1.0","25.0","0.04",,,
"SAN3","NA","3022981","USP","UNDER JAW BULK HEAD PLATE","01 HIGH","1.0","108.0","0.0093",,,
"SAN3","NA","3022982","USP","LEFT ISOLATOR PLATE","01 HIGH","7.0","70.0","0.1",,,
"SAN3","NA","3022983","USP","RIGHT ISOLATOR PLATE","01 HIGH","7.0","70.0","0.1",,,
"SAN3","NA","3022984","USP","8MM X 14MM LOW SOCKET HEAD MACHINE SCREWS (OR BLACK OXIDE EQUIVALENT)","01 HIGH","1.0","24.0","0.0417",,,
"SAN3","NA","3022985","USP","ROTATED CABLE EXIT HORIZONTAL LOAD CELL HOLDER BLOCK","01 HIGH","1.0","24.0","0.0417",,,
"SAN3","NA","3025738","USP","COATED 9"" FOUR HOLE AIR ASSIST TUBE - MP-211-2230-9","01 HIGH","1.0","1.0","1.0",,,
"SAN3","NA","3029777","USP","Ring, Centering sleeve ZBH-7-B","01 HIGH","1.0","28.0","0.0357",,,
"SAN3","NA","3029778","USP","CABLE, NIP ROLLER MOTOR SERVO","01 HIGH","0.0","70.0","0.0",,,
"SAN3","NA","3031139","USP","RIGHT HORIZONTAL HEATER CABLE","02 MED","4.0","21.0","0.1905",,,
"SAN3","NA","3033957","USP","Ring, Centering sleeve ZBH-5-B","01 HIGH","1.0","28.0","0.0357",,,
"SAN3","NA","3037848","USP","LEFT VER HEATER CABLE ASSY","01 HIGH","1.0","108.0","0.0093",,,
"SAN3","NA","3037849","USP","RIGHT VER HEATER CABLE ASSY","01 HIGH","1.0","108.0","0.0093",,,
"SAN3","NA","3037850","USP","ZIP TIES, STANDARD","01 HIGH","0.0","24.0","0.0",,,
"SAN3","NA","3037851","USP","ALTERNATE PLASTIC P-CLIP (MUST DRILL MOUNTING HOLE TO M6)","01 HIGH","1.0","24.0","0.0417",,,
"SAN3","NA","3037852","USP","LEFT HOR HEATER CABLE ASSY","01 HIGH","1.0","108.0","0.0093",,,
"SAN3","NA","3043368","USP","Sensor Cable, 5m Grey, M12 Female 4P Angled to Open Ended, Continuous Flex, PUR","01 HIGH","1.0","21.0","0.0476",,,
"SAN3","NA","3043382","USP","75129321-3200 I DRIVE SPCL SWITCH ASSY","02 MED","0.0","30.0","0.0",,,
"SAN3","NA","3043388","USP","SENSOR REED PARA CILINDRO","02 MED","2.0","55.0","0.0364",,,
"SAN3","NA","3043401","USP","Stopper Bolt, M8x1.25, L 25mm, Standard Tip, Straight Type, Bumper Urethane","02 MED","23.0","28.0","0.8214",,,
"SAN3","NA","3043404","USP","AC/DC Brick Power Supply, 90-264VAC In, 12VDC Out, 50 Watts, Standard DC Plug","02 MED","0.0","21.0","0.0",,,
"SAN3","NA","3043405","USP","SENSOR CABLE FEMALE 5-POLE M12 STRAIGHT A CODED TO OPEN END PUR BLACK 5M","01 HIGH","1.0","21.0","0.0476",,,
"SAN3","NA","3043407","USP","SICK IME2S Series Non-Flush Inductive Non-Contact Safety Switch, 24V dc, Nickel Plated Brass Housing, 2NO, M12","01 HIGH","1.0","42.0","0.0238",,,
"SAN3","NA","3043408","USP","M12, 5-pin female to flying leads, 10m Cable","02 MED","0.0","35.0","0.0","0.0111","2.0",
"SAN3","NA","3043410","USP","POWER CABLE FOR D-MAX CONTROLLER 5M LENGTH","01 HIGH","0.0","56.0","0.0",,,
"SAN3","NA","3208459","USP","FIELD ATTACHABLE CONNECTOR","01 HIGH","1.0","21.0","0.0476",,,
"SAN3","NA","33053","USP","SENSOR CABLE, 5M GREY, M12 FEMALE 8P STRAIGHT TO OPEN ENDED, CONTINUOUS FLEX, PUR-OB","02 MED","0.0","21.0","0.0","0.0444","8.0",
"SAN3","NA","3361381","USP","Fork sensor","01 HIGH","1.0","28.0","0.0357",,,
"SAN3","NA","3464199","USP","SENSOR, FIBER OPTIC THIN ZERO SPACE, SIDE VIEW TYP","01 HIGH","1.0","30.0","0.0333",,,
"SAN3","NA","3466127","USP","SCANNER,BARCODE:DM363 SMARTPACK PRESENTATION READER","01 HIGH","1.0","14.0","0.0714",,,
"SAN3","NA","3466132","USP","PNUEMATIC FITTING","01 HIGH","1.0","21.0","0.0476",,,
"SAN3","NA","3466134","USP","ROLLING BEARING  61802-2RS1","01 HIGH","2.0","4.0","0.5",,,
"SAN3","NA","3466138","USP","VERTICAL VPL SERIES, FRAME SIZE 100MM, T WINDING, RATED SPEED 7200-80","01 HIGH","1.0","21.0","0.0476",,,
"SAN3","NA","3466140","USP","KINETIX VP LOW INERTIA MOTOR,","01 HIGH","1.0","21.0","0.0476",,,
"SAN3","NA","3466144","USP","SERVO DRIVE","01 HIGH","1.0","21.0","0.0476",,,
"SAN3","NA","3466145","USP","RIGHT HORIZONTAL SEAL BAR ASSY","01 HIGH","1.0","21.0","0.0476",,,
"SAN3","NA","3466152","USP","SENSOR MOUNT","01 HIGH","2.0","21.0","0.0952",,,
"SAN3","NA","3466153","USP","RIGHT VERTICAL SEAL BAR ASSY","01 HIGH","1.0","21.0","0.0476",,,
"SAN3","NA","3466158","USP","SPRING PLUNGER, BALL-NOSE HARD","01 HIGH","2.0","4.0","0.5",,,
"SAN3","NA","3466191","USP","ROD COUPLER, M10X1.25, STEEL (","01 HIGH","2.0","21.0","0.0952",,,
"SAN3","NA","3466204","USP","M8X1.25 X 16 MM LG, STROKE 1.5MM, MAX TEMP. 250C, THREAD-LOCKING, CERAMIC BALL","01 HIGH","5.0","4.0","1.25",,,
"SAN3","NA","3466208","USP","BEARING SPACER; INNER; 20 ID X 27 OD X 5 THICK","01 HIGH","2.0","28.0","0.0714",,,
"SAN3","NA","3466223","USP","243TEETH 32 T5/1215","01 HIGH","1.0","11.0","0.0909",,,
"SAN3","NA","3466243","USP","LEFT HORIZONTAL SEAL BAR ASSY","01 HIGH","1.0","21.0","0.0476",,,
"SAN3","NA","3466247","USP","KINETIX VP MOTOR CABLE","01 HIGH","1.0","21.0","0.0476",,,
"SAN3","NA","3466248","USP","PRECISION LINEAR SHAFT, DIA 12","01 HIGH","1.0","28.0","0.0357",,,
"SAN3","NA","3466251","USP","PIVOT BLOCK - LEFT HORIZONTAL","01 HIGH","1.0","21.0","0.0476",,,
"SAN3","NA","3466258","USP","LEFT VERTICAL SEAL BAR ASSY","01 HIGH","1.0","21.0","0.0476",,,
"SAN3","NA","3466261","USP","SHANK THREAD SIZE(M10X1.25), ID 10MM, JAW OPENING W 10MM,","01 HIGH","2.0","3.0","0.6667",,,
"SAN3","NA","3546294","USP","Kinetix VP Motor Cable, 4m","01 HIGH","0.0","90.0","0.0",,,
"SAN3","NA","49225","USP","HEX HEAD CAP SCREW  CTM PM-FAHHSS50557","02 MED","3.0","20.0","0.15",,,
"SAN3","NA","49346","USP","ZEBRA AIT PART KIT PLATEN, PINCH, & PEEL ROLLERS ZE521 RH & LH","01 HIGH","1.0","8.0","0.125",,,
"SAN3","NA","94998","USP","CYLINDER, ISO, PROX, X100MM, DA, MAG C03","02 MED","0.0","49.0","0.0",,,
"SAN3","NA","N12270","USP","SMC Speed Control Valve: Elbow Fitting, Knob, 1/4 in/1/8 in Valve Body Size, 1/4 in Tube, Meter Out","01 HIGH","0.0","37.0","0.0","0.0278","5.0",
"SAN3","NA","N37377","USP","SC300-2 SHOCK ABSORBER","02 MED","0.0","28.0","0.0","0.0167","3.0",
"SAN3","NA","N37843","USP","REWIND CONTROL/POWER ON RELAY FOR 3600A APPLICATORS - PE-RE1017","02 MED","0.0","8.0","0.0",,,
"SAN3","NA","N41977","USP","R SERIES BEARING - .750 X 1.625 X .437","02 MED","1.0",,,,,
"SAN3","NA","N45907","USP","Valve flow control one way","02 MED","1.0","21.0","0.0476",,,
"SAN3","NA","N53951","USP","RADIAL BALL BEARING","01 HIGH","1.0","28.0","0.0357",,,
"SAN3","NA","N53964","USP","NEBV-S1G25-K-10-N-LE25-S6 CONNECTING CABLE","02 MED","1.0","21.0","0.0476",,,
"SAN3","NA","N54020","USP","STOPPER BOLT, M6X1.0, L 20MM, WITH HEX SOCKET TIP, STRAIGHT TYPE, BUMPER URETHAN","02 MED","1.0","21.0","0.0476",,,
"SAN3","NA","N54024","USP","TAPER-LOCK BUSHING, 1610 22MM BORE","02 MED","1.0","21.0","0.0476",,,
"SAT3","NA","1001191","USP","VPL-B1003F-PJ12AA SERVO MOTOR","02 MED","1.0",,,,,
"SAT3","NA","1002613","USP","VALVE, CHECK VALVE,ASSEMBLY:FLOW CONTROL W/ PILOT CHECK VALVE 1/4 TUBE WITH1/8 T","01 HIGH","1.0",,,,,
"SAT3","NA","10043","USP","PLC, CONTROLLER,PROGRAMMABLE:2-1/2 INHT,3-1/2 INWD,1-1/2 INDP,24 V DCVOLT,2.6 MACURRE","02 MED","0.0",,,,,
"SAT3","NA","1004322","USP","PUSHBUTTON METAL LATCH","02 MED","1.0",,,,,
"SAT3","NA","10076","USP","UNWIND DANCER ARM UNWIND SPRING","02 MED","1.0",,,,,
"SAT3","NA","10086","USP","WASHER: CAPTURE CTM PM-FANU30375","03 LOW","1.0","18.0","0.0556",,,
"SAT3","NA","10087","USP","THREADED INSERT CTM C-PM-INS1010","03 LOW","1.0","14.0","0.0714",,,
"SAT3","NA","10090","USP","Shoulder Screw,18-8 Stainless Steel,3/8"""" Shoulder Dia., 1"""" Shoulder Length,5/16-18 Thread,PK2","03 LOW","1.0",,,,,
"SAT3","NA","10095","USP","FLANGED BUSHING","03 LOW","3.0","21.0","0.1429",,,
"SAT3","NA","10096","USP","WASHER: THRUST, BRONZE","02 MED","1.0",,,,,
"SAT3","NA","10105","USP","SPRING: REWIND CLUTCH, MED DUTY, .97OD X .080 WIRE DIA","02 MED","1.0",,,,,
"SAT3","NA","10191","USP","THRUST BALL BEARING, 3/4"" ID X 1-5/16"" OD X 9/32"" HT., STEEL","01 HIGH","2.0","20.0","0.1",,,
"SAT3","NA","1061198","USP","OLFLEXÂ® VFD SLIM, 14 AWG/4C, REDUCED DIAMETER VFD CABLE WITH ""SURGE GUARD""","02 MED","1.0","21.0","0.0476",,,
"SAT3","NA","1061526","USP","SERVO DRVE AMP JR_AUTO JR0000549642","02 MED","1.0","35.0","0.0286",,,
"SAT3","NA","1061778","USP","RT-B1221","02 MED","0.0",,,,,
"SAT3","NA","1063086","USP","SWITCH 2VDC PNP 0.5M LEAD M8 C","02 MED","1.0",,,,,
"SAT3","NA","1069554","USP","POWER IO CABLE M12 FOR COGNEX CONN MODULE W DB9","02 MED","1.0",,,"0.0","0.0",
"SAT3","NA","1071515","USP","Radial/Deep Groove Ball Bearing - Round Bore, 25 mm ID, 42 mm OD, 9 mm Width, Double Shielded, Internal Clearance","02 MED","2.0","28.0","0.0714",,,
"SAT3","NA","11082","USP","SMART PACK FILTER REPLACEMENT  (PID)","03 LOW","1.0","24.0","0.0417",,,
"SAT3","NA","1113249","USP","URGU48R1-04090N","02 MED","1.0","7.0","0.1429",,,
"SAT3","NA","11147","USP","VHI425A-GV W/ GV4G6","01 HIGH","0.0","29.0","0.0",,,
"SAT3","NA","1124355","USP","FIXED DRAW ROLLER, SMART PAC","02 MED","1.0","100.0","0.01",,,
"SAT3","NA","11409","USP","TAMPA","02 MED","1.0","25.0","0.04",,,
"SAT3","NA","11519","USP","Zebra Kit Maint Door Open Swch RH/LH","02 MED","1.0","20.0","0.05",,,
"SAT3","NA","129198","USP","Touch Screen, 10.4"""", TFT Color, 24V DC","02 MED","0.0","35.0","0.0",,,
"SAT3","NA","132054","USP","ZEBRA - P1046696-146, EXTENDED LIFE DRIVE BELTS, ZE500/ZE511, HTC 8443.99.2550 C","02 MED","1.0","8.0","0.125",,,
"SAT3","NA","14325","USP","WIRING TOOL required for insertion/extraction @ terminal strip","02 MED","1.0",,,,,
"SAT3","NA","19978","USP","TIME DELAY FUSE, 30A, CLASS J, 300KA, 600VAC","02 MED","2.0","21.0","0.0952",,,
"SAT3","NA","23103","USP","Time Delay, Cylindrical, Fuse, GDC Series, 250VAC, Indicating (5 PK)","03 LOW","1.0","15.0","0.0667",,,
"SAT3","NA","3015435","USP","VERTICAL JAW CABLE MANAGEMENT BACKING PLATE","01 HIGH","1.0","42.0","0.0238",,,
"SAT3","NA","3022931","USP","MALE INSERT 5 PIN","01 HIGH","2.0","66.0","0.0303",,,
"SAT3","NA","3022932","USP","SENSOR FLAG PIN, USP TRIGGER GATE","01 HIGH","1.0","108.0","0.0093",,,
"SAT3","NA","3022933","USP","STANDARD HOOD TOP ENTRY","01 HIGH","1.0","38.0","0.0263",,,
"SAT3","NA","3022935","USP","M8 LOCK WASHERS (OR BLACK OXIDE EQUIVALENT)","01 HIGH","2.0","24.0","0.0833",,,
"SAT3","NA","3022938","USP","CAPTIVE SCREW RETAINER","01 HIGH","2.0","21.0","0.0952",,,
"SAT3","NA","3022940","USP","VERTICAL JAW CABLE MANAGEMENT BACKING PLATE","01 HIGH","1.0","38.0","0.0263",,,
"SAT3","NA","3022941","USP","VERTICAL TOP, POWERSONIC MATED M12 + LBO2K","01 HIGH","0.0","70.0","0.0",,,
"SAT3","NA","3022942","USP","CLAMP, LOOP NYLON 7/8"" X 1 1/2","01 HIGH","1.0","21.0","0.0476",,,
"SAT3","NA","3022943","USP","HORIZONTAL REAR, POWERSONIC MATED M12 + LBO3K","01 HIGH","0.0","70.0","0.0",,,
"SAT3","NA","3022944","USP","CAPTIVE GUARDING SCREWS","01 HIGH","2.0","24.0","0.0833",,,
"SAT3","NA","3022945","USP","VERTICAL BOTTOM LOAD CELL","01 HIGH","0.0","70.0","0.0",,,
"SAT3","NA","3022947","USP","HORIZONTAL JAW CABLE MANAGEMENT BACKING PLATE","01 HIGH","1.0","38.0","0.0263",,,
"SAT3","NA","3022948","USP","FLAT HEAD SOCKET CAP SCREW","01 HIGH","2.0","24.0","0.0833",,,
"SAT3","NA","3022949","USP","MCMASTER ZIP TIE MOUNT","01 HIGH","2.0","24.0","0.0833",,,
"SAT3","NA","3022950","USP","HORIZONTAL FRONT, POWERSONIC MATED M12 + LBO3K","01 HIGH","0.0","70.0","0.0",,,
"SAT3","NA","3022951","USP","RTD, PT100, DIA 3MM, L 18MM, 3","01 HIGH","1.0","38.0","0.0263",,,
"SAT3","NA","3022952","USP","GALVANIZED STEEL , EPDM CUSHIO","01 HIGH","1.0","24.0","0.0417",,,
"SAT3","NA","3022953","USP","GUARDING T-BLOCK","01 HIGH","2.0","24.0","0.0833",,,
"SAT3","NA","3022956","USP","ROTATED CABLE EXIT VERTICAL LOAD CELL HOLDER BLOCK","01 HIGH","1.0","108.0","0.0093",,,
"SAT3","NA","3022957","USP","WASHER, M5, SST","01 HIGH","2.0","24.0","0.0833",,,
"SAT3","NA","3022958","USP","DIVERT PLATE, TOP","01 HIGH","0.0","94.0","0.0","0.0111","2.0",
"SAT3","NA","3022959","USP","SHOULDER BOLT, 12MMX40MM, M10","01 HIGH","1.0","42.0","0.0238",,,
"SAT3","NA","3022961","USP","FRONT PLATE","01 HIGH","1.0","94.0","0.0106",,,
"SAT3","NA","3022962","USP","DIVERT PLATE, LEFT","01 HIGH","1.0","30.0","0.0333",,,
"SAT3","NA","3022964","USP","DIVERT PLATE, REJECT COVER","01 HIGH","1.0","94.0","0.0106",,,
"SAT3","NA","3022967","USP","ZIP TIES, STANDARD","01 HIGH","2.0","24.0","0.0833",,,
"SAT3","NA","3022969","USP","VERTICAL CARTRIDGE HEATER","01 HIGH","0.0","66.0","0.0",,,
"SAT3","NA","3022970","USP","CUTTING KNIFE ASSEMBLY","01 HIGH","2.0","108.0","0.0185",,,
"SAT3","NA","3022971","USP","FAST CONNECTION-PEG","01 HIGH","4.0","24.0","0.1667",,,
"SAT3","NA","3022976","USP","FLAT HEAD SOCKET CAP SCREW","01 HIGH","2.0","24.0","0.0833",,,
"SAT3","NA","3022977","USP","GUIDED PNUEMATIC CYLINDER DFM-16-125-B-PPV-A-KF","01 HIGH","0.0","25.0","0.0",,,
"SAT3","NA","3022981","USP","UNDER JAW BULK HEAD PLATE","01 HIGH","1.0","108.0","0.0093",,,
"SAT3","NA","3022984","USP","8MM X 14MM LOW SOCKET HEAD MACHINE SCREWS (OR BLACK OXIDE EQUIVALENT)","01 HIGH","2.0","24.0","0.0833",,,
"SAT3","NA","3022985","USP","ROTATED CABLE EXIT HORIZONTAL LOAD CELL HOLDER BLOCK","01 HIGH","0.0","24.0","0.0",,,
"SAT3","NA","3022987","USP","IO-LINK MASTER, ETHERNET/IP INTERFACE, TOTAL IN- AND OUTPUTS: 16, 4X 2A OUTPUTS","01 HIGH","0.0","45.0","0.0",,,
"SAT3","NA","3025738","USP","COATED 9"" FOUR HOLE AIR ASSIST TUBE - MP-211-2230-9","02 MED","1.0","21.0","0.0476",,,
"SAT3","NA","3029777","USP","Ring, Centering sleeve ZBH-7-B","01 HIGH","1.0","28.0","0.0357",,,
"SAT3","NA","3029778","USP","CABLE, NIP ROLLER MOTOR SERVO","01 HIGH","0.0","70.0","0.0",,,
"SAT3","NA","3031139","USP","RIGHT HORIZONTAL HEATER CABLE","01 HIGH","1.0","21.0","0.0476",,,
"SAT3","NA","3032133","USP","COMPRESSION SPRING T=1.4 OD=20 ID=17","01 HIGH","1.0","28.0","0.0357",,,
"SAT3","NA","3033957","USP","Ring, Centering sleeve ZBH-5-B","01 HIGH","1.0","28.0","0.0357",,,
"SAT3","NA","3037849","USP","RIGHT VER HEATER CABLE ASSY","01 HIGH","1.0","108.0","0.0093",,,
"SAT3","NA","3037851","USP","ALTERNATE PLASTIC P-CLIP (MUST DRILL MOUNTING HOLE TO M6)","01 HIGH","1.0","24.0","0.0417",,,
"SAT3","NA","3037852","USP","LEFT HOR HEATER CABLE ASSY","01 HIGH","1.0","108.0","0.0093",,,
"SAT3","NA","3043384","USP","SAFE COUPLING RELAY WITH SAFE","01 HIGH","0.0","70.0","0.0",,,
"SAT3","NA","3043401","USP","Stopper Bolt, M8x1.25, L 25mm, Standard Tip, Straight Type, Bumper Urethane","02 MED","2.0","28.0","0.0714",,,
"SAT3","NA","3043404","USP","AC/DC Brick Power Supply, 90-264VAC In, 12VDC Out, 50 Watts, Standard DC Plug","02 MED","1.0","21.0","0.0476",,,
"SAT3","NA","33053","USP","SENSOR CABLE, 5M GREY, M12 FEMALE 8P STRAIGHT TO OPEN ENDED, CONTINUOUS FLEX, PUR-OB","02 MED","1.0",,,"0.0056","1.0",
"SAT3","NA","3361381","USP","Fork sensor","01 HIGH","0.0","28.0","0.0",,,
"SAT3","NA","3466132","USP","PNUEMATIC FITTING","01 HIGH","2.0","21.0","0.0952",,,
"SAT3","NA","3466134","USP","ROLLING BEARING  61802-2RS1","01 HIGH","2.0","4.0","0.5",,,
"SAT3","NA","3466144","USP","SERVO DRIVE","01 HIGH","1.0","21.0","0.0476",,,
"SAT3","NA","3466145","USP","RIGHT HORIZONTAL SEAL BAR ASSY","01 HIGH","0.0","21.0","0.0",,,
"SAT3","NA","3466149","USP","PIVOT BLOCK","01 HIGH","0.0","14.0","0.0",,,
"SAT3","NA","3466152","USP","SENSOR MOUNT","01 HIGH","2.0","21.0","0.0952",,,
"SAT3","NA","3466153","USP","RIGHT VERTICAL SEAL BAR ASSY","01 HIGH","0.0","21.0","0.0",,,
"SAT3","NA","3466158","USP","SPRING PLUNGER, BALL-NOSE HARD","01 HIGH","2.0","4.0","0.5",,,
"SAT3","NA","3466191","USP","ROD COUPLER, M10X1.25, STEEL (","01 HIGH","3.0","21.0","0.1429",,,
"SAT3","NA","3466204","USP","M8X1.25 X 16 MM LG, STROKE 1.5MM, MAX TEMP. 250C, THREAD-LOCKING, CERAMIC BALL","01 HIGH","2.0","4.0","0.5",,,
"SAT3","NA","3466208","USP","BEARING SPACER; INNER; 20 ID X 27 OD X 5 THICK","01 HIGH","2.0","28.0","0.0714",,,
"SAT3","NA","3466223","USP","243TEETH 32 T5/1215","01 HIGH","2.0","11.0","0.1818",,,
"SAT3","NA","3466243","USP","LEFT HORIZONTAL SEAL BAR ASSY","01 HIGH","0.0","21.0","0.0","0.0111","2.0",
"SAT3","NA","3466247","USP","KINETIX VP MOTOR CABLE","01 HIGH","1.0","21.0","0.0476",,,
"SAT3","NA","3466251","USP","PIVOT BLOCK - LEFT HORIZONTAL","01 HIGH","0.0","21.0","0.0",,,
"SAT3","NA","3466258","USP","LEFT VERTICAL SEAL BAR ASSY","01 HIGH","0.0","21.0","0.0","0.0056","1.0",
"SAT3","NA","3546294","USP","Kinetix VP Motor Cable, 4m","01 HIGH","0.0","90.0","0.0",,,
"SAT3","NA","49225","USP","HEX HEAD CAP SCREW  CTM PM-FAHHSS50557","02 MED","1.0","10.0","0.1",,,
"SAT3","NA","49960","USP","MDC100-050101 DRIVE","01 HIGH","0.0","21.0","0.0","0.0","0.0",
"SAT3","NA","54023","USP","TAPER-LOCK BUSHING, 1610 20MM BORE","02 MED","1.0","21.0","0.0476",,,
"SAT3","NA","61591","USP","TUBE FITTING, M5 TO 4MM","02 MED","2.0",,,,,
"SAT3","NA","72902","USP","kit,motor assy, high speed...","02 MED","0.0",,,"0.0","0.0",
"SAT3","NA","76580","USP","PROGRAMMED MAPLE DISPLAY UNIT FOR 3600A APPLICATOR","02 MED","1.0","14.0","0.0714",,,
"SAT3","NA","816958","USP","IN-SIGHT STD. POWER & I/O BREAKOUT CABLE, 5M (15')","02 MED","0.0","35.0","0.0","0.0056","1.0",
"SAT3","NA","N12270","USP","SMC Speed Control Valve: Elbow Fitting, Knob, 1/4 in/1/8 in Valve Body Size, 1/4 in Tube, Meter Out","01 HIGH","1.0","14.0","0.0714",,,
"SAT3","NA","N24793","USP","Slim Electromechanical Relay, SPDT, 6A,24VDC, PCB Terminal, 34 Series","01 HIGH","1.0",,,"0.0056","1.0",
"SAT3","NA","N37377","USP","SC300-2 SHOCK ABSORBER","02 MED","0.0","14.0","0.0","0.0","0.0",
"SAT3","NA","N41977","USP","R SERIES BEARING - .750 X 1.625 X .437","02 MED","2.0",,,,,
"SAT3","NA","N45907","USP","Valve flow control one way","02 MED","1.0",,,,,
"SAT3","NA","N53951","USP","RADIAL BALL BEARING","01 HIGH","2.0","28.0","0.0714",,,
"SAT3","NA","N53964","USP","NEBV-S1G25-K-10-N-LE25-S6 CONNECTING CABLE","02 MED","1.0",,,,,
"SAT3","NA","N53990","USP","LINEAR RAIL","02 MED","1.0","21.0","0.0476",,,
"SAT3","NA","N54020","USP","STOPPER BOLT, M6X1.0, L 20MM, WITH HEX SOCKET TIP, STRAIGHT TYPE, BUMPER URETHAN","02 MED","1.0",,,,,
"SAT3","NA","N54024","USP","TAPER-LOCK BUSHING, 1610 22MM BORE","02 MED","1.0",,,,,
"SAV4","NA","1001191","USP","VPL-B1003F-PJ12AA SERVO MOTOR","02 MED","1.0","21.0","0.0476",,,
"SAV4","NA","10076","USP","UNWIND DANCER ARM UNWIND SPRING","02 MED","1.0","21.0","0.0476",,,
"SAV4","NA","10086","USP","WASHER: CAPTURE CTM PM-FANU30375","02 MED","2.0","25.0","0.08",,,
"SAV4","NA","10087","USP","THREADED INSERT CTM C-PM-INS1010","03 LOW","2.0","14.0","0.1429",,,
"SAV4","NA","10090","USP","Shoulder Screw,18-8 Stainless Steel,3/8"""" Shoulder Dia., 1"""" Shoulder Length,5/16-18 Thread,PK2","03 LOW","3.0","24.0","0.125",,,
"SAV4","NA","10095","USP","FLANGED BUSHING","02 MED","1.0","21.0","0.0476",,,
"SAV4","NA","10096","USP","WASHER: THRUST, BRONZE","03 LOW","2.0","34.0","0.0588",,,
"SAV4","NA","10105","USP","SPRING: REWIND CLUTCH, MED DUTY, .97OD X .080 WIRE DIA","02 MED","1.0","28.0","0.0357",,,
"SAV4","NA","10191","USP","THRUST BALL BEARING, 3/4"" ID X 1-5/16"" OD X 9/32"" HT., STEEL","02 MED","1.0","42.0","0.0238",,,
"SAV4","NA","1061198","USP","OLFLEXÂ® VFD SLIM, 14 AWG/4C, REDUCED DIAMETER VFD CABLE WITH ""SURGE GUARD""","03 LOW","1.0","21.0","0.0476",,,
"SAV4","NA","1063086","USP","SWITCH 2VDC PNP 0.5M LEAD M8 C","02 MED","1.0","23.0","0.0435",,,
"SAV4","NA","1071515","USP","Radial/Deep Groove Ball Bearing - Round Bore, 25 mm ID, 42 mm OD, 9 mm Width, Double Shielded, Internal Clearance","02 MED","1.0","28.0","0.0357",,,
"SAV4","NA","1071516","USP","REPLACEMENT BELT – 18”W FOR CO","01 HIGH","2.0","21.0","0.0952",,,
"SAV4","NA","11082","USP","SMART PACK FILTER REPLACEMENT  (PID)","02 MED","3.0","23.0","0.1304",,,
"SAV4","NA","11147","USP","VHI425A-GV W/ GV4G6","02 MED","1.0","29.0","0.0345",,,
"SAV4","NA","1116318","USP","ULTRASONIC SENSOR, PICO+","02 MED","1.0","56.0","0.0179",,,
"SAV4","NA","1124355","USP","FIXED DRAW ROLLER, SMART PAC","03 LOW","1.0","100.0","0.01",,,
"SAV4","NA","11409","USP","TAMPA","03 LOW","1.0","25.0","0.04",,,
"SAV4","NA","14325","USP","WIRING TOOL required for insertion/extraction @ terminal strip","03 LOW","1.0","35.0","0.0286",,,
"SAV4","NA","19978","USP","TIME DELAY FUSE, 30A, CLASS J, 300KA, 600VAC","01 HIGH","1.0","21.0","0.0476",,,
"SAV4","NA","2066703","USP","BEARING BLOCK, LINEAR","02 MED","1.0","35.0","0.0286",,,
"SAV4","NA","23103","USP","Time Delay, Cylindrical, Fuse, GDC Series, 250VAC, Indicating (5 PK)","03 LOW","1.0","13.0","0.0769",,,
"SAV4","NA","3015435","USP","VERTICAL JAW CABLE MANAGEMENT BACKING PLATE","01 HIGH","1.0","42.0","0.0238",,,
"SAV4","NA","3022932","USP","SENSOR FLAG PIN, USP TRIGGER GATE","01 HIGH","1.0","108.0","0.0093",,,
"SAV4","NA","3022933","USP","STANDARD HOOD TOP ENTRY","01 HIGH","1.0","38.0","0.0263",,,
"SAV4","NA","3022935","USP","M8 LOCK WASHERS (OR BLACK OXIDE EQUIVALENT)","01 HIGH","1.0","24.0","0.0417",,,
"SAV4","NA","3022938","USP","CAPTIVE SCREW RETAINER","01 HIGH","1.0","21.0","0.0476",,,
"SAV4","NA","3022940","USP","VERTICAL JAW CABLE MANAGEMENT BACKING PLATE","01 HIGH","2.0","38.0","0.0526",,,
"SAV4","NA","3022942","USP","CLAMP, LOOP NYLON 7/8"" X 1 1/2","01 HIGH","2.0","21.0","0.0952",,,
"SAV4","NA","3022943","USP","HORIZONTAL REAR, POWERSONIC MATED M12 + LBO3K","01 HIGH","2.0","70.0","0.0286",,,
"SAV4","NA","3022944","USP","CAPTIVE GUARDING SCREWS","01 HIGH","1.0","24.0","0.0417",,,
"SAV4","NA","3022947","USP","HORIZONTAL JAW CABLE MANAGEMENT BACKING PLATE","01 HIGH","3.0","38.0","0.0789",,,
"SAV4","NA","3022948","USP","FLAT HEAD SOCKET CAP SCREW","01 HIGH","1.0","24.0","0.0417",,,
"SAV4","NA","3022949","USP","MCMASTER ZIP TIE MOUNT","01 HIGH","1.0","24.0","0.0417",,,
"SAV4","NA","3022950","USP","HORIZONTAL FRONT, POWERSONIC MATED M12 + LBO3K","01 HIGH","2.0","70.0","0.0286",,,
"SAV4","NA","3022951","USP","RTD, PT100, DIA 3MM, L 18MM, 3","01 HIGH","2.0","38.0","0.0526",,,
"SAV4","NA","3022952","USP","GALVANIZED STEEL , EPDM CUSHIO","01 HIGH","1.0","24.0","0.0417",,,
"SAV4","NA","3022953","USP","GUARDING T-BLOCK","01 HIGH","24.0","24.0","1.0",,,
"SAV4","NA","3022956","USP","ROTATED CABLE EXIT VERTICAL LOAD CELL HOLDER BLOCK","01 HIGH","1.0","108.0","0.0093",,,
"SAV4","NA","3022957","USP","WASHER, M5, SST","01 HIGH","1.0","24.0","0.0417",,,
"SAV4","NA","3022958","USP","DIVERT PLATE, TOP","01 HIGH","1.0","94.0","0.0106",,,
"SAV4","NA","3022959","USP","SHOULDER BOLT, 12MMX40MM, M10","01 HIGH","1.0","42.0","0.0238",,,
"SAV4","NA","3022961","USP","FRONT PLATE","01 HIGH","1.0","94.0","0.0106",,,
"SAV4","NA","3022962","USP","DIVERT PLATE, LEFT","01 HIGH","1.0","30.0","0.0333",,,
"SAV4","NA","3022964","USP","DIVERT PLATE, REJECT COVER","01 HIGH","1.0","94.0","0.0106",,,
"SAV4","NA","3022967","USP","ZIP TIES, STANDARD","01 HIGH","0.0","24.0","0.0",,,
"SAV4","NA","3022976","USP","FLAT HEAD SOCKET CAP SCREW","01 HIGH","1.0","24.0","0.0417",,,
"SAV4","NA","3022977","USP","GUIDED PNUEMATIC CYLINDER DFM-16-125-B-PPV-A-KF","01 HIGH","1.0","25.0","0.04",,,
"SAV4","NA","3022981","USP","UNDER JAW BULK HEAD PLATE","01 HIGH","1.0","108.0","0.0093",,,
"SAV4","NA","3022984","USP","8MM X 14MM LOW SOCKET HEAD MACHINE SCREWS (OR BLACK OXIDE EQUIVALENT)","01 HIGH","1.0","24.0","0.0417",,,
"SAV4","NA","3022985","USP","ROTATED CABLE EXIT HORIZONTAL LOAD CELL HOLDER BLOCK","01 HIGH","1.0","24.0","0.0417",,,
"SAV4","NA","3029777","USP","Ring, Centering sleeve ZBH-7-B","01 HIGH","1.0","28.0","0.0357",,,
"SAV4","NA","3029778","USP","CABLE, NIP ROLLER MOTOR SERVO","01 HIGH","0.0","70.0","0.0",,,
"SAV4","NA","3031139","USP","RIGHT HORIZONTAL HEATER CABLE","01 HIGH","0.0","21.0","0.0",,,
"SAV4","NA","3032133","USP","COMPRESSION SPRING T=1.4 OD=20 ID=17","01 HIGH","1.0","28.0","0.0357",,,
"SAV4","NA","3033957","USP","Ring, Centering sleeve ZBH-5-B","01 HIGH","1.0","28.0","0.0357",,,
"SAV4","NA","3037848","USP","LEFT VER HEATER CABLE ASSY","01 HIGH","0.0","108.0","0.0",,,
"SAV4","NA","3037849","USP","RIGHT VER HEATER CABLE ASSY","01 HIGH","0.0","108.0","0.0",,,
"SAV4","NA","3037850","USP","ZIP TIES, STANDARD","01 HIGH","0.0","24.0","0.0",,,
"SAV4","NA","3037851","USP","ALTERNATE PLASTIC P-CLIP (MUST DRILL MOUNTING HOLE TO M6)","01 HIGH","0.0","24.0","0.0",,,
"SAV4","NA","3037852","USP","LEFT HOR HEATER CABLE ASSY","01 HIGH","0.0","108.0","0.0",,,
"SAV4","NA","3043384","USP","SAFE COUPLING RELAY WITH SAFE","02 MED","1.0","70.0","0.0143",,,
"SAV4","NA","33053","USP","SENSOR CABLE, 5M GREY, M12 FEMALE 8P STRAIGHT TO OPEN ENDED, CONTINUOUS FLEX, PUR-OB","02 MED","1.0","21.0","0.0476",,,
"SAV4","NA","3361381","USP","Fork sensor","01 HIGH","1.0","28.0","0.0357",,,
"SAV4","NA","3464199","USP","SENSOR, FIBER OPTIC THIN ZERO SPACE, SIDE VIEW TYP","02 MED","1.0","30.0","0.0333",,,
"SAV4","NA","3466134","USP","ROLLING BEARING  61802-2RS1","01 HIGH","1.0","4.0","0.25",,,
"SAV4","NA","3466138","USP","VERTICAL VPL SERIES, FRAME SIZE 100MM, T WINDING, RATED SPEED 7200-80","01 HIGH","1.0","21.0","0.0476",,,
"SAV4","NA","3466140","USP","KINETIX VP LOW INERTIA MOTOR,","01 HIGH","1.0","21.0","0.0476",,,
"SAV4","NA","3466144","USP","SERVO DRIVE","01 HIGH","1.0","21.0","0.0476",,,
"SAV4","NA","3466145","USP","RIGHT HORIZONTAL SEAL BAR ASSY","01 HIGH","1.0","21.0","0.0476",,,
"SAV4","NA","3466149","USP","PIVOT BLOCK","01 HIGH","1.0","14.0","0.0714",,,
"SAV4","NA","3466152","USP","SENSOR MOUNT","01 HIGH","1.0","21.0","0.0476",,,
"SAV4","NA","3466153","USP","RIGHT VERTICAL SEAL BAR ASSY","01 HIGH","1.0","21.0","0.0476",,,
"SAV4","NA","3466158","USP","SPRING PLUNGER, BALL-NOSE HARD","01 HIGH","1.0","4.0","0.25",,,
"SAV4","NA","3466191","USP","ROD COUPLER, M10X1.25, STEEL (","01 HIGH","1.0","21.0","0.0476",,,
"SAV4","NA","3466204","USP","M8X1.25 X 16 MM LG, STROKE 1.5MM, MAX TEMP. 250C, THREAD-LOCKING, CERAMIC BALL","01 HIGH","1.0","4.0","0.25",,,
"SAV4","NA","3466208","USP","BEARING SPACER; INNER; 20 ID X 27 OD X 5 THICK","01 HIGH","1.0","28.0","0.0357",,,
"SAV4","NA","3466223","USP","243TEETH 32 T5/1215","01 HIGH","1.0","11.0","0.0909",,,
"SAV4","NA","3466243","USP","LEFT HORIZONTAL SEAL BAR ASSY","01 HIGH","1.0","21.0","0.0476",,,
"SAV4","NA","3466247","USP","KINETIX VP MOTOR CABLE","01 HIGH","1.0","21.0","0.0476",,,
"SAV4","NA","3466251","USP","PIVOT BLOCK - LEFT HORIZONTAL","01 HIGH","1.0","21.0","0.0476",,,
"SAV4","NA","3466258","USP","LEFT VERTICAL SEAL BAR ASSY","01 HIGH","1.0","21.0","0.0476",,,
"SAV4","NA","3466261","USP","SHANK THREAD SIZE(M10X1.25), ID 10MM, JAW OPENING W 10MM,","01 HIGH","2.0","3.0","0.6667",,,
"SAV4","NA","3546294","USP","Kinetix VP Motor Cable, 4m","01 HIGH","0.0","90.0","0.0",,,
"SAV4","NA","49225","USP","HEX HEAD CAP SCREW  CTM PM-FAHHSS50557","03 LOW","2.0","20.0","0.1",,,
"SAV4","NA","72902","USP","kit,motor assy, high speed...","02 MED","1.0","126.0","0.0079",,,
"SAV4","NA","76580","USP","PROGRAMMED MAPLE DISPLAY UNIT FOR 3600A APPLICATOR","03 LOW","1.0","20.0","0.05",,,
"SAV4","NA","N12270","USP","SMC Speed Control Valve: Elbow Fitting, Knob, 1/4 in/1/8 in Valve Body Size, 1/4 in Tube, Meter Out","02 MED","1.0","14.0","0.0714",,,
"SAV4","NA","N37843","USP","REWIND CONTROL/POWER ON RELAY FOR 3600A APPLICATORS - PE-RE1017","02 MED","1.0","14.0","0.0714",,,
"SAV4","NA","N45907","USP","Valve flow control one way","02 MED","1.0","21.0","0.0476",,,
"SAV4","NA","N53964","USP","NEBV-S1G25-K-10-N-LE25-S6 CONNECTING CABLE","02 MED","1.0","37.0","0.027",,,
"SAV4","NA","N53977","USP","I110-E0454 SAFETY SWITCH","02 MED","1.0","41.0","0.0244",,,
"SAV4","NA","N53990","USP","LINEAR RAIL","02 MED","1.0","23.0","0.0435",,,
"SAV4","NA","N54020","USP","STOPPER BOLT, M6X1.0, L 20MM, WITH HEX SOCKET TIP, STRAIGHT TYPE, BUMPER URETHAN","02 MED","1.0","21.0","0.0476",,,
"SAV4","NA","N54024","USP","TAPER-LOCK BUSHING, 1610 22MM BORE","02 MED","1.0","35.0","0.0286",,,
"SBD6","NA","1001803","USP","Switch, Auxiliary, Supplementary Protector Accessory","02 MED","0.0","49.0","0.0",,,
"SBD6","NA","10043","USP","PLC, CONTROLLER,PROGRAMMABLE:2-1/2 INHT,3-1/2 INWD,1-1/2 INDP,24 V DCVOLT,2.6 MACURRE","02 MED","1.0","28.0","0.0357",,,
"SBD6","NA","10076","USP","UNWIND DANCER ARM UNWIND SPRING","02 MED","1.0","23.0","0.0435",,,
"SBD6","NA","10087","USP","THREADED INSERT CTM C-PM-INS1010","02 MED","1.0","35.0","0.0286",,,
"SBD6","NA","10090","USP","Shoulder Screw,18-8 Stainless Steel,3/8"""" Shoulder Dia., 1"""" Shoulder Length,5/16-18 Thread,PK2","02 MED","2.0","24.0","0.0833",,,
"SBD6","NA","10105","USP","SPRING: REWIND CLUTCH, MED DUTY, .97OD X .080 WIRE DIA","02 MED","1.0","28.0","0.0357",,,
"SBD6","NA","1061198","USP","OLFLEXÂ® VFD SLIM, 14 AWG/4C, REDUCED DIAMETER VFD CABLE WITH ""SURGE GUARD""","02 MED","0.0","21.0","0.0",,,
"SBD6","NA","1061778","USP","RT-B1221","02 MED","0.0","26.0","0.0","0.0222","4.0",
"SBD6","NA","1063086","USP","SWITCH 2VDC PNP 0.5M LEAD M8 C","02 MED","0.0","23.0","0.0","0.0111","2.0",
"SBD6","NA","1069554","USP","POWER IO CABLE M12 FOR COGNEX CONN MODULE W DB9","02 MED","0.0","21.0","0.0",,,
"SBD6","NA","11082","USP","SMART PACK FILTER REPLACEMENT  (PID)","02 MED","3.0","23.0","0.1304",,,
"SBD6","NA","11147","USP","VHI425A-GV W/ GV4G6","01 HIGH","0.0","29.0","0.0",,,
"SBD6","NA","1124355","USP","FIXED DRAW ROLLER, SMART PAC","02 MED","0.0","33.0","0.0","0.0","0.0",
"SBD6","NA","11409","USP","TAMPA","02 MED","1.0","35.0","0.0286",,,
"SBD6","NA","11424","USP","UNWIND BRAKE BAND CTM PM-BB1030","02 MED","1.0","23.0","0.0435",,,
"SBD6","NA","19978","USP","TIME DELAY FUSE, 30A, CLASS J, 300KA, 600VAC","02 MED","2.0","15.0","0.1333",,,
"SBD6","NA","3022935","USP","M8 LOCK WASHERS (OR BLACK OXIDE EQUIVALENT)","01 HIGH","1.0","24.0","0.0417",,,
"SBD6","NA","3022942","USP","CLAMP, LOOP NYLON 7/8"" X 1 1/2","01 HIGH","1.0","21.0","0.0476",,,
"SBD6","NA","3022944","USP","CAPTIVE GUARDING SCREWS","01 HIGH","3.0","24.0","0.125",,,
"SBD6","NA","3022949","USP","MCMASTER ZIP TIE MOUNT","01 HIGH","1.0","24.0","0.0417",,,
"SBD6","NA","3022950","USP","HORIZONTAL FRONT, POWERSONIC MATED M12 + LBO3K","01 HIGH","2.0","70.0","0.0286",,,
"SBD6","NA","3022952","USP","GALVANIZED STEEL , EPDM CUSHIO","01 HIGH","1.0","24.0","0.0417",,,
"SBD6","NA","3022953","USP","GUARDING T-BLOCK","01 HIGH","5.0","24.0","0.2083",,,
"SBD6","NA","3022956","USP","ROTATED CABLE EXIT VERTICAL LOAD CELL HOLDER BLOCK","01 HIGH","1.0","108.0","0.0093",,,
"SBD6","NA","3022957","USP","WASHER, M5, SST","01 HIGH","1.0","24.0","0.0417",,,
"SBD6","NA","3022962","USP","DIVERT PLATE, LEFT","01 HIGH","1.0","30.0","0.0333",,,
"SBD6","NA","3022964","USP","DIVERT PLATE, REJECT COVER","01 HIGH","1.0","94.0","0.0106",,,
"SBD6","NA","3022969","USP","VERTICAL CARTRIDGE HEATER","01 HIGH","1.0","66.0","0.0152",,,
"SBD6","NA","3022971","USP","FAST CONNECTION-PEG","01 HIGH","1.0","24.0","0.0417",,,
"SBD6","NA","3022976","USP","FLAT HEAD SOCKET CAP SCREW","01 HIGH","1.0","24.0","0.0417",,,
"SBD6","NA","3022978","USP","LIDAR SENSOR PICS150-01000 core 1","01 HIGH","0.0","95.0","0.0",,,
"SBD6","NA","3022981","USP","UNDER JAW BULK HEAD PLATE","01 HIGH","1.0","108.0","0.0093",,,
"SBD6","NA","3022982","USP","LEFT ISOLATOR PLATE","01 HIGH","3.0","70.0","0.0429",,,
"SBD6","NA","3022983","USP","RIGHT ISOLATOR PLATE","01 HIGH","3.0","70.0","0.0429",,,
"SBD6","NA","3029777","USP","Ring, Centering sleeve ZBH-7-B","01 HIGH","1.0","28.0","0.0357",,,
"SBD6","NA","3029778","USP","CABLE, NIP ROLLER MOTOR SERVO","01 HIGH","0.0","70.0","0.0",,,
"SBD6","NA","3032133","USP","COMPRESSION SPRING T=1.4 OD=20 ID=17","01 HIGH","3.0","28.0","0.1071",,,
"SBD6","NA","3033957","USP","Ring, Centering sleeve ZBH-5-B","01 HIGH","1.0","28.0","0.0357",,,
"SBD6","NA","3037850","USP","ZIP TIES, STANDARD","01 HIGH","0.0","24.0","0.0",,,
"SBD6","NA","3037851","USP","ALTERNATE PLASTIC P-CLIP (MUST DRILL MOUNTING HOLE TO M6)","01 HIGH","1.0","24.0","0.0417",,,
"SBD6","NA","3043399","USP","D-MAX WEB GUIDE CONTROLLER,INPUT VOLTAGE 24 - 48 VDC, 6 DIGITAL INPUTS, 2 OUTPUT","02 MED","0.0","56.0","0.0",,,
"SBD6","NA","3043423","USP","FUSE,5 AMP,250V","02 MED","1.0","30.0","0.0333",,,
"SBD6","NA","33053","USP","SENSOR CABLE, 5M GREY, M12 FEMALE 8P STRAIGHT TO OPEN ENDED, CONTINUOUS FLEX, PUR-OB","02 MED","0.0","21.0","0.0",,,
"SBD6","NA","3361381","USP","Fork sensor","01 HIGH","1.0","28.0","0.0357",,,
"SBD6","NA","3464199","USP","SENSOR, FIBER OPTIC THIN ZERO SPACE, SIDE VIEW TYP","01 HIGH","1.0","30.0","0.0333",,,
"SBD6","NA","3466132","USP","PNUEMATIC FITTING","01 HIGH","1.0","21.0","0.0476",,,
"SBD6","NA","3466134","USP","ROLLING BEARING  61802-2RS1","01 HIGH","6.0","4.0","1.5",,,
"SBD6","NA","3466138","USP","VERTICAL VPL SERIES, FRAME SIZE 100MM, T WINDING, RATED SPEED 7200-80","01 HIGH","0.0","21.0","0.0",,,
"SBD6","NA","3466140","USP","KINETIX VP LOW INERTIA MOTOR,","01 HIGH","0.0","21.0","0.0",,,
"SBD6","NA","3466144","USP","SERVO DRIVE","01 HIGH","0.0","21.0","0.0",,,
"SBD6","NA","3466147","USP","COMPACT CYLINDER ADN-32-25-I-P-A-S2","01 HIGH","1.0","21.0","0.0476",,,
"SBD6","NA","3466149","USP","PIVOT BLOCK","01 HIGH","1.0","14.0","0.0714",,,
"SBD6","NA","3466152","USP","SENSOR MOUNT","01 HIGH","1.0","21.0","0.0476",,,
"SBD6","NA","3466158","USP","SPRING PLUNGER, BALL-NOSE HARD","01 HIGH","9.0","4.0","2.25",,,
"SBD6","NA","3466170","USP","DSNU, BORE 25MM, STROKE 100MM, DOUBLE ACTING, LATERAL AIR,","01 HIGH","1.0","21.0","0.0476",,,
"SBD6","NA","3466191","USP","ROD COUPLER, M10X1.25, STEEL (","01 HIGH","1.0","21.0","0.0476",,,
"SBD6","NA","3466204","USP","M8X1.25 X 16 MM LG, STROKE 1.5MM, MAX TEMP. 250C, THREAD-LOCKING, CERAMIC BALL","01 HIGH","5.0","4.0","1.25",,,
"SBD6","NA","3466208","USP","BEARING SPACER; INNER; 20 ID X 27 OD X 5 THICK","01 HIGH","5.0","28.0","0.1786",,,
"SBD6","NA","3466223","USP","243TEETH 32 T5/1215","01 HIGH","1.0","11.0","0.0909",,,
"SBD6","NA","3466247","USP","KINETIX VP MOTOR CABLE","03 LOW","1.0","21.0","0.0476",,,
"SBD6","NA","3466248","USP","PRECISION LINEAR SHAFT, DIA 12","01 HIGH","1.0","28.0","0.0357",,,
"SBD6","NA","3466251","USP","PIVOT BLOCK - LEFT HORIZONTAL","01 HIGH","1.0","21.0","0.0476",,,
"SBD6","NA","3466261","USP","SHANK THREAD SIZE(M10X1.25), ID 10MM, JAW OPENING W 10MM,","01 HIGH","3.0","3.0","1.0",,,
"SBD6","NA","3546294","USP","Kinetix VP Motor Cable, 4m","01 HIGH","0.0","90.0","0.0","0.0056","1.0",
"SBD6","NA","49225","USP","HEX HEAD CAP SCREW  CTM PM-FAHHSS50557","02 MED","2.0","10.0","0.2",,,
"SBD6","NA","49344","USP","Zebra ZE52163-R010000Z Print Engine","02 MED","0.0","10.0","0.0","0.0222","4.0",
"SBD6","NA","49345","USP","ZEBRA AIT PART KIT PRINTHEAD 300 DPI ZE521 RH & LH","02 MED","0.0","14.0","0.0","0.0667","12.0",
"SBD6","NA","49960","USP","MDC100-050101 DRIVE","02 MED","0.0","21.0","0.0","0.0111","2.0",
"SBD6","NA","72902","USP","kit,motor assy, high speed...","02 MED","0.0","126.0","0.0","0.0167","3.0",
"SBD6","NA","76580","USP","PROGRAMMED MAPLE DISPLAY UNIT FOR 3600A APPLICATOR","02 MED","0.0","14.0","0.0",,,
"SBD6","NA","94998","USP","CYLINDER, ISO, PROX, X100MM, DA, MAG C03","02 MED","0.0","49.0","0.0",,,
"SBD6","NA","N37377","USP","SC300-2 SHOCK ABSORBER","02 MED","0.0","28.0","0.0","0.0167","3.0",
"SBD6","NA","N37843","USP","REWIND CONTROL/POWER ON RELAY FOR 3600A APPLICATORS - PE-RE1017","02 MED","0.0","21.0","0.0",,,
"SBD6","NA","N41977","USP","R SERIES BEARING - .750 X 1.625 X .437","02 MED","1.0","14.0","0.0714",,,
"SBD6","NA","N45907","USP","Valve flow control one way","02 MED","0.0","21.0","0.0",,,
"SBD6","NA","N53951","USP","RADIAL BALL BEARING","02 MED","1.0","56.0","0.0179",,,
"SBD6","NA","N53964","USP","NEBV-S1G25-K-10-N-LE25-S6 CONNECTING CABLE","02 MED","0.0","37.0","0.0",,,
"SBD6","NA","N53990","USP","LINEAR RAIL","02 MED","0.0","23.0","0.0","0.0111","2.0",
"SBD6","NA","N54024","USP","TAPER-LOCK BUSHING, 1610 22MM BORE","02 MED","1.0","35.0","0.0286",,,
"SCK6","NA","1000078","USP","Sensor, proximity, SME-8M-DS-24V-K-0, 3-M8D","01 HIGH","2.0",,,"0.0","0.0",
"SCK6","NA","1001803","USP","Switch, Auxiliary, Supplementary Protector Accessory","02 MED","1.0",,,,,
"SCK6","NA","10043","USP","PLC, CONTROLLER,PROGRAMMABLE:2-1/2 INHT,3-1/2 INWD,1-1/2 INDP,24 V DCVOLT,2.6 MACURRE","02 MED","1.0","21.0","0.0476",,,
"SCK6","NA","10076","USP","UNWIND DANCER ARM UNWIND SPRING","02 MED","1.0","20.0","0.05",,,
"SCK6","NA","10095","USP","FLANGED BUSHING","03 LOW","1.0",,,,,
"SCK6","NA","10096","USP","WASHER: THRUST, BRONZE","02 MED","1.0","20.0","0.05",,,
"SCK6","NA","10105","USP","SPRING: REWIND CLUTCH, MED DUTY, .97OD X .080 WIRE DIA","02 MED","1.0","8.0","0.125",,,
"SCK6","NA","1061526","USP","SERVO DRVE AMP JR_AUTO JR0000549642","02 MED","0.0","60.0","0.0",,,
"SCK6","NA","1063086","USP","SWITCH 2VDC PNP 0.5M LEAD M8 C","02 MED","1.0",,,"0.0111","2.0",
"SCK6","NA","1073001","USP","3600 TAMP or SWING HOME SENSOR ASSEMBLY without MOUNT","03 LOW","0.0","17.0","0.0",,,
"SCK6","NA","11082","USP","SMART PACK FILTER REPLACEMENT  (PID)","03 LOW","1.0","20.0","0.05",,,
"SCK6","NA","1113249","USP","URGU48R1-04090N","02 MED","0.0","17.0","0.0","0.0","0.0",
"SCK6","NA","11147","USP","VHI425A-GV W/ GV4G6","01 HIGH","1.0","20.0","0.05",,,
"SCK6","NA","1124355","USP","FIXED DRAW ROLLER, SMART PAC","02 MED",,"100.0",,,,
"SCK6","NA","11424","USP","UNWIND BRAKE BAND CTM PM-BB1030","01 HIGH","3.0","32.0","0.0938",,,
"SCK6","NA","11519","USP","Zebra Kit Maint Door Open Swch RH/LH","02 MED","1.0","20.0","0.05",,,
"SCK6","NA","14325","USP","WIRING TOOL required for insertion/extraction @ terminal strip","02 MED","0.0","20.0","0.0","0.0","0.0",
"SCK6","NA","2066701","USP","ROLLER, MOVING DRAW ROLLER (SMART PAC)","02 MED","0.0","70.0","0.0",,,
"SCK6","NA","3015435","USP","VERTICAL JAW CABLE MANAGEMENT BACKING PLATE","01 HIGH","1.0","42.0","0.0238",,,
"SCK6","NA","3022931","USP","MALE INSERT 5 PIN","01 HIGH","1.0","66.0","0.0152",,,
"SCK6","NA","3022932","USP","SENSOR FLAG PIN, USP TRIGGER GATE","01 HIGH","1.0","108.0","0.0093",,,
"SCK6","NA","3022933","USP","STANDARD HOOD TOP ENTRY","01 HIGH","1.0","38.0","0.0263",,,
"SCK6","NA","3022935","USP","M8 LOCK WASHERS (OR BLACK OXIDE EQUIVALENT)","01 HIGH","2.0","24.0","0.0833",,,
"SCK6","NA","3022938","USP","CAPTIVE SCREW RETAINER","01 HIGH","1.0","21.0","0.0476",,,
"SCK6","NA","3022940","USP","VERTICAL JAW CABLE MANAGEMENT BACKING PLATE","01 HIGH","1.0","38.0","0.0263",,,
"SCK6","NA","3022941","USP","VERTICAL TOP, POWERSONIC MATED M12 + LBO2K","01 HIGH","0.0","70.0","0.0","0.0111","2.0",
"SCK6","NA","3022943","USP","HORIZONTAL REAR, POWERSONIC MATED M12 + LBO3K","01 HIGH","0.0","70.0","0.0",,,
"SCK6","NA","3022944","USP","CAPTIVE GUARDING SCREWS","01 HIGH","1.0","24.0","0.0417",,,
"SCK6","NA","3022945","USP","VERTICAL BOTTOM LOAD CELL","01 HIGH","0.0","70.0","0.0","0.0167","3.0",
"SCK6","NA","3022947","USP","HORIZONTAL JAW CABLE MANAGEMENT BACKING PLATE","01 HIGH","1.0","38.0","0.0263",,,
"SCK6","NA","3022948","USP","FLAT HEAD SOCKET CAP SCREW","01 HIGH","1.0","24.0","0.0417",,,
"SCK6","NA","3022949","USP","MCMASTER ZIP TIE MOUNT","01 HIGH","2.0","24.0","0.0833",,,
"SCK6","NA","3022950","USP","HORIZONTAL FRONT, POWERSONIC MATED M12 + LBO3K","01 HIGH","0.0","70.0","0.0",,,
"SCK6","NA","3022951","USP","RTD, PT100, DIA 3MM, L 18MM, 3","01 HIGH","1.0","38.0","0.0263",,,
"SCK6","NA","3022952","USP","GALVANIZED STEEL , EPDM CUSHIO","01 HIGH","1.0","24.0","0.0417",,,
"SCK6","NA","3022953","USP","GUARDING T-BLOCK","01 HIGH","1.0","24.0","0.0417",,,
"SCK6","NA","3022956","USP","ROTATED CABLE EXIT VERTICAL LOAD CELL HOLDER BLOCK","01 HIGH","1.0","108.0","0.0093",,,
"SCK6","NA","3022957","USP","WASHER, M5, SST","01 HIGH","2.0","24.0","0.0833",,,
"SCK6","NA","3022958","USP","DIVERT PLATE, TOP","01 HIGH","0.0","94.0","0.0",,,
"SCK6","NA","3022959","USP","SHOULDER BOLT, 12MMX40MM, M10","01 HIGH","1.0","42.0","0.0238",,,
"SCK6","NA","3022961","USP","FRONT PLATE","01 HIGH","1.0","94.0","0.0106",,,
"SCK6","NA","3022962","USP","DIVERT PLATE, LEFT","01 HIGH","1.0","30.0","0.0333",,,
"SCK6","NA","3022964","USP","DIVERT PLATE, REJECT COVER","01 HIGH","1.0","94.0","0.0106",,,
"SCK6","NA","3022967","USP","ZIP TIES, STANDARD","01 HIGH","1.0","24.0","0.0417",,,
"SCK6","NA","3022969","USP","VERTICAL CARTRIDGE HEATER","01 HIGH","0.0","66.0","0.0",,,
"SCK6","NA","3022970","USP","CUTTING KNIFE ASSEMBLY","01 HIGH","0.0","108.0","0.0","0.05","9.0",
"SCK6","NA","3022971","USP","FAST CONNECTION-PEG","01 HIGH","3.0","24.0","0.125",,,
"SCK6","NA","3022976","USP","FLAT HEAD SOCKET CAP SCREW","01 HIGH","2.0","24.0","0.0833",,,
"SCK6","NA","3022977","USP","GUIDED PNUEMATIC CYLINDER DFM-16-125-B-PPV-A-KF","01 HIGH","0.0","25.0","0.0",,,
"SCK6","NA","3022978","USP","LIDAR SENSOR PICS150-01000 core 1","01 HIGH","0.0","95.0","0.0","0.0278","5.0",
"SCK6","NA","3022981","USP","UNDER JAW BULK HEAD PLATE","01 HIGH","1.0","108.0","0.0093",,,
"SCK6","NA","3022983","USP","RIGHT ISOLATOR PLATE","01 HIGH","2.0","70.0","0.0286",,,
"SCK6","NA","3022984","USP","8MM X 14MM LOW SOCKET HEAD MACHINE SCREWS (OR BLACK OXIDE EQUIVALENT)","01 HIGH","1.0","24.0","0.0417",,,
"SCK6","NA","3022985","USP","ROTATED CABLE EXIT HORIZONTAL LOAD CELL HOLDER BLOCK","01 HIGH","0.0","24.0","0.0",,,
"SCK6","NA","3022987","USP","IO-LINK MASTER, ETHERNET/IP INTERFACE, TOTAL IN- AND OUTPUTS: 16, 4X 2A OUTPUTS","01 HIGH","0.0","45.0","0.0","0.0","0.0",
"SCK6","NA","3031139","USP","RIGHT HORIZONTAL HEATER CABLE","02 MED","2.0",,,,,
"SCK6","NA","3037848","USP","LEFT VER HEATER CABLE ASSY","02 MED","2.0",,,,,
"SCK6","NA","3037849","USP","RIGHT VER HEATER CABLE ASSY","02 MED","2.0",,,,,
"SCK6","NA","3037852","USP","LEFT HOR HEATER CABLE ASSY","02 MED","2.0",,,,,
"SCK6","NA","3043384","USP","SAFE COUPLING RELAY WITH SAFE","01 HIGH","0.0","70.0","0.0","0.0","0.0",
"SCK6","NA","3043419","USP","PULLEY,TMG,5mm X 15mm -36T 14mm BORE W","02 MED","1.0","84.0","0.0119",,,
"SCK6","NA","3043436","USP","Kinetix 5700 Servo Drive","02 MED","0.0","21.0","0.0",,,
"SCK6","NA","3361381","USP","Fork sensor","01 HIGH","0.0","28.0","0.0",,,
"SCK6","NA","3464199","USP","SENSOR, FIBER OPTIC THIN ZERO SPACE, SIDE VIEW TYP","02 MED","1.0",,,,,
"SCK6","NA","3466134","USP","ROLLING BEARING  61802-2RS1","01 HIGH","2.0","4.0","0.5",,,
"SCK6","NA","3466138","USP","VERTICAL VPL SERIES, FRAME SIZE 100MM, T WINDING, RATED SPEED 7200-80","01 HIGH","0.0","21.0","0.0",,,
"SCK6","NA","3466140","USP","KINETIX VP LOW INERTIA MOTOR,","01 HIGH","0.0","21.0","0.0",,,
"SCK6","NA","3466144","USP","SERVO DRIVE","01 HIGH","0.0","21.0","0.0",,,
"SCK6","NA","3466145","USP","RIGHT HORIZONTAL SEAL BAR ASSY","01 HIGH","0.0","21.0","0.0",,,
"SCK6","NA","3466147","USP","COMPACT CYLINDER ADN-32-25-I-P-A-S2","01 HIGH","0.0","21.0","0.0",,,
"SCK6","NA","3466149","USP","PIVOT BLOCK","01 HIGH","0.0","14.0","0.0",,,
"SCK6","NA","3466152","USP","SENSOR MOUNT","01 HIGH","2.0","21.0","0.0952",,,
"SCK6","NA","3466153","USP","RIGHT VERTICAL SEAL BAR ASSY","01 HIGH","0.0","21.0","0.0",,,
"SCK6","NA","3466158","USP","SPRING PLUNGER, BALL-NOSE HARD","01 HIGH","2.0","4.0","0.5",,,
"SCK6","NA","3466191","USP","ROD COUPLER, M10X1.25, STEEL (","01 HIGH","2.0","21.0","0.0952",,,
"SCK6","NA","3466204","USP","M8X1.25 X 16 MM LG, STROKE 1.5MM, MAX TEMP. 250C, THREAD-LOCKING, CERAMIC BALL","01 HIGH","2.0","4.0","0.5",,,
"SCK6","NA","3466208","USP","BEARING SPACER; INNER; 20 ID X 27 OD X 5 THICK","01 HIGH","2.0","28.0","0.0714",,,
"SCK6","NA","3466243","USP","LEFT HORIZONTAL SEAL BAR ASSY","01 HIGH","0.0","21.0","0.0",,,
"SCK6","NA","3466247","USP","KINETIX VP MOTOR CABLE","01 HIGH","1.0","21.0","0.0476",,,
"SCK6","NA","3466251","USP","PIVOT BLOCK - LEFT HORIZONTAL","01 HIGH","0.0","21.0","0.0",,,
"SCK6","NA","3466258","USP","LEFT VERTICAL SEAL BAR ASSY","01 HIGH","0.0","21.0","0.0","0.0056","1.0",
"SCK6","NA","3466261","USP","SHANK THREAD SIZE(M10X1.25), ID 10MM, JAW OPENING W 10MM,","01 HIGH","2.0","3.0","0.6667",,,
"SCK6","NA","49225","USP","HEX HEAD CAP SCREW  CTM PM-FAHHSS50557","02 MED","1.0","20.0","0.05",,,
"SCK6","NA","49344","USP","Zebra ZE52163-R010000Z Print Engine","02 MED","0.0","10.0","0.0","0.0056","1.0",
"SCK6","NA","49960","USP","MDC100-050101 DRIVE","01 HIGH","1.0",,,,,
"SCK6","NA","61591","USP","TUBE FITTING, M5 TO 4MM","02 MED","1.0","70.0","0.0143",,,
"SCK6","NA","72902","USP","kit,motor assy, high speed...","02 MED","1.0","126.0","0.0079",,,
"SCK6","NA","76580","USP","PROGRAMMED MAPLE DISPLAY UNIT FOR 3600A APPLICATOR","02 MED","0.0","14.0","0.0",,,
"SCK6","NA","N24793","USP","Slim Electromechanical Relay, SPDT, 6A,24VDC, PCB Terminal, 34 Series","01 HIGH","1.0","30.0","0.0333",,,
"SCK6","NA","N37377","USP","SC300-2 SHOCK ABSORBER","02 MED","0.0","28.0","0.0","0.0056","1.0",
"SCK6","NA","N41977","USP","R SERIES BEARING - .750 X 1.625 X .437","02 MED","1.0",,,,,
"SCK6","NA","N45907","USP","Valve flow control one way","02 MED","1.0","21.0","0.0476",,,
"SCK6","NA","N53964","USP","NEBV-S1G25-K-10-N-LE25-S6 CONNECTING CABLE","02 MED","1.0","21.0","0.0476",,,
"SCK6","NA","N53977","USP","I110-E0454 SAFETY SWITCH","02 MED","1.0","30.0","0.0333",,,
"SCK6","NA","N54020","USP","STOPPER BOLT, M6X1.0, L 20MM, WITH HEX SOCKET TIP, STRAIGHT TYPE, BUMPER URETHAN","02 MED","1.0",,,,,
"SCK6","NA","N54024","USP","TAPER-LOCK BUSHING, 1610 22MM BORE","02 MED","1.0","21.0","0.0476",,,
"SHV1","NA","100155","URL","MECHANICAL MACHINE COMPONENT BARCAP, SNAPS ON 7GA, 1.00IN LONG","01 HIGH","2.0",,,"0.3056","55.0",
"SHV1","NA","10049258","URL","SITOP SEL1200 SELECTIVITY MODULE 8-CHANNEL SWITCHING CHARACTERISTIC INPUT","02 MED","2.0","42.0","0.0476",,,
"SHV1","NA","1062078","URL","MPCB, 8A, SINGLE-PHASE","02 MED","1.0","28.0","0.0357",,,
"SHV1","NA","1069940","EcoPac","SENSOR LASER ANALOGIC LR-TB5000C","02 MED","0.0","21.0","0.0","0.0056","1.0",
"SHV1","NA","1070019","URL","SWITCHMODUL:IE3000","01 HIGH","0.0","28.0","0.0","0.0111","2.0",
"SHV1","NA","1070075","EcoPac","ZEBRA, P1112750-010, PRINTHEAD ASSEMBLY, 300 DPI, LH/RH","01 HIGH","0.0","27.0","0.0","0.0056","1.0",
"SHV1","NA","1070514","URL","PNEUMATICS AIR CYLINDER ASSEMBLY ADN-50-5-I-P-A","02 MED","2.0",,,"0.1778","32.0",
"SHV1","NA","1112947","URL","Série 7000 Transverse Roller V3 Acetal Base/ Urethane And Wear Resistant Acetal Roller/ Nylon Axle Grey/ Black And Orange/ White Largura: 737 mm (+/-1 mm) (58.0 elos) Comprimento: 1.62 metros (20 fileiras)","02 MED","1.0","42.0","0.0238",,,
"SHV1","NA","1116749","EcoPac","PHOTOCEL S45-PH-5-B03-PH","01 HIGH","0.0","30.0","0.0",,,
"SHV1","NA","1119110","URL","MOULDED CIRCUIT BREAKER","02 MED","1.0","28.0","0.0357",,,
"SHV1","NA","1123746","URL","MOTOR CIRCUIT BREAKER","02 MED","1.0","42.0","0.0238",,,
"SHV1","NA","1123747","URL","MOTOR CIRCUIT BREAKER","02 MED","1.0","42.0","0.0238",,,
"SHV1","NA","1124470","URL","SENSOR AMPLIFIER, LASER THRUBEAM, M8, PNP, KEYENCE","02 MED","2.0","21.0","0.0952",,,
"SHV1","NA","1125460","URL","Latch for Print Mechanism ZE511 ZE521 RH & LH","02 MED","1.0","42.0","0.0238",,,
"SHV1","NA","11543","URL","TIMING DRIVE BELT, GT2, 8MGT-1440-21","02 MED","1.0",,,,,
"SHV1","NA","12448","EcoPac","ND-SERVICE KIT THERMOSTA 500F OOR","01 HIGH","2.0","21.0","0.0952",,,
"SHV1","NA","18613","URL","Universal joint SGS M10","01 HIGH","2.0",,,,,
"SHV1","NA","19774","URL","MECHANICAL PULLEY BUSHING PART 2012 1-1/8","02 MED","2.0",,,"0.0389","7.0",
"SHV1","NA","19949","URL","MECHANICAL PULLEY BUSHING PART 2012 1-17/16","02 MED","1.0",,,,,
"SHV1","NA","20076","USP","SKF 6004-2RSH/C3 1-reihig Kugellager glatt, Innen-Ø 20 mm / Außen-Ø 42 mm Außen-ø , Breite 12 mm","02 MED","1.0","14.0","0.0714",,,
"SHV1","NA","2031551","URL","Zebra ZE511 print head 300dpi ZE511 RH&L","01 HIGH","3.0",,,"0.1333","24.0",
"SHV1","NA","2036642","URL","Peel Bracket Assembly ZE511 RH & LH","02 MED","2.0","42.0","0.0476",,,
"SHV1","NA","2038925","URL","Zebra, Kit, Print Mechanism, ZE511 Right Hand","02 MED","2.0","42.0","0.0476",,,
"SHV1","NA","2038927","URL","Zebra, Kit, Toggle Assemblies, ZE511, ZE521, Right Hand/Left Hand","02 MED","2.0","42.0","0.0476",,,
"SHV1","NA","2038928","URL","Zebra, Kit, Ruler for Toggle Position, Quantity of 3, ZE511 Right Hand","02 MED","2.0","42.0","0.0476",,,
"SHV1","NA","2038929","URL","Zebra, Kit, Ribbon Strip Plate & Ribbon Static Brush, ZE511 Right Hand/Left Hand","02 MED","2.0","42.0","0.0476",,,
"SHV1","NA","2038930","URL","Zebra, Kit, Cables for Printhead, ZE511 ZE521 Right Hand/Left Hand","02 MED","1.0","42.0","0.0238",,,
"SHV1","NA","2038945","URL","Zebra, Kit, Media Sensor, ZE511 Right Hand","02 MED","2.0","42.0","0.0476",,,
"SHV1","NA","2038946","URL","Zebra, Kit, Media Door Open Sensor, ZE511, ZE521, RH & LH","02 MED","2.0","42.0","0.0476",,,
"SHV1","NA","2038947","URL","Zebra, Kit, Encoder Sensors for Ribbon Drive System, ZE511, ZE521, Right Hand/Left Hand","02 MED","2.0","42.0","0.0476",,,
"SHV1","NA","2038952","URL","Zebra, Kit, Motor For The Media Drive System ZE511, ZE521, RH","02 MED","2.0","42.0","0.0476",,,
"SHV1","NA","2038959","URL","Zebra, Kit, Platen Support And Guard For Printhead, ZE511 RH & LH","02 MED","2.0","42.0","0.0476",,,
"SHV1","NA","2038961","URL","Zebra, Kit, Roller Plates, ZE511, ZE521, Right Hand","02 MED","2.0","42.0","0.0476",,,
"SHV1","NA","2038966","URL","Zebra, Kit, Print Mechanism, ZE511 Left Hand","02 MED","2.0","42.0","0.0476",,,
"SHV1","NA","2038968","URL","Zebra, Kit, Media Sensor, ZE511 Left Hand","02 MED","2.0","42.0","0.0476",,,
"SHV1","NA","2038971","URL","Zebra, Kit, Motor For The Media Drive System, ZE511, ZE521, LH","02 MED","2.0","42.0","0.0476",,,
"SHV1","NA","2038972","URL","Zebra, Kit, Ribbon Drive System, ZE511, ZE521, Left Hand","02 MED","2.0","42.0","0.0476",,,
"SHV1","NA","2038973","URL","roller Plates ZE511/ZE521 LH","02 MED","2.0","42.0","0.0476",,,
"SHV1","NA","3005114","EcoPac","M12 5P F STRAIGHT CONNECTOR","03 LOW","1.0","7.0","0.1429",,,
"SHV1","NA","3008688","URL","Dancing Arm – Backing Paper Rewinder RH","02 MED","1.0","42.0","0.0238",,,
"SHV1","NA","3008689","URL","Roller – dancing arm","02 MED","1.0","42.0","0.0238",,,
"SHV1","NA","3008690","URL","MINIATURE CIRCUIT BREAKER FORM FK2 4A","02 MED","1.0","42.0","0.0238",,,
"SHV1","NA","3008695","URL","RS232 Com cable","02 MED","1.0","42.0","0.0238",,,
"SHV1","NA","3008711","URL","WEIGHCELL CABLE 11.5M SONIC","02 MED","1.0","42.0","0.0238",,,
"SHV1","NA","3008712","URL","DISC_BREAK","02 MED","1.0","42.0","0.0238",,,
"SHV1","NA","3008716","URL","MOTOR AC,0.55KW,23.8NM,221RPM,M1,RAL7031","02 MED","1.0","42.0","0.0238",,,
"SHV1","NA","3008717","URL","UK 6-FSI/C-LED NO3001938","02 MED","0.0","42.0","0.0",,,
"SHV1","NA","3008718","URL","ULTRA-HI-SPEED VISION SYSTEM","02 MED","1.0","42.0","0.0238",,,
"SHV1","NA","3008719","URL","SENSOR_INDUCTIVE","02 MED","1.0","42.0","0.0238",,,
"SHV1","NA","3008721","URL","PRODUCT CONVEYOR BELT","02 MED","2.0","42.0","0.0476",,,
"SHV1","NA","3008723","URL","Bearing (2 pieces needed) 15x32x9 mm","02 MED","1.0","42.0","0.0238",,,
"SHV1","NA","3008724","URL","6MM POLYCORDSTRAIGHT LENGTH: 212MM (INSTALLATION LENGTH)CUT LENGTH: 215MM","02 MED","2.0","42.0","0.0476",,,
"SHV1","NA","3008725","URL","IDLE ROLLER,BAL B-ST ST F12,D79 BB600","02 MED","2.0","42.0","0.0476",,,
"SHV1","NA","3008726","URL","RELAY PC 1CO 110VAC/DC","02 MED","0.0","42.0","0.0",,,
"SHV1","NA","3008727","URL","TAPER LOCK BUSHING,1108,DI20","02 MED","1.0","42.0","0.0238",,,
"SHV1","NA","3008729","URL","Oldham coupling disk","02 MED","5.0","42.0","0.119",,,
"SHV1","NA","3008730","URL","Phoenix Contact 1754465 PCB Plug Screw 5mm 12AWG 320V 12A 3 Position COMBICON MSTB Series","02 MED","1.0","42.0","0.0238",,,
"SHV1","NA","3008731","URL","REWINDER_BACKING_PAPER_LH","02 MED","1.0","42.0","0.0238",,,
"SHV1","NA","3008732","URL","Inner disc 305 mm","02 MED","1.0","42.0","0.0238",,,
"SHV1","NA","3008733","URL","SUPPLY_POWER","02 MED","1.0","42.0","0.0238",,,
"SHV1","NA","3008734","URL","Dancing Arm – Backing Paper Rewinder LH","02 MED","1.0","42.0","0.0238",,,
"SHV1","NA","3008735","URL","REWINDER_BACKING_PAPER_RH","02 MED","1.0","42.0","0.0238",,,
"SHV1","NA","3008736","URL","CABLE_APPLICATOR","02 MED","1.0","42.0","0.0238",,,
"SHV1","NA","3008737","URL","V3-GM-10M-PVC, CABLE 10M M8/F/3P/0/A","02 MED","1.0","42.0","0.0238",,,
"SHV1","NA","3008739","URL","V1-G-10M-PVC, CABLE 10M M12/F/8P/0 10M","02 MED","1.0","42.0","0.0238",,,
"SHV1","NA","3008740","URL","Spacer disc 5mm","02 MED","1.0","42.0","0.0238",,,
"SHV1","NA","3008741","URL","Spring - break band","02 MED","7.0","42.0","0.1667",,,
"SHV1","NA","3008742","URL","Siemens 3NW7513-0HG Fuse Holder, 1-P, 32A, 600V, Class Cc F","02 MED","2.0","42.0","0.0476",,,
"SHV1","NA","3008743","URL","CIRCUIT BREAKER MOTOR,CONTACT ,1NO,1NC","02 MED","0.0","42.0","0.0",,,
"SHV1","NA","3008744","URL","S80 Adapter board - “Printer Port”","02 MED","1.0","42.0","0.0238",,,
"SHV1","NA","3008745","URL","BOARD 200041062","02 MED","1.0","42.0","0.0238",,,
"SHV1","NA","3008746","URL","ROLLER_REWIND","02 MED","1.0","42.0","0.0238",,,
"SHV1","NA","3008747","URL","Shock absorber 20x15 incl. screw","02 MED","4.0","42.0","0.0952",,,
"SHV1","NA","3008748","URL","Spacer for unwinder 8mm for S80","02 MED","1.0","42.0","0.0238",,,
"SHV1","NA","3008749","URL","Warning low level labels; optic sensor","02 MED","1.0","42.0","0.0238",,,
"SHV1","NA","3008750","URL","PLUG DFMC 1,5/ 5-ST-3,5-LR","02 MED","1.0","42.0","0.0238",,,
"SHV1","NA","3008751","URL","6MM POLYCORDSTRAIGHT LENGTH: 238MM (INSTALLATION LENGTH)CUT LENGTH: 241MM","02 MED","2.0","42.0","0.0476",,,
"SHV1","NA","3008753","URL","SWITCH_INLET_AND_FUSES","02 MED","0.0","42.0","0.0",,,
"SHV1","NA","3008754","URL","T-COUPLER M8 MALE / 2X M8 FEMALE","02 MED","1.0","42.0","0.0238",,,
"SHV1","NA","3008759","URL","M8 4-POLE PVC 10M CABLE","02 MED","1.0","42.0","0.0238",,,
"SHV1","NA","3008760","URL","SUPPORT_DISC_REWINDER","02 MED","1.0","42.0","0.0238",,,
"SHV1","NA","3008762","URL","Roller – label unwinder","02 MED","1.0","42.0","0.0238",,,
"SHV1","NA","3008763","URL","Adapter 76 mm width 30 mm","02 MED","1.0","42.0","0.0238",,,
"SHV1","NA","3008765","URL","MOTOR PROTECTIVE CIRCUIT BREAKER 3P,4A","02 MED","0.0","42.0","0.0",,,
"SHV1","NA","3008767","URL","DRIVE ROLLER,BAL B-ST ST F12,D79 BB600","02 MED","2.0","42.0","0.0476",,,
"SHV1","NA","3008768","URL","SEW VSD DRIVE 115V,0.75KW","02 MED","1.0","42.0","0.0238",,,
"SHV1","NA","3008769","URL","CONNECTOR PHOENIX PLUG,12 WAY","02 MED","1.0","42.0","0.0238",,,
"SHV1","NA","3008771","URL","RING_GUIDE","02 MED","4.0","42.0","0.0952",,,
"SHV1","NA","3008773","URL","Photocell cable, 5 m","02 MED","1.0","42.0","0.0238",,,
"SHV1","NA","3008774","URL","CABLE WEIGHCELL,0.1M,ADAPTER,SCALA-LIBRA","02 MED","1.0","42.0","0.0238",,,
"SHV1","NA","3016911","URL","SENSOR HEAD, 980MM","02 MED","2.0","21.0","0.0952",,,
"SHV1","NA","3022940","USP","VERTICAL JAW CABLE MANAGEMENT BACKING PLATE","01 HIGH","3.0","38.0","0.0789",,,
"SHV1","NA","3036879","URL","LOGISTIC CODE READER, 2D CODE, BARCODE, 24VDC, 3A","02 MED","2.0","121.0","0.0165",,,
"SHV1","NA","3036880","URL","SR-5000X POLARIZING FILTER","02 MED","2.0","21.0","0.0952",,,
"SHV1","NA","3037854","EcoPac","FLANGIA D69X24 D29","03 LOW","2.0","21.0","0.0952",,,
"SHV1","NA","3040795","EcoPac","STOP 95X30X14","02 MED","0.0","24.0","0.0",,,
"SHV1","NA","3040796","EcoPac","SHARE 770X8X8","02 MED","0.0","22.0","0.0",,,
"SHV1","NA","3040797","EcoPac","SHARE 400X28X8","02 MED","0.0","21.0","0.0",,,
"SHV1","NA","3076039","EcoPac","BELT, SW125 00+01 BLACK,  37"" WIDE, OPEN ROLL","01 HIGH","0.0","7.0","0.0",,,
"SHV1","NA","3076043","EcoPac","BELT, SW125 00+01 BLACK,  39"" WIDE, OPEN ROLL","01 HIGH","0.0","7.0","0.0",,,
"SHV1","NA","3077242","URL","SUPPLY TERM BLOCK 24V 10+FUSE","02 MED","2.0","3.0","0.6667",,,
"SHV1","NA","3077246","URL","PNOZ m B0","02 MED","2.0","110.0","0.0182",,,
"SHV1","NA","3077248","URL","PNOZ m EF 8DI4DO","02 MED","2.0","110.0","0.0182",,,
"SHV1","NA","3077250","URL","PNOZ m EF 4DI4RO","02 MED","2.0","110.0","0.0182",,,
"SHV1","NA","3077257","URL","WAGO - 750-631/000-010","02 MED","2.0","60.0","0.0333",,,
"SHV1","NA","3077259","URL","Upper Arm","02 MED","2.0","30.0","0.0667",,,
"SHV1","NA","3077260","URL","Gearbox main axis","02 MED","2.0","30.0","0.0667",,,
"SHV1","NA","3077263","URL","PINS_BALL_SET_12","02 MED","2.0","30.0","0.0667",,,
"SHV1","NA","3077268","URL","Plain bearing","02 MED","1.0","30.0","0.0333",,,
"SHV1","NA","3077269","URL","Upper universal joint","02 MED","1.0","30.0","0.0333",,,
"SHV1","NA","3077270","URL","Lower universal joint","02 MED","2.0","56.0","0.0357",,,
"SHV1","NA","3077273","URL","NON-CONTACT SAFETY SWITCH","02 MED","2.0","110.0","0.0182",,,
"SHV1","NA","3077284","URL","INCREMENTAL ENCODER","02 MED","1.0","90.0","0.0111",,,
"SHV1","NA","3077285","URL","DOL-2312-G10MMA3 CABLE","02 MED","1.0","42.0","0.0238",,,
"SHV1","NA","3077290","URL","ALTIVAR 1.5KW ON MACHINE INVERTER","02 MED","2.0","8.0","0.25",,,
"SHV1","NA","3077291","URL","COMMS ADAPTER","02 MED","1.0","42.0","0.0238",,,
"SHV1","NA","3083137","URL","STANDARD LENGTH PEEL BAR ZE511 RH & LH","02 MED","2.0","42.0","0.0476",,,
"SHV1","NA","3125137","URL","V1-W-10M-PVC, FEMALE CORDSET 10M CABLE","02 MED","1.0","30.0","0.0333",,,
"SHV1","NA","3127827","URL","Zebra, Kit, Wireless Wi-Fi 802,11ac, USA and Canada, Includes magnetic antenna mount, ZE511, ZE521, RH & LH","02 MED","3.0","42.0","0.0714",,,
"SHV1","NA","3129268","URL","Lagged Idle Roller","02 MED","2.0","28.0","0.0714",,,
"SHV1","NA","3129282","URL","Drive Motor","02 MED","1.0","56.0","0.0179",,,
"SHV1","NA","3129291","URL","Roller Table Assembly - RH","02 MED","2.0","56.0","0.0357",,,
"SHV1","NA","3129296","URL","AUX CONTACT BLOCK","03 LOW","2.0","28.0","0.0714",,,
"SHV1","NA","3129298","URL","OULDED CIRCUIT BREAKER","02 MED","2.0","28.0","0.0714",,,
"SHV1","NA","3129309","URL","24VDC PLUG IN RELAY","02 MED","2.0","28.0","0.0714",,,
"SHV1","NA","3129313","URL","2500VA 480/115VAC TRANSFORMER","02 MED","1.0","28.0","0.0357",,,
"SHV1","NA","3129320","URL","6.3A FUSE","02 MED","2.0","14.0","0.1429",,,
"SHV1","NA","3129325","URL","KEYENCE FS-N41C Sensor de fibra óptica","02 MED","2.0","21.0","0.0952",,,
"SHV1","NA","3129326","URL","FIBRE UNIT REFLECTIVE","02 MED","2.0","28.0","0.0714",,,
"SHV1","NA","3129335","URL","ENCODER SPLITTER","02 MED","2.0","140.0","0.0143",,,
"SHV1","NA","3129339","URL","PNOZ m B1","02 MED","2.0","140.0","0.0143",,,
"SHV1","NA","3129355","URL","15"" INDUSTRIAL DISPLAY","02 MED","2.0","42.0","0.0476",,,
"SHV1","NA","3129368","URL","SERVO CONTROL MODULE","02 MED","1.0","42.0","0.0238",,,
"SHV1","NA","3129369","URL","ILM DISTRIBUTION BOX ILM62DB, 1I / 4O","02 MED","2.0","42.0","0.0476",,,
"SHV1","NA","3129370","URL","MOTION CONTROLLER LMC402 16 AXIS - ACC KIT - BASIC","02 MED","2.0","42.0","0.0476",,,
"SHV1","NA","3129372","URL","ETHERNET TCP/IP COMMUNICATION CARD","02 MED","2.0","42.0","0.0476",,,
"SHV1","NA","3132058","URL","METTLER TOLEDO 24114964 BELT","02 MED","2.0","42.0","0.0476",,,
"SHV1","NA","328138","URL","Toothed belt: 475-5MHP-15","02 MED","2.0","30.0","0.0667",,,
"SHV1","NA","3288500","URL","Tension Roller Assembly","02 MED","1.0","55.0","0.0182",,,
"SHV1","NA","3316632","URL","PLUNGER_SPRING","01 HIGH","1.0","21.0","0.0476",,,
"SHV1","NA","3464199","USP","SENSOR, FIBER OPTIC THIN ZERO SPACE, SIDE VIEW TYP","01 HIGH","1.0",,,"0.0111","2.0",
"SHV1","NA","3466134","USP","ROLLING BEARING  61802-2RS1","02 MED","2.0","4.0","0.5",,,
"SHV1","NA","3466138","USP","VERTICAL VPL SERIES, FRAME SIZE 100MM, T WINDING, RATED SPEED 7200-80","02 MED","1.0","14.0","0.0714",,,
"SHV1","NA","3466152","USP","SENSOR MOUNT","02 MED","1.0","6.0","0.1667",,,
"SHV1","NA","3466158","USP","SPRING PLUNGER, BALL-NOSE HARD","02 MED","2.0","4.0","0.5",,,
"SHV1","NA","3466204","USP","M8X1.25 X 16 MM LG, STROKE 1.5MM, MAX TEMP. 250C, THREAD-LOCKING, CERAMIC BALL","02 MED","2.0","4.0","0.5",,,
"SHV1","NA","3466208","USP","BEARING SPACER; INNER; 20 ID X 27 OD X 5 THICK","02 MED","7.0","4.0","1.75",,,
"SHV1","NA","3466247","USP","KINETIX VP MOTOR CABLE","02 MED","1.0","14.0","0.0714",,,
"SHV1","NA","3516102","URL","24408449 TOOTHED BELT PULLEY TL N36 5M","02 MED","1.0","30.0","0.0333",,,
"SHV1","NA","3516105","URL","CIRCUIT BREAKER 230VAC 1P 30552422","02 MED","1.0","30.0","0.0333",,,
"SHV1","NA","3516106","URL","CIRCUIT BREAKER 230VAC 6A 30552418","02 MED","1.0","30.0","0.0333",,,
"SHV1","NA","3516111","URL","RJ45 INDUSTRIAL PLUG 09451511100","02 MED","0.0","30.0","0.0",,,
"SHV1","NA","3516116","URL","Break Band 410 mm","02 MED","4.0","30.0","0.1333",,,
"SHV1","NA","3516120","URL","99-3379-100-03, M8 CABLE CONNECTOR","02 MED","1.0","30.0","0.0333",,,
"SHV1","NA","3516122","URL","RJ45 INDUSTRIAL PLUG 09451511100","02 MED","1.0","30.0","0.0333",,,
"SHV1","NA","3516129","URL","LED TUBE 16W 24VDC 4000-75800-1715016","02 MED","0.0","30.0","0.0",,,
"SHV1","NA","3516135","URL","VW3E1142R030 HYBRID CABLE DB 4 DOWN","02 MED","1.0","30.0","0.0333",,,
"SHV1","NA","3516136","URL","VW3E1141R100 HYBRID CABLE 10M","02 MED","1.0","30.0","0.0333",,,
"SHV1","NA","3516137","URL","RJ45 INDUSTRIAL PLUG 09451511100","02 MED","2.0","30.0","0.0667",,,
"SHV1","NA","3524238","EcoPac","PHOTOCEL S45-PH-5-B03-PH","02 MED","2.0","30.0","0.0667",,,
"SHV1","NA","3524276","EcoPac","PHOTOCEL S45-PH-5-B03-PH","02 MED","0.0","15.0","0.0",,,
"SHV1","NA","3524280","EcoPac","PHOTOCEL S45-PH-5-B03-PH","01 HIGH","2.0","30.0","0.0667",,,
"SHV1","NA","3524282","EcoPac","PHOTOCEL S45-PH-5-B03-PH","01 HIGH","2.0","30.0","0.0667",,,
"SHV1","NA","3524283","EcoPac","PHOTOCEL S45-PH-5-B03-PH","01 HIGH","0.0","30.0","0.0",,,
"SHV1","NA","3524284","EcoPac","PHOTOCEL S45-PH-5-B03-PH","01 HIGH","0.0","30.0","0.0",,,
"SHV1","NA","3524285","EcoPac","PHOTOCEL S45-PH-5-B03-PH","01 HIGH","1.0","30.0","0.0333",,,
"SHV1","NA","3524286","EcoPac","PHOTOCEL S45-PH-5-B03-PH","01 HIGH","1.0","30.0","0.0333",,,
"SHV1","NA","3524289","EcoPac","RING OR SP.3.5  D36 INTERNAL","02 MED","1.0",,,,,
"SHV1","NA","3524290","EcoPac","ROBA ES-SIZE 19 940-755 A-S D20-20 L=45","02 MED","2.0","10.0","0.2",,,
"SHV1","NA","3524434","EcoPac","PHOTOCEL S45-PH-5-B03-PH","02 MED","2.0","20.0","0.1",,,
"SHV1","NA","3524435","EcoPac","PHOTOCEL S45-PH-5-B03-PH","01 HIGH","2.0","20.0","0.1",,,
"SHV1","NA","3524441","EcoPac","STAFFA SMBR  8-8","01 HIGH","1.0","15.0","0.0667",,,
"SHV1","NA","3524501","EcoPac","PIN SQ20X65 D6 L13 B19 M8","01 HIGH","2.0","22.0","0.0909",,,
"SHV1","NA","3524503","EcoPac","STAFFA 101X15X15","01 HIGH","0.0","23.0","0.0","0.0056","1.0",
"SHV1","NA","3524530","EcoPac","ROD 835 X 30 X 8","02 MED","0.0",,,,,
"SHV1","NA","3524538","EcoPac","SHARE 95X94X20","01 HIGH","1.0","16.0","0.0625",,,
"SHV1","NA","3524551","EcoPac","ROLLER D70X221 D35","01 HIGH","2.0","24.0","0.0833",,,
"SHV1","NA","3524553","EcoPac","PHOTOCEL S45-PH-5-B03-PH","02 MED","2.0","20.0","0.1",,,
"SHV1","NA","3524555","EcoPac","ROLLER D45X60 D25","01 HIGH","1.0","24.0","0.0417",,,
"SHV1","NA","3524556","EcoPac","SHAFT D 25X1070","01 HIGH","2.0","22.0","0.0909",,,
"SHV1","NA","3524557","EcoPac","ROLLER D55X958 D25","02 MED","2.0","21.0","0.0952",,,
"SHV1","NA","3524558","EcoPac","SHARE  145X25X2","01 HIGH","2.0","12.0","0.1667",,,
"SHV1","NA","3524559","EcoPac","SHAFT D 25X160.5","01 HIGH","1.0","40.0","0.025",,,
"SHV1","NA","3524565","EcoPac","PHOTOCEL S45-PH-5-B03-PH","01 HIGH","1.0","22.0","0.0455",,,
"SHV1","NA","3524566","EcoPac","PHOTOCEL S45-PH-5-B03-PH","01 HIGH","2.0","22.0","0.0909",,,
"SHV1","NA","3524567","EcoPac","PHOTOCEL S45-PH-5-B03-PH","02 MED","1.0","30.0","0.0333",,,
"SHV1","NA","3524570","EcoPac","SHAFT D 25X563.5","02 MED","0.0",,,,,
"SHV1","NA","3524571","EcoPac","SHAFT D 25X205","02 MED","2.0","21.0","0.0952",,,
"SHV1","NA","3524577","EcoPac","WHEEL D41 X13 D22","01 HIGH","2.0","16.0","0.125",,,
"SHV1","NA","3524601","EcoPac","PHOTOCEL S45-PH-5-B03-PH","02 MED","1.0","5.0","0.2",,,
"SHV1","NA","3546294","USP","Kinetix VP Motor Cable, 4m","02 MED","0.0",,,"0.0056","1.0",
"SHV1","NA","41867","URL","SUPER SMALL LASER SENSOR HEAD AREA BEAM RETRO REFLECTIVE","02 MED","2.0","28.0","0.0714",,,
"SHV1","NA","47016","URL","FLANGE BEARING, 2-HOLE, 1-7/16"" BORE","02 MED","2.0",,,"0.0","0.0",
"SHV1","NA","48192","URL","WASHER, M10 SPRING LOCK INTRALOX DPP-0146630","01 HIGH","2.0",,,"0.0444","8.0",
"SHV1","NA","49225","USP","HEX HEAD CAP SCREW  CTM PM-FAHHSS50557","02 MED","2.0","10.0","0.2",,,
"SHV1","NA","49347","URL","MEDIA DRIVE BELTS ZE511 ZE521 RH & LH","02 MED","2.0","42.0","0.0476",,,
"SHV1","NA","55600","URL","OUTLET FILTER, STANDARD, 255MMX255MM","02 MED","4.0","42.0","0.0952",,,
"SHV1","NA","65023","URL","Zebra Kit Medien Führung ZE500 Serie","02 MED","2.0","42.0","0.0476",,,
"SHV1","NA","65242","URL","Zebra, Kit Upper Segmented Pinch Roller Assembly ZE500-4 LH","02 MED","2.0","42.0","0.0476",,,
"SHV1","NA","65245","URL","Upper Segmented Pinch Roller Assembly ZE511 RH","02 MED","0.0","42.0","0.0",,,
"SHV1","NA","66809","URL","TWO HOLE FLANGE BEARING GLCTEY","02 MED","2.0","42.0","0.0476",,,
"SHV1","NA","77864","URL","STARTER, MANUAL 3PH 460V 1HP 1.6-2.5A","02 MED","1.0","42.0","0.0238",,,
"SHV1","NA","85098","EcoPac","Plug Socket With Cable","02 MED","1.0","30.0","0.0333",,,
"SHV1","NA","87441","URL","SITOP PSU300S/3AC/24VDC/20A","02 MED","1.0","7.0","0.1429",,,
"SHV1","NA","99304","URL","Spiratex components barcap 0,63""","02 MED","2.0","42.0","0.0476",,,
"SHV1","NA","C-1083","EcoPac","PHOTOCEL S45-PH-5-B03-PH","01 HIGH","0.0","14.0","0.0","0.0111","2.0",
"SHV1","NA","C-1183","EcoPac","PHOTOCEL S45-PH-5-B03-PH","01 HIGH","0.0","14.0","0.0","0.0056","1.0",
"SHV1","NA","C-1184","EcoPac","ROD EYE, 9261","02 MED","0.0","14.0","0.0",,,
"SHV1","NA","C-1209","EcoPac","MOTOR 71B","01 HIGH","0.0","14.0","0.0","0.0056","1.0",
"SHV1","NA","C-1212","EcoPac","MOTOR ST90SC4-UL-1,5HP 4P B14","01 HIGH","0.0","14.0","0.0",,,
"SHV1","NA","C-1218","EcoPac","ND-PISTOLA MB2-BE00AIATTSSFP41-000000","01 HIGH","0.0","14.0","0.0","0.0056","1.0",
"SHV1","NA","C-1232","EcoPac","SICK RAY26P-34162530A00 4P M12ST MONITORING HEIGHT 55MM, PRODUCT MIN 5MM (LIGHT","01 HIGH","0.0","14.0","0.0","0.0056","1.0",
"SHV1","NA","C-1364","EcoPac","TOOTHED BELT     5M-15 HTD METRAGGIO","01 HIGH","0.0","14.0","0.0","0.3889","70.0",
"SHV1","NA","C-1365","EcoPac","TOOTHED BELT, 1M-25 HTD","01 HIGH","0.0","14.0","0.0","0.0","0.0",
"SHV1","NA","C-1372","EcoPac","TOOTHED BELT 720 8M-30 HTD","01 HIGH","0.0","14.0","0.0","0.0","0.0",
"SHV1","NA","C-1413","EcoPac","SUPPORT SFT 20","01 HIGH","0.0","14.0","0.0","0.0","0.0",
"SHV1","NA","C-1639","EcoPac","FUSE ATQR20 20A CLASS CC TIME DELAY","02 MED","1.0",,,"0.0167","3.0",
"SHV1","NA","C-1645","EcoPac","FUSIBILE 10.3X38 16A GG","01 HIGH","2.0","31.0","0.0645",,,
"SHV1","NA","C-1687","EcoPac","SHRINK DISK RCK13 25X50","01 HIGH","0.0","14.0","0.0","0.0056","1.0",
"SHV1","NA","C-1706","EcoPac","SECURITY MODULE  PNOZ X2.8P","01 HIGH","0.0","14.0","0.0","0.0056","1.0",
"SHV1","NA","C-1708","EcoPac","SECURITY MODULE  PZE X4","01 HIGH","0.0","14.0","0.0",,,
"SHV1","NA","C-1723","EcoPac","PHOTOCEL S45-PH-5-B03-PH","01 HIGH","0.0","14.0","0.0",,,
"SHV1","NA","C-1726","EcoPac","PHOTOCEL S45-PH-5-B03-PH","01 HIGH","0.0","14.0","0.0","0.0056","1.0",
"SHV1","NA","C-1727","EcoPac","PHOTOCEL S45-PH-5-B03-PH","01 HIGH","0.0","14.0","0.0","0.0","0.0",
"SHV1","NA","C-1731","EcoPac","PHOTOCEL S45-PH-5-B03-PH","01 HIGH","0.0","14.0","0.0",,,
"SHV1","NA","C-2040","EcoPac","SHRINK DISK RCK13 19X47","01 HIGH","0.0","14.0","0.0","0.0056","1.0",
"SHV1","NA","C-2041","EcoPac","SHRINK DISC RCK13 20X47","01 HIGH","0.0","31.0","0.0","0.0056","1.0",
"SHV1","NA","C-2042","EcoPac","SHRINK DISK RCK13 22X47","01 HIGH","0.0","14.0","0.0","0.0","0.0",
"SHV1","NA","C-2049","EcoPac","PHOTOCEL S45-PH-5-B03-PH","01 HIGH","0.0","20.0","0.0","0.0056","1.0",
"SHV1","NA","C-2076","EcoPac","PHOTOCEL S45-PH-5-B03-PH","02 MED","0.0","14.0","0.0","0.0056","1.0",
"SHV1","NA","C-2342","EcoPac","SHAFT SEAL KIT (A. BRADLEY) MPL-SSN-A3B3","01 HIGH","2.0","14.0","0.1429",,,
"SHV1","NA","C-2589","EcoPac","SHRINK DISK RCK61 20X38","01 HIGH","0.0","14.0","0.0",,,
"SHV1","NA","C-2590","EcoPac","SHRINK DISK RCK61 22X40","01 HIGH","2.0","14.0","0.1429",,,
"SHV1","NA","C-2591","EcoPac","PHOTOCEL S45-PH-5-B03-PH","01 HIGH","0.0","21.0","0.0",,,
"SHV1","NA","C-2645","EcoPac","TOOTHED BELT 375 5M-15 HTD GT3","01 HIGH","0.0","21.0","0.0",,,
"SHV1","NA","C-2678","EcoPac","SERVOMOTOR VPL-B0633M-PJ12AA 1.3NM ASS/D","01 HIGH","0.0","50.0","0.0","0.0","0.0",
"SHV1","NA","C-2716","EcoPac","TOOTHED BELT 640 8M-30 HTD","01 HIGH","0.0","21.0","0.0","0.0111","2.0",
"SHV1","NA","C-2724","EcoPac","PHOTOCEL S45-PH-5-B03-PH","01 HIGH","2.0","21.0","0.0952",,,
"SHV1","NA","C-2732","EcoPac","TOOTHED BELT 800 5M-25 HTD","01 HIGH","0.0","21.0","0.0",,,
"SHV1","NA","C-2756","EcoPac","TOOTHED BELT 560 8M-30 HTD","01 HIGH","0.0","31.0","0.0",,,
"SHV1","NA","C-2757","EcoPac","TOOTHED BELT 300 5M-15 HTD","01 HIGH","0.0","31.0","0.0",,,
"SHV1","NA","C-2758","EcoPac","TOOTHED BELT 475 5M-25 HTD","01 HIGH","0.0","31.0","0.0",,,
"SHV1","NA","C-2759","EcoPac","TOOTHED BELT 1100 5M-25HTD DUAL","01 HIGH","0.0","31.0","0.0",,,
"SHV1","NA","C-2760","EcoPac","TOOTHED BELT 375 5M-25 HTD","01 HIGH","0.0","31.0","0.0","0.0056","1.0",
"SHV1","NA","C-2761","EcoPac","TOOTHED BELT 450 5M-25 HTD","01 HIGH","0.0","31.0","0.0",,,
"SHV1","NA","C-2762","EcoPac","TOOTHED BELT 575 5M-25 HTD","01 HIGH","0.0","31.0","0.0",,,
"SHV1","NA","C-2763","EcoPac","TOOTHED BELT 325 5M-25 HTD","01 HIGH","0.0","31.0","0.0",,,
"SHV1","NA","C-2766","EcoPac","RID.XC 50 R 1:10 PAM 19-120","01 HIGH","0.0","31.0","0.0","0.0056","1.0",
"SHV1","NA","C-2777","EcoPac","TOOTHED BELT 1790 5M-25 HTD","01 HIGH","0.0","31.0","0.0","0.0111","2.0",
"SHV1","NA","C-2799","EcoPac","PHOTOCEL S45-PH-5-B03-PH","01 HIGH","0.0","31.0","0.0",,,
"SHV1","NA","C-2807","EcoPac","VALVE GROUP   DFM 32-125 PA-KF","01 HIGH","0.0","31.0","0.0","0.0056","1.0",
"SHV1","NA","C-2808","EcoPac","VALVE  VUVG-L18-M52-MT-G14-1R8L","01 HIGH","1.0","31.0","0.0323",,,
"SHV1","NA","C-2809","EcoPac","PHOTOCEL S45-PH-5-B03-PH","01 HIGH","0.0","31.0","0.0",,,
"SHV1","NA","C-2812","EcoPac","SOLENOID VALVE VUVG-L18-P53U-T-G14-1R8L","01 HIGH","2.0","31.0","0.0645",,,
"SHV1","NA","C-2822","EcoPac","PHOTOCEL S45-PH-5-B03-PH","01 HIGH","0.0","31.0","0.0","0.0","0.0",
"SHV1","NA","C-2824","EcoPac","PHOTOCEL S45-PH-5-B03-PH","01 HIGH","0.0","31.0","0.0","0.0","0.0",
"SHV1","NA","C-2825","EcoPac","PHOTOCEL S45-PH-5-B03-PH","01 HIGH","0.0","31.0","0.0","0.0","0.0",
"SHV1","NA","C-2827","EcoPac","PHOTOCEL S45-PH-5-B03-PH","01 HIGH","0.0","31.0","0.0",,,
"SHV1","NA","C-2835","EcoPac","PHOTOCEL S45-PH-5-B03-PH","01 HIGH","0.0","31.0","0.0",,,
"SHV1","NA","C-2836","EcoPac","WHEEL D69X27 D47 FOLLE","01 HIGH","0.0","31.0","0.0","0.0","0.0",
"SHV1","NA","C-2855","EcoPac","PHOTOCEL S45-PH-5-B03-PH","02 MED","0.0","31.0","0.0","0.0","0.0",
"SHV1","NA","C-2859","EcoPac","SNODO SGS M12X1.25 SFERICO -DX","02 MED","0.0","31.0","0.0",,,
"SHV1","NA","C-2860","EcoPac","SNODO JAF 6 SFERICO -DX","02 MED","0.0","31.0","0.0",,,
"SHV1","NA","C-2861","EcoPac","SPHERICAL JOINT JAF 12 RIGHT","02 MED","0.0","31.0","0.0","0.0056","1.0",
"SHV1","NA","C-2862","EcoPac","SPHERICAL JOINT JAFL 12 LEFT","02 MED","0.0","31.0","0.0",,,
"SHV1","NA","C-2864","EcoPac","VALVOLA VFOF-LE-BAH-G14-Q8","01 HIGH","0.0","31.0","0.0",,,
"SHV1","NA","C-2870","EcoPac","RULLO D70X135 D45","01 HIGH","1.0","31.0","0.0323",,,
"SHV1","NA","C-2874","EcoPac","SHAFT D 25X1087","01 HIGH","0.0","31.0","0.0",,,
"SHV1","NA","C-2879","EcoPac","SHAFT D 25X1420","01 HIGH","0.0","31.0","0.0","0.0","0.0",
"SHV1","NA","C-2951","EcoPac","PHOTOCEL S45-PH-5-B03-PH","01 HIGH","0.0","31.0","0.0","0.0056","1.0",
"SHV1","NA","C-2990","EcoPac","PHOTOCEL S45-PH-5-B03-PH","01 HIGH","0.0","31.0","0.0",,,
"SHV1","NA","C-3003","EcoPac","SNODO SGS M16X1.5  SFERICO -DX","02 MED","0.0","31.0","0.0",,,
"SHV1","NA","C-3052","EcoPac","SPRING D23X120 D3 N.28 COILS TENSION","01 HIGH","1.0","10.0","0.1",,,
"SHV1","NA","C-3199","EcoPac","SEEGER E  20X1.2   UNI7435","01 HIGH","2.0","14.0","0.1429",,,
"SHV1","NA","C-3699","EcoPac","PHOTOCEL S45-PH-5-B03-PH","01 HIGH","2.0","12.0","0.1667",,,
"SHV1","NA","C-3701","EcoPac","PHOTOCEL S45-PH-5-B03-PH","02 MED","1.0","12.0","0.0833",,,
"SHV1","NA","C-3702","EcoPac","PHOTOCEL S45-PH-5-B03-PH","01 HIGH","0.0","12.0","0.0",,,
"SHV1","NA","C-3703","EcoPac","TOOTHED BELT 1200 8M-30 HTD","01 HIGH","0.0","12.0","0.0",,,
"SHV1","NA","C-3704","EcoPac","TOOTHED BELT 700 5M-25 HTD DUAL","01 HIGH","0.0","12.0","0.0",,,
"SHV1","NA","C-3705","EcoPac","TOOTHED BELT 700 5M-25 HTD","01 HIGH","0.0","12.0","0.0",,,
"SHV1","NA","C-3706","EcoPac","PHOTOCEL S45-PH-5-B03-PH","01 HIGH","0.0","12.0","0.0",,,
"SHV1","NA","C-3707","EcoPac","PHOTOCEL S45-PH-5-B03-PH","01 HIGH","0.0","12.0","0.0",,,
"SHV1","NA","C-3711","EcoPac","PHOTOCEL S45-PH-5-B03-PH","01 HIGH","0.0","12.0","0.0","0.0","0.0",
"SHV1","NA","C-3713","EcoPac","PIN  D 5X 50 SP6325 TEMPERATA","02 MED","2.0","12.0","0.1667",,,
"SHV1","NA","C-3714","EcoPac","SPRING  VL VERDE DI-8 DE-16 L-25","01 HIGH","1.0","12.0","0.0833",,,
"SHV1","NA","C-3715","EcoPac","PHOTOCEL S45-PH-5-B03-PH","01 HIGH","0.0","12.0","0.0","0.0111","2.0",
"SHV1","NA","C-3721","EcoPac","SHAFT-HUB CONNECTION RCK61 14X26","01 HIGH","0.0","12.0","0.0",,,
"SHV1","NA","C-3729","EcoPac","FUSE  LPJ-40SP 40A CLASS J TIME DELAY","01 HIGH","2.0","12.0","0.1667",,,
"SHV1","NA","C-3730","EcoPac","SENSOR KI-3250NFPKG M12 4P M","02 MED","0.0","12.0","0.0","0.0056","1.0",
"SHV1","NA","C-3731","EcoPac","VALVE  OS-1/8""-B   SELETTRICE","01 HIGH","0.0","12.0","0.0",,,
"SHV1","NA","C-3740","EcoPac","FUSE,CLASS CC,600 VOLTS,15 AMPS","02 MED","1.0",,,"0.0","0.0",
"SHV1","NA","C-3741","EcoPac","ROD  520X32X4.5","03 LOW","0.0","12.0","0.0",,,
"SHV1","NA","C-3742","EcoPac","RUBBER ROLLER  D55X60    D42","01 HIGH","1.0","12.0","0.0833",,,
"SHV1","NA","C-3745","EcoPac","SHAFT D 25X1472","01 HIGH","0.0","12.0","0.0","0.0","0.0",
"SHV1","NA","C-3746","EcoPac","SHAFT D 25X1364","01 HIGH","0.0","12.0","0.0","0.0","0.0",
"SHV1","NA","C-3747","EcoPac","RUBBER ROLLER  D65X550    D34","01 HIGH","1.0","12.0","0.0833",,,
"SHV1","NA","C-3748","EcoPac","SHAFT D 20X1349","01 HIGH","0.0","12.0","0.0",,,
"SHV1","NA","C-3749","EcoPac","STAKE D 6 X26","02 MED","0.0","12.0","0.0",,,
"SHV1","NA","C-3751","EcoPac","RUBBER ROLLER  D118X60    D50","01 HIGH","1.0","12.0","0.0833",,,
"SHV1","NA","C-3758","EcoPac","ROLLER D70X119 D35","01 HIGH","1.0","12.0","0.0833",,,
"SHV1","NA","C-3760","EcoPac","PHOTOCEL S45-PH-5-B03-PH","02 MED","0.0","12.0","0.0",,,
"SHV1","NA","C-3761","EcoPac","RUBBER ROLLER  D55X390    D25","01 HIGH","2.0","12.0","0.1667",,,
"SHV1","NA","C-3762","EcoPac","ROLLER D53X60 D25","01 HIGH","1.0","12.0","0.0833",,,
"SHV1","NA","C-3764","EcoPac","SHARE  173X42X6","02 MED","2.0","12.0","0.1667",,,
"SHV1","NA","C-3765","EcoPac","PHOTOCEL S45-PH-5-B03-PH","01 HIGH","0.0","12.0","0.0","0.0056","1.0",
"SHV1","NA","C-3766","EcoPac","PHOTOCEL S45-PH-5-B03-PH","01 HIGH","0.0","12.0","0.0","0.0222","4.0",
"SHV1","NA","C-3767","EcoPac","PHOTOCEL S45-PH-5-B03-PH","01 HIGH","0.0","12.0","0.0",,,
"SHV1","NA","C-3768","EcoPac","PHOTOCEL S45-PH-5-B03-PH","01 HIGH","0.0","12.0","0.0",,,
"SHV1","NA","C-3769","EcoPac","PHOTOCEL S45-PH-5-B03-PH","01 HIGH","0.0","12.0","0.0",,,
"SHV1","NA","C-3770","EcoPac","PHOTOCEL S45-PH-5-B03-PH","01 HIGH","0.0","12.0","0.0",,,
"SHV1","NA","C-3772","EcoPac","PHOTOCEL S45-PH-5-B03-PH","01 HIGH","0.0","12.0","0.0","0.0111","2.0",
"SHV1","NA","C-3773","EcoPac","TOOTHED BELT L-2175 5M-25 HTD","01 HIGH","0.0","12.0","0.0","0.0","0.0",
"SHV1","NA","C-3779","EcoPac","SHAFT D 25X696","01 HIGH","1.0","12.0","0.0833",,,
"SHV1","NA","C-3783","EcoPac","PHOTOCEL S45-PH-5-B03-PH","01 HIGH","0.0","12.0","0.0","0.0222","4.0",
"SHV1","NA","C-3785","EcoPac","PLATE 114X60,2X26","01 HIGH","0.0","12.0","0.0",,,
"SHV1","NA","C-3786","EcoPac","SPRING-LOADED PRESSER KIT","02 MED","0.0","12.0","0.0","0.0056","1.0",
"SHV1","NA","C-3787","EcoPac","SPRING-LOADED PRESSER KIT GREEN SPRING","02 MED","0.0","12.0","0.0","0.0056","1.0",
"SHV1","NA","C-3790","EcoPac","SINGLE CORDINATOR KIT","02 MED","0.0","12.0","0.0","0.0056","1.0",
"SHV1","NA","C-3793","EcoPac","PHOTOCEL S45-PH-5-B03-PH","01 HIGH","0.0","12.0","0.0","0.0","0.0",
"SHV1","NA","C-3794","EcoPac","SHAFT D 25X1370","01 HIGH","0.0","12.0","0.0",,,
"SHV1","NA","C-3816","EcoPac","SENSOR LASER ANALOGIC LR-TB5000C","02 MED","0.0","12.0","0.0","0.0056","1.0",
"SHV1","NA","C-3817","EcoPac","PHOTOCEL S45-PH-5-B03-PH","01 HIGH","0.0","12.0","0.0","0.0056","1.0",
"SHV1","NA","C-3819","EcoPac","POWER SUP. 24VDC/12,5A 1F 300W","01 HIGH","0.0","12.0","0.0",,,
"SHV1","NA","C-3820","EcoPac","PLC OTP MOD 8 24VDC","01 HIGH","0.0","12.0","0.0",,,
"SHV1","NA","C-3822","EcoPac","VALVE VTUG-14-VRAP-B1T-Q12-U-Q8S-KK6AL+TV","01 HIGH","0.0","12.0","0.0","0.0056","1.0",
"SHV1","NA","C-3823","EcoPac","PHOTOCEL S45-PH-5-B03-PH","01 HIGH","2.0","12.0","0.1667",,,
"SHV1","NA","C-3824","EcoPac","PHOTOCEL S45-PH-5-B03-PH","01 HIGH","0.0","12.0","0.0","0.0056","1.0",
"SHV1","NA","C-3825","EcoPac","PHOTOCEL S45-PH-5-B03-PH","01 HIGH","1.0","12.0","0.0833",,,
"SHV1","NA","C-3828","EcoPac","PHOTOCEL S45-PH-5-B03-PH","01 HIGH","0.0","12.0","0.0",,,
"SHV1","NA","C-3829","EcoPac","PHOTOCEL S45-PH-5-B03-PH","01 HIGH","0.0","12.0","0.0",,,
"SHV1","NA","C-3832","EcoPac","PHOTOCEL S45-PH-5-B03-PH","01 HIGH","0.0","12.0","0.0","0.0167","3.0",
"SHV1","NA","C-3833","EcoPac","PHOTOCEL S45-PH-5-B03-PH","01 HIGH","1.0","12.0","0.0833",,,
"SHV1","NA","C-3836","EcoPac","PHOTOCEL S45-PH-5-B03-PH","01 HIGH","0.0","12.0","0.0","0.0056","1.0",
"SHV1","NA","C-3837","EcoPac","VALVE UNIT DFM 16-20","01 HIGH","0.0","12.0","0.0",,,
"SHV1","NA","C-3838","EcoPac","SHAFT D 25X1455","01 HIGH","1.0","12.0","0.0833",,,
"SHV1","NA","C-3839","EcoPac","ROLLER D80X110 D42","01 HIGH","2.0","12.0","0.1667",,,
"SHV1","NA","C-3840","EcoPac","ROLLER D80X260 D50","01 HIGH","0.0","12.0","0.0",,,
"SHV1","NA","C-3844","EcoPac","PHOTOCEL S45-PH-5-B03-PH","01 HIGH","0.0","12.0","0.0","0.0222","4.0",
"SHV1","NA","C-3848","EcoPac","READING BAR KIT INDUCT ECOPAC","01 HIGH","2.0","12.0","0.1667",,,
"SHV1","NA","C-3857","EcoPac","TOOTHED BELT 480 8M-30 HTD","01 HIGH","0.0","12.0","0.0","0.0056","1.0",
"SHV1","NA","C-3858","EcoPac","SHAFT D 30X1220","01 HIGH","1.0","12.0","0.0833",,,
"SHV1","NA","C-3860","EcoPac","RULLO D70X495    D35","01 HIGH","0.0","12.0","0.0","0.0","0.0",
"SHV1","NA","C-3861","EcoPac","SHAFT D 25X52","02 MED","0.0","12.0","0.0",,,
"SHV1","NA","C-3862","EcoPac","SHAFT D 35X72","01 HIGH","1.0","12.0","0.0833",,,
"SHV1","NA","C-3863","EcoPac","SHAFT D 35X206","01 HIGH","0.0","12.0","0.0",,,
"SHV1","NA","N18792","URL","VLV AIR SOL DBL 2POS MTL SEAL","02 MED","1.0","42.0","0.0238",,,
"SHV1","NA","N24349","URL","Zebra, Kit Drive Gears for Ribbon Spindles ZE500 Series","02 MED","2.0","42.0","0.0476",,,
"SHV1","NA","N24364","URL","Zebra, Kit Ribbon Spindles ZE500-4 RH & LH","02 MED","2.0","42.0","0.0476",,,
"SHV1","NA","N27503","URL","RED DGE 23Q20L14","02 MED","1.0","42.0","0.0238",,,
"SHV1","NA","N36439Z","URL","MOULDED CIRCUIT BREAKER","02 MED","1.0","28.0","0.0357",,,
"SHV1","NA","N36607","URL","SET CLLR 1-3/8 B SPLT 2P","02 MED","2.0","42.0","0.0476",,,
"SHV1","NA","N38334","EcoPac","SAFETY D/O MODULE, POINT I/O, 24VDC, 8PTS","02 MED","1.0","21.0","0.0476",,,
"SHV1","NA","N40126","URL","Holder for cylindrical fuse ø10x38mm 1p+N 32A 690V","02 MED","1.0",,,,,
"SHV1","NA","N42309","URL","FUSE, TIME DELAY, 8 AMP, CLASS CC, 200kA, SCCR@600V","01 HIGH","2.0","35.0","0.0571",,,
"SHV1","NA","N44133","EcoPac","TAPER LOCK RCK80 12X18","01 HIGH","0.0","15.0","0.0","0.0056","1.0",
"SHV1","NA","N53964","USP","NEBV-S1G25-K-10-N-LE25-S6 CONNECTING CABLE","02 MED","2.0","37.0","0.0541",,,
"SHV1","NA","N54024","USP","TAPER-LOCK BUSHING, 1610 22MM BORE","02 MED","2.0","35.0","0.0571",,,
"SMF1","NA","103691","EcoPac","roll ø50x1,5 gravity","03 LOW","2.0",,,,,
"SMF1","NA","1070075","EcoPac","ZEBRA, P1112750-010, PRINTHEAD ASSEMBLY, 300 DPI, LH/RH","01 HIGH","0.0","88.0","0.0",,,
"SMF1","NA","3192291","EcoPac","POINT I/O COMM ADAPTER","02 MED","1.0","60.0","0.0167",,,
"SMF1","NA","C-1350","EcoPac","SUCTION CUP V 25/CS SILICON","03 LOW","2.0","14.0","0.1429",,,
"SYR1","NA","1001191","USP","VPL-B1003F-PJ12AA SERVO MOTOR","02 MED","0.0","21.0","0.0","0.0167","3.0",
"SYR1","NA","1002613","USP","VALVE, CHECK VALVE,ASSEMBLY:FLOW CONTROL W/ PILOT CHECK VALVE 1/4 TUBE WITH1/8 T","01 HIGH","3.0","16.0","0.1875",,,
"SYR1","NA","10086","USP","WASHER: CAPTURE CTM PM-FANU30375","03 LOW","1.0","20.0","0.05",,,
"SYR1","NA","10087","USP","THREADED INSERT CTM C-PM-INS1010","03 LOW","2.0","20.0","0.1",,,
"SYR1","NA","10090","USP","Shoulder Screw,18-8 Stainless Steel,3/8"""" Shoulder Dia., 1"""" Shoulder Length,5/16-18 Thread,PK2","03 LOW","1.0","21.0","0.0476",,,
"SYR1","NA","10095","USP","FLANGED BUSHING","03 LOW","1.0",,,,,
"SYR1","NA","10096","USP","WASHER: THRUST, BRONZE","02 MED","1.0","20.0","0.05",,,
"SYR1","NA","10191","USP","THRUST BALL BEARING, 3/4"" ID X 1-5/16"" OD X 9/32"" HT., STEEL","01 HIGH","2.0","35.0","0.0571",,,
"SYR1","NA","1061526","USP","SERVO DRVE AMP JR_AUTO JR0000549642","02 MED","0.0",,,"0.0222","4.0",
"SYR1","NA","11082","USP","SMART PACK FILTER REPLACEMENT  (PID)","03 LOW","1.0","20.0","0.05",,,
"SYR1","NA","1113249","USP","URGU48R1-04090N","02 MED","1.0","8.0","0.125",,,
"SYR1","NA","11147","USP","VHI425A-GV W/ GV4G6","01 HIGH","2.0","29.0","0.069",,,
"SYR1","NA","1116318","USP","ULTRASONIC SENSOR, PICO+","02 MED","1.0","21.0","0.0476",,,
"SYR1","NA","14325","USP","WIRING TOOL required for insertion/extraction @ terminal strip","02 MED","1.0","20.0","0.05",,,
"SYR1","NA","23103","USP","Time Delay, Cylindrical, Fuse, GDC Series, 250VAC, Indicating (5 PK)","03 LOW","1.0","8.0","0.125",,,
"SYR1","NA","3015434","USP","SWIVEL GRIPPER HEAD","01 HIGH","1.0","21.0","0.0476",,,
"SYR1","NA","3022931","USP","MALE INSERT 5 PIN","01 HIGH","1.0","66.0","0.0152",,,
"SYR1","NA","3022932","USP","SENSOR FLAG PIN, USP TRIGGER GATE","01 HIGH","1.0","108.0","0.0093",,,
"SYR1","NA","3022933","USP","STANDARD HOOD TOP ENTRY","01 HIGH","1.0","38.0","0.0263",,,
"SYR1","NA","3022935","USP","M8 LOCK WASHERS (OR BLACK OXIDE EQUIVALENT)","01 HIGH","1.0","24.0","0.0417",,,
"SYR1","NA","3022938","USP","CAPTIVE SCREW RETAINER","01 HIGH","2.0","21.0","0.0952",,,
"SYR1","NA","3022940","USP","VERTICAL JAW CABLE MANAGEMENT BACKING PLATE","01 HIGH","1.0","38.0","0.0263",,,
"SYR1","NA","3022942","USP","CLAMP, LOOP NYLON 7/8"" X 1 1/2","01 HIGH","1.0","21.0","0.0476",,,
"SYR1","NA","3022943","USP","HORIZONTAL REAR, POWERSONIC MATED M12 + LBO3K","01 HIGH","0.0","70.0","0.0",,,
"SYR1","NA","3022944","USP","CAPTIVE GUARDING SCREWS","01 HIGH","2.0","24.0","0.0833",,,
"SYR1","NA","3022945","USP","VERTICAL BOTTOM LOAD CELL","01 HIGH","0.0","70.0","0.0","0.0056","1.0",
"SYR1","NA","3022947","USP","HORIZONTAL JAW CABLE MANAGEMENT BACKING PLATE","01 HIGH","1.0","38.0","0.0263",,,
"SYR1","NA","3022948","USP","FLAT HEAD SOCKET CAP SCREW","01 HIGH","1.0","24.0","0.0417",,,
"SYR1","NA","3022949","USP","MCMASTER ZIP TIE MOUNT","01 HIGH","3.0","24.0","0.125",,,
"SYR1","NA","3022950","USP","HORIZONTAL FRONT, POWERSONIC MATED M12 + LBO3K","01 HIGH","0.0","70.0","0.0",,,
"SYR1","NA","3022951","USP","RTD, PT100, DIA 3MM, L 18MM, 3","01 HIGH","1.0","38.0","0.0263",,,
"SYR1","NA","3022952","USP","GALVANIZED STEEL , EPDM CUSHIO","01 HIGH","1.0","24.0","0.0417",,,
"SYR1","NA","3022953","USP","GUARDING T-BLOCK","01 HIGH","2.0","24.0","0.0833",,,
"SYR1","NA","3022956","USP","ROTATED CABLE EXIT VERTICAL LOAD CELL HOLDER BLOCK","01 HIGH","2.0","108.0","0.0185",,,
"SYR1","NA","3022957","USP","WASHER, M5, SST","01 HIGH","1.0","24.0","0.0417",,,
"SYR1","NA","3022958","USP","DIVERT PLATE, TOP","01 HIGH","0.0","94.0","0.0",,,
"SYR1","NA","3022959","USP","SHOULDER BOLT, 12MMX40MM, M10","01 HIGH","2.0","42.0","0.0476",,,
"SYR1","NA","3022961","USP","FRONT PLATE","01 HIGH","1.0","94.0","0.0106",,,
"SYR1","NA","3022962","USP","DIVERT PLATE, LEFT","01 HIGH","0.0","30.0","0.0",,,
"SYR1","NA","3022964","USP","DIVERT PLATE, REJECT COVER","01 HIGH","1.0","94.0","0.0106",,,
"SYR1","NA","3022967","USP","ZIP TIES, STANDARD","01 HIGH","1.0","24.0","0.0417",,,
"SYR1","NA","3022969","USP","VERTICAL CARTRIDGE HEATER","01 HIGH","1.0","66.0","0.0152",,,
"SYR1","NA","3022970","USP","CUTTING KNIFE ASSEMBLY","01 HIGH","0.0","108.0","0.0","0.0222","4.0",
"SYR1","NA","3022977","USP","GUIDED PNUEMATIC CYLINDER DFM-16-125-B-PPV-A-KF","01 HIGH","1.0","25.0","0.04",,,
"SYR1","NA","3022981","USP","UNDER JAW BULK HEAD PLATE","01 HIGH","1.0","108.0","0.0093",,,
"SYR1","NA","3022984","USP","8MM X 14MM LOW SOCKET HEAD MACHINE SCREWS (OR BLACK OXIDE EQUIVALENT)","01 HIGH","1.0","24.0","0.0417",,,
"SYR1","NA","3022985","USP","ROTATED CABLE EXIT HORIZONTAL LOAD CELL HOLDER BLOCK","01 HIGH","1.0","24.0","0.0417",,,
"SYR1","NA","3029777","USP","Ring, Centering sleeve ZBH-7-B","01 HIGH","1.0","28.0","0.0357",,,
"SYR1","NA","3029778","USP","CABLE, NIP ROLLER MOTOR SERVO","01 HIGH","0.0","70.0","0.0",,,
"SYR1","NA","3032133","USP","COMPRESSION SPRING T=1.4 OD=20 ID=17","01 HIGH","1.0","28.0","0.0357",,,
"SYR1","NA","3033957","USP","Ring, Centering sleeve ZBH-5-B","01 HIGH","1.0","28.0","0.0357",,,
"SYR1","NA","3037848","USP","LEFT VER HEATER CABLE ASSY","01 HIGH","1.0","108.0","0.0093",,,
"SYR1","NA","3037849","USP","RIGHT VER HEATER CABLE ASSY","01 HIGH","1.0","108.0","0.0093",,,
"SYR1","NA","3037850","USP","ZIP TIES, STANDARD","01 HIGH","0.0","24.0","0.0",,,
"SYR1","NA","3037851","USP","ALTERNATE PLASTIC P-CLIP (MUST DRILL MOUNTING HOLE TO M6)","01 HIGH","1.0","24.0","0.0417",,,
"SYR1","NA","3037852","USP","LEFT HOR HEATER CABLE ASSY","01 HIGH","1.0","108.0","0.0093",,,
"SYR1","NA","3043376","USP","ZLD18-BFZ4B8 SIMPLE SENSE","01 HIGH","1.0","42.0","0.0238",,,
"SYR1","NA","3043407","USP","SICK IME2S Series Non-Flush Inductive Non-Contact Safety Switch, 24V dc, Nickel Plated Brass Housing, 2NO, M12","01 HIGH","1.0","42.0","0.0238",,,
"SYR1","NA","3043436","USP","Kinetix 5700 Servo Drive","02 MED","0.0","21.0","0.0",,,
"SYR1","NA","3466127","USP","SCANNER,BARCODE:DM363 SMARTPACK PRESENTATION READER","01 HIGH","1.0","14.0","0.0714",,,
"SYR1","NA","3466132","USP","PNUEMATIC FITTING","01 HIGH","1.0","21.0","0.0476",,,
"SYR1","NA","3466134","USP","ROLLING BEARING  61802-2RS1","01 HIGH","2.0","4.0","0.5",,,
"SYR1","NA","3466138","USP","VERTICAL VPL SERIES, FRAME SIZE 100MM, T WINDING, RATED SPEED 7200-80","01 HIGH","1.0","21.0","0.0476",,,
"SYR1","NA","3466144","USP","SERVO DRIVE","01 HIGH","1.0","21.0","0.0476",,,
"SYR1","NA","3466145","USP","RIGHT HORIZONTAL SEAL BAR ASSY","01 HIGH","0.0","21.0","0.0",,,
"SYR1","NA","3466147","USP","COMPACT CYLINDER ADN-32-25-I-P-A-S2","01 HIGH","2.0","21.0","0.0952",,,
"SYR1","NA","3466149","USP","PIVOT BLOCK","01 HIGH","2.0","14.0","0.1429",,,
"SYR1","NA","3466152","USP","SENSOR MOUNT","01 HIGH","1.0","21.0","0.0476",,,
"SYR1","NA","3466153","USP","RIGHT VERTICAL SEAL BAR ASSY","01 HIGH","0.0","21.0","0.0",,,
"SYR1","NA","3466158","USP","SPRING PLUNGER, BALL-NOSE HARD","01 HIGH","2.0","4.0","0.5",,,
"SYR1","NA","3466191","USP","ROD COUPLER, M10X1.25, STEEL (","01 HIGH","1.0","21.0","0.0476",,,
"SYR1","NA","3466204","USP","M8X1.25 X 16 MM LG, STROKE 1.5MM, MAX TEMP. 250C, THREAD-LOCKING, CERAMIC BALL","01 HIGH","2.0","4.0","0.5",,,
"SYR1","NA","3466208","USP","BEARING SPACER; INNER; 20 ID X 27 OD X 5 THICK","01 HIGH","2.0","28.0","0.0714",,,
"SYR1","NA","3466243","USP","LEFT HORIZONTAL SEAL BAR ASSY","01 HIGH","0.0","21.0","0.0","0.0056","1.0",
"SYR1","NA","3466247","USP","KINETIX VP MOTOR CABLE","01 HIGH","1.0","21.0","0.0476",,,
"SYR1","NA","3466251","USP","PIVOT BLOCK - LEFT HORIZONTAL","01 HIGH","1.0","21.0","0.0476",,,
"SYR1","NA","3466258","USP","LEFT VERTICAL SEAL BAR ASSY","01 HIGH","0.0","21.0","0.0",,,
"SYR1","NA","3466261","USP","SHANK THREAD SIZE(M10X1.25), ID 10MM, JAW OPENING W 10MM,","01 HIGH","2.0","3.0","0.6667",,,
"SYR1","NA","3546294","USP","Kinetix VP Motor Cable, 4m","01 HIGH","0.0","90.0","0.0",,,
"SYR1","NA","49225","USP","HEX HEAD CAP SCREW  CTM PM-FAHHSS50557","02 MED","1.0","20.0","0.05",,,
"SYR1","NA","76580","USP","PROGRAMMED MAPLE DISPLAY UNIT FOR 3600A APPLICATOR","02 MED","0.0",,,,,
"SYR1","NA","816958","USP","IN-SIGHT STD. POWER & I/O BREAKOUT CABLE, 5M (15')","02 MED","0.0","35.0","0.0","0.0333","6.0",
"SYR1","NA","94998","USP","CYLINDER, ISO, PROX, X100MM, DA, MAG C03","02 MED","0.0","49.0","0.0",,,
"SYR1","NA","N45907","USP","Valve flow control one way","02 MED","1.0","21.0","0.0476",,,
"SYR1","NA","N53951","USP","RADIAL BALL BEARING","01 HIGH","3.0","28.0","0.1071",,,
"SYR1","NA","N53964","USP","NEBV-S1G25-K-10-N-LE25-S6 CONNECTING CABLE","02 MED","1.0","21.0","0.0476",,,
"SYR1","NA","N53990","USP","LINEAR RAIL","02 MED","1.0","21.0","0.0476",,,
"SYR1","NA","N54020","USP","STOPPER BOLT, M6X1.0, L 20MM, WITH HEX SOCKET TIP, STRAIGHT TYPE, BUMPER URETHAN","02 MED","1.0",,,,,
"SYR1","NA","N54024","USP","TAPER-LOCK BUSHING, 1610 22MM BORE","02 MED","1.0","21.0","0.0476",,,
"TLH2","NA","1001191","USP","VPL-B1003F-PJ12AA SERVO MOTOR","01 HIGH","0.0","21.0","0.0","0.0","0.0",
"TLH2","NA","1001803","USP","Switch, Auxiliary, Supplementary Protector Accessory","02 MED","1.0","49.0","0.0204",,,
"TLH2","NA","10043","USP","PLC, CONTROLLER,PROGRAMMABLE:2-1/2 INHT,3-1/2 INWD,1-1/2 INDP,24 V DCVOLT,2.6 MACURRE","03 LOW","1.0","21.0","0.0476",,,
"TLH2","NA","1004322","USP","PUSHBUTTON METAL LATCH","03 LOW","1.0","21.0","0.0476",,,
"TLH2","NA","10076","USP","UNWIND DANCER ARM UNWIND SPRING","02 MED","1.0","21.0","0.0476",,,
"TLH2","NA","10086","USP","WASHER: CAPTURE CTM PM-FANU30375","02 MED","2.0","25.0","0.08",,,
"TLH2","NA","10087","USP","THREADED INSERT CTM C-PM-INS1010","03 LOW","1.0","14.0","0.0714",,,
"TLH2","NA","10090","USP","Shoulder Screw,18-8 Stainless Steel,3/8"""" Shoulder Dia., 1"""" Shoulder Length,5/16-18 Thread,PK2","03 LOW","1.0","24.0","0.0417",,,
"TLH2","NA","10095","USP","FLANGED BUSHING","02 MED","1.0","21.0","0.0476",,,
"TLH2","NA","10096","USP","WASHER: THRUST, BRONZE","03 LOW","1.0","34.0","0.0294",,,
"TLH2","NA","10105","USP","SPRING: REWIND CLUTCH, MED DUTY, .97OD X .080 WIRE DIA","02 MED","1.0","28.0","0.0357",,,
"TLH2","NA","104735","USP","SENSOR CABLE","01 HIGH","0.0","21.0","0.0",,,
"TLH2","NA","1061526","USP","SERVO DRVE AMP JR_AUTO JR0000549642","02 MED","1.0","35.0","0.0286",,,
"TLH2","NA","1063086","USP","SWITCH 2VDC PNP 0.5M LEAD M8 C","02 MED","1.0","23.0","0.0435",,,
"TLH2","NA","1069554","USP","POWER IO CABLE M12 FOR COGNEX CONN MODULE W DB9","02 MED","1.0","21.0","0.0476",,,
"TLH2","NA","1071515","USP","Radial/Deep Groove Ball Bearing - Round Bore, 25 mm ID, 42 mm OD, 9 mm Width, Double Shielded, Internal Clearance","01 HIGH","1.0","14.0","0.0714",,,
"TLH2","NA","1113249","USP","URGU48R1-04090N","02 MED","1.0",,,,,
"TLH2","NA","11147","USP","VHI425A-GV W/ GV4G6","02 MED","2.0","70.0","0.0286",,,
"TLH2","NA","1116318","USP","ULTRASONIC SENSOR, PICO+","02 MED","1.0","56.0","0.0179",,,
"TLH2","NA","1124355","USP","FIXED DRAW ROLLER, SMART PAC","03 LOW","1.0","33.0","0.0303",,,
"TLH2","NA","1124729","USP","Pan and Tilt Camera Mount PTU-BE","01 HIGH","0.0","38.0","0.0",,,
"TLH2","NA","11409","USP","TAMPA","03 LOW","2.0","17.0","0.1176",,,
"TLH2","NA","11424","USP","UNWIND BRAKE BAND CTM PM-BB1030","01 HIGH","2.0","17.0","0.1176",,,
"TLH2","NA","11519","USP","Zebra Kit Maint Door Open Swch RH/LH","02 MED","2.0","28.0","0.0714",,,
"TLH2","NA","14325","USP","WIRING TOOL required for insertion/extraction @ terminal strip","03 LOW","2.0","35.0","0.0571",,,
"TLH2","NA","19978","USP","TIME DELAY FUSE, 30A, CLASS J, 300KA, 600VAC","02 MED","1.0","21.0","0.0476",,,
"TLH2","NA","23103","USP","Time Delay, Cylindrical, Fuse, GDC Series, 250VAC, Indicating (5 PK)","03 LOW","1.0","17.0","0.0588",,,
"TLH2","NA","3022935","USP","M8 LOCK WASHERS (OR BLACK OXIDE EQUIVALENT)","01 HIGH","0.0","24.0","0.0",,,
"TLH2","NA","3022941","USP","VERTICAL TOP, POWERSONIC MATED M12 + LBO2K","01 HIGH","1.0","70.0","0.0143",,,
"TLH2","NA","3022942","USP","CLAMP, LOOP NYLON 7/8"" X 1 1/2","01 HIGH","0.0","21.0","0.0",,,
"TLH2","NA","3022944","USP","CAPTIVE GUARDING SCREWS","01 HIGH","3.0","24.0","0.125",,,
"TLH2","NA","3022945","USP","VERTICAL BOTTOM LOAD CELL","01 HIGH","1.0","70.0","0.0143",,,
"TLH2","NA","3022951","USP","RTD, PT100, DIA 3MM, L 18MM, 3","01 HIGH","0.0","38.0","0.0",,,
"TLH2","NA","3022952","USP","GALVANIZED STEEL , EPDM CUSHIO","01 HIGH","0.0","24.0","0.0",,,
"TLH2","NA","3022953","USP","GUARDING T-BLOCK","01 HIGH","3.0","24.0","0.125",,,
"TLH2","NA","3022961","USP","FRONT PLATE","01 HIGH","0.0","94.0","0.0",,,
"TLH2","NA","3022964","USP","DIVERT PLATE, REJECT COVER","01 HIGH","0.0","94.0","0.0",,,
"TLH2","NA","3022967","USP","ZIP TIES, STANDARD","01 HIGH","0.0","24.0","0.0",,,
"TLH2","NA","3022970","USP","CUTTING KNIFE ASSEMBLY","01 HIGH","4.0","108.0","0.037",,,
"TLH2","NA","3022971","USP","FAST CONNECTION-PEG","01 HIGH","0.0","24.0","0.0",,,
"TLH2","NA","3022977","USP","GUIDED PNUEMATIC CYLINDER DFM-16-125-B-PPV-A-KF","01 HIGH","0.0","25.0","0.0",,,
"TLH2","NA","3022978","USP","LIDAR SENSOR PICS150-01000 core 1","01 HIGH","0.0","95.0","0.0",,,
"TLH2","NA","3022981","USP","UNDER JAW BULK HEAD PLATE","01 HIGH","0.0","108.0","0.0",,,
"TLH2","NA","3022982","USP","LEFT ISOLATOR PLATE","01 HIGH","2.0","70.0","0.0286",,,
"TLH2","NA","3022983","USP","RIGHT ISOLATOR PLATE","01 HIGH","2.0","70.0","0.0286",,,
"TLH2","NA","3025738","USP","COATED 9"" FOUR HOLE AIR ASSIST TUBE - MP-211-2230-9","02 MED","1.0","21.0","0.0476",,,
"TLH2","NA","3029777","USP","Ring, Centering sleeve ZBH-7-B","01 HIGH","1.0","28.0","0.0357",,,
"TLH2","NA","3029778","USP","CABLE, NIP ROLLER MOTOR SERVO","01 HIGH","0.0","70.0","0.0",,,
"TLH2","NA","3031139","USP","RIGHT HORIZONTAL HEATER CABLE","01 HIGH","0.0","21.0","0.0",,,
"TLH2","NA","3032133","USP","COMPRESSION SPRING T=1.4 OD=20 ID=17","01 HIGH","2.0","28.0","0.0714",,,
"TLH2","NA","3033957","USP","Ring, Centering sleeve ZBH-5-B","01 HIGH","1.0","28.0","0.0357",,,
"TLH2","NA","3037848","USP","LEFT VER HEATER CABLE ASSY","01 HIGH","0.0","108.0","0.0",,,
"TLH2","NA","3037849","USP","RIGHT VER HEATER CABLE ASSY","01 HIGH","0.0","108.0","0.0",,,
"TLH2","NA","3037850","USP","ZIP TIES, STANDARD","01 HIGH","0.0","24.0","0.0","0.0056","1.0",
"TLH2","NA","3037851","USP","ALTERNATE PLASTIC P-CLIP (MUST DRILL MOUNTING HOLE TO M6)","01 HIGH","0.0","24.0","0.0",,,
"TLH2","NA","3037852","USP","LEFT HOR HEATER CABLE ASSY","01 HIGH","0.0","108.0","0.0","0.0056","1.0",
"TLH2","NA","3043399","USP","D-MAX WEB GUIDE CONTROLLER,INPUT VOLTAGE 24 - 48 VDC, 6 DIGITAL INPUTS, 2 OUTPUT","02 MED","1.0","56.0","0.0179",,,
"TLH2","NA","3043405","USP","SENSOR CABLE FEMALE 5-POLE M12 STRAIGHT A CODED TO OPEN END PUR BLACK 5M","02 MED","0.0","21.0","0.0",,,
"TLH2","NA","3043436","USP","Kinetix 5700 Servo Drive","02 MED","0.0","21.0","0.0",,,
"TLH2","NA","33053","USP","SENSOR CABLE, 5M GREY, M12 FEMALE 8P STRAIGHT TO OPEN ENDED, CONTINUOUS FLEX, PUR-OB","02 MED","1.0","21.0","0.0476",,,
"TLH2","NA","3361381","USP","Fork sensor","01 HIGH","0.0","28.0","0.0",,,
"TLH2","NA","3464199","USP","SENSOR, FIBER OPTIC THIN ZERO SPACE, SIDE VIEW TYP","01 HIGH","1.0","30.0","0.0333",,,
"TLH2","NA","3466127","USP","SCANNER,BARCODE:DM363 SMARTPACK PRESENTATION READER","01 HIGH","0.0","14.0","0.0",,,
"TLH2","NA","3466132","USP","PNUEMATIC FITTING","01 HIGH","0.0","21.0","0.0",,,
"TLH2","NA","3466134","USP","ROLLING BEARING  61802-2RS1","01 HIGH","3.0","4.0","0.75",,,
"TLH2","NA","3466138","USP","VERTICAL VPL SERIES, FRAME SIZE 100MM, T WINDING, RATED SPEED 7200-80","01 HIGH","0.0","21.0","0.0",,,
"TLH2","NA","3466140","USP","KINETIX VP LOW INERTIA MOTOR,","01 HIGH","0.0","21.0","0.0",,,
"TLH2","NA","3466144","USP","SERVO DRIVE","01 HIGH","0.0","21.0","0.0",,,
"TLH2","NA","3466145","USP","RIGHT HORIZONTAL SEAL BAR ASSY","01 HIGH","0.0","21.0","0.0","0.0056","1.0",
"TLH2","NA","3466147","USP","COMPACT CYLINDER ADN-32-25-I-P-A-S2","01 HIGH","0.0","21.0","0.0",,,
"TLH2","NA","3466149","USP","PIVOT BLOCK","01 HIGH","0.0","14.0","0.0",,,
"TLH2","NA","3466152","USP","SENSOR MOUNT","01 HIGH","0.0","21.0","0.0",,,
"TLH2","NA","3466153","USP","RIGHT VERTICAL SEAL BAR ASSY","01 HIGH","0.0","21.0","0.0",,,
"TLH2","NA","3466158","USP","SPRING PLUNGER, BALL-NOSE HARD","01 HIGH","9.0","4.0","2.25",,,
"TLH2","NA","3466170","USP","DSNU, BORE 25MM, STROKE 100MM, DOUBLE ACTING, LATERAL AIR,","01 HIGH","0.0","21.0","0.0",,,
"TLH2","NA","3466204","USP","M8X1.25 X 16 MM LG, STROKE 1.5MM, MAX TEMP. 250C, THREAD-LOCKING, CERAMIC BALL","01 HIGH","3.0","4.0","0.75",,,
"TLH2","NA","3466208","USP","BEARING SPACER; INNER; 20 ID X 27 OD X 5 THICK","01 HIGH","3.0","28.0","0.1071",,,
"TLH2","NA","3466223","USP","243TEETH 32 T5/1215","01 HIGH","0.0","11.0","0.0",,,
"TLH2","NA","3466243","USP","LEFT HORIZONTAL SEAL BAR ASSY","01 HIGH","0.0","21.0","0.0",,,
"TLH2","NA","3466247","USP","KINETIX VP MOTOR CABLE","01 HIGH","0.0","21.0","0.0",,,
"TLH2","NA","3466248","USP","PRECISION LINEAR SHAFT, DIA 12","01 HIGH","0.0","28.0","0.0",,,
"TLH2","NA","3466251","USP","PIVOT BLOCK - LEFT HORIZONTAL","01 HIGH","0.0","21.0","0.0",,,
"TLH2","NA","3466258","USP","LEFT VERTICAL SEAL BAR ASSY","01 HIGH","0.0","21.0","0.0","0.0056","1.0",
"TLH2","NA","3466261","USP","SHANK THREAD SIZE(M10X1.25), ID 10MM, JAW OPENING W 10MM,","01 HIGH","2.0","3.0","0.6667",,,
"TLH2","NA","3546294","USP","Kinetix VP Motor Cable, 4m","01 HIGH","0.0","90.0","0.0",,,
"TLH2","NA","49225","USP","HEX HEAD CAP SCREW  CTM PM-FAHHSS50557","03 LOW","1.0","10.0","0.1",,,
"TLH2","NA","49344","USP","Zebra ZE52163-R010000Z Print Engine","01 HIGH","0.0","10.0","0.0","0.0056","1.0",
"TLH2","NA","49346","USP","ZEBRA AIT PART KIT PLATEN, PINCH, & PEEL ROLLERS ZE521 RH & LH","03 LOW","0.0","21.0","0.0",,,
"TLH2","NA","76580","USP","PROGRAMMED MAPLE DISPLAY UNIT FOR 3600A APPLICATOR","03 LOW","1.0","14.0","0.0714",,,
"TLH2","NA","94998","USP","CYLINDER, ISO, PROX, X100MM, DA, MAG C03","02 MED","0.0","49.0","0.0",,,
"TLH2","NA","N12270","USP","SMC Speed Control Valve: Elbow Fitting, Knob, 1/4 in/1/8 in Valve Body Size, 1/4 in Tube, Meter Out","02 MED","1.0","14.0","0.0714",,,
"TLH2","NA","N37377","USP","SC300-2 SHOCK ABSORBER","02 MED","0.0","28.0","0.0","0.0","0.0",
"TLH2","NA","N37843","USP","REWIND CONTROL/POWER ON RELAY FOR 3600A APPLICATORS - PE-RE1017","02 MED","1.0","14.0","0.0714",,,
"TLH2","NA","N53951","USP","RADIAL BALL BEARING","02 MED","1.0","56.0","0.0179",,,
"TLH2","NA","N53964","USP","NEBV-S1G25-K-10-N-LE25-S6 CONNECTING CABLE","02 MED","1.0","37.0","0.027",,,
"TLH2","NA","N53977","USP","I110-E0454 SAFETY SWITCH","02 MED","1.0","41.0","0.0244",,,
"TLH2","NA","N53990","USP","LINEAR RAIL","02 MED","1.0","23.0","0.0435",,,
"TLH2","NA","N54020","USP","STOPPER BOLT, M6X1.0, L 20MM, WITH HEX SOCKET TIP, STRAIGHT TYPE, BUMPER URETHAN","02 MED","1.0","23.0","0.0435",,,
"TLH2","NA","N54024","USP","TAPER-LOCK BUSHING, 1610 22MM BORE","02 MED","1.0","35.0","0.0286",,,
"TPA4","NA","1000078","USP","Sensor, proximity, SME-8M-DS-24V-K-0, 3-M8D","01 HIGH","0.0","15.0","0.0","0.0167","3.0",
"TPA4","NA","1001191","USP","VPL-B1003F-PJ12AA SERVO MOTOR","01 HIGH","0.0",,,,,
"TPA4","NA","1001803","USP","Switch, Auxiliary, Supplementary Protector Accessory","02 MED","0.0","11.0","0.0",,,
"TPA4","NA","1002613","USP","VALVE, CHECK VALVE,ASSEMBLY:FLOW CONTROL W/ PILOT CHECK VALVE 1/4 TUBE WITH1/8 T","02 MED","1.0","16.0","0.0625",,,
"TPA4","NA","10043","USP","PLC, CONTROLLER,PROGRAMMABLE:2-1/2 INHT,3-1/2 INWD,1-1/2 INDP,24 V DCVOLT,2.6 MACURRE","02 MED","0.0",,,,,
"TPA4","NA","1004322","USP","PUSHBUTTON METAL LATCH","01 HIGH","2.0",,,,,
"TPA4","NA","10076","USP","UNWIND DANCER ARM UNWIND SPRING","02 MED","1.0","21.0","0.0476",,,
"TPA4","NA","10086","USP","WASHER: CAPTURE CTM PM-FANU30375","03 LOW","2.0",,,,,
"TPA4","NA","10087","USP","THREADED INSERT CTM C-PM-INS1010","03 LOW","1.0","14.0","0.0714",,,
"TPA4","NA","10090","USP","Shoulder Screw,18-8 Stainless Steel,3/8"""" Shoulder Dia., 1"""" Shoulder Length,5/16-18 Thread,PK2","02 MED","2.0",,,,,
"TPA4","NA","10095","USP","FLANGED BUSHING","02 MED","1.0",,,,,
"TPA4","NA","10096","USP","WASHER: THRUST, BRONZE","03 LOW","1.0",,,,,
"TPA4","NA","10105","USP","SPRING: REWIND CLUTCH, MED DUTY, .97OD X .080 WIRE DIA","03 LOW","1.0","28.0","0.0357",,,
"TPA4","NA","10191","USP","THRUST BALL BEARING, 3/4"" ID X 1-5/16"" OD X 9/32"" HT., STEEL","02 MED","1.0","42.0","0.0238",,,
"TPA4","NA","1061526","USP","SERVO DRVE AMP JR_AUTO JR0000549642","02 MED","0.0","35.0","0.0",,,
"TPA4","NA","1063086","USP","SWITCH 2VDC PNP 0.5M LEAD M8 C","02 MED","0.0",,,,,
"TPA4","NA","1071515","USP","Radial/Deep Groove Ball Bearing - Round Bore, 25 mm ID, 42 mm OD, 9 mm Width, Double Shielded, Internal Clearance","01 HIGH","1.0","28.0","0.0357",,,
"TPA4","NA","1071516","USP","REPLACEMENT BELT – 18”W FOR CO","02 MED","1.0",,,,,
"TPA4","NA","1073001","USP","3600 TAMP or SWING HOME SENSOR ASSEMBLY without MOUNT","02 MED","1.0","17.0","0.0588",,,
"TPA4","NA","11082","USP","SMART PACK FILTER REPLACEMENT  (PID)","02 MED","1.0",,,,,
"TPA4","NA","1113249","USP","URGU48R1-04090N","02 MED","1.0","17.0","0.0588",,,
"TPA4","NA","11147","USP","VHI425A-GV W/ GV4G6","02 MED","0.0","29.0","0.0","0.0111","2.0",
"TPA4","NA","1116318","USP","ULTRASONIC SENSOR, PICO+","02 MED","0.0","21.0","0.0",,,
"TPA4","NA","1124355","USP","FIXED DRAW ROLLER, SMART PAC","02 MED","0.0","100.0","0.0",,,
"TPA4","NA","1124729","USP","Pan and Tilt Camera Mount PTU-BE","01 HIGH","0.0","38.0","0.0","0.0056","1.0",
"TPA4","NA","11409","USP","TAMPA","02 MED","1.0","35.0","0.0286",,,
"TPA4","NA","11424","USP","UNWIND BRAKE BAND CTM PM-BB1030","02 MED","1.0","32.0","0.0313",,,
"TPA4","NA","11519","USP","Zebra Kit Maint Door Open Swch RH/LH","02 MED","2.0",,,,,
"TPA4","NA","14325","USP","WIRING TOOL required for insertion/extraction @ terminal strip","03 LOW","1.0",,,,,
"TPA4","NA","19978","USP","TIME DELAY FUSE, 30A, CLASS J, 300KA, 600VAC","02 MED","2.0","15.0","0.1333",,,
"TPA4","NA","2066701","USP","ROLLER, MOVING DRAW ROLLER (SMART PAC)",,,"70.0",,,,
"TPA4","NA","3015435","USP","VERTICAL JAW CABLE MANAGEMENT BACKING PLATE","02 MED","1.0","42.0","0.0238",,,
"TPA4","NA","3022931","USP","MALE INSERT 5 PIN","01 HIGH","0.0","66.0","0.0",,,
"TPA4","NA","3022935","USP","M8 LOCK WASHERS (OR BLACK OXIDE EQUIVALENT)","01 HIGH","0.0","24.0","0.0",,,
"TPA4","NA","3022940","USP","VERTICAL JAW CABLE MANAGEMENT BACKING PLATE","01 HIGH","0.0","38.0","0.0",,,
"TPA4","NA","3022941","USP","VERTICAL TOP, POWERSONIC MATED M12 + LBO2K","01 HIGH","0.0","70.0","0.0","0.0111","2.0",
"TPA4","NA","3022942","USP","CLAMP, LOOP NYLON 7/8"" X 1 1/2","01 HIGH","0.0","21.0","0.0",,,
"TPA4","NA","3022943","USP","HORIZONTAL REAR, POWERSONIC MATED M12 + LBO3K","01 HIGH","0.0","70.0","0.0",,,
"TPA4","NA","3022944","USP","CAPTIVE GUARDING SCREWS","01 HIGH","0.0","24.0","0.0",,,
"TPA4","NA","3022945","USP","VERTICAL BOTTOM LOAD CELL","01 HIGH","0.0","70.0","0.0",,,
"TPA4","NA","3022947","USP","HORIZONTAL JAW CABLE MANAGEMENT BACKING PLATE","01 HIGH","0.0","38.0","0.0","0.0056","1.0",
"TPA4","NA","3022948","USP","FLAT HEAD SOCKET CAP SCREW","01 HIGH","0.0","24.0","0.0",,,
"TPA4","NA","3022950","USP","HORIZONTAL FRONT, POWERSONIC MATED M12 + LBO3K","01 HIGH","1.0","70.0","0.0143",,,
"TPA4","NA","3022953","USP","GUARDING T-BLOCK","01 HIGH","0.0","24.0","0.0",,,
"TPA4","NA","3022956","USP","ROTATED CABLE EXIT VERTICAL LOAD CELL HOLDER BLOCK","01 HIGH","0.0","108.0","0.0",,,
"TPA4","NA","3022958","USP","DIVERT PLATE, TOP","01 HIGH","0.0","94.0","0.0",,,
"TPA4","NA","3022961","USP","FRONT PLATE","01 HIGH","0.0","94.0","0.0",,,
"TPA4","NA","3022962","USP","DIVERT PLATE, LEFT","01 HIGH","0.0","30.0","0.0",,,
"TPA4","NA","3022969","USP","VERTICAL CARTRIDGE HEATER","01 HIGH","0.0","66.0","0.0",,,
"TPA4","NA","3022970","USP","CUTTING KNIFE ASSEMBLY","01 HIGH","0.0","108.0","0.0","0.0111","2.0",
"TPA4","NA","3022971","USP","FAST CONNECTION-PEG","01 HIGH","0.0","24.0","0.0",,,
"TPA4","NA","3022977","USP","GUIDED PNUEMATIC CYLINDER DFM-16-125-B-PPV-A-KF","01 HIGH","0.0","25.0","0.0",,,
"TPA4","NA","3022978","USP","LIDAR SENSOR PICS150-01000 core 1","01 HIGH","0.0","95.0","0.0",,,
"TPA4","NA","3022982","USP","LEFT ISOLATOR PLATE","01 HIGH","0.0","70.0","0.0",,,
"TPA4","NA","3022983","USP","RIGHT ISOLATOR PLATE","01 HIGH","0.0","70.0","0.0",,,
"TPA4","NA","3022984","USP","8MM X 14MM LOW SOCKET HEAD MACHINE SCREWS (OR BLACK OXIDE EQUIVALENT)","01 HIGH","0.0","24.0","0.0","0.0111","2.0",
"TPA4","NA","3022985","USP","ROTATED CABLE EXIT HORIZONTAL LOAD CELL HOLDER BLOCK","01 HIGH","0.0","24.0","0.0",,,
"TPA4","NA","3029777","USP","Ring, Centering sleeve ZBH-7-B","01 HIGH","1.0","28.0","0.0357",,,
"TPA4","NA","3029778","USP","CABLE, NIP ROLLER MOTOR SERVO","01 HIGH","0.0","70.0","0.0",,,
"TPA4","NA","3031139","USP","RIGHT HORIZONTAL HEATER CABLE","01 HIGH","0.0","21.0","0.0",,,
"TPA4","NA","3032133","USP","COMPRESSION SPRING T=1.4 OD=20 ID=17","01 HIGH","1.0","28.0","0.0357",,,
"TPA4","NA","3033957","USP","Ring, Centering sleeve ZBH-5-B","01 HIGH","1.0","28.0","0.0357",,,
"TPA4","NA","3037848","USP","LEFT VER HEATER CABLE ASSY","01 HIGH","0.0","108.0","0.0",,,
"TPA4","NA","3037849","USP","RIGHT VER HEATER CABLE ASSY","01 HIGH","0.0","108.0","0.0",,,
"TPA4","NA","3037851","USP","ALTERNATE PLASTIC P-CLIP (MUST DRILL MOUNTING HOLE TO M6)","01 HIGH","0.0","24.0","0.0",,,
"TPA4","NA","3037852","USP","LEFT HOR HEATER CABLE ASSY","01 HIGH","0.0","108.0","0.0",,,
"TPA4","NA","3043405","USP","SENSOR CABLE FEMALE 5-POLE M12 STRAIGHT A CODED TO OPEN END PUR BLACK 5M","01 HIGH","0.0","21.0","0.0",,,
"TPA4","NA","3208459","USP","FIELD ATTACHABLE CONNECTOR","01 HIGH","0.0","21.0","0.0",,,
"TPA4","NA","33053","USP","SENSOR CABLE, 5M GREY, M12 FEMALE 8P STRAIGHT TO OPEN ENDED, CONTINUOUS FLEX, PUR-OB","02 MED","0.0",,,,,
"TPA4","NA","3361381","USP","Fork sensor","01 HIGH","0.0","28.0","0.0",,,
"TPA4","NA","3464199","USP","SENSOR, FIBER OPTIC THIN ZERO SPACE, SIDE VIEW TYP","01 HIGH","0.0","30.0","0.0",,,
"TPA4","NA","3466127","USP","SCANNER,BARCODE:DM363 SMARTPACK PRESENTATION READER","01 HIGH","0.0","14.0","0.0","0.0111","2.0",
"TPA4","NA","3466132","USP","PNUEMATIC FITTING","01 HIGH","0.0","21.0","0.0",,,
"TPA4","NA","3466134","USP","ROLLING BEARING  61802-2RS1","01 HIGH","0.0","4.0","0.0",,,
"TPA4","NA","3466138","USP","VERTICAL VPL SERIES, FRAME SIZE 100MM, T WINDING, RATED SPEED 7200-80","01 HIGH","0.0","21.0","0.0",,,
"TPA4","NA","3466140","USP","KINETIX VP LOW INERTIA MOTOR,","01 HIGH","0.0","21.0","0.0",,,
"TPA4","NA","3466144","USP","SERVO DRIVE","01 HIGH","0.0","21.0","0.0","0.0056","1.0",
"TPA4","NA","3466145","USP","RIGHT HORIZONTAL SEAL BAR ASSY","01 HIGH","0.0","21.0","0.0",,,
"TPA4","NA","3466147","USP","COMPACT CYLINDER ADN-32-25-I-P-A-S2","01 HIGH","0.0","21.0","0.0",,,
"TPA4","NA","3466149","USP","PIVOT BLOCK","01 HIGH","0.0","14.0","0.0","0.0056","1.0",
"TPA4","NA","3466152","USP","SENSOR MOUNT","01 HIGH","0.0","21.0","0.0",,,
"TPA4","NA","3466153","USP","RIGHT VERTICAL SEAL BAR ASSY","01 HIGH","0.0","21.0","0.0",,,
"TPA4","NA","3466158","USP","SPRING PLUNGER, BALL-NOSE HARD","01 HIGH","0.0","4.0","0.0",,,
"TPA4","NA","3466170","USP","DSNU, BORE 25MM, STROKE 100MM, DOUBLE ACTING, LATERAL AIR,","01 HIGH","0.0","21.0","0.0",,,
"TPA4","NA","3466204","USP","M8X1.25 X 16 MM LG, STROKE 1.5MM, MAX TEMP. 250C, THREAD-LOCKING, CERAMIC BALL","01 HIGH","0.0","4.0","0.0",,,
"TPA4","NA","3466208","USP","BEARING SPACER; INNER; 20 ID X 27 OD X 5 THICK","01 HIGH","0.0","28.0","0.0",,,
"TPA4","NA","3466223","USP","243TEETH 32 T5/1215","01 HIGH","0.0","11.0","0.0",,,
"TPA4","NA","3466243","USP","LEFT HORIZONTAL SEAL BAR ASSY","01 HIGH","0.0","21.0","0.0",,,
"TPA4","NA","3466247","USP","KINETIX VP MOTOR CABLE","01 HIGH","0.0","21.0","0.0",,,
"TPA4","NA","3466248","USP","PRECISION LINEAR SHAFT, DIA 12","01 HIGH","0.0","28.0","0.0",,,
"TPA4","NA","3466251","USP","PIVOT BLOCK - LEFT HORIZONTAL","01 HIGH","0.0","21.0","0.0",,,
"TPA4","NA","3466258","USP","LEFT VERTICAL SEAL BAR ASSY","01 HIGH","0.0","21.0","0.0",,,
"TPA4","NA","3466261","USP","SHANK THREAD SIZE(M10X1.25), ID 10MM, JAW OPENING W 10MM,","01 HIGH","0.0","3.0","0.0",,,
"TPA4","NA","3546294","USP","Kinetix VP Motor Cable, 4m","01 HIGH","0.0","90.0","0.0",,,
"TPA4","NA","49225","USP","HEX HEAD CAP SCREW  CTM PM-FAHHSS50557","03 LOW","1.0",,,,,
"TPA4","NA","49344","USP","Zebra ZE52163-R010000Z Print Engine","02 MED",,"10.0",,"0.0278","5.0",
"TPA4","NA","49345","USP","ZEBRA AIT PART KIT PRINTHEAD 300 DPI ZE521 RH & LH","02 MED","0.0","14.0","0.0","0.0556","10.0",
"TPA4","NA","49960","USP","MDC100-050101 DRIVE","01 HIGH","0.0","21.0","0.0","0.0","0.0",
"TPA4","NA","61591","USP","TUBE FITTING, M5 TO 4MM","02 MED","2.0",,,"0.0111","2.0",
"TPA4","NA","76580","USP","PROGRAMMED MAPLE DISPLAY UNIT FOR 3600A APPLICATOR","02 MED","0.0","14.0","0.0",,,
"TPA4","NA","94998","USP","CYLINDER, ISO, PROX, X100MM, DA, MAG C03","02 MED","0.0","49.0","0.0",,,
"TPA4","NA","N12270","USP","SMC Speed Control Valve: Elbow Fitting, Knob, 1/4 in/1/8 in Valve Body Size, 1/4 in Tube, Meter Out","02 MED","0.0","14.0","0.0","0.0","0.0",
"TPA4","NA","N37377","USP","SC300-2 SHOCK ABSORBER","02 MED","0.0","28.0","0.0","0.0","0.0",
"TPA4","NA","N37843","USP","REWIND CONTROL/POWER ON RELAY FOR 3600A APPLICATORS - PE-RE1017","02 MED","1.0","14.0","0.0714",,,
"TPA4","NA","N53951","USP","RADIAL BALL BEARING","02 MED","1.0","28.0","0.0357",,,
"TPA4","NA","N53964","USP","NEBV-S1G25-K-10-N-LE25-S6 CONNECTING CABLE","02 MED","0.0","21.0","0.0",,,
"TPA4","NA","N53977","USP","I110-E0454 SAFETY SWITCH","02 MED","0.0",,,,,
"TPA4","NA","N53990","USP","LINEAR RAIL","02 MED","1.0",,,,,
"TPA4","NA","N54020","USP","STOPPER BOLT, M6X1.0, L 20MM, WITH HEX SOCKET TIP, STRAIGHT TYPE, BUMPER URETHAN","02 MED","1.0",,,"0.0056","1.0",
"TPA4","NA","N54024","USP","TAPER-LOCK BUSHING, 1610 22MM BORE","02 MED","1.0","21.0","0.0476",,,
"TYS1","NA","1001191","USP","VPL-B1003F-PJ12AA SERVO MOTOR","02 MED","0.0","35.0","0.0","0.0","0.0",
"TYS1","NA","1001803","USP","Switch, Auxiliary, Supplementary Protector Accessory","02 MED","0.0","49.0","0.0","0.0056","1.0",
"TYS1","NA","1002613","USP","VALVE, CHECK VALVE,ASSEMBLY:FLOW CONTROL W/ PILOT CHECK VALVE 1/4 TUBE WITH1/8 T","02 MED","0.0","21.0","0.0","0.0223","4.01",
"TYS1","NA","10043","USP","PLC, CONTROLLER,PROGRAMMABLE:2-1/2 INHT,3-1/2 INWD,1-1/2 INDP,24 V DCVOLT,2.6 MACURRE","03 LOW","0.0","21.0","0.0",,,
"TYS1","NA","1004322","USP","PUSHBUTTON METAL LATCH","03 LOW","1.0","21.0","0.0476",,,
"TYS1","NA","10086","USP","WASHER: CAPTURE CTM PM-FANU30375","03 LOW","1.0","25.0","0.04",,,
"TYS1","NA","10087","USP","THREADED INSERT CTM C-PM-INS1010","03 LOW","1.0","14.0","0.0714",,,
"TYS1","NA","10090","USP","Shoulder Screw,18-8 Stainless Steel,3/8"""" Shoulder Dia., 1"""" Shoulder Length,5/16-18 Thread,PK2","03 LOW","1.0","24.0","0.0417",,,
"TYS1","NA","10095","USP","FLANGED BUSHING","02 MED","2.0","21.0","0.0952",,,
"TYS1","NA","10096","USP","WASHER: THRUST, BRONZE","03 LOW","1.0","34.0","0.0294",,,
"TYS1","NA","104735","USP","SENSOR CABLE","01 HIGH","1.0","21.0","0.0476",,,
"TYS1","NA","1061526","USP","SERVO DRVE AMP JR_AUTO JR0000549642","02 MED","0.0","32.0","0.0",,,
"TYS1","NA","1063086","USP","SWITCH 2VDC PNP 0.5M LEAD M8 C","02 MED","0.0","28.0","0.0","0.0056","1.0",
"TYS1","NA","1069554","USP","POWER IO CABLE M12 FOR COGNEX CONN MODULE W DB9","02 MED","0.0","21.0","0.0",,,
"TYS1","NA","1071515","USP","Radial/Deep Groove Ball Bearing - Round Bore, 25 mm ID, 42 mm OD, 9 mm Width, Double Shielded, Internal Clearance","02 MED","0.0","14.0","0.0",,,
"TYS1","NA","1071516","USP","REPLACEMENT BELT – 18”W FOR CO","02 MED","2.0","21.0","0.0952",,,
"TYS1","NA","1073001","USP","3600 TAMP or SWING HOME SENSOR ASSEMBLY without MOUNT","02 MED","1.0","17.0","0.0588",,,
"TYS1","NA","11082","USP","SMART PACK FILTER REPLACEMENT  (PID)","02 MED","1.0","31.0","0.0323",,,
"TYS1","NA","1113249","USP","URGU48R1-04090N","02 MED","1.0","17.0","0.0588",,,
"TYS1","NA","11147","USP","VHI425A-GV W/ GV4G6","02 MED","0.0","23.0","0.0","0.0","0.0",
"TYS1","NA","1116318","USP","ULTRASONIC SENSOR, PICO+","02 MED","0.0","56.0","0.0",,,
"TYS1","NA","1124355","USP","FIXED DRAW ROLLER, SMART PAC","03 LOW","1.0","100.0","0.01",,,
"TYS1","NA","11409","USP","TAMPA","03 LOW","1.0","25.0","0.04",,,
"TYS1","NA","11519","USP","Zebra Kit Maint Door Open Swch RH/LH","02 MED","1.0","20.0","0.05",,,
"TYS1","NA","14325","USP","WIRING TOOL required for insertion/extraction @ terminal strip","03 LOW","1.0","35.0","0.0286",,,
"TYS1","NA","23103","USP","Time Delay, Cylindrical, Fuse, GDC Series, 250VAC, Indicating (5 PK)","03 LOW","1.0","15.0","0.0667",,,
"TYS1","NA","3022931","USP","MALE INSERT 5 PIN","01 HIGH","1.0","66.0","0.0152",,,
"TYS1","NA","3022933","USP","STANDARD HOOD TOP ENTRY","01 HIGH","1.0","38.0","0.0263",,,
"TYS1","NA","3022935","USP","M8 LOCK WASHERS (OR BLACK OXIDE EQUIVALENT)","01 HIGH","1.0","24.0","0.0417",,,
"TYS1","NA","3022941","USP","VERTICAL TOP, POWERSONIC MATED M12 + LBO2K","01 HIGH","2.0","70.0","0.0286",,,
"TYS1","NA","3022942","USP","CLAMP, LOOP NYLON 7/8"" X 1 1/2","01 HIGH","1.0","21.0","0.0476",,,
"TYS1","NA","3022943","USP","HORIZONTAL REAR, POWERSONIC MATED M12 + LBO3K","01 HIGH","2.0","70.0","0.0286",,,
"TYS1","NA","3022944","USP","CAPTIVE GUARDING SCREWS","01 HIGH","1.0","24.0","0.0417",,,
"TYS1","NA","3022945","USP","VERTICAL BOTTOM LOAD CELL","01 HIGH","2.0","70.0","0.0286",,,
"TYS1","NA","3022947","USP","HORIZONTAL JAW CABLE MANAGEMENT BACKING PLATE","01 HIGH","1.0","38.0","0.0263",,,
"TYS1","NA","3022948","USP","FLAT HEAD SOCKET CAP SCREW","01 HIGH","1.0","24.0","0.0417",,,
"TYS1","NA","3022952","USP","GALVANIZED STEEL , EPDM CUSHIO","01 HIGH","1.0","24.0","0.0417",,,
"TYS1","NA","3022953","USP","GUARDING T-BLOCK","01 HIGH","1.0","24.0","0.0417",,,
"TYS1","NA","3022958","USP","DIVERT PLATE, TOP","01 HIGH","1.0","94.0","0.0106",,,
"TYS1","NA","3022959","USP","SHOULDER BOLT, 12MMX40MM, M10","02 MED","1.0","42.0","0.0238",,,
"TYS1","NA","3022961","USP","FRONT PLATE","01 HIGH","1.0","94.0","0.0106",,,
"TYS1","NA","3022964","USP","DIVERT PLATE, REJECT COVER","01 HIGH","1.0","94.0","0.0106",,,
"TYS1","NA","3022970","USP","CUTTING KNIFE ASSEMBLY","01 HIGH","1.0","108.0","0.0093",,,
"TYS1","NA","3022971","USP","FAST CONNECTION-PEG","01 HIGH","1.0","24.0","0.0417",,,
"TYS1","NA","3022977","USP","GUIDED PNUEMATIC CYLINDER DFM-16-125-B-PPV-A-KF","01 HIGH","1.0","25.0","0.04",,,
"TYS1","NA","3022978","USP","LIDAR SENSOR PICS150-01000 core 1","01 HIGH","0.0","95.0","0.0",,,
"TYS1","NA","3022983","USP","RIGHT ISOLATOR PLATE","01 HIGH","1.0","70.0","0.0143",,,
"TYS1","NA","3022984","USP","8MM X 14MM LOW SOCKET HEAD MACHINE SCREWS (OR BLACK OXIDE EQUIVALENT)","01 HIGH","1.0","24.0","0.0417",,,
"TYS1","NA","3022985","USP","ROTATED CABLE EXIT HORIZONTAL LOAD CELL HOLDER BLOCK","01 HIGH","1.0","24.0","0.0417",,,
"TYS1","NA","3022987","USP","IO-LINK MASTER, ETHERNET/IP INTERFACE, TOTAL IN- AND OUTPUTS: 16, 4X 2A OUTPUTS","01 HIGH","1.0","45.0","0.0222",,,
"TYS1","NA","3025738","USP","COATED 9"" FOUR HOLE AIR ASSIST TUBE - MP-211-2230-9","02 MED","1.0","21.0","0.0476",,,
"TYS1","NA","3026266","USP","Control Block","01 HIGH","1.0","21.0","0.0476",,,
"TYS1","NA","3029777","USP","Ring, Centering sleeve ZBH-7-B","01 HIGH","1.0","28.0","0.0357",,,
"TYS1","NA","3029778","USP","CABLE, NIP ROLLER MOTOR SERVO","01 HIGH","0.0","70.0","0.0",,,
"TYS1","NA","3031139","USP","RIGHT HORIZONTAL HEATER CABLE","01 HIGH","1.0","21.0","0.0476",,,
"TYS1","NA","3032133","USP","COMPRESSION SPRING T=1.4 OD=20 ID=17","01 HIGH","1.0","28.0","0.0357",,,
"TYS1","NA","3033957","USP","Ring, Centering sleeve ZBH-5-B","01 HIGH","1.0","28.0","0.0357",,,
"TYS1","NA","3037849","USP","RIGHT VER HEATER CABLE ASSY","01 HIGH","1.0","108.0","0.0093",,,
"TYS1","NA","3037850","USP","ZIP TIES, STANDARD","01 HIGH","0.0","24.0","0.0",,,
"TYS1","NA","3037851","USP","ALTERNATE PLASTIC P-CLIP (MUST DRILL MOUNTING HOLE TO M6)","01 HIGH","1.0","24.0","0.0417",,,
"TYS1","NA","3037852","USP","LEFT HOR HEATER CABLE ASSY","01 HIGH","1.0","108.0","0.0093",,,
"TYS1","NA","3043405","USP","SENSOR CABLE FEMALE 5-POLE M12 STRAIGHT A CODED TO OPEN END PUR BLACK 5M","01 HIGH","1.0","21.0","0.0476",,,
"TYS1","NA","3043423","USP","FUSE,5 AMP,250V","01 HIGH","1.0","30.0","0.0333",,,
"TYS1","NA","3208459","USP","FIELD ATTACHABLE CONNECTOR","01 HIGH","1.0","21.0","0.0476",,,
"TYS1","NA","33053","USP","SENSOR CABLE, 5M GREY, M12 FEMALE 8P STRAIGHT TO OPEN ENDED, CONTINUOUS FLEX, PUR-OB","02 MED","1.0","60.0","0.0167",,,
"TYS1","NA","3361381","USP","Fork sensor","01 HIGH","1.0","28.0","0.0357",,,
"TYS1","NA","3466134","USP","ROLLING BEARING  61802-2RS1","01 HIGH","12.0","4.0","3.0",,,
"TYS1","NA","3466138","USP","VERTICAL VPL SERIES, FRAME SIZE 100MM, T WINDING, RATED SPEED 7200-80","01 HIGH","0.0","21.0","0.0",,,
"TYS1","NA","3466140","USP","KINETIX VP LOW INERTIA MOTOR,","01 HIGH","0.0","21.0","0.0",,,
"TYS1","NA","3466144","USP","SERVO DRIVE","01 HIGH","0.0","21.0","0.0",,,
"TYS1","NA","3466145","USP","RIGHT HORIZONTAL SEAL BAR ASSY","01 HIGH","0.0","21.0","0.0",,,
"TYS1","NA","3466147","USP","COMPACT CYLINDER ADN-32-25-I-P-A-S2","01 HIGH","1.0","21.0","0.0476",,,
"TYS1","NA","3466149","USP","PIVOT BLOCK","01 HIGH","1.0","14.0","0.0714",,,
"TYS1","NA","3466152","USP","SENSOR MOUNT","01 HIGH","1.0","21.0","0.0476",,,
"TYS1","NA","3466153","USP","RIGHT VERTICAL SEAL BAR ASSY","01 HIGH","0.0","21.0","0.0",,,
"TYS1","NA","3466158","USP","SPRING PLUNGER, BALL-NOSE HARD","01 HIGH","1.0","4.0","0.25",,,
"TYS1","NA","3466170","USP","DSNU, BORE 25MM, STROKE 100MM, DOUBLE ACTING, LATERAL AIR,","01 HIGH","1.0","21.0","0.0476",,,
"TYS1","NA","3466204","USP","M8X1.25 X 16 MM LG, STROKE 1.5MM, MAX TEMP. 250C, THREAD-LOCKING, CERAMIC BALL","01 HIGH","1.0","4.0","0.25",,,
"TYS1","NA","3466208","USP","BEARING SPACER; INNER; 20 ID X 27 OD X 5 THICK","01 HIGH","1.0","28.0","0.0357",,,
"TYS1","NA","3466223","USP","243TEETH 32 T5/1215","01 HIGH","1.0","11.0","0.0909",,,
"TYS1","NA","3466243","USP","LEFT HORIZONTAL SEAL BAR ASSY","01 HIGH","0.0","21.0","0.0",,,
"TYS1","NA","3466247","USP","KINETIX VP MOTOR CABLE","01 HIGH","0.0","21.0","0.0",,,
"TYS1","NA","3466248","USP","PRECISION LINEAR SHAFT, DIA 12","01 HIGH","1.0","28.0","0.0357",,,
"TYS1","NA","3466251","USP","PIVOT BLOCK - LEFT HORIZONTAL","01 HIGH","1.0","21.0","0.0476",,,
"TYS1","NA","3466258","USP","LEFT VERTICAL SEAL BAR ASSY","01 HIGH","0.0","21.0","0.0","0.0056","1.0",
"TYS1","NA","3466261","USP","SHANK THREAD SIZE(M10X1.25), ID 10MM, JAW OPENING W 10MM,","01 HIGH","1.0","3.0","0.3333",,,
"TYS1","NA","3546294","USP","Kinetix VP Motor Cable, 4m","01 HIGH","0.0","90.0","0.0",,,
"TYS1","NA","49225","USP","HEX HEAD CAP SCREW  CTM PM-FAHHSS50557","03 LOW","1.0","10.0","0.1",,,
"TYS1","NA","49344","USP","Zebra ZE52163-R010000Z Print Engine","01 HIGH","0.0","10.0","0.0","0.0278","5.01",
"TYS1","NA","72902","USP","kit,motor assy, high speed...","02 MED","0.0","126.0","0.0","0.0056","1.0",
"TYS1","NA","76580","USP","PROGRAMMED MAPLE DISPLAY UNIT FOR 3600A APPLICATOR","03 LOW","1.0","20.0","0.05",,,
"TYS1","NA","816958","USP","IN-SIGHT STD. POWER & I/O BREAKOUT CABLE, 5M (15')","02 MED","1.0",,,,,
"TYS1","NA","94998","USP","CYLINDER, ISO, PROX, X100MM, DA, MAG C03","02 MED","0.0","49.0","0.0",,,
"TYS1","NA","N12270","USP","SMC Speed Control Valve: Elbow Fitting, Knob, 1/4 in/1/8 in Valve Body Size, 1/4 in Tube, Meter Out","02 MED","0.0","14.0","0.0","0.0056","1.0",
"TYS1","NA","N24793","USP","Slim Electromechanical Relay, SPDT, 6A,24VDC, PCB Terminal, 34 Series","01 HIGH","1.0","14.0","0.0714",,,
"TYS1","NA","N37377","USP","SC300-2 SHOCK ABSORBER","02 MED","0.0","28.0","0.0","0.0056","1.0",
"TYS1","NA","N53951","USP","RADIAL BALL BEARING","02 MED","1.0","31.0","0.0323",,,
"TYS1","NA","N53964","USP","NEBV-S1G25-K-10-N-LE25-S6 CONNECTING CABLE","02 MED","1.0","37.0","0.027",,,
"TYS1","NA","N53977","USP","I110-E0454 SAFETY SWITCH","02 MED","1.0","41.0","0.0244",,,
"TYS1","NA","N53990","USP","LINEAR RAIL","02 MED","1.0","23.0","0.0435",,,
"TYS1","NA","N54024","USP","TAPER-LOCK BUSHING, 1610 22MM BORE","02 MED","1.0","35.0","0.0286",,,
"YEG2","NA","1000078","USP","Sensor, proximity, SME-8M-DS-24V-K-0, 3-M8D","02 MED","1.0","15.0","0.0667",,,
"YEG2","NA","1001191","USP","VPL-B1003F-PJ12AA SERVO MOTOR","01 HIGH","2.0","21.0","0.0952",,,
"YEG2","NA","1001803","USP","Switch, Auxiliary, Supplementary Protector Accessory","02 MED","1.0","40.0","0.025",,,
"YEG2","NA","10043","USP","PLC, CONTROLLER,PROGRAMMABLE:2-1/2 INHT,3-1/2 INWD,1-1/2 INDP,24 V DCVOLT,2.6 MACURRE","02 MED","1.0","28.0","0.0357",,,
"YEG2","NA","1004322","USP","PUSHBUTTON METAL LATCH","01 HIGH","1.0","96.0","0.0104",,,
"YEG2","NA","10086","USP","WASHER: CAPTURE CTM PM-FANU30375","03 LOW","1.0",,,,,
"YEG2","NA","10087","USP","THREADED INSERT CTM C-PM-INS1010","03 LOW","1.0",,,,,
"YEG2","NA","10090","USP","Shoulder Screw,18-8 Stainless Steel,3/8"""" Shoulder Dia., 1"""" Shoulder Length,5/16-18 Thread,PK2","02 MED","2.0",,,,,
"YEG2","NA","10095","USP","FLANGED BUSHING","02 MED","1.0",,,,,
"YEG2","NA","10096","USP","WASHER: THRUST, BRONZE","03 LOW","1.0",,,,,
"YEG2","NA","10105","USP","SPRING: REWIND CLUTCH, MED DUTY, .97OD X .080 WIRE DIA","03 LOW","1.0",,,,,
"YEG2","NA","10191","USP","THRUST BALL BEARING, 3/4"" ID X 1-5/16"" OD X 9/32"" HT., STEEL","02 MED","1.0",,,"0.0","0.0",
"YEG2","NA","1060925","USP","RING-GRIP QUICK-RELEASE PIN","01 HIGH","1.0","21.0","0.0476",,,
"YEG2","NA","1061526","USP","SERVO DRVE AMP JR_AUTO JR0000549642","02 MED","2.0",,,,,
"YEG2","NA","1063086","USP","SWITCH 2VDC PNP 0.5M LEAD M8 C","02 MED","1.0","56.0","0.0179",,,
"YEG2","NA","1069554","USP","POWER IO CABLE M12 FOR COGNEX CONN MODULE W DB9","02 MED","1.0",,,,,
"YEG2","NA","1071516","USP","REPLACEMENT BELT – 18”W FOR CO","02 MED","2.0","70.0","0.0286",,,
"YEG2","NA","1073001","USP","3600 TAMP or SWING HOME SENSOR ASSEMBLY without MOUNT","02 MED","1.0","53.0","0.0189",,,
"YEG2","NA","11082","USP","SMART PACK FILTER REPLACEMENT  (PID)","02 MED","3.0","35.0","0.0857",,,
"YEG2","NA","11147","USP","VHI425A-GV W/ GV4G6","02 MED","1.0",,,,,
"YEG2","NA","1124355","USP","FIXED DRAW ROLLER, SMART PAC","02 MED","1.0","100.0","0.01",,,
"YEG2","NA","11409","USP","TAMPA","02 MED","1.0",,,,,
"YEG2","NA","11424","USP","UNWIND BRAKE BAND CTM PM-BB1030","02 MED","1.0","25.0","0.04",,,
"YEG2","NA","11519","USP","Zebra Kit Maint Door Open Swch RH/LH","02 MED","1.0","25.0","0.04",,,
"YEG2","NA","19978","USP","TIME DELAY FUSE, 30A, CLASS J, 300KA, 600VAC","02 MED","1.0","15.0","0.0667",,,
"YEG2","NA","2066701","USP","ROLLER, MOVING DRAW ROLLER (SMART PAC)","01 HIGH","1.0","70.0","0.0143",,,
"YEG2","NA","23103","USP","Time Delay, Cylindrical, Fuse, GDC Series, 250VAC, Indicating (5 PK)","03 LOW","1.0","15.0","0.0667",,,
"YEG2","NA","3015434","USP","SWIVEL GRIPPER HEAD","01 HIGH","1.0","21.0","0.0476",,,
"YEG2","NA","3022931","USP","MALE INSERT 5 PIN","01 HIGH","1.0","66.0","0.0152",,,
"YEG2","NA","3022932","USP","SENSOR FLAG PIN, USP TRIGGER GATE","01 HIGH","1.0","108.0","0.0093",,,
"YEG2","NA","3022938","USP","CAPTIVE SCREW RETAINER","01 HIGH","1.0","24.0","0.0417",,,
"YEG2","NA","3022941","USP","VERTICAL TOP, POWERSONIC MATED M12 + LBO2K","01 HIGH","2.0","70.0","0.0286",,,
"YEG2","NA","3022942","USP","CLAMP, LOOP NYLON 7/8"" X 1 1/2","01 HIGH","1.0","108.0","0.0093",,,
"YEG2","NA","3022944","USP","CAPTIVE GUARDING SCREWS","01 HIGH","1.0","24.0","0.0417",,,
"YEG2","NA","3022945","USP","VERTICAL BOTTOM LOAD CELL","01 HIGH","2.0","70.0","0.0286",,,
"YEG2","NA","3022948","USP","FLAT HEAD SOCKET CAP SCREW","01 HIGH","1.0","24.0","0.0417",,,
"YEG2","NA","3022950","USP","HORIZONTAL FRONT, POWERSONIC MATED M12 + LBO3K","01 HIGH","2.0","70.0","0.0286",,,
"YEG2","NA","3022951","USP","RTD, PT100, DIA 3MM, L 18MM, 3","01 HIGH","1.0","38.0","0.0263",,,
"YEG2","NA","3022953","USP","GUARDING T-BLOCK","01 HIGH","1.0","24.0","0.0417",,,
"YEG2","NA","3022956","USP","ROTATED CABLE EXIT VERTICAL LOAD CELL HOLDER BLOCK","01 HIGH","1.0","108.0","0.0093",,,
"YEG2","NA","3022957","USP","WASHER, M5, SST","01 HIGH","1.0","24.0","0.0417",,,
"YEG2","NA","3022969","USP","VERTICAL CARTRIDGE HEATER","01 HIGH","1.0","66.0","0.0152",,,
"YEG2","NA","3022970","USP","CUTTING KNIFE ASSEMBLY","01 HIGH","1.0","108.0","0.0093",,,
"YEG2","NA","3022971","USP","FAST CONNECTION-PEG","01 HIGH","1.0","24.0","0.0417",,,
"YEG2","NA","3022977","USP","GUIDED PNUEMATIC CYLINDER DFM-16-125-B-PPV-A-KF","01 HIGH","1.0","25.0","0.04",,,
"YEG2","NA","3022978","USP","LIDAR SENSOR PICS150-01000 core 1","01 HIGH","0.0","95.0","0.0",,,
"YEG2","NA","3022981","USP","UNDER JAW BULK HEAD PLATE","01 HIGH","1.0","108.0","0.0093",,,
"YEG2","NA","3022982","USP","LEFT ISOLATOR PLATE","01 HIGH","1.0","70.0","0.0143",,,
"YEG2","NA","3022985","USP","ROTATED CABLE EXIT HORIZONTAL LOAD CELL HOLDER BLOCK","01 HIGH","1.0","24.0","0.0417",,,
"YEG2","NA","3026266","USP","Control Block","01 HIGH","1.0","60.0","0.0167",,,
"YEG2","NA","3029777","USP","Ring, Centering sleeve ZBH-7-B","01 HIGH","1.0","28.0","0.0357",,,
"YEG2","NA","3029778","USP","CABLE, NIP ROLLER MOTOR SERVO","01 HIGH","0.0","70.0","0.0",,,
"YEG2","NA","3031139","USP","RIGHT HORIZONTAL HEATER CABLE","01 HIGH","1.0","108.0","0.0093",,,
"YEG2","NA","3032133","USP","COMPRESSION SPRING T=1.4 OD=20 ID=17","01 HIGH","1.0","28.0","0.0357",,,
"YEG2","NA","3033957","USP","Ring, Centering sleeve ZBH-5-B","01 HIGH","1.0","28.0","0.0357",,,
"YEG2","NA","3037848","USP","LEFT VER HEATER CABLE ASSY","01 HIGH","1.0","108.0","0.0093",,,
"YEG2","NA","3037849","USP","RIGHT VER HEATER CABLE ASSY","01 HIGH","1.0","108.0","0.0093",,,
"YEG2","NA","3037850","USP","ZIP TIES, STANDARD","01 HIGH","0.0","24.0","0.0",,,
"YEG2","NA","3037851","USP","ALTERNATE PLASTIC P-CLIP (MUST DRILL MOUNTING HOLE TO M6)","01 HIGH","1.0","24.0","0.0417",,,
"YEG2","NA","3037852","USP","LEFT HOR HEATER CABLE ASSY","01 HIGH","1.0","108.0","0.0093",,,
"YEG2","NA","3043399","USP","D-MAX WEB GUIDE CONTROLLER,INPUT VOLTAGE 24 - 48 VDC, 6 DIGITAL INPUTS, 2 OUTPUT","01 HIGH","0.0","35.0","0.0","0.0056","1.0",
"YEG2","NA","3208459","USP","FIELD ATTACHABLE CONNECTOR","01 HIGH","1.0","21.0","0.0476",,,
"YEG2","NA","33053","USP","SENSOR CABLE, 5M GREY, M12 FEMALE 8P STRAIGHT TO OPEN ENDED, CONTINUOUS FLEX, PUR-OB","02 MED","1.0",,,,,
"YEG2","NA","3361381","USP","Fork sensor","01 HIGH","1.0","28.0","0.0357",,,
"YEG2","NA","3464199","USP","SENSOR, FIBER OPTIC THIN ZERO SPACE, SIDE VIEW TYP","01 HIGH","1.0","24.0","0.0417",,,
"YEG2","NA","3466132","USP","PNUEMATIC FITTING","01 HIGH","1.0","28.0","0.0357",,,
"YEG2","NA","3466134","USP","ROLLING BEARING  61802-2RS1","01 HIGH","12.0","35.0","0.3429",,,
"YEG2","NA","3466138","USP","VERTICAL VPL SERIES, FRAME SIZE 100MM, T WINDING, RATED SPEED 7200-80","01 HIGH","0.0","49.0","0.0",,,
"YEG2","NA","3466140","USP","KINETIX VP LOW INERTIA MOTOR,","01 HIGH","0.0","49.0","0.0",,,
"YEG2","NA","3466144","USP","SERVO DRIVE","01 HIGH","0.0","21.0","0.0",,,
"YEG2","NA","3466145","USP","RIGHT HORIZONTAL SEAL BAR ASSY","01 HIGH","0.0","70.0","0.0",,,
"YEG2","NA","3466147","USP","COMPACT CYLINDER ADN-32-25-I-P-A-S2","01 HIGH","1.0","56.0","0.0179",,,
"YEG2","NA","3466149","USP","PIVOT BLOCK","01 HIGH","1.0","70.0","0.0143",,,
"YEG2","NA","3466152","USP","SENSOR MOUNT","01 HIGH","1.0","56.0","0.0179",,,
"YEG2","NA","3466153","USP","RIGHT VERTICAL SEAL BAR ASSY","01 HIGH","0.0","70.0","0.0",,,
"YEG2","NA","3466158","USP","SPRING PLUNGER, BALL-NOSE HARD","01 HIGH","1.0","42.0","0.0238",,,
"YEG2","NA","3466170","USP","DSNU, BORE 25MM, STROKE 100MM, DOUBLE ACTING, LATERAL AIR,","01 HIGH","1.0","56.0","0.0179",,,
"YEG2","NA","3466204","USP","M8X1.25 X 16 MM LG, STROKE 1.5MM, MAX TEMP. 250C, THREAD-LOCKING, CERAMIC BALL","01 HIGH","1.0","21.0","0.0476",,,
"YEG2","NA","3466208","USP","BEARING SPACER; INNER; 20 ID X 27 OD X 5 THICK","01 HIGH","1.0","28.0","0.0357",,,
"YEG2","NA","3466223","USP","243TEETH 32 T5/1215","01 HIGH","1.0","42.0","0.0238",,,
"YEG2","NA","3466243","USP","LEFT HORIZONTAL SEAL BAR ASSY","01 HIGH","0.0","70.0","0.0",,,
"YEG2","NA","3466247","USP","KINETIX VP MOTOR CABLE","01 HIGH","0.0","70.0","0.0",,,
"YEG2","NA","3466248","USP","PRECISION LINEAR SHAFT, DIA 12","01 HIGH","1.0","28.0","0.0357",,,
"YEG2","NA","3466251","USP","PIVOT BLOCK - LEFT HORIZONTAL","01 HIGH","1.0","70.0","0.0143",,,
"YEG2","NA","3466258","USP","LEFT VERTICAL SEAL BAR ASSY","01 HIGH","0.0","70.0","0.0","0.0056","1.0",
"YEG2","NA","3466261","USP","SHANK THREAD SIZE(M10X1.25), ID 10MM, JAW OPENING W 10MM,","01 HIGH","1.0","21.0","0.0476",,,
"YEG2","NA","3546294","USP","Kinetix VP Motor Cable, 4m","01 HIGH","0.0","70.0","0.0",,,
"YEG2","NA","49225","USP","HEX HEAD CAP SCREW  CTM PM-FAHHSS50557","03 LOW","1.0","14.0","0.0714",,,
"YEG2","NA","61591","USP","TUBE FITTING, M5 TO 4MM","02 MED","1.0",,,"0.0","0.0",
"YEG2","NA","76580","USP","PROGRAMMED MAPLE DISPLAY UNIT FOR 3600A APPLICATOR","02 MED","1.0",,,,,
"YEG2","NA","N37843","USP","REWIND CONTROL/POWER ON RELAY FOR 3600A APPLICATORS - PE-RE1017","02 MED","1.0","7.0","0.1429",,,
"YEG2","NA","N45907","USP","Valve flow control one way","02 MED","1.0",,,,,
"YEG2","NA","N53951","USP","RADIAL BALL BEARING","02 MED","1.0",,,,,
"YEG2","NA","N53964","USP","NEBV-S1G25-K-10-N-LE25-S6 CONNECTING CABLE","02 MED","1.0",,,,,
"YEG2","NA","N53977","USP","I110-E0454 SAFETY SWITCH","02 MED","1.0","70.0","0.0143",,,
"YEG2","NA","N53990","USP","LINEAR RAIL","02 MED","1.0",,,,,
"YEG2","NA","N54020","USP","STOPPER BOLT, M6X1.0, L 20MM, WITH HEX SOCKET TIP, STRAIGHT TYPE, BUMPER URETHAN","02 MED","1.0","56.0","0.0179",,,
"YEG2","NA","N54024","USP","TAPER-LOCK BUSHING, 1610 22MM BORE","02 MED","1.0",,,,,
"YHM1","NA","1000078","USP","Sensor, proximity, SME-8M-DS-24V-K-0, 3-M8D","01 HIGH","0.0","15.0","0.0","0.0056","1.0",
"YHM1","NA","1001803","USP","Switch, Auxiliary, Supplementary Protector Accessory","03 LOW","1.0",,,"0.0","0.0",
"YHM1","NA","10043","USP","PLC, CONTROLLER,PROGRAMMABLE:2-1/2 INHT,3-1/2 INWD,1-1/2 INDP,24 V DCVOLT,2.6 MACURRE","03 LOW","1.0","32.0","0.0313",,,
"YHM1","NA","1004322","USP","PUSHBUTTON METAL LATCH","02 MED","1.0",,,,,
"YHM1","NA","10076","USP","UNWIND DANCER ARM UNWIND SPRING","02 MED","1.0",,,,,
"YHM1","NA","10086","USP","WASHER: CAPTURE CTM PM-FANU30375","03 LOW","1.0","18.0","0.0556",,,
"YHM1","NA","10087","USP","THREADED INSERT CTM C-PM-INS1010","03 LOW","1.0","14.0","0.0714",,,
"YHM1","NA","10090","USP","Shoulder Screw,18-8 Stainless Steel,3/8"""" Shoulder Dia., 1"""" Shoulder Length,5/16-18 Thread,PK2","03 LOW","1.0","24.0","0.0417",,,
"YHM1","NA","10095","USP","FLANGED BUSHING","02 MED","2.0","21.0","0.0952",,,
"YHM1","NA","10096","USP","WASHER: THRUST, BRONZE","02 MED","1.0","27.0","0.037",,,
"YHM1","NA","10105","USP","SPRING: REWIND CLUTCH, MED DUTY, .97OD X .080 WIRE DIA","02 MED","1.0","21.0","0.0476",,,
"YHM1","NA","10191","USP","THRUST BALL BEARING, 3/4"" ID X 1-5/16"" OD X 9/32"" HT., STEEL","02 MED","1.0","35.0","0.0286",,,
"YHM1","NA","104735","USP","SENSOR CABLE","01 HIGH","0.0","21.0","0.0",,,
"YHM1","NA","1061526","USP","SERVO DRVE AMP JR_AUTO JR0000549642","03 LOW","1.0",,,"0.0","0.0",
"YHM1","NA","1063086","USP","SWITCH 2VDC PNP 0.5M LEAD M8 C","02 MED","1.0","56.0","0.0179",,,
"YHM1","NA","1071515","USP","Radial/Deep Groove Ball Bearing - Round Bore, 25 mm ID, 42 mm OD, 9 mm Width, Double Shielded, Internal Clearance","02 MED","1.0","14.0","0.0714",,,
"YHM1","NA","1071516","USP","REPLACEMENT BELT – 18”W FOR CO","01 HIGH","1.0",,,,,
"YHM1","NA","11082","USP","SMART PACK FILTER REPLACEMENT  (PID)","02 MED","1.0","24.0","0.0417",,,
"YHM1","NA","1113249","USP","URGU48R1-04090N","02 MED","1.0","40.0","0.025",,,
"YHM1","NA","11147","USP","VHI425A-GV W/ GV4G6","02 MED","2.0","22.0","0.0909",,,
"YHM1","NA","1116318","USP","ULTRASONIC SENSOR, PICO+","02 MED","1.0","50.0","0.02",,,
"YHM1","NA","11409","USP","TAMPA","02 MED","1.0","25.0","0.04",,,
"YHM1","NA","11424","USP","UNWIND BRAKE BAND CTM PM-BB1030","02 MED","2.0","25.0","0.08",,,
"YHM1","NA","11519","USP","Zebra Kit Maint Door Open Swch RH/LH","02 MED","1.0","25.0","0.04",,,
"YHM1","NA","19978","USP","TIME DELAY FUSE, 30A, CLASS J, 300KA, 600VAC","01 HIGH","2.0",,,,,
"YHM1","NA","2066701","USP","ROLLER, MOVING DRAW ROLLER (SMART PAC)","01 HIGH","0.0","70.0","0.0",,,
"YHM1","NA","226234","USP","SERIAL RS232 TO USB CONVERTER","02 MED","1.0",,,"0.0","0.0",
"YHM1","NA","23103","USP","Time Delay, Cylindrical, Fuse, GDC Series, 250VAC, Indicating (5 PK)","02 MED","1.0","15.0","0.0667",,,
"YHM1","NA","3015435","USP","VERTICAL JAW CABLE MANAGEMENT BACKING PLATE","01 HIGH","0.0","66.0","0.0",,,
"YHM1","NA","3022931","USP","MALE INSERT 5 PIN","01 HIGH","0.0","66.0","0.0",,,
"YHM1","NA","3022941","USP","VERTICAL TOP, POWERSONIC MATED M12 + LBO2K","01 HIGH","0.0","70.0","0.0","0.0056","1.0",
"YHM1","NA","3022944","USP","CAPTIVE GUARDING SCREWS","01 HIGH","0.0","24.0","0.0",,,
"YHM1","NA","3022945","USP","VERTICAL BOTTOM LOAD CELL","01 HIGH","0.0","70.0","0.0",,,
"YHM1","NA","3022948","USP","FLAT HEAD SOCKET CAP SCREW","01 HIGH","0.0","24.0","0.0",,,
"YHM1","NA","3022949","USP","MCMASTER ZIP TIE MOUNT","01 HIGH","0.0","24.0","0.0",,,
"YHM1","NA","3022953","USP","GUARDING T-BLOCK","01 HIGH","0.0","24.0","0.0",,,
"YHM1","NA","3022957","USP","WASHER, M5, SST","01 HIGH","0.0","24.0","0.0",,,
"YHM1","NA","3022958","USP","DIVERT PLATE, TOP","01 HIGH","0.0","94.0","0.0",,,
"YHM1","NA","3022959","USP","SHOULDER BOLT, 12MMX40MM, M10","02 MED","0.0","42.0","0.0",,,
"YHM1","NA","3022967","USP","ZIP TIES, STANDARD","01 HIGH","0.0","24.0","0.0",,,
"YHM1","NA","3022969","USP","VERTICAL CARTRIDGE HEATER","01 HIGH","0.0","66.0","0.0",,,
"YHM1","NA","3022970","USP","CUTTING KNIFE ASSEMBLY","01 HIGH","0.0","108.0","0.0",,,
"YHM1","NA","3022971","USP","FAST CONNECTION-PEG","01 HIGH","0.0","24.0","0.0",,,
"YHM1","NA","3022978","USP","LIDAR SENSOR PICS150-01000 core 1","01 HIGH","0.0","95.0","0.0",,,
"YHM1","NA","3022981","USP","UNDER JAW BULK HEAD PLATE","01 HIGH","0.0","108.0","0.0",,,
"YHM1","NA","3022982","USP","LEFT ISOLATOR PLATE","01 HIGH","0.0","70.0","0.0",,,
"YHM1","NA","3022983","USP","RIGHT ISOLATOR PLATE","01 HIGH","0.0","70.0","0.0",,,
"YHM1","NA","3025738","USP","COATED 9"" FOUR HOLE AIR ASSIST TUBE - MP-211-2230-9","02 MED","1.0","14.0","0.0714",,,
"YHM1","NA","3029777","USP","Ring, Centering sleeve ZBH-7-B","01 HIGH","1.0","28.0","0.0357",,,
"YHM1","NA","3029778","USP","CABLE, NIP ROLLER MOTOR SERVO","01 HIGH","0.0","70.0","0.0",,,
"YHM1","NA","3031139","USP","RIGHT HORIZONTAL HEATER CABLE","01 HIGH","0.0","108.0","0.0",,,
"YHM1","NA","3032133","USP","COMPRESSION SPRING T=1.4 OD=20 ID=17","01 HIGH","1.0","28.0","0.0357",,,
"YHM1","NA","3033957","USP","Ring, Centering sleeve ZBH-5-B","01 HIGH","1.0","28.0","0.0357",,,
"YHM1","NA","3037848","USP","LEFT VER HEATER CABLE ASSY","01 HIGH","0.0","108.0","0.0",,,
"YHM1","NA","3037849","USP","RIGHT VER HEATER CABLE ASSY","01 HIGH","0.0","108.0","0.0",,,
"YHM1","NA","3037850","USP","ZIP TIES, STANDARD","01 HIGH","0.0","24.0","0.0",,,
"YHM1","NA","3037851","USP","ALTERNATE PLASTIC P-CLIP (MUST DRILL MOUNTING HOLE TO M6)","01 HIGH","0.0","24.0","0.0",,,
"YHM1","NA","3037852","USP","LEFT HOR HEATER CABLE ASSY","01 HIGH","0.0","108.0","0.0",,,
"YHM1","NA","3043368","USP","Sensor Cable, 5m Grey, M12 Female 4P Angled to Open Ended, Continuous Flex, PUR","01 HIGH","0.0","21.0","0.0",,,
"YHM1","NA","3043399","USP","D-MAX WEB GUIDE CONTROLLER,INPUT VOLTAGE 24 - 48 VDC, 6 DIGITAL INPUTS, 2 OUTPUT","01 HIGH","0.0","35.0","0.0",,,
"YHM1","NA","3043405","USP","SENSOR CABLE FEMALE 5-POLE M12 STRAIGHT A CODED TO OPEN END PUR BLACK 5M","01 HIGH","0.0","21.0","0.0",,,
"YHM1","NA","3043407","USP","SICK IME2S Series Non-Flush Inductive Non-Contact Safety Switch, 24V dc, Nickel Plated Brass Housing, 2NO, M12","01 HIGH","1.0","35.0","0.0286",,,
"YHM1","NA","3043423","USP","FUSE,5 AMP,250V","01 HIGH","0.0","56.0","0.0",,,
"YHM1","NA","3043436","USP","Kinetix 5700 Servo Drive","01 HIGH","0.0","35.0","0.0",,,
"YHM1","NA","3208459","USP","FIELD ATTACHABLE CONNECTOR","01 HIGH","0.0","21.0","0.0",,,
"YHM1","NA","33053","USP","SENSOR CABLE, 5M GREY, M12 FEMALE 8P STRAIGHT TO OPEN ENDED, CONTINUOUS FLEX, PUR-OB","02 MED","1.0",,,,,
"YHM1","NA","3464199","USP","SENSOR, FIBER OPTIC THIN ZERO SPACE, SIDE VIEW TYP","01 HIGH","0.0","24.0","0.0",,,
"YHM1","NA","3466132","USP","PNUEMATIC FITTING","01 HIGH","0.0","28.0","0.0",,,
"YHM1","NA","3466134","USP","ROLLING BEARING  61802-2RS1","01 HIGH","0.0","35.0","0.0",,,
"YHM1","NA","3466138","USP","VERTICAL VPL SERIES, FRAME SIZE 100MM, T WINDING, RATED SPEED 7200-80","01 HIGH","0.0","49.0","0.0",,,
"YHM1","NA","3466140","USP","KINETIX VP LOW INERTIA MOTOR,","01 HIGH","0.0","49.0","0.0",,,
"YHM1","NA","3466144","USP","SERVO DRIVE","01 HIGH","0.0","21.0","0.0",,,
"YHM1","NA","3466145","USP","RIGHT HORIZONTAL SEAL BAR ASSY","01 HIGH","0.0","70.0","0.0",,,
"YHM1","NA","3466147","USP","COMPACT CYLINDER ADN-32-25-I-P-A-S2","01 HIGH","0.0","56.0","0.0",,,
"YHM1","NA","3466149","USP","PIVOT BLOCK","01 HIGH","0.0","70.0","0.0",,,
"YHM1","NA","3466152","USP","SENSOR MOUNT","01 HIGH","0.0","56.0","0.0",,,
"YHM1","NA","3466153","USP","RIGHT VERTICAL SEAL BAR ASSY","01 HIGH","0.0","70.0","0.0",,,
"YHM1","NA","3466158","USP","SPRING PLUNGER, BALL-NOSE HARD","01 HIGH","0.0","42.0","0.0",,,
"YHM1","NA","3466170","USP","DSNU, BORE 25MM, STROKE 100MM, DOUBLE ACTING, LATERAL AIR,","01 HIGH","0.0","56.0","0.0",,,
"YHM1","NA","3466191","USP","ROD COUPLER, M10X1.25, STEEL (","01 HIGH","0.0","56.0","0.0",,,
"YHM1","NA","3466204","USP","M8X1.25 X 16 MM LG, STROKE 1.5MM, MAX TEMP. 250C, THREAD-LOCKING, CERAMIC BALL","01 HIGH","0.0","21.0","0.0",,,
"YHM1","NA","3466208","USP","BEARING SPACER; INNER; 20 ID X 27 OD X 5 THICK","01 HIGH","0.0","28.0","0.0",,,
"YHM1","NA","3466223","USP","243TEETH 32 T5/1215","01 HIGH","0.0","42.0","0.0",,,
"YHM1","NA","3466243","USP","LEFT HORIZONTAL SEAL BAR ASSY","01 HIGH","0.0","70.0","0.0",,,
"YHM1","NA","3466247","USP","KINETIX VP MOTOR CABLE","01 HIGH","0.0","70.0","0.0",,,
"YHM1","NA","3466248","USP","PRECISION LINEAR SHAFT, DIA 12","01 HIGH","0.0","28.0","0.0",,,
"YHM1","NA","3466251","USP","PIVOT BLOCK - LEFT HORIZONTAL","01 HIGH","0.0","70.0","0.0",,,
"YHM1","NA","3466258","USP","LEFT VERTICAL SEAL BAR ASSY","01 HIGH","0.0","70.0","0.0",,,
"YHM1","NA","3466261","USP","SHANK THREAD SIZE(M10X1.25), ID 10MM, JAW OPENING W 10MM,","01 HIGH","0.0","21.0","0.0",,,
"YHM1","NA","3546294","USP","Kinetix VP Motor Cable, 4m","01 HIGH","0.0","70.0","0.0",,,
"YHM1","NA","49225","USP","HEX HEAD CAP SCREW  CTM PM-FAHHSS50557","03 LOW","1.0","14.0","0.0714",,,
"YHM1","NA","49960","USP","MDC100-050101 DRIVE","02 MED","1.0","70.0","0.0143",,,
"YHM1","NA","72902","USP","kit,motor assy, high speed...","02 MED","1.0","40.0","0.025",,,
"YHM1","NA","76580","USP","PROGRAMMED MAPLE DISPLAY UNIT FOR 3600A APPLICATOR","03 LOW","1.0","14.0","0.0714",,,
"YHM1","NA","N24793","USP","Slim Electromechanical Relay, SPDT, 6A,24VDC, PCB Terminal, 34 Series","01 HIGH","1.0",,,,,
"YHM1","NA","N37843","USP","REWIND CONTROL/POWER ON RELAY FOR 3600A APPLICATORS - PE-RE1017","02 MED","1.0","7.0","0.1429",,,
"YHM1","NA","N41977","USP","R SERIES BEARING - .750 X 1.625 X .437","01 HIGH","0.0","14.0","0.0",,,
"YHM1","NA","N45907","USP","Valve flow control one way","02 MED","1.0",,,,,
"YHM1","NA","N53951","USP","RADIAL BALL BEARING","03 LOW","1.0",,,,,
"YHM1","NA","N53964","USP","NEBV-S1G25-K-10-N-LE25-S6 CONNECTING CABLE","02 MED","1.0",,,,,
"YHM1","NA","N53977","USP","I110-E0454 SAFETY SWITCH","02 MED","1.0",,,,,
"YHM1","NA","N53990","USP","LINEAR RAIL","02 MED","1.0",,,,,
"YHM1","NA","N54020","USP","STOPPER BOLT, M6X1.0, L 20MM, WITH HEX SOCKET TIP, STRAIGHT TYPE, BUMPER URETHAN","02 MED","1.0",,,,,
"YHM1","NA","N54024","USP","TAPER-LOCK BUSHING, 1610 22MM BORE","02 MED","1.0",,,,,
"YXU1","NA","1001191","USP","VPL-B1003F-PJ12AA SERVO MOTOR","02 MED","1.0",,,,,
"YXU1","NA","1001803","USP","Switch, Auxiliary, Supplementary Protector Accessory","01 HIGH","1.0","15.0","0.0667",,,
"YXU1","NA","10043","USP","PLC, CONTROLLER,PROGRAMMABLE:2-1/2 INHT,3-1/2 INWD,1-1/2 INDP,24 V DCVOLT,2.6 MACURRE","02 MED","0.0",,,,,
"YXU1","NA","10076","USP","UNWIND DANCER ARM UNWIND SPRING","02 MED","1.0","17.0","0.0588",,,
"YXU1","NA","10086","USP","WASHER: CAPTURE CTM PM-FANU30375","03 LOW","1.0",,,,,
"YXU1","NA","10087","USP","THREADED INSERT CTM C-PM-INS1010","02 MED","1.0",,,,,
"YXU1","NA","10090","USP","Shoulder Screw,18-8 Stainless Steel,3/8"""" Shoulder Dia., 1"""" Shoulder Length,5/16-18 Thread,PK2","02 MED","1.0",,,,,
"YXU1","NA","10095","USP","FLANGED BUSHING","03 LOW","1.0",,,,,
"YXU1","NA","10096","USP","WASHER: THRUST, BRONZE","02 MED","1.0",,,,,
"YXU1","NA","10105","USP","SPRING: REWIND CLUTCH, MED DUTY, .97OD X .080 WIRE DIA","02 MED","1.0",,,,,
"YXU1","NA","10191","USP","THRUST BALL BEARING, 3/4"" ID X 1-5/16"" OD X 9/32"" HT., STEEL","01 HIGH","2.0","20.0","0.1",,,
"YXU1","NA","104735","USP","SENSOR CABLE","01 HIGH","0.0","21.0","0.0",,,
"YXU1","NA","1061778","USP","RT-B1221","01 HIGH","0.0",,,"0.0111","2.0",
"YXU1","NA","1063086","USP","SWITCH 2VDC PNP 0.5M LEAD M8 C","03 LOW","1.0",,,,,
"YXU1","NA","1069554","USP","POWER IO CABLE M12 FOR COGNEX CONN MODULE W DB9","02 MED","1.0",,,,,
"YXU1","NA","1071515","USP","Radial/Deep Groove Ball Bearing - Round Bore, 25 mm ID, 42 mm OD, 9 mm Width, Double Shielded, Internal Clearance","02 MED","1.0","14.0","0.0714",,,
"YXU1","NA","1113249","USP","URGU48R1-04090N","03 LOW","1.0",,,,,
"YXU1","NA","11147","USP","VHI425A-GV W/ GV4G6","02 MED","1.0",,,,,
"YXU1","NA","1124355","USP","FIXED DRAW ROLLER, SMART PAC","02 MED","1.0",,,,,
"YXU1","NA","11424","USP","UNWIND BRAKE BAND CTM PM-BB1030","01 HIGH","1.0","25.0","0.04",,,
"YXU1","NA","11519","USP","Zebra Kit Maint Door Open Swch RH/LH","02 MED","1.0","40.0","0.025",,,
"YXU1","NA","19978","USP","TIME DELAY FUSE, 30A, CLASS J, 300KA, 600VAC","02 MED","1.0","48.0","0.0208",,,
"YXU1","NA","23103","USP","Time Delay, Cylindrical, Fuse, GDC Series, 250VAC, Indicating (5 PK)","02 MED","1.0","15.0","0.0667",,,
"YXU1","NA","3015435","USP","VERTICAL JAW CABLE MANAGEMENT BACKING PLATE","01 HIGH","0.0","66.0","0.0",,,
"YXU1","NA","3022933","USP","STANDARD HOOD TOP ENTRY","01 HIGH","0.0","38.0","0.0",,,
"YXU1","NA","3022935","USP","M8 LOCK WASHERS (OR BLACK OXIDE EQUIVALENT)","01 HIGH","0.0","24.0","0.0",,,
"YXU1","NA","3022940","USP","VERTICAL JAW CABLE MANAGEMENT BACKING PLATE","01 HIGH","0.0","38.0","0.0",,,
"YXU1","NA","3022941","USP","VERTICAL TOP, POWERSONIC MATED M12 + LBO2K","01 HIGH","0.0","70.0","0.0",,,
"YXU1","NA","3022942","USP","CLAMP, LOOP NYLON 7/8"" X 1 1/2","01 HIGH","0.0","108.0","0.0",,,
"YXU1","NA","3022944","USP","CAPTIVE GUARDING SCREWS","01 HIGH","0.0","24.0","0.0",,,
"YXU1","NA","3022945","USP","VERTICAL BOTTOM LOAD CELL","01 HIGH","0.0","70.0","0.0",,,
"YXU1","NA","3022947","USP","HORIZONTAL JAW CABLE MANAGEMENT BACKING PLATE","01 HIGH","0.0","38.0","0.0",,,
"YXU1","NA","3022948","USP","FLAT HEAD SOCKET CAP SCREW","01 HIGH","0.0","24.0","0.0",,,
"YXU1","NA","3022949","USP","MCMASTER ZIP TIE MOUNT","01 HIGH","0.0","24.0","0.0",,,
"YXU1","NA","3022952","USP","GALVANIZED STEEL , EPDM CUSHIO","01 HIGH","0.0","24.0","0.0",,,
"YXU1","NA","3022953","USP","GUARDING T-BLOCK","01 HIGH","0.0","24.0","0.0",,,
"YXU1","NA","3022956","USP","ROTATED CABLE EXIT VERTICAL LOAD CELL HOLDER BLOCK","01 HIGH","0.0","108.0","0.0",,,
"YXU1","NA","3022964","USP","DIVERT PLATE, REJECT COVER","01 HIGH","0.0","94.0","0.0",,,
"YXU1","NA","3022967","USP","ZIP TIES, STANDARD","01 HIGH","0.0","24.0","0.0",,,
"YXU1","NA","3022970","USP","CUTTING KNIFE ASSEMBLY","01 HIGH","0.0","108.0","0.0","0.0056","1.0",
"YXU1","NA","3022978","USP","LIDAR SENSOR PICS150-01000 core 1","01 HIGH","0.0","95.0","0.0",,,
"YXU1","NA","3022982","USP","LEFT ISOLATOR PLATE","01 HIGH","0.0","70.0","0.0",,,
"YXU1","NA","3022984","USP","8MM X 14MM LOW SOCKET HEAD MACHINE SCREWS (OR BLACK OXIDE EQUIVALENT)","01 HIGH","0.0","24.0","0.0",,,
"YXU1","NA","3022985","USP","ROTATED CABLE EXIT HORIZONTAL LOAD CELL HOLDER BLOCK","01 HIGH","0.0","24.0","0.0",,,
"YXU1","NA","3022987","USP","IO-LINK MASTER, ETHERNET/IP INTERFACE, TOTAL IN- AND OUTPUTS: 16, 4X 2A OUTPUTS","01 HIGH","0.0","45.0","0.0",,,
"YXU1","NA","3026266","USP","Control Block","01 HIGH","0.0","60.0","0.0",,,
"YXU1","NA","3029777","USP","Ring, Centering sleeve ZBH-7-B","01 HIGH","1.0","28.0","0.0357",,,
"YXU1","NA","3029778","USP","CABLE, NIP ROLLER MOTOR SERVO","01 HIGH","0.0","70.0","0.0",,,
"YXU1","NA","3031139","USP","RIGHT HORIZONTAL HEATER CABLE","01 HIGH","0.0","108.0","0.0",,,
"YXU1","NA","3032133","USP","COMPRESSION SPRING T=1.4 OD=20 ID=17","01 HIGH","1.0","28.0","0.0357",,,
"YXU1","NA","3033957","USP","Ring, Centering sleeve ZBH-5-B","01 HIGH","1.0","28.0","0.0357",,,
"YXU1","NA","3037848","USP","LEFT VER HEATER CABLE ASSY","01 HIGH","0.0","108.0","0.0",,,
"YXU1","NA","3037849","USP","RIGHT VER HEATER CABLE ASSY","01 HIGH","0.0","108.0","0.0",,,
"YXU1","NA","3037850","USP","ZIP TIES, STANDARD","01 HIGH","0.0","24.0","0.0",,,
"YXU1","NA","3037851","USP","ALTERNATE PLASTIC P-CLIP (MUST DRILL MOUNTING HOLE TO M6)","01 HIGH","0.0","24.0","0.0",,,
"YXU1","NA","3037852","USP","LEFT HOR HEATER CABLE ASSY","01 HIGH","0.0","108.0","0.0",,,
"YXU1","NA","3043423","USP","FUSE,5 AMP,250V","01 HIGH","0.0","56.0","0.0",,,
"YXU1","NA","3208459","USP","FIELD ATTACHABLE CONNECTOR","01 HIGH","0.0","21.0","0.0",,,
"YXU1","NA","33053","USP","SENSOR CABLE, 5M GREY, M12 FEMALE 8P STRAIGHT TO OPEN ENDED, CONTINUOUS FLEX, PUR-OB","02 MED","1.0",,,,,
"YXU1","NA","3361381","USP","Fork sensor","01 HIGH","0.0","28.0","0.0",,,
"YXU1","NA","3464199","USP","SENSOR, FIBER OPTIC THIN ZERO SPACE, SIDE VIEW TYP","01 HIGH","0.0","24.0","0.0",,,
"YXU1","NA","3466132","USP","PNUEMATIC FITTING","01 HIGH","0.0","28.0","0.0",,,
"YXU1","NA","3466134","USP","ROLLING BEARING  61802-2RS1","01 HIGH","0.0","35.0","0.0",,,
"YXU1","NA","3466138","USP","VERTICAL VPL SERIES, FRAME SIZE 100MM, T WINDING, RATED SPEED 7200-80","01 HIGH","0.0","49.0","0.0",,,
"YXU1","NA","3466140","USP","KINETIX VP LOW INERTIA MOTOR,","01 HIGH","0.0","49.0","0.0",,,
"YXU1","NA","3466144","USP","SERVO DRIVE","01 HIGH","0.0","21.0","0.0",,,
"YXU1","NA","3466145","USP","RIGHT HORIZONTAL SEAL BAR ASSY","01 HIGH","0.0","70.0","0.0",,,
"YXU1","NA","3466147","USP","COMPACT CYLINDER ADN-32-25-I-P-A-S2","01 HIGH","0.0","56.0","0.0",,,
"YXU1","NA","3466149","USP","PIVOT BLOCK","01 HIGH","0.0","70.0","0.0",,,
"YXU1","NA","3466152","USP","SENSOR MOUNT","01 HIGH","0.0","56.0","0.0",,,
"YXU1","NA","3466153","USP","RIGHT VERTICAL SEAL BAR ASSY","01 HIGH","0.0","70.0","0.0","0.0056","1.0",
"YXU1","NA","3466158","USP","SPRING PLUNGER, BALL-NOSE HARD","01 HIGH","0.0","42.0","0.0",,,
"YXU1","NA","3466170","USP","DSNU, BORE 25MM, STROKE 100MM, DOUBLE ACTING, LATERAL AIR,","01 HIGH","0.0","56.0","0.0","0.0056","1.0",
"YXU1","NA","3466204","USP","M8X1.25 X 16 MM LG, STROKE 1.5MM, MAX TEMP. 250C, THREAD-LOCKING, CERAMIC BALL","01 HIGH","0.0","21.0","0.0",,,
"YXU1","NA","3466208","USP","BEARING SPACER; INNER; 20 ID X 27 OD X 5 THICK","01 HIGH","0.0","28.0","0.0",,,
"YXU1","NA","3466223","USP","243TEETH 32 T5/1215","01 HIGH","0.0","42.0","0.0",,,
"YXU1","NA","3466243","USP","LEFT HORIZONTAL SEAL BAR ASSY","01 HIGH","0.0","70.0","0.0",,,
"YXU1","NA","3466247","USP","KINETIX VP MOTOR CABLE","01 HIGH","0.0","70.0","0.0",,,
"YXU1","NA","3466248","USP","PRECISION LINEAR SHAFT, DIA 12","01 HIGH","0.0","28.0","0.0",,,
"YXU1","NA","3466251","USP","PIVOT BLOCK - LEFT HORIZONTAL","01 HIGH","0.0","70.0","0.0",,,
"YXU1","NA","3466258","USP","LEFT VERTICAL SEAL BAR ASSY","01 HIGH","0.0","70.0","0.0",,,
"YXU1","NA","3466261","USP","SHANK THREAD SIZE(M10X1.25), ID 10MM, JAW OPENING W 10MM,","01 HIGH","0.0","21.0","0.0","0.0444","8.0",
"YXU1","NA","3546294","USP","Kinetix VP Motor Cable, 4m","01 HIGH","0.0","70.0","0.0",,,
"YXU1","NA","49225","USP","HEX HEAD CAP SCREW  CTM PM-FAHHSS50557","03 LOW","1.0","14.0","0.0714",,,
"YXU1","NA","49344","USP","Zebra ZE52163-R010000Z Print Engine","03 LOW","0.0",,,"0.0056","1.0",
"YXU1","NA","49345","USP","ZEBRA AIT PART KIT PRINTHEAD 300 DPI ZE521 RH & LH","01 HIGH","7.0",,,"0.0444","8.0",
"YXU1","NA","49346","USP","ZEBRA AIT PART KIT PLATEN, PINCH, & PEEL ROLLERS ZE521 RH & LH","03 LOW","2.0","40.0","0.05",,,
"YXU1","NA","49960","USP","MDC100-050101 DRIVE","03 LOW","1.0","70.0","0.0143",,,
"YXU1","NA","61591","USP","TUBE FITTING, M5 TO 4MM","02 MED","1.0",,,"0.0222","4.0",
"YXU1","NA","72902","USP","kit,motor assy, high speed...","02 MED","0.0",,,,,
"YXU1","NA","76580","USP","PROGRAMMED MAPLE DISPLAY UNIT FOR 3600A APPLICATOR","02 MED","0.0",,,,,
"YXU1","NA","N24793","USP","Slim Electromechanical Relay, SPDT, 6A,24VDC, PCB Terminal, 34 Series","02 MED","2.0",,,"0.0056","1.0",
"YXU1","NA","N37377","USP","SC300-2 SHOCK ABSORBER","02 MED","0.0","14.0","0.0",,,
"YXU1","NA","N37843","USP","REWIND CONTROL/POWER ON RELAY FOR 3600A APPLICATORS - PE-RE1017","02 MED","1.0","7.0","0.1429",,,
"YXU1","NA","N41977","USP","R SERIES BEARING - .750 X 1.625 X .437","01 HIGH","0.0","14.0","0.0",,,
"YXU1","NA","N45907","USP","Valve flow control one way","03 LOW","1.0",,,,,
"YXU1","NA","N53951","USP","RADIAL BALL BEARING","03 LOW","1.0",,,,,
"YXU1","NA","N53964","USP","NEBV-S1G25-K-10-N-LE25-S6 CONNECTING CABLE","02 MED","1.0",,,,,
"YXU1","NA","N53977","USP","I110-E0454 SAFETY SWITCH","02 MED","1.0",,,,,
"YXU1","NA","N53990","USP","LINEAR RAIL","02 MED","1.0",,,,,
"YXU1","NA","N54020","USP","STOPPER BOLT, M6X1.0, L 20MM, WITH HEX SOCKET TIP, STRAIGHT TYPE, BUMPER URETHAN","02 MED","1.0",,,,,
"YXU1","NA","N54024","USP","TAPER-LOCK BUSHING, 1610 22MM BORE","02 MED","1.0",,,,,
"YYC4","NA","1001191","USP","VPL-B1003F-PJ12AA SERVO MOTOR","02 MED","1.0","21.0","0.0476",,,
"YYC4","NA","1001803","USP","Switch, Auxiliary, Supplementary Protector Accessory","02 MED","1.0","40.0","0.025",,,
"YYC4","NA","1002613","USP","VALVE, CHECK VALVE,ASSEMBLY:FLOW CONTROL W/ PILOT CHECK VALVE 1/4 TUBE WITH1/8 T","02 MED","1.0","21.0","0.0476",,,
"YYC4","NA","10043","USP","PLC, CONTROLLER,PROGRAMMABLE:2-1/2 INHT,3-1/2 INWD,1-1/2 INDP,24 V DCVOLT,2.6 MACURRE","02 MED","1.0","28.0","0.0357",,,
"YYC4","NA","1004322","USP","PUSHBUTTON METAL LATCH","02 MED","1.0","21.0","0.0476",,,
"YYC4","NA","10076","USP","UNWIND DANCER ARM UNWIND SPRING","02 MED","2.0","17.0","0.1176",,,
"YYC4","NA","10086","USP","WASHER: CAPTURE CTM PM-FANU30375","02 MED","1.0","18.0","0.0556",,,
"YYC4","NA","10087","USP","THREADED INSERT CTM C-PM-INS1010","02 MED","1.0","14.0","0.0714",,,
"YYC4","NA","10090","USP","Shoulder Screw,18-8 Stainless Steel,3/8"""" Shoulder Dia., 1"""" Shoulder Length,5/16-18 Thread,PK2","02 MED","1.0","24.0","0.0417",,,
"YYC4","NA","10095","USP","FLANGED BUSHING","02 MED","1.0","21.0","0.0476",,,
"YYC4","NA","10096","USP","WASHER: THRUST, BRONZE","02 MED","1.0","34.0","0.0294",,,
"YYC4","NA","10105","USP","SPRING: REWIND CLUTCH, MED DUTY, .97OD X .080 WIRE DIA","02 MED","1.0","28.0","0.0357",,,
"YYC4","NA","10191","USP","THRUST BALL BEARING, 3/4"" ID X 1-5/16"" OD X 9/32"" HT., STEEL","02 MED","1.0","35.0","0.0286",,,
"YYC4","NA","1061198","USP","OLFLEXÂ® VFD SLIM, 14 AWG/4C, REDUCED DIAMETER VFD CABLE WITH ""SURGE GUARD""","02 MED","1.0","45.0","0.0222",,,
"YYC4","NA","1061526","USP","SERVO DRVE AMP JR_AUTO JR0000549642","02 MED","0.0","49.0","0.0","0.0056","1.0",
"YYC4","NA","1063086","USP","SWITCH 2VDC PNP 0.5M LEAD M8 C","02 MED","1.0",,,,,
"YYC4","NA","1069554","USP","POWER IO CABLE M12 FOR COGNEX CONN MODULE W DB9","02 MED","1.0","56.0","0.0179",,,
"YYC4","NA","1071515","USP","Radial/Deep Groove Ball Bearing - Round Bore, 25 mm ID, 42 mm OD, 9 mm Width, Double Shielded, Internal Clearance","02 MED","1.0","14.0","0.0714",,,
"YYC4","NA","1073001","USP","3600 TAMP or SWING HOME SENSOR ASSEMBLY without MOUNT","02 MED","1.0","53.0","0.0189",,,
"YYC4","NA","11082","USP","SMART PACK FILTER REPLACEMENT  (PID)","02 MED","1.0","17.0","0.0588",,,
"YYC4","NA","11147","USP","VHI425A-GV W/ GV4G6","02 MED","1.0","70.0","0.0143",,,
"YYC4","NA","1116318","USP","ULTRASONIC SENSOR, PICO+","02 MED","1.0","50.0","0.02",,,
"YYC4","NA","1124355","USP","FIXED DRAW ROLLER, SMART PAC","02 MED","1.0","100.0","0.01",,,
"YYC4","NA","1124553","USP","POINT I/O, POWER SUPPLY 24VDC","01 HIGH","1.0","14.0","0.0714",,,
"YYC4","NA","11409","USP","TAMPA","02 MED","1.0","25.0","0.04",,,
"YYC4","NA","11519","USP","Zebra Kit Maint Door Open Swch RH/LH","02 MED","1.0","28.0","0.0357",,,
"YYC4","NA","14325","USP","WIRING TOOL required for insertion/extraction @ terminal strip","02 MED","1.0","35.0","0.0286",,,
"YYC4","NA","19978","USP","TIME DELAY FUSE, 30A, CLASS J, 300KA, 600VAC","02 MED","1.0","21.0","0.0476",,,
"YYC4","NA","23103","USP","Time Delay, Cylindrical, Fuse, GDC Series, 250VAC, Indicating (5 PK)","02 MED","1.0","15.0","0.0667",,,
"YYC4","NA","3015435","USP","VERTICAL JAW CABLE MANAGEMENT BACKING PLATE","01 HIGH","1.0","66.0","0.0152",,,
"YYC4","NA","3022931","USP","MALE INSERT 5 PIN","01 HIGH","1.0","66.0","0.0152",,,
"YYC4","NA","3022940","USP","VERTICAL JAW CABLE MANAGEMENT BACKING PLATE","01 HIGH","1.0","38.0","0.0263",,,
"YYC4","NA","3022941","USP","VERTICAL TOP, POWERSONIC MATED M12 + LBO2K","01 HIGH","2.0","70.0","0.0286",,,
"YYC4","NA","3022944","USP","CAPTIVE GUARDING SCREWS","01 HIGH","1.0","24.0","0.0417",,,
"YYC4","NA","3022945","USP","VERTICAL BOTTOM LOAD CELL","01 HIGH","2.0","70.0","0.0286",,,
"YYC4","NA","3022948","USP","FLAT HEAD SOCKET CAP SCREW","01 HIGH","1.0","24.0","0.0417",,,
"YYC4","NA","3022953","USP","GUARDING T-BLOCK","01 HIGH","1.0","24.0","0.0417",,,
"YYC4","NA","3022956","USP","ROTATED CABLE EXIT VERTICAL LOAD CELL HOLDER BLOCK","01 HIGH","1.0","108.0","0.0093",,,
"YYC4","NA","3022957","USP","WASHER, M5, SST","01 HIGH","1.0","24.0","0.0417",,,
"YYC4","NA","3022958","USP","DIVERT PLATE, TOP","01 HIGH","1.0","94.0","0.0106",,,
"YYC4","NA","3022962","USP","DIVERT PLATE, LEFT","01 HIGH","1.0","30.0","0.0333",,,
"YYC4","NA","3022967","USP","ZIP TIES, STANDARD","01 HIGH","0.0","24.0","0.0",,,
"YYC4","NA","3022969","USP","VERTICAL CARTRIDGE HEATER","01 HIGH","1.0","66.0","0.0152",,,
"YYC4","NA","3022977","USP","GUIDED PNUEMATIC CYLINDER DFM-16-125-B-PPV-A-KF","01 HIGH","1.0","25.0","0.04",,,
"YYC4","NA","3022978","USP","LIDAR SENSOR PICS150-01000 core 1","01 HIGH","0.0","95.0","0.0","0.0056","1.0",
"YYC4","NA","3022982","USP","LEFT ISOLATOR PLATE","01 HIGH","1.0","70.0","0.0143",,,
"YYC4","NA","3022985","USP","ROTATED CABLE EXIT HORIZONTAL LOAD CELL HOLDER BLOCK","01 HIGH","1.0","24.0","0.0417",,,
"YYC4","NA","3026266","USP","Control Block","01 HIGH","1.0","60.0","0.0167",,,
"YYC4","NA","3029777","USP","Ring, Centering sleeve ZBH-7-B","01 HIGH","1.0","28.0","0.0357",,,
"YYC4","NA","3029778","USP","CABLE, NIP ROLLER MOTOR SERVO","01 HIGH","0.0","70.0","0.0",,,
"YYC4","NA","3031139","USP","RIGHT HORIZONTAL HEATER CABLE","01 HIGH","1.0","108.0","0.0093",,,
"YYC4","NA","3032133","USP","COMPRESSION SPRING T=1.4 OD=20 ID=17","01 HIGH","1.0","28.0","0.0357",,,
"YYC4","NA","3033957","USP","Ring, Centering sleeve ZBH-5-B","01 HIGH","1.0","28.0","0.0357",,,
"YYC4","NA","3037849","USP","RIGHT VER HEATER CABLE ASSY","01 HIGH","1.0","108.0","0.0093",,,
"YYC4","NA","3037850","USP","ZIP TIES, STANDARD","01 HIGH","0.0","24.0","0.0",,,
"YYC4","NA","3037851","USP","ALTERNATE PLASTIC P-CLIP (MUST DRILL MOUNTING HOLE TO M6)","01 HIGH","1.0","24.0","0.0417",,,
"YYC4","NA","3037852","USP","LEFT HOR HEATER CABLE ASSY","01 HIGH","1.0","108.0","0.0093",,,
"YYC4","NA","3043368","USP","Sensor Cable, 5m Grey, M12 Female 4P Angled to Open Ended, Continuous Flex, PUR","01 HIGH","1.0","21.0","0.0476",,,
"YYC4","NA","3043407","USP","SICK IME2S Series Non-Flush Inductive Non-Contact Safety Switch, 24V dc, Nickel Plated Brass Housing, 2NO, M12","01 HIGH","1.0","35.0","0.0286",,,
"YYC4","NA","33053","USP","SENSOR CABLE, 5M GREY, M12 FEMALE 8P STRAIGHT TO OPEN ENDED, CONTINUOUS FLEX, PUR-OB","02 MED","1.0","21.0","0.0476",,,
"YYC4","NA","3361381","USP","Fork sensor","01 HIGH","1.0","28.0","0.0357",,,
"YYC4","NA","3464199","USP","SENSOR, FIBER OPTIC THIN ZERO SPACE, SIDE VIEW TYP","01 HIGH","1.0","24.0","0.0417",,,
"YYC4","NA","3466132","USP","PNUEMATIC FITTING","01 HIGH","1.0","28.0","0.0357",,,
"YYC4","NA","3466134","USP","ROLLING BEARING  61802-2RS1","01 HIGH","12.0","35.0","0.3429",,,
"YYC4","NA","3466138","USP","VERTICAL VPL SERIES, FRAME SIZE 100MM, T WINDING, RATED SPEED 7200-80","01 HIGH","0.0","49.0","0.0",,,
"YYC4","NA","3466140","USP","KINETIX VP LOW INERTIA MOTOR,","01 HIGH","0.0","49.0","0.0",,,
"YYC4","NA","3466144","USP","SERVO DRIVE","01 HIGH","0.0","21.0","0.0",,,
"YYC4","NA","3466145","USP","RIGHT HORIZONTAL SEAL BAR ASSY","01 HIGH","0.0","70.0","0.0",,,
"YYC4","NA","3466147","USP","COMPACT CYLINDER ADN-32-25-I-P-A-S2","01 HIGH","1.0","56.0","0.0179",,,
"YYC4","NA","3466149","USP","PIVOT BLOCK","01 HIGH","1.0","70.0","0.0143",,,
"YYC4","NA","3466152","USP","SENSOR MOUNT","01 HIGH","1.0","56.0","0.0179",,,
"YYC4","NA","3466153","USP","RIGHT VERTICAL SEAL BAR ASSY","01 HIGH","0.0","70.0","0.0","0.0056","1.0",
"YYC4","NA","3466158","USP","SPRING PLUNGER, BALL-NOSE HARD","01 HIGH","1.0","42.0","0.0238",,,
"YYC4","NA","3466170","USP","DSNU, BORE 25MM, STROKE 100MM, DOUBLE ACTING, LATERAL AIR,","01 HIGH","1.0","56.0","0.0179",,,
"YYC4","NA","3466204","USP","M8X1.25 X 16 MM LG, STROKE 1.5MM, MAX TEMP. 250C, THREAD-LOCKING, CERAMIC BALL","01 HIGH","1.0","21.0","0.0476",,,
"YYC4","NA","3466208","USP","BEARING SPACER; INNER; 20 ID X 27 OD X 5 THICK","01 HIGH","1.0","28.0","0.0357",,,
"YYC4","NA","3466223","USP","243TEETH 32 T5/1215","01 HIGH","1.0","42.0","0.0238",,,
"YYC4","NA","3466243","USP","LEFT HORIZONTAL SEAL BAR ASSY","01 HIGH","0.0","70.0","0.0",,,
"YYC4","NA","3466247","USP","KINETIX VP MOTOR CABLE","01 HIGH","0.0","70.0","0.0",,,
"YYC4","NA","3466248","USP","PRECISION LINEAR SHAFT, DIA 12","01 HIGH","1.0","28.0","0.0357",,,
"YYC4","NA","3466251","USP","PIVOT BLOCK - LEFT HORIZONTAL","01 HIGH","1.0","70.0","0.0143",,,
"YYC4","NA","3466258","USP","LEFT VERTICAL SEAL BAR ASSY","01 HIGH","0.0","70.0","0.0","0.0111","2.0",
"YYC4","NA","3466261","USP","SHANK THREAD SIZE(M10X1.25), ID 10MM, JAW OPENING W 10MM,","01 HIGH","1.0","21.0","0.0476",,,
"YYC4","NA","3546294","USP","Kinetix VP Motor Cable, 4m","01 HIGH","0.0","70.0","0.0",,,
"YYC4","NA","61591","USP","TUBE FITTING, M5 TO 4MM","02 MED","1.0","42.0","0.0238",,,
"YYC4","NA","724166","USP","X-CODED ETHERNET CABLE 2METER","03 LOW","1.0","51.0","0.0196",,,
"YYC4","NA","72902","USP","kit,motor assy, high speed...","02 MED","1.0","40.0","0.025",,,
"YYC4","NA","76580","USP","PROGRAMMED MAPLE DISPLAY UNIT FOR 3600A APPLICATOR","02 MED","1.0","14.0","0.0714",,,
"YYC4","NA","94998","USP","CYLINDER, ISO, PROX, X100MM, DA, MAG C03","02 MED","0.0","49.0","0.0",,,
"YYC4","NA","N37843","USP","REWIND CONTROL/POWER ON RELAY FOR 3600A APPLICATORS - PE-RE1017","02 MED","1.0","14.0","0.0714",,,
"YYC4","NA","N45907","USP","Valve flow control one way","02 MED","1.0","21.0","0.0476",,,
"YYC4","NA","N53951","USP","RADIAL BALL BEARING","02 MED","1.0","42.0","0.0238",,,
"YYC4","NA","N53964","USP","NEBV-S1G25-K-10-N-LE25-S6 CONNECTING CABLE","02 MED","1.0","63.0","0.0159",,,
"YYC4","NA","N53977","USP","I110-E0454 SAFETY SWITCH","02 MED","1.0","70.0","0.0143",,,
"YYC4","NA","N53990","USP","LINEAR RAIL","02 MED","1.0","56.0","0.0179",,,
"YYC4","NA","N54020","USP","STOPPER BOLT, M6X1.0, L 20MM, WITH HEX SOCKET TIP, STRAIGHT TYPE, BUMPER URETHAN","02 MED","1.0","56.0","0.0179",,,
"YYC4","NA","N54024","USP","TAPER-LOCK BUSHING, 1610 22MM BORE","02 MED","1.0","70.0","0.0143",,,
