Region,Ship To Company Code,Order Number,Line Number,APN,APN Description,APN Category,Supplier ID,Supplier Name,Supplier Catalog Part Number,Site,Site Description,Site Location,Order Date,Approval Date,Receipt Date,Due Date,Due Date Based On Lead Time,Criticality,Lead Time Final,Unit Price,Currency,Goods Or Services,Order Status,Line Status,Coupa PO Error Detail,Coupa Integration Status,Coupa Transmission Status,Req Created By ,Ship To Address,Status,Supplier Lead Time,Past Due Days,Ordered Qty,Received Qty,Remaining Qty,OH Qty,Max Qty,Min Qty,Outstanding Amount
NA,2D,2D-22144901,6,3022970,CUTTING KNIFE ASSEMBLY,ASSEMBLY,24216849-758186,ATS CORPORATION,10186289,ABQ1,"AR Sortable FC - Albuquerque, NM",NAMERICA,7/29/26 0:00,7/29/26 0:00,,11/5/26 0:00,9/30/26 0:00,01 HIGH,63,1225,USD,Goods,A,A,,,sent_via_email,EAM,"ABQ1 FC (Albuquerque, NM)",issued,63,0,17,0,17,6,26,25,20825
NA,2D,2D-22144901,2,3022942,"CLAMP, LOOP NYLON 7/8"" X 1 1/2",CLAMP,24216849-758186,ATS CORPORATION,8876T4,ABQ1,"AR Sortable FC - Albuquerque, NM",NAMERICA,7/29/26 0:00,7/29/26 0:00,,11/5/26 0:00,8/19/26 0:00,01 HIGH,21,4500,USD,Goods,A,A,,,sent_via_email,EAM,"ABQ1 FC (Albuquerque, NM)",issued,21,0,3,0,3,0,3,1,13500
NA,2D,2D-21983355,2,3022970,CUTTING KNIFE ASSEMBLY,ASSEMBLY,24216849-758186,ATS CORPORATION,10186289,RIC4,"AR Sortable FC - Richmond, VA",NAMERICA,7/14/26 0:00,7/14/26 0:00,,6/10/27 0:00,9/15/26 0:00,01 HIGH,63,1225,USD,Goods,A,A,,,sent_via_email,EAM,RIC4 Offsite Fastenal,issued,63,0,11,0,11,26,26,25,13475
NA,2D,2D-21773140,1,3022970,CUTTING KNIFE ASSEMBLY,ASSEMBLY,24216849-758186,ATS CORPORATION,10186289,BOS3,"AR Sortable FC - North Andover, MA",NAMERICA,6/24/26 0:00,6/24/26 0:00,,10/3/26 0:00,8/26/26 0:00,01 HIGH,63,1225,USD,Goods,A,A,,,sent_via_email,EAM,"BOS3 Offsite Lindenmeyr Munroe (Londonderry, NH)",issued,63,0,10,0,10,6,35,34,12250
NA,2D,2D-21787761,1,3022970,CUTTING KNIFE ASSEMBLY,ASSEMBLY,24216849-758186,ATS CORPORATION,10186289,BOS3,"AR Sortable FC - North Andover, MA",NAMERICA,6/25/26 0:00,6/25/26 0:00,,10/3/26 0:00,8/27/26 0:00,01 HIGH,63,1225,USD,Goods,A,A,,,sent_via_email,EAM,"BOS3 Offsite Lindenmeyr Munroe (Londonderry, NH)",issued,63,0,10,0,10,6,35,34,12250
NA,2D,2D-20668450,2,3022943,"HORIZONTAL REAR, POWERSONIC MATED M12 + LBO3K",ASSEMBLY,24216849-758186,ATS CORPORATION,10306177,ORF3,"AR Sortable FC - Suffolk, VA",NAMERICA,3/13/26 0:00,3/13/26 0:00,,7/3/26 0:00,7/17/26 0:00,01 HIGH,126,1645,USD,Goods,A,A,,,sent_via_email,EAM,ORF3 Offsite Richmond Express,issued,126,14,6,0,6,4,6,5,9870
NA,2D,2D-20668450,4,3022950,"HORIZONTAL FRONT, POWERSONIC MATED M12 + LBO3K",ASSEMBLY,24216849-758186,ATS CORPORATION,10306173,ORF3,"AR Sortable FC - Suffolk, VA",NAMERICA,3/13/26 0:00,3/13/26 0:00,,7/3/26 0:00,7/17/26 0:00,01 HIGH,126,1645,USD,Goods,A,A,,,sent_via_email,EAM,ORF3 Offsite Richmond Express,issued,126,14,6,0,6,0,6,5,9870
NA,2D,2D-21824020,1,49345,ZEBRA AIT PART KIT PRINTHEAD 300 DPI ZE521 RH & LH,PRINTER,11323275-315106,BARCODE TECHNOLOGIES & SERVICES INC,P1112750-013,BOS3,"AR Sortable FC - North Andover, MA",NAMERICA,6/29/26 0:00,6/29/26 0:00,,7/3/26 0:00,7/6/26 0:00,02 MED,7,889,USD,Goods,A,A,,,sent_via_email,EAM,"BOS3 Offsite Lindenmeyr Munroe (Londonderry, NH)",issued,7,25,11,0,11,2,10,5,9779
NA,2D,2D-21555812,1,3022943,"HORIZONTAL REAR, POWERSONIC MATED M12 + LBO3K",ASSEMBLY,24216849-758186,ATS CORPORATION,10306177,DET6,"AR Sortable FC - Detroit, MI",NAMERICA,6/4/26 0:00,6/4/26 0:00,,8/11/26 0:00,10/8/26 0:00,01 HIGH,126,1550,USD,Goods,A,A,,,sent_via_email,EAM,DET6 AMZL Offsite,issued,126,0,6,0,6,0,6,3,9300
NA,2D,2D-20668450,1,3022941,"VERTICAL TOP, POWERSONIC MATED M12 + LBO2K",ASSEMBLY,24216849-758186,ATS CORPORATION,10306182,ORF3,"AR Sortable FC - Suffolk, VA",NAMERICA,3/13/26 0:00,3/13/26 0:00,,7/3/26 0:00,7/17/26 0:00,01 HIGH,126,1445,USD,Goods,A,A,,,sent_via_email,EAM,ORF3 Offsite Richmond Express,issued,126,14,6,0,6,1,6,5,8670
NA,2D,2D-20668450,3,3022945,"VERTICAL BOT, POWERSONIC MATED M12 + LBO2K",ASSEMBLY,24216849-758186,ATS CORPORATION,10306180,ORF3,"AR Sortable FC - Suffolk, VA",NAMERICA,3/13/26 0:00,3/13/26 0:00,,7/3/26 0:00,7/17/26 0:00,01 HIGH,126,1445,USD,Goods,A,A,,,sent_via_email,EAM,ORF3 Offsite Richmond Express,issued,126,14,6,0,6,1,6,5,8670
NA,2D,2D-20668450,3,3022945,"VERTICAL BOTTOM, POWERSONIC MATED M12 + LBO2K",ASSEMBLY,24216849-758186,ATS CORPORATION,10306180,ORF3,"AR Sortable FC - Suffolk, VA",NAMERICA,3/13/26 0:00,3/13/26 0:00,,7/3/26 0:00,7/17/26 0:00,01 HIGH,126,1445,USD,Goods,A,A,,,sent_via_email,EAM,ORF3 Offsite Richmond Express,issued,126,14,6,0,6,1,6,5,8670
NA,2D,2D-22154508,1,49345,ZEBRA AIT PART KIT PRINTHEAD 300 DPI ZE521 RH & LH,PRINTER,8754978-12396,BARCODESINC,P1112750-013,PVD2,"AR Sortable FC - Johnston, RI",NAMERICA,7/29/26 0:00,7/29/26 0:00,,8/6/26 0:00,8/19/26 0:00,02 MED,21,417.75,USD,Goods,A,A,,,sent_via_email,EAM,"PVD2 FC Sortable (Johnston, RI, US)",issued,21,0,20,0,20,9,13,3,8355
NA,2D,2D-21762962,1,3466258,LEFT VERTICAL SEAL BAR ASSY,HEATER,24216849-758186,ATS CORPORATION,126022550,AKC1,"AR SORTABLE FC - Akron, OH",NAMERICA,6/23/26 0:00,6/23/26 0:00,,7/3/26 0:00,8/25/26 0:00,01 HIGH,63,3875,USD,Goods,A,A,,,sent_via_email,EAM,AKC1 OFFSITE Quickship,issued,63,0,2,0,2,1,2,0,7750
NA,2D,2D-22043214,1,3466258,LEFT VERTICAL SEAL BAR ASSY,HEATER,24216849-758186,ATS CORPORATION,126022550,ORF3,"AR Sortable FC - Suffolk, VA",NAMERICA,7/20/26 0:00,7/20/26 0:00,,9/25/26 0:00,9/21/26 0:00,01 HIGH,63,3875,USD,Goods,A,A,,,sent_via_email,EAM,ORF3 Offsite Richmond Express,issued,63,0,2,0,2,0,2,0,7750
NA,2D,2D-22146122,2,3466258,LEFT VERTICAL SEAL BAR ASSY,HEATER,24216849-758186,ATS CORPORATION,126022550,PDX8,"AR Sortable FC - Woodburn, OR",NAMERICA,7/29/26 0:00,7/29/26 0:00,,11/12/26 0:00,9/30/26 0:00,01 HIGH,63,3875,USD,Goods,A,A,,,sent_via_email,EAM,"PDX8 Sortable FC (Woodburn, OR, US)",issued,63,0,2,0,2,0,2,0,7750
NA,2D,2D-21220434,2,1071516,"BELT, Replacement, 3200 Series Belted End Drive Cleated CONV. with V-guide",BELT,24216849-758186,ATS CORPORATION,7607702,ORF3,"AR Sortable FC - Suffolk, VA",NAMERICA,5/4/26 0:00,5/4/26 0:00,,7/20/26 0:00,7/13/26 0:00,01 HIGH,70,925,USD,Goods,A,A,,,sent_via_email,EAM,ORF3 Offsite Richmond Express,issued,70,18,8,0,8,1,10,9,7400
NA,2D,2D-21745453,2,3022970,CUTTING KNIFE ASSEMBLY,ASSEMBLY,24216849-758186,ATS CORPORATION,10186289,SAV4,"AR Sortable FC - Pooler, GA",NAMERICA,6/22/26 0:00,6/22/26 0:00,,10/3/26 0:00,8/24/26 0:00,01 HIGH,63,1225,USD,Goods,A,A,,,sent_via_email,EAM,"SAV4 FC Sortable (Pent Wentworth, GA)",issued,63,0,6,0,6,15,21,20,7350
NA,2D,2D-20700592,2,3022943,"HORIZONTAL REAR, POWERSONIC MATED M12 + LBO3K",ASSEMBLY,24216849-758186,ATS CORPORATION,10306177,MTN1,"AR Sortable FC - Wilmington, DE",NAMERICA,3/17/26 0:00,3/17/26 0:00,,5/13/26 0:00,7/21/26 0:00,01 HIGH,126,1645,USD,Goods,A,A,,,sent_via_email,EAM,MTN1 Offsite,issued,126,10,4,0,4,0,4,2,6580
NA,2D,2D-20700592,4,3022950,"HORIZONTAL FRONT, POWERSONIC MATED M12 + LBO3K",ASSEMBLY,24216849-758186,ATS CORPORATION,10306173,MTN1,"AR Sortable FC - Wilmington, DE",NAMERICA,3/17/26 0:00,3/17/26 0:00,,5/13/26 0:00,7/21/26 0:00,01 HIGH,126,1645,USD,Goods,A,A,,,sent_via_email,EAM,MTN1 Offsite,issued,126,10,4,0,4,0,4,2,6580
NA,2D,2D-22029426,1,49344,"ZEBRA ZE521-63 RH, ETHERNET PRINT ENGINE",PRINTER,6470518-4521,INTELLIGRATED SYSTEMS LLC,90003814,RIC4,"AR Sortable FC - Richmond, VA",NAMERICA,7/17/26 0:00,7/17/26 0:00,,9/3/26 0:00,8/9/26 0:00,02 MED,23,6041.15,USD,Goods,A,A,,,sent_via_cxml,EAM,RIC4 Offsite Fastenal,issued,23,0,1,0,1,2,3,2,6041.15
NA,2D,2D-22073957,3,49344,"ZEBRA ZE521-63 RH, ETHERNET PRINT ENGINE",PRINTER,6470518-4521,INTELLIGRATED SYSTEMS LLC,90003814,SAV4,"AR Sortable FC - Pooler, GA",NAMERICA,7/22/26 0:00,7/22/26 0:00,,8/24/26 0:00,8/14/26 0:00,01 HIGH,23,6041.15,USD,Goods,A,A,,,sent_via_cxml,EAM,"SAV4 FC Sortable (Pent Wentworth, GA)",issued,23,0,1,0,1,0,2,1,6041.15
NA,2D,2D-22139667,2,49344,"ZEBRA ZE521-63 RH, ETHERNET PRINT ENGINE",PRINTER,6470518-4521,INTELLIGRATED SYSTEMS LLC,90003814,SAV4,"AR Sortable FC - Pooler, GA",NAMERICA,7/28/26 0:00,7/28/26 0:00,,11/8/26 0:00,8/20/26 0:00,01 HIGH,23,6041.15,USD,Goods,A,A,,,sent_via_cxml,EAM,"SAV4 FC Sortable (Pent Wentworth, GA)",issued,23,0,1,0,1,0,2,1,6041.15
NA,2D,2D-20700592,1,3022941,"VERTICAL TOP, POWERSONIC MATED M12 + LBO2K",ASSEMBLY,24216849-758186,ATS CORPORATION,10306182,MTN1,"AR Sortable FC - Wilmington, DE",NAMERICA,3/17/26 0:00,3/17/26 0:00,,5/13/26 0:00,7/21/26 0:00,01 HIGH,126,1445,USD,Goods,A,A,,,sent_via_email,EAM,MTN1 Offsite,issued,126,10,4,0,4,0,2,1,5780
NA,2D,2D-20700592,3,3022945,"VERTICAL BOT, POWERSONIC MATED M12 + LBO2K",ASSEMBLY,24216849-758186,ATS CORPORATION,10306180,MTN1,"AR Sortable FC - Wilmington, DE",NAMERICA,3/17/26 0:00,3/17/26 0:00,,5/13/26 0:00,7/21/26 0:00,01 HIGH,126,1445,USD,Goods,A,A,,,sent_via_email,EAM,MTN1 Offsite,issued,126,10,4,0,4,0,4,2,5780
NA,2D,2D-20700592,3,3022945,"VERTICAL BOTTOM, POWERSONIC MATED M12 + LBO2K",ASSEMBLY,24216849-758186,ATS CORPORATION,10306180,MTN1,"AR Sortable FC - Wilmington, DE",NAMERICA,3/17/26 0:00,3/17/26 0:00,,5/13/26 0:00,7/21/26 0:00,01 HIGH,126,1445,USD,Goods,A,A,,,sent_via_email,EAM,MTN1 Offsite,issued,126,10,4,0,4,0,4,2,5780
NA,2D,2D-20091707,1,49344,"ZEBRA ZE521-63 RH, ETHERNET PRINT ENGINE",PRINTER,17048148-83423,CTM LABELING SYSTEMS,PE-ZE52163-R010000Z-AMZ,SHV1,"AR Sortable FC - Shreveport, LA",NAMERICA,1/19/26 0:00,1/19/26 0:00,,2/19/26 0:00,2/9/26 0:00,02 MED,21,4945,USD,Goods,A,A,,,sent_via_email,EAM,SHV1 OFFSITE,issued,21,172,1,0,1,1,2,1,4945
NA,2D,2D-20281291,1,49344,"ZEBRA ZE521-63 RH, ETHERNET PRINT ENGINE",PRINTER,17048148-83423,CTM LABELING SYSTEMS,PE-ZE52163-R010000Z-AMZ,SHV1,"AR Sortable FC - Shreveport, LA",NAMERICA,2/5/26 0:00,2/5/26 0:00,,3/8/26 0:00,2/26/26 0:00,02 MED,21,4945,USD,Goods,A,A,,,sent_via_email,EAM,SHV1 OFFSITE,issued,21,155,1,0,1,1,2,1,4945
NA,75,5Z-22161766,2,3466258,LEFT VERTICAL SEAL BAR ASSY,HEATER,28177078-800256,ATS CORPORATION,126022550,YYC4,"AR Sortable FC - Calgary, AB",NAMERICA,7/30/26 0:00,7/30/26 0:00,,8/10/26 0:00,10/1/26 0:00,01 HIGH,63,2423.94,USD,Goods,A,A,,,sent_via_email,EAM,YYC4 (75) Offsite Service Master,issued,70,0,2,0,2,0,2,0,4847.88
NA,2D,2D-21589234,3,3466144,SERVO DRIVE,MOTOR,24216849-758186,ATS CORPORATION,6224072,BDL4,"AR Sortable FC - Windsor, CT",NAMERICA,6/8/26 0:00,6/8/26 0:00,,9/7/26 0:00,8/17/26 0:00,01 HIGH,70,4675,USD,Goods,A,A,,,sent_via_email,EAM,BDL4 (2D) OFFSITE (NON INVENTORY),issued,21,0,1,0,1,0,1,0,4675
NA,2D,2D-21756268,1,3466145,RIGHT HORIZONTAL SEAL BAR ASSY,HEATER,24216849-758186,ATS CORPORATION,126029565,SYR1,"AR Sortable FC - Clay, NY",NAMERICA,6/22/26 0:00,6/22/26 0:00,,8/28/26 0:00,8/24/26 0:00,01 HIGH,63,4675,USD,Goods,A,A,,,sent_via_email,EAM,SYR1 Offsite Lindenmeyr Munroe,issued,63,0,1,0,1,0,1,0,4675
NA,2D,2D-21765677,1,3466144,SERVO DRIVE,MOTOR,24216849-758186,ATS CORPORATION,6224072,DAB2,"AR Sortable FC - Daytona Beach, FL",NAMERICA,6/23/26 0:00,6/23/26 0:00,,7/14/26 0:00,9/1/26 0:00,01 HIGH,70,4675,USD,Goods,A,A,,,sent_via_email,EAM,"DAB2 Sortable FC (Daytona, FL, US)",issued,21,0,1,0,1,0,1,0,4675
NA,2D,2D-22062459,1,3466144,SERVO DRIVE,MOTOR,24216849-758186,ATS CORPORATION,6224072,RIC4,"AR Sortable FC - Richmond, VA",NAMERICA,7/21/26 0:00,7/21/26 0:00,,9/29/26 0:00,9/29/26 0:00,01 HIGH,70,4675,USD,Goods,A,A,,,sent_via_email,EAM,RIC4 Offsite Fastenal,issued,21,0,1,0,1,0,2,1,4675
NA,2D,2D-21350259,1,3022943,"HORIZONTAL REAR, POWERSONIC MATED M12 + LBO3K",ASSEMBLY,24216849-758186,ATS CORPORATION,10306177,BOS3,"AR Sortable FC - North Andover, MA",NAMERICA,5/15/26 0:00,5/15/26 0:00,,7/16/26 0:00,9/18/26 0:00,01 HIGH,126,1550,USD,Goods,A,A,,,sent_via_email,EAM,"BOS3 Offsite Lindenmeyr Munroe (Londonderry, NH)",issued,126,0,3,0,3,1,4,2,4650
NA,2D,2D-21350259,3,3022950,"HORIZONTAL FRONT, POWERSONIC MATED M12 + LBO3K",ASSEMBLY,24216849-758186,ATS CORPORATION,10306173,BOS3,"AR Sortable FC - North Andover, MA",NAMERICA,5/15/26 0:00,5/15/26 0:00,,7/16/26 0:00,9/18/26 0:00,01 HIGH,126,1550,USD,Goods,A,A,,,sent_via_email,EAM,"BOS3 Offsite Lindenmeyr Munroe (Londonderry, NH)",issued,126,0,3,0,3,0,4,2,4650
INTL,R5,R5-22132184,2,3022943,"HORIZONTAL REAR, POWERSONIC MATED M12 + LBO3K",ASSEMBLY,105530158-1243146,ATS AUTOMATION TOOLING SYSTEMS GMBH,10306177,POZ2,AR Sortable 450 465k sqft G+3 Gen10,EUROPE,7/28/26 0:00,7/28/26 0:00,,12/15/26 0:00,12/15/26 0:00,01 HIGH,140,1503.63,EUR,Goods,A,A,,,sent_via_email,EAM,"POZ2 FC Non Inventory (Chociule, Poland)",issued,140,0,3,0,3,1,4,2,4510.89
INTL,R5,R5-22132184,3,3022950,"HORIZONTAL FRONT, POWERSONIC MATED M12 + LBO3K",ASSEMBLY,105530158-1243146,ATS AUTOMATION TOOLING SYSTEMS GMBH,10306173,POZ2,AR Sortable 450 465k sqft G+3 Gen10,EUROPE,7/28/26 0:00,7/28/26 0:00,,12/15/26 0:00,12/15/26 0:00,01 HIGH,140,1503.63,EUR,Goods,A,A,,,sent_via_email,EAM,"POZ2 FC Non Inventory (Chociule, Poland)",issued,140,0,3,0,3,1,4,2,4510.89
NA,2D,2D-20120082,1,49344,"ZEBRA ZE521-63 RH, ETHERNET PRINT ENGINE",PRINTER,17048148-83423,CTM LABELING SYSTEMS,PE-ZE52163-R010000Z-AMZ,TLH2,"AR Sortable FC - Tallahassee, FL",NAMERICA,1/21/26 0:00,1/21/26 0:00,,4/15/26 0:00,2/11/26 0:00,01 HIGH,21,4945,USD,Goods,A,A,,,sent_via_email,EAM,"TLH2 Sortable FC (Tallahassee, FL, US)",issued,21,170,0.9039,0,0.9039,0.9039,1,0,4469.7855
NA,2D,2D-20671780,1,3022945,"VERTICAL BOT, POWERSONIC MATED M12 + LBO2K",ASSEMBLY,24216849-758186,ATS CORPORATION,10306180,SHV1,"AR Sortable FC - Shreveport, LA",NAMERICA,3/13/26 0:00,3/13/26 0:00,,4/10/26 0:00,7/17/26 0:00,01 HIGH,126,1440,USD,Goods,A,A,,,sent_via_email,EAM,SHV1 OFFSITE,issued,126,14,3,0,3,0,4,2,4320
NA,2D,2D-20671780,1,3022945,"VERTICAL BOTTOM, POWERSONIC MATED M12 + LBO2K",ASSEMBLY,24216849-758186,ATS CORPORATION,10306180,SHV1,"AR Sortable FC - Shreveport, LA",NAMERICA,3/13/26 0:00,3/13/26 0:00,,4/10/26 0:00,7/17/26 0:00,01 HIGH,126,1440,USD,Goods,A,A,,,sent_via_email,EAM,SHV1 OFFSITE,issued,126,14,3,0,3,0,4,2,4320
NA,2D,2D-21350259,2,3022945,"VERTICAL BOT, POWERSONIC MATED M12 + LBO2K",ASSEMBLY,24216849-758186,ATS CORPORATION,10306180,BOS3,"AR Sortable FC - North Andover, MA",NAMERICA,5/15/26 0:00,5/15/26 0:00,,7/16/26 0:00,9/18/26 0:00,01 HIGH,126,1440,USD,Goods,A,A,,,sent_via_email,EAM,"BOS3 Offsite Lindenmeyr Munroe (Londonderry, NH)",issued,126,0,3,0,3,1,4,2,4320
NA,2D,2D-21350259,2,3022945,"VERTICAL BOTTOM, POWERSONIC MATED M12 + LBO2K",ASSEMBLY,24216849-758186,ATS CORPORATION,10306180,BOS3,"AR Sortable FC - North Andover, MA",NAMERICA,5/15/26 0:00,5/15/26 0:00,,7/16/26 0:00,9/18/26 0:00,01 HIGH,126,1440,USD,Goods,A,A,,,sent_via_email,EAM,"BOS3 Offsite Lindenmeyr Munroe (Londonderry, NH)",issued,126,0,3,0,3,1,4,2,4320
NA,2D,2D-22097209,3,3466153,RIGHT VERTICAL SEAL BAR ASSY,HEATER,24216849-758186,ATS CORPORATION,126022382,SYR1,"AR Sortable FC - Clay, NY",NAMERICA,7/23/26 0:00,7/23/26 0:00,,11/6/26 0:00,9/24/26 0:00,01 HIGH,63,4025,USD,Goods,A,A,,,sent_via_email,EAM,"SYR1 Sortable FC AR (Clay, NY)",issued,63,0,1,0,1,0,1,0,4025
NA,2D,2D-22144901,12,3466153,RIGHT VERTICAL SEAL BAR ASSY,HEATER,24216849-758186,ATS CORPORATION,126022382,ABQ1,"AR Sortable FC - Albuquerque, NM",NAMERICA,7/29/26 0:00,7/29/26 0:00,,11/5/26 0:00,9/30/26 0:00,01 HIGH,63,4025,USD,Goods,A,A,,,sent_via_email,EAM,"ABQ1 FC (Albuquerque, NM)",issued,63,0,1,0,1,1,2,1,4025
NA,2D,2D-21038583,1,49345,ZEBRA AIT PART KIT PRINTHEAD 300 DPI ZE521 RH & LH,PRINTER,24216849-758186,ATS CORPORATION,ZEB-P1112750-013,BOS3,"AR Sortable FC - North Andover, MA",NAMERICA,4/17/26 0:00,4/17/26 0:00,,4/24/26 0:00,6/1/26 0:00,02 MED,45,1299,USD,Goods,A,A,,,sent_via_email,EAM,"BOS3 Offsite Lindenmeyr Munroe (Londonderry, NH)",issued,45,60,3,0,3,2,10,5,3897
NA,2D,2D-21797767,1,3466258,LEFT VERTICAL SEAL BAR ASSY,HEATER,24216849-758186,ATS CORPORATION,126022550,ELP1,"AR Sortable FC - El Paso, TX",NAMERICA,6/25/26 0:00,6/25/26 0:00,,8/31/26 0:00,8/27/26 0:00,01 HIGH,63,3875,USD,Goods,A,A,,,sent_via_email,EAM,ELP1 Offsite Lindenmeyr Munroe,issued,63,0,1,0,1,0,2,1,3875
NA,2D,2D-21927504,2,3466258,LEFT VERTICAL SEAL BAR ASSY,HEATER,24216849-758186,ATS CORPORATION,126022550,SAT3,"AR Sortable FC - San Antonio, TX",NAMERICA,7/8/26 0:00,7/8/26 0:00,,10/23/26 0:00,9/9/26 0:00,01 HIGH,63,3875,USD,Goods,A,A,,,sent_via_email,EAM,SAT3 Offsite Fastenal,issued,63,0,1,0,1,0,1,0,3875
NA,2D,2D-22062643,1,3466258,LEFT VERTICAL SEAL BAR ASSY,HEATER,24216849-758186,ATS CORPORATION,126022550,TLH2,"AR Sortable FC - Tallahassee, FL",NAMERICA,7/21/26 0:00,7/21/26 0:00,,9/28/26 0:00,9/22/26 0:00,01 HIGH,63,3875,USD,Goods,A,A,,,sent_via_email,EAM,"TLH2 Sortable FC (Tallahassee, FL, US)",issued,63,0,1,0,1,0,1,0,3875
NA,2D,2D-22097211,2,3466258,LEFT VERTICAL SEAL BAR ASSY,HEATER,24216849-758186,ATS CORPORATION,126022550,SYR1,"AR Sortable FC - Clay, NY",NAMERICA,7/23/26 0:00,7/23/26 0:00,,9/29/26 0:00,9/24/26 0:00,01 HIGH,63,3875,USD,Goods,A,A,,,sent_via_email,EAM,"SYR1 Sortable FC AR (Clay, NY)",issued,63,0,1,0,1,0,1,0,3875
NA,2D,2D-22103383,1,3466258,LEFT VERTICAL SEAL BAR ASSY,HEATER,24216849-758186,ATS CORPORATION,126022550,ELP1,"AR Sortable FC - El Paso, TX",NAMERICA,7/24/26 0:00,7/24/26 0:00,,10/1/26 0:00,9/25/26 0:00,01 HIGH,63,3875,USD,Goods,A,A,,,sent_via_email,EAM,ELP1 Offsite Lindenmeyr Munroe,issued,63,0,1,0,1,0,2,1,3875
NA,2D,2D-22118522,4,3466258,LEFT VERTICAL SEAL BAR ASSY,HEATER,24216849-758186,ATS CORPORATION,126022550,DET6,"AR Sortable FC - Detroit, MI",NAMERICA,7/27/26 0:00,7/27/26 0:00,,11/30/26 0:00,9/28/26 0:00,01 HIGH,63,3875,USD,Goods,A,A,,,sent_via_email,EAM,DET6 AMZL Offsite,issued,63,0,1,0,1,1,2,0,3875
NA,2D,2D-22140174,2,3466258,LEFT VERTICAL SEAL BAR ASSY,HEATER,24216849-758186,ATS CORPORATION,126022550,ELP1,"AR Sortable FC - El Paso, TX",NAMERICA,7/28/26 0:00,7/28/26 0:00,,11/3/26 0:00,9/29/26 0:00,01 HIGH,63,3875,USD,Goods,A,A,,,sent_via_email,EAM,ELP1 Offsite Lindenmeyr Munroe,issued,63,0,1,0,1,0,2,1,3875
NA,2D,2D-22159450,1,3466258,LEFT VERTICAL SEAL BAR ASSY,HEATER,24216849-758186,ATS CORPORATION,126022550,BOS3,"AR Sortable FC - North Andover, MA",NAMERICA,7/30/26 0:00,7/30/26 0:00,,10/1/26 0:00,10/1/26 0:00,01 HIGH,63,3875,USD,Goods,A,A,,,sent_via_email,EAM,"BOS3 Offsite Lindenmeyr Munroe (Londonderry, NH)",issued,63,0,1,0,1,1,2,1,3875
NA,2D,2D-22160029,11,3466258,LEFT VERTICAL SEAL BAR ASSY,HEATER,24216849-758186,ATS CORPORATION,126022550,BOS3,"AR Sortable FC - North Andover, MA",NAMERICA,7/30/26 0:00,7/30/26 0:00,,11/7/26 0:00,10/1/26 0:00,01 HIGH,63,3875,USD,Goods,A,A,,,sent_via_email,EAM,"BOS3 Offsite Lindenmeyr Munroe (Londonderry, NH)",issued,63,0,1,0,1,1,2,1,3875
INTL,41,41-22118687,1,3022970,CUTTING KNIFE ASSEMBLY,ASSEMBLY,28177078-1085542,ATS CORPORATION,10186289,STN6,ARS650 547k sqft G+3 Gen10,EUROPE,7/27/26 0:00,7/27/26 0:00,,11/9/26 0:00,11/12/26 0:00,01 HIGH,108,1225,USD,Goods,A,A,,,sent_via_email,EAM,"STN6 (41) FC (Northampton, UK)",issued,108,0,3,0,3,1,4,3,3675
NA,2D,2D-21828250,2,3022970,CUTTING KNIFE ASSEMBLY,ASSEMBLY,24216849-758186,ATS CORPORATION,10186289,SBD6,"AR Sortable FC - Ontario, CA",NAMERICA,6/29/26 0:00,6/29/26 0:00,,10/13/26 0:00,8/31/26 0:00,01 HIGH,63,1225,USD,Goods,A,A,,,sent_via_email,EAM,SBD6 Offsite UPS Store,issued,63,0,3,0,3,1,6,4,3675
NA,2D,2D-22029530,1,3466138,"VERTICAL VPL SERIES, FRAME SIZE 100MM, T WINDING, RATED SPEED 7200-80",MOTOR,24216849-758186,ATS CORPORATION,10165067,RIC4,"AR Sortable FC - Richmond, VA",NAMERICA,7/17/26 0:00,7/17/26 0:00,,9/9/26 0:00,9/4/26 0:00,01 HIGH,49,1825,USD,Goods,A,A,,,sent_via_email,EAM,RIC4 Offsite Fastenal,issued,49,0,2,0,2,3,2,1,3650
NA,2D,2D-21787761,4,3466140,HORIZONTAL VPL MOTOR,MOTOR,24216849-758186,ATS CORPORATION,10165068,BOS3,"AR Sortable FC - North Andover, MA",NAMERICA,6/25/26 0:00,6/25/26 0:00,,10/3/26 0:00,10/1/26 0:00,01 HIGH,98,3645,USD,Goods,A,A,,,sent_via_email,EAM,"BOS3 Offsite Lindenmeyr Munroe (Londonderry, NH)",issued,98,0,1,0,1,0,2,1,3645
NA,2D,2D-21507690,1,3022950,"HORIZONTAL FRONT, POWERSONIC MATED M12 + LBO3K",ASSEMBLY,24216849-758186,ATS CORPORATION,10306173,TPA4,"AR Sortable FC - Temple Terrace, FL",NAMERICA,5/31/26 0:00,5/31/26 0:00,,7/28/26 0:00,10/4/26 0:00,01 HIGH,126,1645,USD,Goods,A,A,,,sent_via_email,EAM,"TPA4 Sortable FC ARS (Temple Terrace, FL)",issued,126,0,2,0,2,4,2,1,3290
NA,2D,2D-22097211,1,3466127,DMR-374X SMARTPAC,CAMERA,24216849-758186,ATS CORPORATION,10247289,SYR1,"AR Sortable FC - Clay, NY",NAMERICA,7/23/26 0:00,7/23/26 0:00,,9/29/26 0:00,8/6/26 0:00,01 HIGH,14,1599.36,USD,Goods,A,A,,,sent_via_email,EAM,"SYR1 Sortable FC AR (Clay, NY)",issued,14,0,2,0,2,0,2,1,3198.72
NA,2D,2D-20161593,1,3031139,RIGHT HORIZONTAL HEATER CABLE,CABLE,24216849-758186,ATS CORPORATION,10323535,SAN3,"AR Sortable FC - San Diego, CA",NAMERICA,1/25/26 0:00,1/25/26 0:00,,4/28/26 0:00,2/15/26 0:00,02 MED,21,399,USD,Goods,A,A,,,sent_via_email,EAM,SAN3 Non Inventory Offsite c/o Iron Mountain,issued,21,166,8,0,8,2,8,4,3192
NA,2D,2D-22043369,1,3022945,"VERTICAL BOT, POWERSONIC MATED M12 + LBO2K",ASSEMBLY,24216849-758186,ATS CORPORATION,10306180,AGS1,"AR Sortable FC - Appling, GA",NAMERICA,7/20/26 0:00,7/20/26 0:00,,11/23/26 0:00,11/23/26 0:00,01 HIGH,126,1445,USD,Goods,A,A,,,sent_via_email,EAM,"AGS1 FC IXD (Appling, GA)",issued,126,0,2,0,2,0,2,0,2890
NA,2D,2D-22043369,1,3022945,"VERTICAL BOTTOM, POWERSONIC MATED M12 + LBO2K",ASSEMBLY,24216849-758186,ATS CORPORATION,10306180,AGS1,"AR Sortable FC - Appling, GA",NAMERICA,7/20/26 0:00,7/20/26 0:00,,11/23/26 0:00,11/23/26 0:00,01 HIGH,126,1445,USD,Goods,A,A,,,sent_via_email,EAM,"AGS1 FC IXD (Appling, GA)",issued,126,0,2,0,2,0,2,0,2890
NA,2D,2D-21745453,1,3022945,"VERTICAL BOT, POWERSONIC MATED M12 + LBO2K",ASSEMBLY,24216849-758186,ATS CORPORATION,10306180,SAV4,"AR Sortable FC - Pooler, GA",NAMERICA,6/22/26 0:00,6/22/26 0:00,,10/3/26 0:00,10/26/26 0:00,01 HIGH,126,1440,USD,Goods,A,A,,,sent_via_email,EAM,"SAV4 FC Sortable (Pent Wentworth, GA)",issued,126,0,2,0,2,2,4,2,2880
NA,2D,2D-21745453,1,3022945,"VERTICAL BOTTOM, POWERSONIC MATED M12 + LBO2K",ASSEMBLY,24216849-758186,ATS CORPORATION,10306180,SAV4,"AR Sortable FC - Pooler, GA",NAMERICA,6/22/26 0:00,6/22/26 0:00,,10/3/26 0:00,10/26/26 0:00,01 HIGH,126,1440,USD,Goods,A,A,,,sent_via_email,EAM,"SAV4 FC Sortable (Pent Wentworth, GA)",issued,126,0,2,0,2,2,4,2,2880
NA,2D,2D-21797997,1,3022941,"VERTICAL TOP, POWERSONIC MATED M12 + LBO2K",ASSEMBLY,24216849-758186,ATS CORPORATION,10306182,ELP1,"AR Sortable FC - El Paso, TX",NAMERICA,6/25/26 0:00,6/25/26 0:00,,9/1/26 0:00,10/29/26 0:00,02 MED,126,1440,USD,Goods,A,A,,,sent_via_email,EAM,ELP1 Offsite Lindenmeyr Munroe,issued,126,0,2,0,2,1,4,2,2880
NA,2D,2D-22007497,2,2066701,"50505,MOVING DRAW ROLLER",ROLLER,24216849-758186,ATS CORPORATION,5645393,SCK6,"AR Sortable FC - Tracy, CA",NAMERICA,7/15/26 0:00,7/15/26 0:00,,11/18/26 0:00,9/16/26 0:00,02 MED,63,2825,USD,Goods,A,A,,,sent_via_email,EAM,SCK6 OFFSITE NON-INVENTORY,issued,63,0,1,0,1,0,1,0,2825
NA,2D,2D-21245295,1,3022978,LIDAR SENSOR,SENSOR,24216849-758186,ATS CORPORATION,10304077,BOS3,"AR Sortable FC - North Andover, MA",NAMERICA,5/6/26 0:00,5/6/26 0:00,,8/8/26 0:00,7/15/26 0:00,01 HIGH,70,2675,USD,Goods,A,A,,,sent_via_email,EAM,"BOS3 Offsite Lindenmeyr Munroe (Londonderry, NH)",issued,70,16,1,0,1,0,2,1,2675
NA,2D,2D-21799664,3,3022978,LIDAR SENSOR,SENSOR,24216849-758186,ATS CORPORATION,10304077,SYR1,"AR Sortable FC - Clay, NY",NAMERICA,6/25/26 0:00,6/25/26 0:00,,9/26/26 0:00,9/3/26 0:00,01 HIGH,70,2675,USD,Goods,A,A,,,sent_via_email,EAM,"SYR1 Sortable FC AR (Clay, NY)",issued,70,0,1,0,1,3,2,1,2675
NA,2D,2D-21824152,4,72902,"KIT,MOTOR ASSY,HIGH SPEED 32V2 i-DRIVE W/ APEX GEARBOX",KIT,24216849-758186,ATS CORPORATION,8991873,FSD1,"AR Sortable FC - Sioux Falls, SD",NAMERICA,6/29/26 0:00,6/29/26 0:00,,10/30/26 0:00,10/5/26 0:00,01 HIGH,98,2575,USD,Goods,A,A,,,sent_via_email,EAM,FSD1 Nordica North Offsite,issued,63,0,1,0,1,0,1,0,2575
NA,2D,2D-21869614,1,72902,"KIT,MOTOR ASSY,HIGH SPEED 32V2 i-DRIVE W/ APEX GEARBOX",KIT,24216849-758186,ATS CORPORATION,8991873,DAB2,"AR Sortable FC - Daytona Beach, FL",NAMERICA,7/2/26 0:00,7/2/26 0:00,,11/5/26 0:00,10/8/26 0:00,02 MED,98,2575,USD,Goods,A,A,,,sent_via_email,EAM,"DAB2 Sortable FC (Daytona, FL, US)",issued,63,0,1,0,1,3,2,1,2575
NA,2D,2D-21874669,1,72902,"KIT,MOTOR ASSY,HIGH SPEED 32V2 i-DRIVE W/ APEX GEARBOX",KIT,24216849-758186,ATS CORPORATION,8991873,ORH3,"AR Sortable FC - Charlton, MA",NAMERICA,7/2/26 0:00,7/2/26 0:00,,11/2/26 0:00,10/8/26 0:00,02 MED,98,2575,USD,Goods,A,A,,,sent_via_email,EAM,"ORH3 Sortable FC (Charlton, MA, US)",issued,63,0,1,0,1,1,2,1,2575
NA,2D,2D-22003220,2,72902,"KIT,MOTOR ASSY,HIGH SPEED 32V2 i-DRIVE W/ APEX GEARBOX",KIT,24216849-758186,ATS CORPORATION,8991873,TYS1,"AR Sortable FC - Rockford, TN",NAMERICA,7/15/26 0:00,7/15/26 0:00,,11/16/26 0:00,10/21/26 0:00,02 MED,98,2575,USD,Goods,A,A,,,sent_via_email,EAM,"TYS1 FC Sortable (Rockford, TN)",issued,63,0,1,0,1,0,1,0,2575
NA,2D,2D-22013437,1,72902,"KIT,MOTOR ASSY,HIGH SPEED 32V2 i-DRIVE W/ APEX GEARBOX",KIT,24216849-758186,ATS CORPORATION,8991873,DAB2,"AR Sortable FC - Daytona Beach, FL",NAMERICA,7/16/26 0:00,7/16/26 0:00,,11/19/26 0:00,10/22/26 0:00,02 MED,98,2575,USD,Goods,A,A,,,sent_via_email,EAM,"DAB2 Sortable FC (Daytona, FL, US)",issued,63,0,1,0,1,3,2,1,2575
NA,2D,2D-22140174,1,72902,"KIT,MOTOR ASSY,HIGH SPEED 32V2 i-DRIVE W/ APEX GEARBOX",KIT,24216849-758186,ATS CORPORATION,8991873,ELP1,"AR Sortable FC - El Paso, TX",NAMERICA,7/28/26 0:00,7/28/26 0:00,,11/3/26 0:00,11/3/26 0:00,01 HIGH,98,2575,USD,Goods,A,A,,,sent_via_email,EAM,ELP1 Offsite Lindenmeyr Munroe,issued,63,0,1,0,1,1,2,1,2575
NA,5Z,5Z-22125169,1,49345,ZEBRA AIT PART KIT PRINTHEAD 300 DPI ZE521 RH & LH,PRINTER,8754978-317421,BARCODESINC,P1112750-013,YXU1,"AR Sortable FC - St. Thomas, ON",NAMERICA,7/27/26 0:00,7/27/26 0:00,,8/14/26 0:00,9/25/26 0:00,01 HIGH,60,417.75,USD,Goods,A,A,,,sent_via_email,EAM,YXU1 Offsite (5Z-Order),issued,60,0,6,0,6,7,13,7,2506.5
NA,2D,2D-21748023,1,3022970,CUTTING KNIFE ASSEMBLY,ASSEMBLY,24216849-758186,ATS CORPORATION,10186289,SBD6,"AR Sortable FC - Ontario, CA",NAMERICA,6/22/26 0:00,6/22/26 0:00,,10/5/26 0:00,8/24/26 0:00,01 HIGH,63,1225,USD,Goods,A,A,,,sent_via_email,EAM,SBD6 Offsite UPS Store,issued,63,0,2,0,2,1,6,4,2450
NA,2D,2D-21745453,6,3466258,LEFT VERTICAL SEAL BAR ASSY,HEATER,24216849-758186,ATS CORPORATION,126022550,SAV4,"AR Sortable FC - Pooler, GA",NAMERICA,6/22/26 0:00,6/22/26 0:00,,10/3/26 0:00,8/24/26 0:00,01 HIGH,63,2423.94,USD,Goods,A,A,,,sent_via_email,EAM,"SAV4 FC Sortable (Pent Wentworth, GA)",issued,63,0,1,0,1,1,2,1,2423.94
NA,2D,2D-21745453,5,3466243,LEFT HORIZONTAL SEAL BAR ASSY,HEATER,24216849-758186,ATS CORPORATION,126022658,SAV4,"AR Sortable FC - Pooler, GA",NAMERICA,6/22/26 0:00,6/22/26 0:00,,10/3/26 0:00,8/24/26 0:00,01 HIGH,63,2014,USD,Goods,A,A,,,sent_via_email,EAM,"SAV4 FC Sortable (Pent Wentworth, GA)",issued,63,0,1,0,1,1,2,1,2014
NA,2D,2D-21787761,5,3466243,LEFT HORIZONTAL SEAL BAR ASSY,HEATER,24216849-758186,ATS CORPORATION,126022658,BOS3,"AR Sortable FC - North Andover, MA",NAMERICA,6/25/26 0:00,6/25/26 0:00,,10/3/26 0:00,8/27/26 0:00,01 HIGH,63,2014,USD,Goods,A,A,,,sent_via_email,EAM,"BOS3 Offsite Lindenmeyr Munroe (Londonderry, NH)",issued,63,0,1,0,1,1,2,1,2014
INTL,41,41-22030208,2,72902,"KIT,MOTOR ASSY,HIGH SPEED 32V2 i-DRIVE W/ APEX GEARBOX",KIT,28177078-1085542,ATS CORPORATION,8991873,EMA2,"AR Sortable FC - Mansfield, UK",EUROPE,7/17/26 0:00,7/17/26 0:00,,9/25/26 0:00,9/18/26 0:00,01 HIGH,63,1897.8,GBP,Goods,A,A,,,sent_via_email,EAM,"EMA2 FC Placeholder (Mansfield, UK)",issued,63,0,1,0,1,0,1,0,1897.8
INTL,41,41-22029292,3,3022970,CUTTING KNIFE ASSEMBLY,ASSEMBLY,105531769-1220576,ATS AUTOMATION SOLUTIONS LIMITED,10186289,NCL1,AR Sortable 550 465k sqft G+3 Gen10,EUROPE,7/17/26 0:00,7/17/26 0:00,,11/4/26 0:00,10/9/26 0:00,01 HIGH,84,931,GBP,Goods,A,A,,,sent_via_email,EAM,"NCL1 (41) FC via Stiller Warehousing & Distribution, UK",issued,84,0,2,0,2,4,6,3,1862
NA,2D,2D-21659231,1,1071516,"BELT, Replacement, 3200 Series Belted End Drive Cleated CONV. with V-guide",BELT,24216849-758186,ATS CORPORATION,7607702,OXR1,"AR Sortable FC - Oxnard, CA",NAMERICA,6/14/26 0:00,6/14/26 0:00,,7/13/26 0:00,8/23/26 0:00,02 MED,70,925,USD,Goods,A,A,,,sent_via_email,EAM,OXR1 Offsite The UPS Store,issued,70,0,2,0,2,1,3,1,1850
NA,2D,2D-21787761,3,3466138,"VERTICAL VPL SERIES, FRAME SIZE 100MM, T WINDING, RATED SPEED 7200-80",MOTOR,24216849-758186,ATS CORPORATION,10165067,BOS3,"AR Sortable FC - North Andover, MA",NAMERICA,6/25/26 0:00,6/25/26 0:00,,10/3/26 0:00,8/13/26 0:00,01 HIGH,49,1825,USD,Goods,A,A,,,sent_via_email,EAM,"BOS3 Offsite Lindenmeyr Munroe (Londonderry, NH)",issued,49,0,1,0,1,0,2,1,1825
NA,2D,2D-21951088,9,3464199,FU-53 TZ (5000),SENSOR,24216849-758186,ATS CORPORATION,6428711,MQY1,"AR Sortable FC - Mt. Juliet, TN",NAMERICA,7/9/26 0:00,7/9/26 0:00,,10/1/26 0:00,8/6/26 0:00,02 MED,28,429,USD,Goods,A,A,,,sent_via_email,EAM,"MQY1 FC (Mt. Juliet, TN)",issued,28,0,4,0,4,0,5,2,1716
NA,2D,2D-22127776,1,49345,ZEBRA AIT PART KIT PRINTHEAD 300 DPI ZE521 RH & LH,PRINTER,8754978-12398,BARCODESINC,P1112750-013,SAN3,"AR Sortable FC - San Diego, CA",NAMERICA,7/27/26 0:00,7/27/26 0:00,,8/15/26 0:00,8/10/26 0:00,01 HIGH,14,417.75,USD,Goods,A,A,,,sent_via_cxml,EAM,SAN3 Non Inventory Offsite c/o Iron Mountain,issued,14,0,4,0,4,0,4,2,1671
NA,2D,2D-22137812,1,49345,ZEBRA AIT PART KIT PRINTHEAD 300 DPI ZE521 RH & LH,PRINTER,8754978-12398,BARCODESINC,P1112750-013,DET6,"AR Sortable FC - Detroit, MI",NAMERICA,7/28/26 0:00,7/28/26 0:00,,8/10/26 0:00,8/11/26 0:00,01 HIGH,14,417.75,USD,Goods,A,A,,,sent_via_cxml,EAM,DET6 AMZL Offsite,issued,14,0,4,0,4,0,4,1,1671
NA,2D,2D-22148316,1,3022943,"HORIZONTAL REAR, POWERSONIC MATED M12 + LBO3K",ASSEMBLY,24216849-758186,ATS CORPORATION,10306177,HOU6,"AR Sortable FC - Richmond , TX",NAMERICA,7/29/26 0:00,7/29/26 0:00,,12/2/26 0:00,12/2/26 0:00,01 HIGH,126,1645,USD,Goods,A,A,,,sent_via_email,EAM,HOU6 Shorr Non-Inventory Offsite,issued,126,0,1,0,1,0,2,1,1645
NA,2D,2D-21648407,1,3022982,LEFT ISOLATOR PLATE,PLATE,24216849-758186,ATS CORPORATION,700600362,ORH3,"AR Sortable FC - Charlton, MA",NAMERICA,6/12/26 0:00,6/12/26 0:00,,8/19/26 0:00,8/14/26 0:00,01 HIGH,63,802.94,USD,Goods,A,A,,,sent_via_email,EAM,"ORH3 Sortable FC (Charlton, MA, US)",issued,63,0,2,0,2,5,8,6,1605.88
NA,2D,2D-21704994,1,3022982,LEFT ISOLATOR PLATE,PLATE,24216849-758186,ATS CORPORATION,700600362,SHV1,"AR Sortable FC - Shreveport, LA",NAMERICA,6/17/26 0:00,6/17/26 0:00,,8/10/26 0:00,8/19/26 0:00,01 HIGH,63,802.94,USD,Goods,A,A,,,sent_via_email,EAM,SHV1 OFFSITE,issued,63,0,2,0,2,1,5,3,1605.88
NA,2D,2D-21791990,1,3022982,LEFT ISOLATOR PLATE,PLATE,24216849-758186,ATS CORPORATION,700600362,SHV1,"AR Sortable FC - Shreveport, LA",NAMERICA,6/25/26 0:00,6/25/26 0:00,,8/26/26 0:00,8/27/26 0:00,01 HIGH,63,802.94,USD,Goods,A,A,,,sent_via_email,EAM,SHV1 OFFSITE,issued,63,0,2,0,2,1,5,3,1605.88
NA,2D,2D-21992128,1,3022982,LEFT ISOLATOR PLATE,PLATE,24216849-758186,ATS CORPORATION,700600362,DEN4,"AR Sortable FC - Colorado Springs, CO",NAMERICA,7/14/26 0:00,7/14/26 0:00,,9/15/26 0:00,9/15/26 0:00,01 HIGH,63,802.94,USD,Goods,A,A,,,sent_via_email,EAM,"DEN4 FC (Colorado Springs, CO)",issued,63,0,2,0,2,2,4,2,1605.88
NA,2D,2D-22151495,1,3022982,LEFT ISOLATOR PLATE,PLATE,24216849-758186,ATS CORPORATION,700600362,LUK2,"AR Sortable FC - Union, OH",NAMERICA,7/29/26 0:00,7/29/26 0:00,,9/30/26 0:00,9/30/26 0:00,01 HIGH,63,802.94,USD,Goods,A,A,,,sent_via_email,EAM,LUK2 Offsite,issued,63,0,2,0,2,2,4,2,1605.88
NA,2D,2D-21843723,1,3466127,DMR-374X SMARTPAC,CAMERA,24216849-758186,ATS CORPORATION,10247289,PDX8,"AR Sortable FC - Woodburn, OR",NAMERICA,6/30/26 0:00,6/30/26 0:00,,8/13/26 0:00,7/14/26 0:00,01 HIGH,14,1599.36,USD,Goods,A,A,,,sent_via_email,EAM,"PDX8 Sortable FC (Woodburn, OR, US)",issued,14,17,1,0,1,1,2,1,1599.36
NA,2D,2D-21899740,1,3466127,DMR-374X SMARTPAC,CAMERA,24216849-758186,ATS CORPORATION,10247289,IGQ1,"AR Sortable FC - Markham , IL",NAMERICA,7/6/26 0:00,7/6/26 0:00,,8/16/26 0:00,7/20/26 0:00,01 HIGH,14,1599.36,USD,Goods,A,A,,,sent_via_email,EAM,IGQ1 Offsite UGI Global,issued,14,11,1,0,1,1,2,1,1599.36
NA,2D,2D-21255099,1,3022943,"HORIZONTAL REAR, POWERSONIC MATED M12 + LBO3K",ASSEMBLY,24216849-758186,ATS CORPORATION,10306177,SHV1,"AR Sortable FC - Shreveport, LA",NAMERICA,5/7/26 0:00,5/7/26 0:00,,5/29/26 0:00,9/10/26 0:00,01 HIGH,126,1550,USD,Goods,A,A,,,sent_via_email,EAM,SHV1 OFFSITE,issued,126,0,1,0,1,4,3,2,1550
NA,2D,2D-21255099,2,3022950,"HORIZONTAL FRONT, POWERSONIC MATED M12 + LBO3K",ASSEMBLY,24216849-758186,ATS CORPORATION,10306173,SHV1,"AR Sortable FC - Shreveport, LA",NAMERICA,5/7/26 0:00,5/7/26 0:00,,5/29/26 0:00,9/10/26 0:00,01 HIGH,126,1550,USD,Goods,A,A,,,sent_via_email,EAM,SHV1 OFFSITE,issued,126,0,1,0,1,4,3,2,1550
NA,2D,2D-21307957,1,3022943,"HORIZONTAL REAR, POWERSONIC MATED M12 + LBO3K",ASSEMBLY,24216849-758186,ATS CORPORATION,10306177,SYR1,"AR Sortable FC - Clay, NY",NAMERICA,5/12/26 0:00,5/12/26 0:00,,7/20/26 0:00,9/15/26 0:00,01 HIGH,126,1550,USD,Goods,A,A,,,sent_via_email,EAM,"SYR1 Sortable FC AR (Clay, NY)",issued,126,0,1,0,1,0,1,0,1550
NA,2D,2D-21307959,1,3022950,"HORIZONTAL FRONT, POWERSONIC MATED M12 + LBO3K",ASSEMBLY,24216849-758186,ATS CORPORATION,10306173,SYR1,"AR Sortable FC - Clay, NY",NAMERICA,5/12/26 0:00,5/12/26 0:00,,7/20/26 0:00,9/15/26 0:00,01 HIGH,126,1550,USD,Goods,A,A,,,sent_via_email,EAM,"SYR1 Sortable FC AR (Clay, NY)",issued,126,0,1,0,1,0,1,0,1550
NA,2D,2D-21712072,1,3022978,LIDAR SENSOR,SENSOR,24216849-758186,ATS CORPORATION,10304077,RIC4,"AR Sortable FC - Richmond, VA",NAMERICA,6/18/26 0:00,6/18/26 0:00,,8/31/26 0:00,8/27/26 0:00,01 HIGH,70,1550,USD,Goods,A,A,,,sent_via_email,EAM,RIC4 Offsite Fastenal,issued,70,0,1,0,1,3,2,1,1550
NA,2D,2D-21745226,1,3022978,LIDAR SENSOR,SENSOR,24216849-758186,ATS CORPORATION,10304077,RIC4,"AR Sortable FC - Richmond, VA",NAMERICA,6/22/26 0:00,6/22/26 0:00,,9/21/26 0:00,8/31/26 0:00,01 HIGH,70,1550,USD,Goods,A,A,,,sent_via_email,EAM,RIC4 Offsite Fastenal,issued,70,0,1,0,1,3,2,1,1550
NA,2D,2D-21745453,3,3022978,LIDAR SENSOR,SENSOR,24216849-758186,ATS CORPORATION,10304077,SAV4,"AR Sortable FC - Pooler, GA",NAMERICA,6/22/26 0:00,6/22/26 0:00,,10/3/26 0:00,8/31/26 0:00,01 HIGH,70,1550,USD,Goods,A,A,,,sent_via_email,EAM,"SAV4 FC Sortable (Pent Wentworth, GA)",issued,70,0,1,0,1,0,2,1,1550
NA,2D,2D-21787761,2,3022978,LIDAR SENSOR,SENSOR,24216849-758186,ATS CORPORATION,10304077,BOS3,"AR Sortable FC - North Andover, MA",NAMERICA,6/25/26 0:00,6/25/26 0:00,,10/3/26 0:00,9/3/26 0:00,01 HIGH,70,1550,USD,Goods,A,A,,,sent_via_email,EAM,"BOS3 Offsite Lindenmeyr Munroe (Londonderry, NH)",issued,70,0,1,0,1,0,2,1,1550
NA,2D,2D-21815508,1,3022978,LIDAR SENSOR,SENSOR,24216849-758186,ATS CORPORATION,10304077,ABQ1,"AR Sortable FC - Albuquerque, NM",NAMERICA,6/26/26 0:00,6/26/26 0:00,,9/28/26 0:00,9/4/26 0:00,01 HIGH,70,1550,USD,Goods,A,A,,,sent_via_email,EAM,"ABQ1 FC (Albuquerque, NM)",issued,70,0,1,0,1,1,2,1,1550
NA,2D,2D-21912417,1,3022978,LIDAR SENSOR,SENSOR,24216849-758186,ATS CORPORATION,10304077,SAT3,"AR Sortable FC - San Antonio, TX",NAMERICA,7/7/26 0:00,7/7/26 0:00,,10/6/26 0:00,9/15/26 0:00,01 HIGH,70,1550,USD,Goods,A,A,,,sent_via_email,EAM,SAT3 Offsite Fastenal,issued,70,0,1,0,1,0,2,1,1550
NA,2D,2D-21927540,2,3022978,LIDAR SENSOR,SENSOR,24216849-758186,ATS CORPORATION,10304077,SAT3,"AR Sortable FC - San Antonio, TX",NAMERICA,7/8/26 0:00,7/8/26 0:00,,10/10/26 0:00,9/16/26 0:00,01 HIGH,70,1550,USD,Goods,A,A,,,sent_via_email,EAM,SAT3 Offsite Fastenal,issued,70,0,1,0,1,0,2,1,1550
NA,2D,2D-21994613,2,3022978,LIDAR SENSOR,SENSOR,24216849-758186,ATS CORPORATION,10304077,ELP1,"AR Sortable FC - El Paso, TX",NAMERICA,7/14/26 0:00,7/14/26 0:00,,9/22/26 0:00,9/22/26 0:00,02 MED,70,1550,USD,Goods,A,A,,,sent_via_email,EAM,ELP1 Offsite Lindenmeyr Munroe,issued,70,0,1,0,1,1,2,1,1550
NA,2D,2D-22061636,1,3022978,LIDAR SENSOR,SENSOR,24216849-758186,ATS CORPORATION,10304077,SYR1,"AR Sortable FC - Clay, NY",NAMERICA,7/21/26 0:00,7/21/26 0:00,,10/24/26 0:00,9/29/26 0:00,01 HIGH,70,1550,USD,Goods,A,A,,,sent_via_email,EAM,"SYR1 Sortable FC AR (Clay, NY)",issued,70,0,1,0,1,3,2,1,1550
NA,2D,2D-22111688,1,3022978,LIDAR SENSOR,SENSOR,24216849-758186,ATS CORPORATION,10304077,SAV4,"AR Sortable FC - Pooler, GA",NAMERICA,7/26/26 0:00,7/26/26 0:00,,10/29/26 0:00,10/4/26 0:00,01 HIGH,70,1550,USD,Goods,A,A,,,sent_via_email,EAM,"SAV4 FC Sortable (Pent Wentworth, GA)",issued,70,0,1,0,1,0,2,1,1550
NA,2D,2D-21686910,1,3022945,"VERTICAL BOT, POWERSONIC MATED M12 + LBO2K",ASSEMBLY,24216849-758186,ATS CORPORATION,10306180,ORD5,"AR Sortable FC - Matteson, IL",NAMERICA,6/16/26 0:00,6/16/26 0:00,,8/25/26 0:00,10/20/26 0:00,01 HIGH,126,1445,USD,Goods,A,A,,,sent_via_email,EAM,ORD5 Offsite UGI Global,issued,126,0,1,0,1,1,3,2,1445
NA,2D,2D-21686910,1,3022945,"VERTICAL BOTTOM, POWERSONIC MATED M12 + LBO2K",ASSEMBLY,24216849-758186,ATS CORPORATION,10306180,ORD5,"AR Sortable FC - Matteson, IL",NAMERICA,6/16/26 0:00,6/16/26 0:00,,8/25/26 0:00,10/20/26 0:00,01 HIGH,126,1445,USD,Goods,A,A,,,sent_via_email,EAM,ORD5 Offsite UGI Global,issued,126,0,1,0,1,1,3,2,1445
NA,2D,2D-21889503,1,3022945,"VERTICAL BOT, POWERSONIC MATED M12 + LBO2K",ASSEMBLY,24216849-758186,ATS CORPORATION,10306180,SCK6,"AR Sortable FC - Tracy, CA",NAMERICA,7/3/26 0:00,7/3/26 0:00,,11/6/26 0:00,11/6/26 0:00,01 HIGH,126,1445,USD,Goods,A,A,,,sent_via_email,EAM,SCK6 OFFSITE NON-INVENTORY,issued,126,0,1,0,1,0,1,0,1445
NA,2D,2D-21889503,1,3022945,"VERTICAL BOTTOM, POWERSONIC MATED M12 + LBO2K",ASSEMBLY,24216849-758186,ATS CORPORATION,10306180,SCK6,"AR Sortable FC - Tracy, CA",NAMERICA,7/3/26 0:00,7/3/26 0:00,,11/6/26 0:00,11/6/26 0:00,01 HIGH,126,1445,USD,Goods,A,A,,,sent_via_email,EAM,SCK6 OFFSITE NON-INVENTORY,issued,126,0,1,0,1,0,1,0,1445
NA,2D,2D-21973613,1,3022941,"VERTICAL TOP, POWERSONIC MATED M12 + LBO2K",ASSEMBLY,24216849-758186,ATS CORPORATION,10306182,SHV1,"AR Sortable FC - Shreveport, LA",NAMERICA,7/13/26 0:00,7/13/26 0:00,,11/16/26 0:00,11/16/26 0:00,01 HIGH,126,1445,USD,Goods,A,A,,,sent_via_email,EAM,SHV1 OFFSITE,issued,126,0,1,0,1,0,3,2,1445
NA,2D,2D-22007497,9,3022941,"VERTICAL TOP, POWERSONIC MATED M12 + LBO2K",ASSEMBLY,24216849-758186,ATS CORPORATION,10306182,SCK6,"AR Sortable FC - Tracy, CA",NAMERICA,7/15/26 0:00,7/15/26 0:00,,11/18/26 0:00,11/18/26 0:00,01 HIGH,126,1445,USD,Goods,A,A,,,sent_via_email,EAM,SCK6 OFFSITE NON-INVENTORY,issued,126,0,1,0,1,0,1,0,1445
NA,2D,2D-22020786,1,3022941,"VERTICAL TOP, POWERSONIC MATED M12 + LBO2K",ASSEMBLY,24216849-758186,ATS CORPORATION,10306182,SBD6,"AR Sortable FC - Ontario, CA",NAMERICA,7/16/26 0:00,7/16/26 0:00,,11/19/26 0:00,11/19/26 0:00,01 HIGH,126,1445,USD,Goods,A,A,,,sent_via_email,EAM,SBD6 Offsite UPS Store,issued,126,0,1,0,1,0,4,2,1445
NA,2D,2D-22054094,2,3022941,"VERTICAL TOP, POWERSONIC MATED M12 + LBO2K",ASSEMBLY,24216849-758186,ATS CORPORATION,10306182,HOU6,"AR Sortable FC - Richmond , TX",NAMERICA,7/20/26 0:00,7/20/26 0:00,,11/23/26 0:00,11/23/26 0:00,01 HIGH,126,1445,USD,Goods,A,A,,,sent_via_email,EAM,HOU6 Shorr Non-Inventory Offsite,issued,126,0,1,0,1,4,2,1,1445
NA,2D,2D-22078004,2,3022945,"VERTICAL BOT, POWERSONIC MATED M12 + LBO2K",ASSEMBLY,24216849-758186,ATS CORPORATION,10306180,MQY1,"AR Sortable FC - Mt. Juliet, TN",NAMERICA,7/22/26 0:00,7/22/26 0:00,,11/25/26 0:00,11/25/26 0:00,01 HIGH,126,1445,USD,Goods,A,A,,,sent_via_email,EAM,"MQY1 FC (Mt. Juliet, TN)",issued,126,0,1,0,1,0,1,0,1445
NA,2D,2D-22078004,2,3022945,"VERTICAL BOTTOM, POWERSONIC MATED M12 + LBO2K",ASSEMBLY,24216849-758186,ATS CORPORATION,10306180,MQY1,"AR Sortable FC - Mt. Juliet, TN",NAMERICA,7/22/26 0:00,7/22/26 0:00,,11/25/26 0:00,11/25/26 0:00,01 HIGH,126,1445,USD,Goods,A,A,,,sent_via_email,EAM,"MQY1 FC (Mt. Juliet, TN)",issued,126,0,1,0,1,0,1,0,1445
NA,2D,2D-22118522,2,3022945,"VERTICAL BOT, POWERSONIC MATED M12 + LBO2K",ASSEMBLY,24216849-758186,ATS CORPORATION,10306180,DET6,"AR Sortable FC - Detroit, MI",NAMERICA,7/27/26 0:00,7/27/26 0:00,,11/30/26 0:00,11/30/26 0:00,01 HIGH,126,1445,USD,Goods,A,A,,,sent_via_email,EAM,DET6 AMZL Offsite,issued,126,0,1,0,1,0,4,2,1445
NA,2D,2D-22118522,2,3022945,"VERTICAL BOTTOM, POWERSONIC MATED M12 + LBO2K",ASSEMBLY,24216849-758186,ATS CORPORATION,10306180,DET6,"AR Sortable FC - Detroit, MI",NAMERICA,7/27/26 0:00,7/27/26 0:00,,11/30/26 0:00,11/30/26 0:00,01 HIGH,126,1445,USD,Goods,A,A,,,sent_via_email,EAM,DET6 AMZL Offsite,issued,126,0,1,0,1,0,4,2,1445
NA,2D,2D-22148316,2,3022945,"VERTICAL BOT, POWERSONIC MATED M12 + LBO2K",ASSEMBLY,24216849-758186,ATS CORPORATION,10306180,HOU6,"AR Sortable FC - Richmond , TX",NAMERICA,7/29/26 0:00,7/29/26 0:00,,12/2/26 0:00,12/2/26 0:00,01 HIGH,126,1445,USD,Goods,A,A,,,sent_via_email,EAM,HOU6 Shorr Non-Inventory Offsite,issued,126,0,1,0,1,0,2,1,1445
NA,2D,2D-22148316,2,3022945,"VERTICAL BOTTOM, POWERSONIC MATED M12 + LBO2K",ASSEMBLY,24216849-758186,ATS CORPORATION,10306180,HOU6,"AR Sortable FC - Richmond , TX",NAMERICA,7/29/26 0:00,7/29/26 0:00,,12/2/26 0:00,12/2/26 0:00,01 HIGH,126,1445,USD,Goods,A,A,,,sent_via_email,EAM,HOU6 Shorr Non-Inventory Offsite,issued,126,0,1,0,1,0,2,1,1445
NA,2D,2D-21307960,1,3022945,"VERTICAL BOT, POWERSONIC MATED M12 + LBO2K",ASSEMBLY,24216849-758186,ATS CORPORATION,10306180,SYR1,"AR Sortable FC - Clay, NY",NAMERICA,5/12/26 0:00,5/12/26 0:00,,7/20/26 0:00,9/15/26 0:00,01 HIGH,126,1440,USD,Goods,A,A,,,sent_via_email,EAM,"SYR1 Sortable FC AR (Clay, NY)",issued,126,0,1,0,1,0,1,0,1440
NA,2D,2D-21307960,1,3022945,"VERTICAL BOTTOM, POWERSONIC MATED M12 + LBO2K",ASSEMBLY,24216849-758186,ATS CORPORATION,10306180,SYR1,"AR Sortable FC - Clay, NY",NAMERICA,5/12/26 0:00,5/12/26 0:00,,7/20/26 0:00,9/15/26 0:00,01 HIGH,126,1440,USD,Goods,A,A,,,sent_via_email,EAM,"SYR1 Sortable FC AR (Clay, NY)",issued,126,0,1,0,1,0,1,0,1440
NA,2D,2D-21665589,1,3022941,"VERTICAL TOP, POWERSONIC MATED M12 + LBO2K",ASSEMBLY,24216849-758186,ATS CORPORATION,10306182,SHV1,"AR Sortable FC - Shreveport, LA",NAMERICA,6/15/26 0:00,6/15/26 0:00,,8/17/26 0:00,10/19/26 0:00,01 HIGH,126,1440,USD,Goods,A,A,,,sent_via_email,EAM,SHV1 OFFSITE,issued,126,0,1,0,1,0,3,2,1440
NA,2D,2D-21666187,1,3022941,"VERTICAL TOP, POWERSONIC MATED M12 + LBO2K",ASSEMBLY,24216849-758186,ATS CORPORATION,10306182,SYR1,"AR Sortable FC - Clay, NY",NAMERICA,6/15/26 0:00,6/15/26 0:00,,8/21/26 0:00,10/19/26 0:00,01 HIGH,126,1440,USD,Goods,A,A,,,sent_via_email,EAM,"SYR1 Sortable FC AR (Clay, NY)",issued,126,0,1,0,1,1,2,1,1440
NA,2D,2D-21704827,1,3022941,"VERTICAL TOP, POWERSONIC MATED M12 + LBO2K",ASSEMBLY,24216849-758186,ATS CORPORATION,10306182,SHV1,"AR Sortable FC - Shreveport, LA",NAMERICA,6/17/26 0:00,6/17/26 0:00,,8/19/26 0:00,10/21/26 0:00,01 HIGH,126,1440,USD,Goods,A,A,,,sent_via_email,EAM,SHV1 OFFSITE,issued,126,0,1,0,1,0,3,2,1440
INTL,F8,F8-21997534,1,3022982,LEFT ISOLATOR PLATE,PLATE,105530158-1222756,ATS AUTOMATION TOOLING SYSTEMS GMBH,700600362,MXP6,AR Sortable 450 465k sqft G+3 Gen10,EUROPE,7/15/26 0:00,7/15/26 0:00,,9/4/26 0:00,9/23/26 0:00,01 HIGH,70,703.15,EUR,Goods,A,A,,,sent_via_email,EAM,"MXP6 XPO (F8) FC San Pietro Mosezzo, Novara, IT",issued,70,0,2,0,2,0,1,0,1406.3
NA,2D,2D-22089607,3,49345,ZEBRA AIT PART KIT PRINTHEAD 300 DPI ZE521 RH & LH,PRINTER,17048148-83423,CTM LABELING SYSTEMS,ZEB-P1112750-013,ORF4,ORF4 - AR Sortable FC - Virginia Beach,NAMERICA,7/23/26 0:00,7/23/26 0:00,,8/18/26 0:00,8/13/26 0:00,02 MED,21,1364,USD,Goods,A,A,,,sent_via_email,EAM,ORF4 Offsite C/O Richmond Express,issued,21,0,1,0,1,0,4,3,1364
NA,2D,2D-22116093,1,49345,ZEBRA AIT PART KIT PRINTHEAD 300 DPI ZE521 RH & LH,PRINTER,17048148-83423,CTM LABELING SYSTEMS,ZEB-P1112750-013,ORF4,ORF4 - AR Sortable FC - Virginia Beach,NAMERICA,7/27/26 0:00,7/27/26 0:00,,7/31/26 0:00,8/17/26 0:00,02 MED,21,1364,USD,Goods,A,A,,,sent_via_email,EAM,ORF4 Offsite C/O Richmond Express,issued,21,0,1,0,1,0,4,3,1364
NA,2D,2D-21898661,1,49345,ZEBRA AIT PART KIT PRINTHEAD 300 DPI ZE521 RH & LH,PRINTER,24216849-758186,ATS CORPORATION,ZEB-P1112750-013,MTN1,"AR Sortable FC - Wilmington, DE",NAMERICA,7/6/26 0:00,7/6/26 0:00,,7/11/26 0:00,8/20/26 0:00,01 HIGH,45,1299,USD,Goods,A,A,,,sent_via_email,EAM,MTN1 Offsite,issued,45,0,1,0,1,1,2,1,1299
NA,5Z,5Z-20789404,2,49345,ZEBRA AIT PART KIT PRINTHEAD 300 DPI ZE521 RH & LH,PRINTER,25788798-777942,CTM LABELING SYSTEMS,ZEB-P1112750-013,YEG2,"AR Sortable FC - Acheson, AB",NAMERICA,3/25/26 0:00,3/25/26 0:00,,4/22/26 0:00,4/8/26 0:00,02 MED,14,1299,USD,Goods,A,A,,,sent_via_email,EAM,YEG2 Offsite (5Z),issued,14,114,1,0,1,12,9,5,1299
NA,2D,2D-21896187,2,3464199,FU-53 TZ (5000),SENSOR,24216849-758186,ATS CORPORATION,6428711,ORF3,"AR Sortable FC - Suffolk, VA",NAMERICA,7/6/26 0:00,7/6/26 0:00,,9/14/26 0:00,8/3/26 0:00,02 MED,28,429,USD,Goods,A,A,,,sent_via_email,EAM,ORF3 Offsite Richmond Express,issued,28,0,3,0,3,2,5,2,1287
NA,2D,2D-22052724,1,49345,ZEBRA AIT PART KIT PRINTHEAD 300 DPI ZE521 RH & LH,PRINTER,8754978-12398,BARCODESINC,P1112750-013,SHV1,"AR Sortable FC - Shreveport, LA",NAMERICA,7/20/26 0:00,7/20/26 0:00,,8/23/26 0:00,8/3/26 0:00,02 MED,14,417.75,USD,Goods,A,A,,,sent_via_cxml,EAM,SHV1 OFFSITE,issued,14,0,3,0,3,1,4,1,1253.25
NA,2D,2D-22127830,1,49345,ZEBRA AIT PART KIT PRINTHEAD 300 DPI ZE521 RH & LH,PRINTER,8754978-12398,BARCODESINC,P1112750-013,OMA2,"AR Sortable FC - Omaha, NE",NAMERICA,7/27/26 0:00,7/27/26 0:00,,8/24/26 0:00,8/10/26 0:00,02 MED,14,417.75,USD,Goods,A,A,,,sent_via_cxml,EAM,OMA2 Offsite Veritiv Omaha,issued,14,0,3,0,3,0,3,1,1253.25
NA,2D,2D-22133326,1,49345,ZEBRA AIT PART KIT PRINTHEAD 300 DPI ZE521 RH & LH,PRINTER,8754978-12398,BARCODESINC,P1112750-013,DEN4,"AR Sortable FC - Colorado Springs, CO",NAMERICA,7/28/26 0:00,7/28/26 0:00,,8/3/26 0:00,8/11/26 0:00,01 HIGH,14,417.75,USD,Goods,A,A,,,sent_via_cxml,EAM,"DEN4 FC (Colorado Springs, CO)",issued,14,0,3,0,3,0,3,1,1253.25
NA,2D,2D-22164753,1,49345,ZEBRA AIT PART KIT PRINTHEAD 300 DPI ZE521 RH & LH,PRINTER,8754978-12398,BARCODESINC,P1112750-013,TYS1,"AR Sortable FC - Rockford, TN",NAMERICA,7/30/26 0:00,7/30/26 0:00,,8/27/26 0:00,8/13/26 0:00,01 HIGH,14,417.75,USD,Goods,A,A,,,sent_via_cxml,EAM,"TYS1 FC Sortable (Rockford, TN)",issued,14,0,3,0,3,0,4,1,1253.25
NA,2D,2D-21533718,1,49960,"CONTROLLER ASSY, 3200 I-DRIVE,SPCL ",ASSEMBLY,24216849-758186,ATS CORPORATION,75129320,OXR1,"AR Sortable FC - Oxnard, CA",NAMERICA,6/2/26 0:00,6/2/26 0:00,,6/26/26 0:00,6/23/26 0:00,02 MED,21,1245.92,USD,Goods,A,A,,,sent_via_email,EAM,OXR1 Offsite The UPS Store,issued,21,38,1,0,1,0,2,1,1245.92
NA,2D,2D-22121471,2,49960,"CONTROLLER ASSY, 3200 I-DRIVE,SPCL ",ASSEMBLY,24216849-758186,ATS CORPORATION,75129320,OXR1,"AR Sortable FC - Oxnard, CA",NAMERICA,7/27/26 0:00,7/27/26 0:00,,9/15/26 0:00,8/17/26 0:00,02 MED,21,1245.92,USD,Goods,A,A,,,sent_via_email,EAM,OXR1 Offsite The UPS Store,issued,21,0,1,0,1,0,2,1,1245.92
NA,2D,2D-21311755,1,3022970,CUTTING KNIFE ASSEMBLY,ASSEMBLY,24216849-758186,ATS CORPORATION,10186289,OXR1,"AR Sortable FC - Oxnard, CA",NAMERICA,5/12/26 0:00,5/12/26 0:00,,8/23/26 0:00,7/14/26 0:00,01 HIGH,63,1225,USD,Goods,A,A,,,sent_via_email,EAM,OXR1 Offsite The UPS Store,issued,63,17,1,0,1,1,5,4,1225
NA,2D,2D-21438720,1,3022970,CUTTING KNIFE ASSEMBLY,ASSEMBLY,24216849-758186,ATS CORPORATION,10186289,OXR1,"AR Sortable FC - Oxnard, CA",NAMERICA,5/24/26 0:00,5/24/26 0:00,,9/7/26 0:00,7/26/26 0:00,01 HIGH,63,1225,USD,Goods,A,A,,,sent_via_email,EAM,OXR1 Offsite The UPS Store,issued,63,5,1,0,1,1,5,4,1225
NA,2D,2D-21750927,1,3022970,CUTTING KNIFE ASSEMBLY,ASSEMBLY,24216849-758186,ATS CORPORATION,10186289,ABQ1,"AR Sortable FC - Albuquerque, NM",NAMERICA,6/22/26 0:00,6/22/26 0:00,,10/4/26 0:00,8/24/26 0:00,01 HIGH,63,1225,USD,Goods,A,A,,,sent_via_email,EAM,"ABQ1 FC (Albuquerque, NM)",issued,63,0,1,0,1,6,26,25,1225
NA,2D,2D-21881348,1,3022970,CUTTING KNIFE ASSEMBLY,ASSEMBLY,24216849-758186,ATS CORPORATION,10186289,ABQ1,"AR Sortable FC - Albuquerque, NM",NAMERICA,7/3/26 0:00,7/3/26 0:00,,10/18/26 0:00,9/4/26 0:00,01 HIGH,63,1225,USD,Goods,A,A,,,sent_via_email,EAM,"ABQ1 FC (Albuquerque, NM)",issued,63,0,1,0,1,6,26,25,1225
NA,2D,2D-21914272,2,3022970,CUTTING KNIFE ASSEMBLY,ASSEMBLY,24216849-758186,ATS CORPORATION,10186289,OXR1,"AR Sortable FC - Oxnard, CA",NAMERICA,7/7/26 0:00,7/7/26 0:00,,10/18/26 0:00,9/8/26 0:00,01 HIGH,63,1225,USD,Goods,A,A,,,sent_via_email,EAM,OXR1 Offsite The UPS Store,issued,63,0,1,0,1,1,5,4,1225
NA,2D,2D-21944299,1,3022970,CUTTING KNIFE ASSEMBLY,ASSEMBLY,24216849-758186,ATS CORPORATION,10186289,PAE2,"AR Sortable FC - Arlington, WA",NAMERICA,7/9/26 0:00,7/9/26 0:00,,10/25/26 0:00,9/10/26 0:00,01 HIGH,63,1225,USD,Goods,A,A,,,sent_via_email,EAM,"PAE2 FC Sortable (Arlington, WA, US)",issued,63,0,1,0,1,6,26,25,1225
NA,2D,2D-21947873,1,3022970,CUTTING KNIFE ASSEMBLY,ASSEMBLY,24216849-758186,ATS CORPORATION,10186289,OXR1,"AR Sortable FC - Oxnard, CA",NAMERICA,7/9/26 0:00,7/9/26 0:00,,10/25/26 0:00,9/10/26 0:00,01 HIGH,63,1225,USD,Goods,A,A,,,sent_via_email,EAM,OXR1 Offsite The UPS Store,issued,63,0,1,0,1,1,5,4,1225
NA,2D,2D-22000127,1,3022970,CUTTING KNIFE ASSEMBLY,ASSEMBLY,24216849-758186,ATS CORPORATION,10186289,ABQ1,"AR Sortable FC - Albuquerque, NM",NAMERICA,7/15/26 0:00,7/15/26 0:00,,10/30/26 0:00,9/16/26 0:00,01 HIGH,63,1225,USD,Goods,A,A,,,sent_via_email,EAM,"ABQ1 FC (Albuquerque, NM)",issued,63,0,1,0,1,6,26,25,1225
NA,2D,2D-22132523,1,3022970,CUTTING KNIFE ASSEMBLY,ASSEMBLY,24216849-758186,ATS CORPORATION,10186289,PAE2,"AR Sortable FC - Arlington, WA",NAMERICA,7/28/26 0:00,7/28/26 0:00,,11/8/26 0:00,9/29/26 0:00,01 HIGH,63,1225,USD,Goods,A,A,,,sent_via_email,EAM,"PAE2 FC Sortable (Arlington, WA, US)",issued,63,0,1,0,1,6,26,25,1225
NA,2D,2D-22160029,9,3361381,Fife DSE Series Sensor Cable Straight Connectors Digital signal cable from DSE sensors to controller 5 Meters (16 Feet) Long,CABLE,24216849-758186,ATS CORPORATION,10240027,BOS3,"AR Sortable FC - North Andover, MA",NAMERICA,7/30/26 0:00,7/30/26 0:00,,11/7/26 0:00,8/27/26 0:00,01 HIGH,28,579.54,USD,Goods,A,A,,,sent_via_email,EAM,"BOS3 Offsite Lindenmeyr Munroe (Londonderry, NH)",issued,28,0,2,0,2,0,2,1,1159.08
NA,2D,2D-20834154,1,3022934,SHOCK ABSORBERS,SPRING,24216849-758186,ATS CORPORATION,2846384,ORF3,"AR Sortable FC - Suffolk, VA",NAMERICA,3/30/26 0:00,3/30/26 0:00,,5/11/26 0:00,5/11/26 0:00,01 HIGH,42,45,USD,Goods,A,A,,,sent_via_email,EAM,ORF3 Offsite Richmond Express,issued,42,81,25,0,25,0,25,10,1125
INTL,F8,F8-22159008,1,3022970,CUTTING KNIFE ASSEMBLY,ASSEMBLY,105530158-1222756,ATS AUTOMATION TOOLING SYSTEMS GMBH,10186289,MXP6,AR Sortable 450 465k sqft G+3 Gen10,EUROPE,7/30/26 0:00,7/30/26 0:00,,11/14/26 0:00,11/15/26 0:00,01 HIGH,108,1066.69,EUR,Goods,A,A,,,sent_via_email,EAM,"MXP6 XPO (F8) FC San Pietro Mosezzo, Novara, IT",issued,108,0,1,0,1,2,4,3,1066.69
NA,2D,2D-21334250,9,3022969,VERTICAL CARTRIDGE HEATER,ASSEMBLY,24216849-758186,ATS CORPORATION,10221149,SAV4,"AR Sortable FC - Pooler, GA",NAMERICA,5/14/26 0:00,5/14/26 0:00,,8/24/26 0:00,7/30/26 0:00,01 HIGH,77,529,USD,,A,A,,,sent_via_email,EAM,"SAV4 FC Sortable (Pent Wentworth, GA)",issued,77,1,2,0,2,1,3,1,1058
NA,2D,2D-21334250,9,3022969,VERTICAL CARTRIDGE HEATER,ASSEMBLY,24216849-758186,ATS CORPORATION,10221149,SAV4,"AR Sortable FC - Pooler, GA",NAMERICA,5/14/26 0:00,5/14/26 0:00,,8/24/26 0:00,7/30/26 0:00,01 HIGH,77,529,USD,Goods,A,A,,,sent_via_email,EAM,"SAV4 FC Sortable (Pent Wentworth, GA)",issued,77,1,2,0,2,1,3,1,1058
NA,2D,2D-21334250,9,3022969,VERTICAL CARTRIDGE HEATER,HEATER,24216849-758186,ATS CORPORATION,10221149,SAV4,"AR Sortable FC - Pooler, GA",NAMERICA,5/14/26 0:00,5/14/26 0:00,,8/24/26 0:00,7/30/26 0:00,01 HIGH,77,529,USD,,A,A,,,sent_via_email,EAM,"SAV4 FC Sortable (Pent Wentworth, GA)",issued,77,1,2,0,2,1,3,1,1058
NA,2D,2D-21334250,9,3022969,VERTICAL CARTRIDGE HEATER,HEATER,24216849-758186,ATS CORPORATION,10221149,SAV4,"AR Sortable FC - Pooler, GA",NAMERICA,5/14/26 0:00,5/14/26 0:00,,8/24/26 0:00,7/30/26 0:00,01 HIGH,77,529,USD,Goods,A,A,,,sent_via_email,EAM,"SAV4 FC Sortable (Pent Wentworth, GA)",issued,77,1,2,0,2,1,3,1,1058
NA,2D,2D-19839507,1,49960,"CONTROLLER ASSY, 3200 I-DRIVE,SPCL ",ASSEMBLY,17046845-895303,MOTION INDUSTRIES INC,7566070,DEN4,"AR Sortable FC - Colorado Springs, CO",NAMERICA,12/22/25 0:00,12/22/25 0:00,,1/9/26 0:00,1/15/26 0:00,01 HIGH,24,1045.59,USD,Goods,A,A,,,sent_via_cxml,EAM,"DEN4 FC (Colorado Springs, CO)",issued,24,197,1,0,1,2,3,2,1045.59
NA,2D,2D-21682512,1,1116318,"SENSOR, PROXIMITY pico+35/F/A Straight / Inline",SENSOR,24216849-758186,ATS CORPORATION,7617927,BWI2,"AR Sortable FC - Baltimore, MD",NAMERICA,6/16/26 0:00,6/16/26 0:00,,7/22/26 0:00,7/28/26 0:00,02 MED,42,479,USD,Goods,A,A,,,sent_via_email,EAM,BWI2 Offsite Belts Logistics Services,issued,42,3,2,0,2,1,2,1,958
NA,2D,2D-19905815,1,10043,"PLC, CONTROLLER,PROGRAMMABLE:2-1/2 INHT,3-1/2 INWD,1-1/2 INDP,24 V DCVOLT,2.6 MACURRE",PLC,24216849-758186,ATS CORPORATION,MP-PLC1046,ORF4,ORF4 - AR Sortable FC - Virginia Beach,NAMERICA,12/30/25 0:00,12/30/25 0:00,,6/30/26 0:00,1/14/26 0:00,02 MED,15,478.5,USD,Goods,A,A,,,sent_via_email,EAM,ORF4 Offsite Richmond Express,issued,15,198,2,0,2,0,2,1,957
NA,2D,2D-22131540,1,1071516,"BELT, Replacement, 3200 Series Belted End Drive Cleated CONV. with V-guide",BELT,24216849-758186,ATS CORPORATION,7607702,ORF3,"AR Sortable FC - Suffolk, VA",NAMERICA,7/28/26 0:00,7/28/26 0:00,,11/12/26 0:00,10/6/26 0:00,01 HIGH,70,925,USD,Goods,A,A,,,sent_via_email,EAM,ORF3 Offsite Richmond Express,issued,70,0,1,0,1,1,10,9,925
NA,2D,2D-21178321,1,49345,ZEBRA AIT PART KIT PRINTHEAD 300 DPI ZE521 RH & LH,PRINTER,8754978-12398,BARCODESINC,P1112750-013,PVD2,"AR Sortable FC - Johnston, RI",NAMERICA,4/30/26 0:00,4/30/26 0:00,,8/25/26 0:00,5/14/26 0:00,02 MED,14,417.75,USD,Goods,A,A,,,sent_via_cxml,EAM,"PVD2 FC Sortable (Johnston, RI, US)",issued,14,78,2,0,2,9,13,3,835.5
NA,2D,2D-22119568,1,49345,ZEBRA AIT PART KIT PRINTHEAD 300 DPI ZE521 RH & LH,PRINTER,8754978-12398,BARCODESINC,P1112750-013,PDX8,"AR Sortable FC - Woodburn, OR",NAMERICA,7/27/26 0:00,7/27/26 0:00,,8/7/26 0:00,8/10/26 0:00,02 MED,14,417.75,USD,Goods,A,A,,,sent_via_cxml,EAM,"PDX8 Sortable FC (Woodburn, OR, US)",issued,14,0,2,0,2,2,4,2,835.5
NA,2D,2D-21745453,4,3022983,RIGHT ISOLATOR PLATE,PLATE,24216849-758186,ATS CORPORATION,700600465,SAV4,"AR Sortable FC - Pooler, GA",NAMERICA,6/22/26 0:00,6/22/26 0:00,,10/3/26 0:00,8/31/26 0:00,01 HIGH,70,802.94,USD,Goods,A,A,,,sent_via_email,EAM,"SAV4 FC Sortable (Pent Wentworth, GA)",issued,70,0,1,0,1,7,8,7,802.94
NA,2D,2D-21789476,1,3022982,LEFT ISOLATOR PLATE,PLATE,24216849-758186,ATS CORPORATION,700600362,SAV4,"AR Sortable FC - Pooler, GA",NAMERICA,6/25/26 0:00,6/25/26 0:00,,9/2/26 0:00,8/27/26 0:00,01 HIGH,63,802.94,USD,Goods,A,A,,,sent_via_email,EAM,"SAV4 FC Sortable (Pent Wentworth, GA)",issued,63,0,1,0,1,7,8,7,802.94
NA,2D,2D-21815389,4,3466204,"M8X1.25 X 16 MM LG, STROKE 1.5MM, MAX TEMP. 250C, THREAD-LOCKING, CERAMIC BALL",SPRING,24216849-758186,ATS CORPORATION,10224141,ORH3,"AR Sortable FC - Charlton, MA",NAMERICA,6/26/26 0:00,6/26/26 0:00,,8/8/26 0:00,7/17/26 0:00,01 HIGH,21,25,USD,Goods,A,A,,,sent_via_email,EAM,"ORH3 Sortable FC (Charlton, MA, US)",issued,21,14,31,0,31,1,32,1,775
NA,75,5Z-21667237,1,3022985,ROTATED CABLE EXIT HORIZONTAL LOAD CELL HOLDER BLOCK,BRACKET,28177078-800256,ATS CORPORATION,700650573,YYC4,"AR Sortable FC - Calgary, AB",NAMERICA,6/15/26 0:00,6/15/26 0:00,,6/19/26 0:00,7/9/26 0:00,01 HIGH,24,379,USD,Goods,A,A,,,sent_via_email,EAM,YYC4 (75) Offsite Service Master,issued,24,22,2,0,2,0,2,1,758
NA,2D,2D-21734896,1,3022934,SHOCK ABSORBERS,SPRING,24216849-758186,ATS CORPORATION,2846384,ELP1,"AR Sortable FC - El Paso, TX",NAMERICA,6/19/26 0:00,6/19/26 0:00,,7/26/26 0:00,7/31/26 0:00,02 MED,42,45,USD,Goods,A,A,,,sent_via_email,EAM,ELP1 Offsite Lindenmeyr Munroe,issued,42,0,16,0,16,0,20,10,720
NA,75,5Z-22051397,1,49346,"ZEBRA AIT PART KIT PLATEN, PINCH, & PEEL ROLLERS ZE521 RH & LH",PRINTER,25788798-777942,CTM LABELING SYSTEMS,ZEB-P1112750-040,YHM1,"AR Sortable FC - Hamilton, ON",NAMERICA,7/20/26 0:00,7/20/26 0:00,,8/7/26 0:00,8/29/26 0:00,03 LOW,40,358,USD,Goods,A,A,,,sent_via_email,EAM,YHM1 Offsite -Traffic Tech,issued,40,0,2,0,2,0,2,1,716
INTL,F8,F8-21997534,2,3022982,LEFT ISOLATOR PLATE,PLATE,105530158-1222756,ATS AUTOMATION TOOLING SYSTEMS GMBH,700600362,MXP6,AR Sortable 450 465k sqft G+3 Gen10,EUROPE,7/15/26 0:00,7/15/26 0:00,,9/4/26 0:00,9/23/26 0:00,01 HIGH,70,703.15,EUR,Goods,A,A,,,sent_via_email,EAM,"MXP6 XPO (F8) FC San Pietro Mosezzo, Novara, IT",issued,70,0,1,0,1,0,1,0,703.15
INTL,R5,R5-22025316,1,3022982,LEFT ISOLATOR PLATE,PLATE,105530158-1243146,ATS AUTOMATION TOOLING SYSTEMS GMBH,700600362,POZ2,AR Sortable 450 465k sqft G+3 Gen10,EUROPE,7/17/26 0:00,7/17/26 0:00,,9/21/26 0:00,9/11/26 0:00,01 HIGH,56,703.15,EUR,Goods,A,A,,,sent_via_email,EAM,"POZ2 FC Non Inventory (Chociule, Poland)",issued,56,0,1,0,1,0,1,0,703.15
INTL,F8,F8-21997537,2,3022970,CUTTING KNIFE ASSEMBLY,ASSEMBLY,105530158-1222756,ATS AUTOMATION TOOLING SYSTEMS GMBH,10186289,MXP6,AR Sortable 450 465k sqft G+3 Gen10,EUROPE,7/15/26 0:00,7/15/26 0:00,,9/25/26 0:00,10/31/26 0:00,01 HIGH,108,702.68,EUR,Goods,A,A,,,sent_via_email,EAM,"MXP6 XPO (F8) FC San Pietro Mosezzo, Novara, IT",issued,108,0,1,0,1,2,4,3,702.68
NA,5Z,5Z-21310826,3,49346,"ZEBRA AIT PART KIT PLATEN, PINCH, & PEEL ROLLERS ZE521 RH & LH",PRINTER,25788798-777942,CTM LABELING SYSTEMS,ZEB-P1112750-040,YEG2,"AR Sortable FC - Acheson, AB",NAMERICA,5/12/26 0:00,5/12/26 0:00,,6/12/26 0:00,6/21/26 0:00,02 MED,40,338,USD,Goods,A,A,,,sent_via_email,EAM,YEG2 Offsite (5Z),issued,40,40,2,0,2,1,4,2,676
NA,2D,2D-19880487,2,49346,"ZEBRA AIT PART KIT PLATEN, PINCH, & PEEL ROLLERS ZE521 RH & LH",PRINTER,24216849-758186,ATS CORPORATION,ZEB-P1112750-040,ORF4,ORF4 - AR Sortable FC - Virginia Beach,NAMERICA,12/26/25 0:00,12/26/25 0:00,,7/15/26 0:00,1/3/26 0:00,02 MED,8,307,USD,,A,A,,,sent_via_email,EAM,ORF4 Offsite Richmond Express,issued,8,209,2,0,2,5,4,3,614
NA,2D,2D-19880487,2,49346,"ZEBRA AIT PART KIT PLATEN, PINCH, & PEEL ROLLERS ZE521 RH & LH",PRINTER,24216849-758186,ATS CORPORATION,ZEB-P1112750-040,ORF4,ORF4 - AR Sortable FC - Virginia Beach,NAMERICA,12/26/25 0:00,12/26/25 0:00,,7/15/26 0:00,1/3/26 0:00,02 MED,8,307,USD,Goods,A,A,,,sent_via_email,EAM,ORF4 Offsite Richmond Express,issued,8,209,2,0,2,5,4,3,614
NA,2D,2D-21784520,6,49346,"ZEBRA AIT PART KIT PLATEN, PINCH, & PEEL ROLLERS ZE521 RH & LH",PRINTER,24216849-758186,ATS CORPORATION,ZEB-P1112750-040,SYR1,"AR Sortable FC - Clay, NY",NAMERICA,6/24/26 0:00,6/24/26 0:00,,9/1/26 0:00,7/2/26 0:00,01 HIGH,8,307,USD,Goods,A,A,,,sent_via_email,EAM,"SYR1 Sortable FC AR (Clay, NY)",issued,8,29,2,0,2,1,3,1,614
NA,2D,2D-21728387,1,3361381,Fife DSE Series Sensor Cable Straight Connectors Digital signal cable from DSE sensors to controller 5 Meters (16 Feet) Long,CABLE,24216849-758186,ATS CORPORATION,10240027,PDX8,"AR Sortable FC - Woodburn, OR",NAMERICA,6/19/26 0:00,6/19/26 0:00,,7/15/26 0:00,7/17/26 0:00,01 HIGH,28,579.54,USD,Goods,A,A,,,sent_via_email,EAM,"PDX8 Sortable FC (Woodburn, OR, US)",issued,28,14,1,0,1,1,2,1,579.54
NA,2D,2D-21892322,3,3022969,VERTICAL CARTRIDGE HEATER,ASSEMBLY,24216849-758186,ATS CORPORATION,10221149,DAB2,"AR Sortable FC - Daytona Beach, FL",NAMERICA,7/5/26 0:00,7/5/26 0:00,,11/22/26 0:00,9/20/26 0:00,01 HIGH,77,529,USD,Goods,A,A,,,sent_via_email,EAM,"DAB2 Sortable FC (Daytona, FL, US)",issued,77,0,1,0,1,1,2,1,529
NA,2D,2D-21892322,3,3022969,VERTICAL CARTRIDGE HEATER,HEATER,24216849-758186,ATS CORPORATION,10221149,DAB2,"AR Sortable FC - Daytona Beach, FL",NAMERICA,7/5/26 0:00,7/5/26 0:00,,11/22/26 0:00,9/20/26 0:00,01 HIGH,77,529,USD,Goods,A,A,,,sent_via_email,EAM,"DAB2 Sortable FC (Daytona, FL, US)",issued,77,0,1,0,1,1,2,1,529
NA,2D,2D-21271619,1,3015435,HORIZONTAL CARTRIDGE HEATER,HEATER,24216849-758186,ATS CORPORATION,10186299,TPA4,"AR Sortable FC - Temple Terrace, FL",NAMERICA,5/8/26 0:00,5/8/26 0:00,,7/22/26 0:00,7/24/26 0:00,02 MED,77,499,USD,Goods,A,A,,,sent_via_email,EAM,"TPA4 Sortable FC ARS (Temple Terrace, FL)",issued,77,7,1,0,1,2,2,1,499
NA,2D,2D-21423792,1,3015435,HORIZONTAL CARTRIDGE HEATER,HEATER,24216849-758186,ATS CORPORATION,10186299,ORH3,"AR Sortable FC - Charlton, MA",NAMERICA,5/21/26 0:00,5/21/26 0:00,,7/1/26 0:00,8/6/26 0:00,01 HIGH,77,499,USD,Goods,A,A,,,sent_via_email,EAM,"ORH3 Sortable FC (Charlton, MA, US)",issued,77,0,1,0,1,1,2,1,499
NA,2D,2D-21648324,1,3015435,HORIZONTAL CARTRIDGE HEATER,HEATER,24216849-758186,ATS CORPORATION,10186299,PVD2,"AR Sortable FC - Johnston, RI",NAMERICA,6/12/26 0:00,6/12/26 0:00,,8/15/26 0:00,8/28/26 0:00,01 HIGH,77,499,USD,Goods,A,A,,,sent_via_email,EAM,PVD2 Offsite Rhody Transportation & Warehousing,issued,77,0,1,0,1,1,2,1,499
NA,2D,2D-21785316,1,3015435,HORIZONTAL CARTRIDGE HEATER,HEATER,24216849-758186,ATS CORPORATION,10186299,ORD5,"AR Sortable FC - Matteson, IL",NAMERICA,6/24/26 0:00,6/24/26 0:00,,8/28/26 0:00,9/9/26 0:00,01 HIGH,77,499,USD,Goods,A,A,,,sent_via_email,EAM,"ORD5 Sortable FC (Matteson, IL)",issued,77,0,1,0,1,1,2,1,499
NA,2D,2D-20864815,1,10043,"PLC, CONTROLLER,PROGRAMMABLE:2-1/2 INHT,3-1/2 INWD,1-1/2 INDP,24 V DCVOLT,2.6 MACURRE",PLC,12278686-11857,CTM LABELING SYSTEMS,MP-PLC1046,OMA2,"AR Sortable FC - Omaha, NE",NAMERICA,4/1/26 0:00,4/1/26 0:00,,4/27/26 0:00,5/3/26 0:00,02 MED,32,478.5,USD,Goods,A,A,,,sent_via_email,EAM,OMA2 Offsite Veritiv Omaha,issued,32,89,1,0,1,1,1,0,478.5
NA,2D,2D-21800513,1,10043,"PLC, CONTROLLER,PROGRAMMABLE:2-1/2 INHT,3-1/2 INWD,1-1/2 INDP,24 V DCVOLT,2.6 MACURRE",PLC,17048148-83423,CTM LABELING SYSTEMS,MP-PLC1046,MLI1,"AR Sortable FC - Davenport, IA",NAMERICA,6/25/26 0:00,6/25/26 0:00,,7/16/26 0:00,7/2/26 0:00,02 MED,7,478.5,USD,Goods,A,A,,,sent_via_email,EAM,MLI1 Maher Offsite,issued,7,29,1,0,1,0,1,0,478.5
NA,2D,2D-21945920,1,3022934,SHOCK ABSORBERS,SPRING,24216849-758186,ATS CORPORATION,2846384,TLH2,"AR Sortable FC - Tallahassee, FL",NAMERICA,7/9/26 0:00,7/9/26 0:00,,9/10/26 0:00,8/20/26 0:00,01 HIGH,42,45,USD,Goods,A,A,,,sent_via_email,EAM,"TLH2 Sortable FC (Tallahassee, FL, US)",issued,42,0,10,0,10,9,10,3,450
NA,5Z,5Z-21905433,1,1061778,PHOTO SENSOR M12 4P LIGHT-ON 24VDC PNP NPN BACKGROUND SUPPRESSION,SENSOR,28177078-800256,ATS CORPORATION,5444137,YXU1,"AR Sortable FC - St. Thomas, ON",NAMERICA,7/6/26 0:00,7/6/26 0:00,,7/31/26 0:00,8/17/26 0:00,01 HIGH,42,219,USD,Goods,A,A,,,sent_via_email,EAM,YXU1 Offsite (5Z-Order),issued,35,0,2,0,2,0,2,0,438
NA,5Z,5Z-21905433,1,1061778,Photo sensor M12 4p light-on 24Vdc pnp npn background suppression,SENSOR,28177078-800256,ATS CORPORATION,5444137,YXU1,"AR Sortable FC - St. Thomas, ON",NAMERICA,7/6/26 0:00,7/6/26 0:00,,7/31/26 0:00,8/17/26 0:00,01 HIGH,42,219,USD,Goods,A,A,,,sent_via_email,EAM,YXU1 Offsite (5Z-Order),issued,35,0,2,0,2,0,2,0,438
NA,2D,2D-21710974,1,3464199,FU-53 TZ (5000),SENSOR,24216849-758186,ATS CORPORATION,6428711,ABQ1,"AR Sortable FC - Albuquerque, NM",NAMERICA,6/18/26 0:00,6/18/26 0:00,,7/1/26 0:00,7/16/26 0:00,02 MED,28,429,USD,Goods,A,A,,,sent_via_email,EAM,"ABQ1 FC (Albuquerque, NM)",issued,28,15,1,0,1,2,3,2,429
NA,2D,2D-21784520,4,3029778,"CABLE, NIP ROLLER MOTOR SERVO",CABLE,24216849-758186,ATS CORPORATION,5296533,SYR1,"AR Sortable FC - Clay, NY",NAMERICA,6/24/26 0:00,6/24/26 0:00,,9/1/26 0:00,8/26/26 0:00,01 HIGH,63,429,USD,Goods,A,A,,,sent_via_email,EAM,"SYR1 Sortable FC AR (Clay, NY)",issued,63,0,1,0,1,0,1,0,429
NA,2D,2D-21799664,5,3029778,"CABLE, NIP ROLLER MOTOR SERVO",CABLE,24216849-758186,ATS CORPORATION,5296533,SYR1,"AR Sortable FC - Clay, NY",NAMERICA,6/25/26 0:00,6/25/26 0:00,,9/26/26 0:00,8/27/26 0:00,01 HIGH,63,429,USD,Goods,A,A,,,sent_via_email,EAM,"SYR1 Sortable FC AR (Clay, NY)",issued,63,0,1,0,1,0,1,0,429
NA,2D,2D-21817553,1,3464199,FU-53 TZ (5000),SENSOR,24216849-758186,ATS CORPORATION,6428711,HOU6,"AR Sortable FC - Richmond , TX",NAMERICA,6/27/26 0:00,6/27/26 0:00,,7/20/26 0:00,7/25/26 0:00,01 HIGH,28,429,USD,Goods,A,A,,,sent_via_email,EAM,HOU6 Shorr Non-Inventory Offsite,issued,28,6,1,0,1,0,2,1,429
NA,2D,2D-21951088,6,3029778,"CABLE, NIP ROLLER MOTOR SERVO",CABLE,24216849-758186,ATS CORPORATION,5296533,MQY1,"AR Sortable FC - Mt. Juliet, TN",NAMERICA,7/9/26 0:00,7/9/26 0:00,,10/1/26 0:00,9/10/26 0:00,01 HIGH,63,429,USD,Goods,A,A,,,sent_via_email,EAM,"MQY1 FC (Mt. Juliet, TN)",issued,63,0,1,0,1,0,1,0,429
NA,2D,2D-22027963,1,3464199,FU-53 TZ (5000),SENSOR,24216849-758186,ATS CORPORATION,6428711,TYS1,"AR Sortable FC - Rockford, TN",NAMERICA,7/17/26 0:00,7/17/26 0:00,,8/14/26 0:00,8/14/26 0:00,01 HIGH,28,429,USD,Goods,A,A,,,sent_via_email,EAM,"TYS1 FC Sortable (Rockford, TN)",issued,28,0,1,0,1,1,2,1,429
NA,2D,2D-22031898,1,3464199,FU-53 TZ (5000),SENSOR,24216849-758186,ATS CORPORATION,6428711,MLI1,"AR Sortable FC - Davenport, IA",NAMERICA,7/17/26 0:00,7/17/26 0:00,,8/14/26 0:00,8/14/26 0:00,03 LOW,28,429,USD,Goods,A,A,,,sent_via_email,EAM,MLI1 Maher Offsite,issued,28,0,1,0,1,2,3,2,429
NA,2D,2D-22042325,2,3029778,"CABLE, NIP ROLLER MOTOR SERVO",CABLE,24216849-758186,ATS CORPORATION,5296533,SAT3,"AR Sortable FC - San Antonio, TX",NAMERICA,7/20/26 0:00,7/20/26 0:00,,10/12/26 0:00,9/21/26 0:00,01 HIGH,63,429,USD,Goods,A,A,,,sent_via_email,EAM,SAT3 Offsite Fastenal,issued,63,0,1,0,1,0,1,0,429
NA,2D,2D-22051767,4,3029778,"CABLE, NIP ROLLER MOTOR SERVO",CABLE,24216849-758186,ATS CORPORATION,5296533,TPA4,"AR Sortable FC - Temple Terrace, FL",NAMERICA,7/20/26 0:00,7/20/26 0:00,,11/2/26 0:00,9/21/26 0:00,01 HIGH,63,429,USD,Goods,A,A,,,sent_via_email,EAM,"TPA4 Sortable FC ARS (Temple Terrace, FL)",issued,63,0,1,0,1,0,1,0,429
NA,2D,2D-22076338,1,49345,ZEBRA AIT PART KIT PRINTHEAD 300 DPI ZE521 RH & LH,PRINTER,8754978-12398,BARCODESINC,P1112750-013,BDL4,"AR Sortable FC - Windsor, CT",NAMERICA,7/22/26 0:00,7/22/26 0:00,,8/19/26 0:00,8/5/26 0:00,01 HIGH,14,417.75,USD,Goods,A,A,,,sent_via_cxml,EAM,BDL4 (2D) OFFSITE (NON INVENTORY),issued,14,0,1,0,1,0,1,0,417.75
NA,2D,2D-22104281,1,49345,ZEBRA AIT PART KIT PRINTHEAD 300 DPI ZE521 RH & LH,PRINTER,8754978-12398,BARCODESINC,P1112750-013,AUS2,"AR Sortable FC - Pflugerville, TX",NAMERICA,7/24/26 0:00,7/24/26 0:00,,8/15/26 0:00,8/7/26 0:00,01 HIGH,14,417.75,USD,Goods,A,A,,,sent_via_cxml,EAM,AUS2 (2D) Offsite Lindenmeyr Munroe,issued,14,0,1,0,1,0,2,1,417.75
NA,2D,2D-22111691,1,49345,ZEBRA AIT PART KIT PRINTHEAD 300 DPI ZE521 RH & LH,PRINTER,8754978-12398,BARCODESINC,P1112750-013,AUS2,"AR Sortable FC - Pflugerville, TX",NAMERICA,7/26/26 0:00,7/26/26 0:00,,8/22/26 0:00,8/9/26 0:00,01 HIGH,14,417.75,USD,Goods,A,A,,,sent_via_cxml,EAM,AUS2 (2D) Offsite Lindenmeyr Munroe,issued,14,0,1,0,1,0,2,1,417.75
NA,2D,2D-21593711,1,3037852,HORIZONTAL LEFT SEAL JAW CABLE ASSEMBLY,CABLE,24216849-758186,ATS CORPORATION,10323543,ORF4,ORF4 - AR Sortable FC - Virginia Beach,NAMERICA,6/8/26 0:00,6/8/26 0:00,,9/20/26 0:00,9/24/26 0:00,01 HIGH,108,399,USD,Goods,A,A,,,sent_via_email,EAM,ORF4 Offsite Richmond Express,issued,108,0,1,0,1,2,2,1,399
NA,2D,2D-21857450,1,3031139,RIGHT HORIZONTAL HEATER CABLE,CABLE,24216849-758186,ATS CORPORATION,10323535,IGQ1,"AR Sortable FC - Markham , IL",NAMERICA,7/1/26 0:00,7/1/26 0:00,,10/16/26 0:00,7/22/26 0:00,01 HIGH,21,399,USD,Goods,A,A,,,sent_via_email,EAM,IGQ1 Offsite UGI Global,issued,21,9,1,0,1,1,2,1,399
NA,2D,2D-21927504,1,3037848,VERTICAL LEFT SEAL JAW CABLE ASSEMBLY,CABLE,24216849-758186,ATS CORPORATION,10323546,SAT3,"AR Sortable FC - San Antonio, TX",NAMERICA,7/8/26 0:00,7/8/26 0:00,,10/23/26 0:00,10/24/26 0:00,01 HIGH,108,399,USD,Goods,A,A,,,sent_via_email,EAM,SAT3 Offsite Fastenal,issued,108,0,1,0,1,0,2,1,399
NA,2D,2D-21947083,1,3037848,VERTICAL LEFT SEAL JAW CABLE ASSEMBLY,CABLE,24216849-758186,ATS CORPORATION,10323546,BDL4,"AR Sortable FC - Windsor, CT",NAMERICA,7/9/26 0:00,7/9/26 0:00,,10/24/26 0:00,10/25/26 0:00,01 HIGH,108,399,USD,Goods,A,A,,,sent_via_email,EAM,BDL4 (2D) OFFSITE (NON INVENTORY),issued,108,0,1,0,1,1,2,1,399
NA,2D,2D-21947083,2,3037852,HORIZONTAL LEFT SEAL JAW CABLE ASSEMBLY,CABLE,24216849-758186,ATS CORPORATION,10323543,BDL4,"AR Sortable FC - Windsor, CT",NAMERICA,7/9/26 0:00,7/9/26 0:00,,10/24/26 0:00,10/25/26 0:00,01 HIGH,108,399,USD,Goods,A,A,,,sent_via_email,EAM,BDL4 (2D) OFFSITE (NON INVENTORY),issued,108,0,1,0,1,2,2,1,399
NA,2D,2D-21971436,1,3037848,VERTICAL LEFT SEAL JAW CABLE ASSEMBLY,CABLE,24216849-758186,ATS CORPORATION,10323546,SAT3,"AR Sortable FC - San Antonio, TX",NAMERICA,7/13/26 0:00,7/13/26 0:00,,10/27/26 0:00,10/29/26 0:00,01 HIGH,108,399,USD,Goods,A,A,,,sent_via_email,EAM,SAT3 Offsite Fastenal,issued,108,0,1,0,1,0,2,1,399
NA,2D,2D-21999817,2,3037848,VERTICAL LEFT SEAL JAW CABLE ASSEMBLY,CABLE,24216849-758186,ATS CORPORATION,10323546,DET6,"AR Sortable FC - Detroit, MI",NAMERICA,7/15/26 0:00,7/15/26 0:00,,7/27/26 0:00,10/31/26 0:00,01 HIGH,108,399,USD,Goods,A,A,,,sent_via_email,EAM,DET6 AMZL Offsite,issued,108,0,1,0,1,1,2,1,399
NA,2D,2D-22003220,1,3037848,VERTICAL LEFT SEAL JAW CABLE ASSEMBLY,CABLE,24216849-758186,ATS CORPORATION,10323546,TYS1,"AR Sortable FC - Rockford, TN",NAMERICA,7/15/26 0:00,7/15/26 0:00,,11/16/26 0:00,10/31/26 0:00,01 HIGH,108,399,USD,Goods,A,A,,,sent_via_email,EAM,"TYS1 FC Sortable (Rockford, TN)",issued,108,0,1,0,1,1,2,1,399
NA,2D,2D-22067261,1,3037848,VERTICAL LEFT SEAL JAW CABLE ASSEMBLY,CABLE,24216849-758186,ATS CORPORATION,10323546,PDX8,"AR Sortable FC - Woodburn, OR",NAMERICA,7/21/26 0:00,7/21/26 0:00,,11/5/26 0:00,11/6/26 0:00,01 HIGH,108,399,USD,Goods,A,A,,,sent_via_email,EAM,"PDX8 Sortable FC (Woodburn, OR, US)",issued,108,0,1,0,1,0,2,1,399
NA,2D,2D-22118522,3,3037848,VERTICAL LEFT SEAL JAW CABLE ASSEMBLY,CABLE,24216849-758186,ATS CORPORATION,10323546,DET6,"AR Sortable FC - Detroit, MI",NAMERICA,7/27/26 0:00,7/27/26 0:00,,11/30/26 0:00,11/12/26 0:00,01 HIGH,108,399,USD,Goods,A,A,,,sent_via_email,EAM,DET6 AMZL Offsite,issued,108,0,1,0,1,1,2,1,399
NA,2D,2D-22131540,2,3037848,VERTICAL LEFT SEAL JAW CABLE ASSEMBLY,CABLE,24216849-758186,ATS CORPORATION,10323546,ORF3,"AR Sortable FC - Suffolk, VA",NAMERICA,7/28/26 0:00,7/28/26 0:00,,11/12/26 0:00,11/13/26 0:00,01 HIGH,108,399,USD,Goods,A,A,,,sent_via_email,EAM,ORF3 Offsite Richmond Express,issued,108,0,1,0,1,1,2,1,399
NA,2D,2D-22146122,1,3037848,VERTICAL LEFT SEAL JAW CABLE ASSEMBLY,CABLE,24216849-758186,ATS CORPORATION,10323546,PDX8,"AR Sortable FC - Woodburn, OR",NAMERICA,7/29/26 0:00,7/29/26 0:00,,11/12/26 0:00,11/14/26 0:00,01 HIGH,108,399,USD,Goods,A,A,,,sent_via_email,EAM,"PDX8 Sortable FC (Woodburn, OR, US)",issued,108,0,1,0,1,0,2,1,399
NA,75,5Z-21712125,1,3037848,VERTICAL LEFT SEAL JAW CABLE ASSEMBLY,CABLE,28177078-800256,ATS CORPORATION,10323546,YYC4,"AR Sortable FC - Calgary, AB",NAMERICA,6/18/26 0:00,6/18/26 0:00,,6/26/26 0:00,10/4/26 0:00,01 HIGH,108,399,USD,Goods,A,A,,,sent_via_email,EAM,YYC4 (75) Offsite Service Master,issued,108,0,1,0,1,0,2,1,399
NA,75,5Z-22076694,1,3037848,VERTICAL LEFT SEAL JAW CABLE ASSEMBLY,CABLE,28177078-800256,ATS CORPORATION,10323546,YYC4,"AR Sortable FC - Calgary, AB",NAMERICA,7/22/26 0:00,7/22/26 0:00,,8/14/26 0:00,11/7/26 0:00,01 HIGH,108,399,USD,Goods,A,A,,,sent_via_email,EAM,YYC4 (75) Offsite Service Master,issued,108,0,1,0,1,0,2,1,399
NA,2D,2D-22144901,4,3022958,"DIVERT PLATE, TOP",PLATE,24216849-758186,ATS CORPORATION,700606406,ABQ1,"AR Sortable FC - Albuquerque, NM",NAMERICA,7/29/26 0:00,7/29/26 0:00,,11/5/26 0:00,9/30/26 0:00,01 HIGH,63,199,USD,Goods,A,A,,,sent_via_email,EAM,"ABQ1 FC (Albuquerque, NM)",issued,63,0,2,0,2,0,2,1,398
NA,2D,2D-22054094,1,3022934,SHOCK ABSORBERS,SPRING,24216849-758186,ATS CORPORATION,2846384,HOU6,"AR Sortable FC - Richmond , TX",NAMERICA,7/20/26 0:00,7/20/26 0:00,,11/23/26 0:00,8/31/26 0:00,01 HIGH,42,45,USD,Goods,A,A,,,sent_via_email,EAM,HOU6 Shorr Non-Inventory Offsite,issued,42,0,8,0,8,2,10,3,360
NA,2D,2D-22039876,2,49346,"ZEBRA AIT PART KIT PLATEN, PINCH, & PEEL ROLLERS ZE521 RH & LH",PRINTER,17048148-83423,CTM LABELING SYSTEMS,ZEB-P1112750-040,ABQ1,"AR Sortable FC - Albuquerque, NM",NAMERICA,7/20/26 0:00,7/20/26 0:00,,9/14/26 0:00,8/24/26 0:00,02 MED,35,358,USD,Goods,A,A,,,sent_via_email,EAM,"ABQ1 FC (Albuquerque, NM)",issued,35,0,1,0,1,1,2,1,358
NA,2D,2D-21435274,1,49346,"ZEBRA AIT PART KIT PLATEN, PINCH, & PEEL ROLLERS ZE521 RH & LH",PRINTER,17048148-83423,CTM LABELING SYSTEMS,ZEB-P1112750-040,TYS1,"AR Sortable FC - Rockford, TN",NAMERICA,5/22/26 0:00,5/22/26 0:00,,6/19/26 0:00,6/26/26 0:00,02 MED,35,344,USD,Goods,A,A,,,sent_via_email,EAM,"TYS1 FC Sortable (Rockford, TN)",issued,35,35,1,0,1,0,2,1,344
NA,2D,2D-21334250,3,3022940,VERTICAL JAW CABLE MANAGEMENT BACKING PLATE,PLATE,24216849-758186,ATS CORPORATION,700657121,SAV4,"AR Sortable FC - Pooler, GA",NAMERICA,5/14/26 0:00,5/14/26 0:00,,8/24/26 0:00,6/21/26 0:00,01 HIGH,38,85,USD,,A,A,,,sent_via_email,EAM,"SAV4 FC Sortable (Pent Wentworth, GA)",issued,38,40,4,0,4,2,6,2,340
NA,2D,2D-21334250,3,3022940,VERTICAL JAW CABLE MANAGEMENT BACKING PLATE,PLATE,24216849-758186,ATS CORPORATION,700657121,SAV4,"AR Sortable FC - Pooler, GA",NAMERICA,5/14/26 0:00,5/14/26 0:00,,8/24/26 0:00,6/21/26 0:00,01 HIGH,38,85,USD,Goods,A,A,,,sent_via_email,EAM,"SAV4 FC Sortable (Pent Wentworth, GA)",issued,38,40,4,0,4,2,6,2,340
NA,2D,2D-20431903,2,49346,"ZEBRA AIT PART KIT PLATEN, PINCH, & PEEL ROLLERS ZE521 RH & LH",PRINTER,17048148-83423,CTM LABELING SYSTEMS,ZEB-P1112750-040,BDL4,"AR Sortable FC - Windsor, CT",NAMERICA,2/19/26 0:00,2/19/26 0:00,,3/17/26 0:00,3/26/26 0:00,01 HIGH,35,338,USD,Goods,A,A,,,sent_via_email,EAM,BDL4 (2D) OFFSITE (NON INVENTORY),issued,35,127,1,0,1,1,0,0,338
NA,2D,2D-22068148,1,49346,"ZEBRA AIT PART KIT PLATEN, PINCH, & PEEL ROLLERS ZE521 RH & LH",PRINTER,8754978-12400,LEVATA US LLC,P1112750-040,IGQ1,"AR Sortable FC - Markham , IL",NAMERICA,7/21/26 0:00,7/21/26 0:00,,9/6/26 0:00,8/4/26 0:00,01 HIGH,14,337.93,USD,Goods,A,A,,,sent_via_email,EAM,IGQ1 Offsite UGI Global,issued,14,0,1,0,1,1,2,1,337.93
NA,2D,2D-21892322,6,3466134,"DEEP GROOVE, ID 15MM, OD 24MM, W 5MM, MAX 17000RPM",HARDWARE,24216849-758186,ATS CORPORATION,2717574,DAB2,"AR Sortable FC - Daytona Beach, FL",NAMERICA,7/5/26 0:00,7/5/26 0:00,,11/22/26 0:00,8/2/26 0:00,01 HIGH,28,15,USD,Goods,A,A,,,sent_via_email,EAM,"DAB2 Sortable FC (Daytona, FL, US)",issued,28,0,22,0,22,2,24,6,330
INTL,41,41-21480211,1,132054,DRIVE BELTS ZE500 EXTENDED LIFE R/B (12 mm),T-BELT,9837551-346609,WEBER PACKAGING SOLUTIONS,40061314,STN6,ARS650 547k sqft G+3 Gen10,EUROPE,5/28/26 0:00,5/28/26 0:00,,6/25/26 0:00,6/11/26 0:00,01 HIGH,14,64,EUR,Goods,A,A,,,sent_via_email,EAM,"STN6 (41) FC (Northampton, UK)",issued,14,50,5,0,5,2,5,3,320
INTL,41,41-21480211,1,132054,DRIVE_BELTS_ZE500_EXTENDED_LIFE_R/B_(12_MM),KIT,9837551-346609,WEBER PACKAGING SOLUTIONS,40061314,STN6,ARS650 547k sqft G+3 Gen10,EUROPE,5/28/26 0:00,5/28/26 0:00,,6/25/26 0:00,6/11/26 0:00,01 HIGH,14,64,EUR,Goods,A,A,,,sent_via_email,EAM,"STN6 (41) FC (Northampton, UK)",issued,14,50,5,0,5,2,5,3,320
NA,2D,2D-22065438,1,3022934,SHOCK ABSORBERS,SPRING,24216849-758186,ATS CORPORATION,2846384,ORH3,"AR Sortable FC - Charlton, MA",NAMERICA,7/21/26 0:00,7/21/26 0:00,,9/1/26 0:00,9/1/26 0:00,01 HIGH,42,45,USD,Goods,A,A,,,sent_via_email,EAM,"ORH3 Sortable FC (Charlton, MA, US)",issued,42,0,7,0,7,1,10,5,315
NA,2D,2D-20265667,1,49346,"ZEBRA AIT PART KIT PLATEN, PINCH, & PEEL ROLLERS ZE521 RH & LH",PRINTER,24216849-758186,ATS CORPORATION,ZEB-P1112750-040,ORF4,ORF4 - AR Sortable FC - Virginia Beach,NAMERICA,2/4/26 0:00,2/4/26 0:00,,6/30/26 0:00,2/12/26 0:00,02 MED,8,307,USD,Goods,A,A,,,sent_via_email,EAM,ORF4 Offsite Richmond Express,issued,8,169,1,0,1,5,4,3,307
NA,2D,2D-22077901,1,49346,"ZEBRA AIT PART KIT PLATEN, PINCH, & PEEL ROLLERS ZE521 RH & LH",PRINTER,24216849-758186,ATS CORPORATION,ZEB-P1112750-040,SCK6,"AR Sortable FC - Tracy, CA",NAMERICA,7/22/26 0:00,7/22/26 0:00,,7/22/26 0:00,7/30/26 0:00,01 HIGH,8,307,USD,Goods,A,A,,,sent_via_email,EAM,SCK6 OFFSITE NON-INVENTORY,issued,8,1,1,0,1,1,2,1,307
NA,2D,2D-21756267,14,3546294,"Kinetix VP Motor Cable, 4m",CABLE,24216849-758186,ATS CORPORATION,6909944,SYR1,"AR Sortable FC - Clay, NY",NAMERICA,6/22/26 0:00,6/22/26 0:00,,10/5/26 0:00,9/14/26 0:00,01 HIGH,84,299,USD,Goods,A,A,,,sent_via_email,EAM,SYR1 Offsite Lindenmeyr Munroe,issued,84,0,1,0,1,0,1,0,299
NA,2D,2D-21951088,10,3546294,"Kinetix VP Motor Cable, 4m",CABLE,24216849-758186,ATS CORPORATION,6909944,MQY1,"AR Sortable FC - Mt. Juliet, TN",NAMERICA,7/9/26 0:00,7/9/26 0:00,,10/1/26 0:00,10/1/26 0:00,01 HIGH,84,299,USD,Goods,A,A,,,sent_via_email,EAM,"MQY1 FC (Mt. Juliet, TN)",issued,84,0,1,0,1,0,1,0,299
NA,2D,2D-22042325,7,3546294,"Kinetix VP Motor Cable, 4m",CABLE,24216849-758186,ATS CORPORATION,6909944,SAT3,"AR Sortable FC - San Antonio, TX",NAMERICA,7/20/26 0:00,7/20/26 0:00,,10/12/26 0:00,10/12/26 0:00,01 HIGH,84,299,USD,Goods,A,A,,,sent_via_email,EAM,SAT3 Offsite Fastenal,issued,84,0,1,0,1,0,1,0,299
NA,2D,2D-21736580,1,1061778,PHOTO SENSOR M12 4P LIGHT-ON 24VDC PNP NPN BACKGROUND SUPPRESSION,SENSOR,17046845-895303,MOTION INDUSTRIES INC,8954405,SBD6,"AR Sortable FC - Ontario, CA",NAMERICA,6/20/26 0:00,6/20/26 0:00,,7/4/26 0:00,7/3/26 0:00,02 MED,13,298.05,USD,Goods,A,A,,,sent_via_cxml,EAM,SBD6 Offsite UPS Store,issued,13,28,1,0,1,0,1,0,298.05
NA,2D,2D-21736580,1,1061778,Photo sensor M12 4p light-on 24Vdc pnp npn background suppression,SENSOR,17046845-895303,MOTION INDUSTRIES INC,8954405,SBD6,"AR Sortable FC - Ontario, CA",NAMERICA,6/20/26 0:00,6/20/26 0:00,,7/4/26 0:00,7/3/26 0:00,02 MED,13,298.05,USD,Goods,A,A,,,sent_via_cxml,EAM,SBD6 Offsite UPS Store,issued,13,28,1,0,1,0,1,0,298.05
INTL,41,41-22029292,2,3022983,RIGHT ISOLATOR PLATE,PLATE,105531769-1220576,ATS AUTOMATION SOLUTIONS LIMITED,700600465,NCL1,AR Sortable 550 465k sqft G+3 Gen10,EUROPE,7/17/26 0:00,7/17/26 0:00,,11/4/26 0:00,10/9/26 0:00,01 HIGH,84,289,GBP,Goods,A,A,,,sent_via_email,EAM,"NCL1 (41) FC via Stiller Warehousing & Distribution, UK",issued,84,0,1,0,1,0,1,0,289
NA,2D,2D-21549116,1,3022956,ROTATED CABLE EXIT VERTICAL LOAD CELL HOLDER BLOCK,BRACKET,24216849-758186,ATS CORPORATION,700588176,SYR1,"AR Sortable FC - Clay, NY",NAMERICA,6/3/26 0:00,6/3/26 0:00,,9/10/26 0:00,9/19/26 0:00,01 HIGH,108,279,USD,Goods,A,A,,,sent_via_email,EAM,"SYR1 Sortable FC AR (Clay, NY)",issued,108,0,1,0,1,1,3,2,279
NA,2D,2D-21756267,12,3043407,"INDUCTIVE SAFETY RATED PROXIMITY SENSOR, M12, 4MM RANGE",SENSOR,24216849-758186,ATS CORPORATION,7574891,SYR1,"AR Sortable FC - Clay, NY",NAMERICA,6/22/26 0:00,6/22/26 0:00,,10/5/26 0:00,8/3/26 0:00,01 HIGH,42,139,USD,Goods,A,A,,,sent_via_email,EAM,SYR1 Offsite Lindenmeyr Munroe,issued,35,0,2,0,2,0,2,1,278
NA,2D,2D-21756267,12,3043407,"INDUCTIVE SAFETY RATED PROXIMITY SENSOR, M12, 4MM RANGE",SWITCH,24216849-758186,ATS CORPORATION,7574891,SYR1,"AR Sortable FC - Clay, NY",NAMERICA,6/22/26 0:00,6/22/26 0:00,,10/5/26 0:00,8/3/26 0:00,01 HIGH,42,139,USD,Goods,A,A,,,sent_via_email,EAM,SYR1 Offsite Lindenmeyr Munroe,issued,35,0,2,0,2,0,2,1,278
NA,2D,2D-20926628,1,226234,"KIT, I/O BOX W/ EU POWER CABLE",CABLE,25847687-778646,COGNEX CORPORATION.,DMA-RS232USB-000,GEG1,"AR Sortable FC - Spokane , WA",NAMERICA,4/7/26 0:00,4/7/26 0:00,,5/6/26 0:00,4/27/26 0:00,02 MED,20,270,USD,Goods,A,A,,,sent_via_email,EAM,GEG1 Offsite Veritiv,issued,20,95,1,0,1,1,2,0,270
NA,2D,2D-20926628,1,226234,"KIT, I/O BOX W/ EU POWER CABLE",MODULE,25847687-778646,COGNEX CORPORATION.,DMA-RS232USB-000,GEG1,"AR Sortable FC - Spokane , WA",NAMERICA,4/7/26 0:00,4/7/26 0:00,,5/6/26 0:00,4/27/26 0:00,02 MED,20,270,USD,Goods,A,A,,,sent_via_email,EAM,GEG1 Offsite Veritiv,issued,20,95,1,0,1,1,2,0,270
NA,2D,2D-21782374,1,3022934,SHOCK ABSORBERS,SPRING,24216849-758186,ATS CORPORATION,2846384,DEN4,"AR Sortable FC - Colorado Springs, CO",NAMERICA,6/24/26 0:00,6/24/26 0:00,,7/6/26 0:00,8/5/26 0:00,01 HIGH,42,45,USD,Goods,A,A,,,sent_via_email,EAM,"DEN4 FC (Colorado Springs, CO)",issued,42,0,6,0,6,0,6,2,270
NA,2D,2D-20236164,1,3022956,ROTATED CABLE EXIT VERTICAL LOAD CELL HOLDER BLOCK,BRACKET,24216849-758186,ATS CORPORATION,700588176,RIC4,"AR Sortable FC - Richmond, VA",NAMERICA,2/2/26 0:00,2/2/26 0:00,,5/17/26 0:00,5/21/26 0:00,01 HIGH,108,129,USD,Goods,A,A,,,sent_via_email,EAM,RIC4 Offsite Fastenal,issued,108,71,2,0,2,2,2,1,258
NA,2D,2D-22160029,4,3022956,ROTATED CABLE EXIT VERTICAL LOAD CELL HOLDER BLOCK,BRACKET,24216849-758186,ATS CORPORATION,700588176,BOS3,"AR Sortable FC - North Andover, MA",NAMERICA,7/30/26 0:00,7/30/26 0:00,,11/7/26 0:00,11/15/26 0:00,01 HIGH,108,129,USD,Goods,A,A,,,sent_via_email,EAM,"BOS3 Offsite Lindenmeyr Munroe (Londonderry, NH)",issued,108,0,2,0,2,0,2,1,258
NA,2D,2D-21334250,6,3022947,HORIZONTAL JAW CABLE MANAGEMENT BACKING PLATE,BRACKET,24216849-758186,ATS CORPORATION,700657320,SAV4,"AR Sortable FC - Pooler, GA",NAMERICA,5/14/26 0:00,5/14/26 0:00,,8/24/26 0:00,6/21/26 0:00,01 HIGH,38,85,USD,,A,A,,,sent_via_email,EAM,"SAV4 FC Sortable (Pent Wentworth, GA)",issued,38,40,3,0,3,2,5,3,255
NA,2D,2D-21334250,6,3022947,HORIZONTAL JAW CABLE MANAGEMENT BACKING PLATE,BRACKET,24216849-758186,ATS CORPORATION,700657320,SAV4,"AR Sortable FC - Pooler, GA",NAMERICA,5/14/26 0:00,5/14/26 0:00,,8/24/26 0:00,6/21/26 0:00,01 HIGH,38,85,USD,Goods,A,A,,,sent_via_email,EAM,"SAV4 FC Sortable (Pent Wentworth, GA)",issued,38,40,3,0,3,2,5,3,255
INTL,41,41-22029292,1,3022934,SHOCK ABSORBERS,SPRING,105531769-1220576,ATS AUTOMATION SOLUTIONS LIMITED,2846384,NCL1,AR Sortable 550 465k sqft G+3 Gen10,EUROPE,7/17/26 0:00,7/17/26 0:00,,11/4/26 0:00,8/7/26 0:00,01 HIGH,21,35,GBP,Goods,A,A,,,sent_via_email,EAM,"NCL1 (41) FC via Stiller Warehousing & Distribution, UK",issued,21,0,7,0,7,2,10,5,245
NA,2D,2D-21219742,1,3464199,FU-53 TZ (5000),SENSOR,24216849-758186,ATS CORPORATION,6428711,PAE2,"AR Sortable FC - Arlington, WA",NAMERICA,5/4/26 0:00,5/4/26 0:00,,5/28/26 0:00,6/1/26 0:00,01 HIGH,28,229,USD,Goods,A,A,,,sent_via_email,EAM,"PAE2 FC Sortable (Arlington, WA, US)",issued,28,60,1,0,1,1,2,1,229
NA,2D,2D-21579674,1,3464199,FU-53 TZ (5000),SENSOR,24216849-758186,ATS CORPORATION,6428711,PDX8,"AR Sortable FC - Woodburn, OR",NAMERICA,6/6/26 0:00,6/6/26 0:00,,6/29/26 0:00,7/4/26 0:00,01 HIGH,28,229,USD,Goods,A,A,,,sent_via_email,EAM,"PDX8 Sortable FC (Woodburn, OR, US)",issued,28,27,1,0,1,1,2,1,229
NA,2D,2D-21687761,1,3464199,FU-53 TZ (5000),SENSOR,24216849-758186,ATS CORPORATION,6428711,HOU6,"AR Sortable FC - Richmond , TX",NAMERICA,6/16/26 0:00,6/16/26 0:00,,7/9/26 0:00,7/14/26 0:00,01 HIGH,28,229,USD,Goods,A,A,,,sent_via_email,EAM,HOU6 Shorr Non-Inventory Offsite,issued,28,17,1,0,1,0,2,1,229
NA,2D,2D-21648338,1,3022934,SHOCK ABSORBERS,SPRING,24216849-758186,ATS CORPORATION,2846384,PVD2,"AR Sortable FC - Johnston, RI",NAMERICA,6/12/26 0:00,6/12/26 0:00,,7/17/26 0:00,7/24/26 0:00,01 HIGH,42,45,USD,Goods,A,A,,,sent_via_email,EAM,PVD2 Offsite Rhody Transportation & Warehousing,issued,42,7,5,0,5,0,5,3,225
NA,2D,2D-22091686,2,3022934,SHOCK ABSORBERS,SPRING,24216849-758186,ATS CORPORATION,2846384,ORH3,"AR Sortable FC - Charlton, MA",NAMERICA,7/23/26 0:00,7/23/26 0:00,,9/11/26 0:00,9/3/26 0:00,01 HIGH,42,45,USD,Goods,A,A,,,sent_via_email,EAM,"ORH3 Sortable FC (Charlton, MA, US)",issued,42,0,5,0,5,1,10,5,225
NA,5Z,5Z-21988501,1,3022934,SHOCK ABSORBERS,SPRING,28177078-800256,ATS CORPORATION,2846384,YXU1,"AR Sortable FC - St. Thomas, ON",NAMERICA,7/14/26 0:00,7/14/26 0:00,,8/17/26 0:00,8/25/26 0:00,01 HIGH,42,45,USD,Goods,A,A,,,sent_via_email,EAM,YXU1 Offsite (5Z-Order),issued,38,0,5,0,5,5,10,5,225
NA,2D,2D-22051767,3,3022958,"DIVERT PLATE, TOP",PLATE,24216849-758186,ATS CORPORATION,700606406,TPA4,"AR Sortable FC - Temple Terrace, FL",NAMERICA,7/20/26 0:00,7/20/26 0:00,,11/2/26 0:00,9/21/26 0:00,01 HIGH,63,199,USD,Goods,A,A,,,sent_via_email,EAM,"TPA4 Sortable FC ARS (Temple Terrace, FL)",issued,63,0,1,0,1,0,1,0,199
NA,2D,2D-22122530,3,3022958,"DIVERT PLATE, TOP",PLATE,24216849-758186,ATS CORPORATION,700606406,AUS2,"AR Sortable FC - Pflugerville, TX",NAMERICA,7/27/26 0:00,7/27/26 0:00,,10/26/26 0:00,9/28/26 0:00,01 HIGH,63,199,USD,Goods,A,A,,,sent_via_email,EAM,AUS2 (2D) Offsite Lindenmeyr Munroe,issued,63,0,1,0,1,0,1,0,199
NA,2D,2D-22126295,1,3022958,"DIVERT PLATE, TOP",PLATE,24216849-758186,ATS CORPORATION,700606406,OXR1,"AR Sortable FC - Oxnard, CA",NAMERICA,7/27/26 0:00,7/27/26 0:00,,10/27/26 0:00,9/28/26 0:00,01 HIGH,63,199,USD,Goods,A,A,,,sent_via_email,EAM,OXR1 Offsite The UPS Store,issued,63,0,1,0,1,0,2,1,199
NA,2D,2D-20468313,1,1113249,KIT PEEL BRACKET ASSEMBLY ZE521-6 RH & LH,BRACKET,24216849-758186,ATS CORPORATION,ZEB-P1112750-078,SAN3,"AR Sortable FC - San Diego, CA",NAMERICA,2/23/26 0:00,2/23/26 0:00,,2/28/26 0:00,3/3/26 0:00,02 MED,8,198,USD,Goods,A,A,,,sent_via_email,EAM,SAN3 Non Inventory Offsite c/o Iron Mountain,issued,8,150,1,0,1,1,1,0,198
NA,2D,2D-21153764,3,1113249,KIT PEEL BRACKET ASSEMBLY ZE521-6 RH & LH,BRACKET,17048148-83423,CTM LABELING SYSTEMS,ZEB-P1112750-078,DEN4,"AR Sortable FC - Colorado Springs, CO",NAMERICA,4/28/26 0:00,4/28/26 0:00,,5/22/26 0:00,5/15/26 0:00,02 MED,17,198,USD,Goods,A,A,,,sent_via_email,EAM,"DEN4 FC (Colorado Springs, CO)",issued,17,77,1,0,1,0,1,0,198
NA,2D,2D-21177619,1,1113249,KIT PEEL BRACKET ASSEMBLY ZE521-6 RH & LH,BRACKET,24216849-758186,ATS CORPORATION,ZEB-P1112750-078,ORF4,ORF4 - AR Sortable FC - Virginia Beach,NAMERICA,4/30/26 0:00,4/30/26 0:00,,5/4/26 0:00,5/8/26 0:00,02 MED,8,198,USD,Goods,A,A,,,sent_via_email,EAM,ORF4 Offsite Richmond Express,issued,8,84,1,0,1,0,4,3,198
NA,2D,2D-21836555,1,3466147,"ADN, BORE 32MM, STROKE 25MM, DOUBLE ACTING, BASIC VERSION",CYLINDER,24216849-758186,ATS CORPORATION,10186308,SAN3,"AR Sortable FC - San Diego, CA",NAMERICA,6/29/26 0:00,6/29/26 0:00,,8/22/26 0:00,7/27/26 0:00,01 HIGH,28,95,USD,Goods,A,A,,,sent_via_email,EAM,SAN3 Non Inventory Offsite c/o Iron Mountain,issued,28,4,2,0,2,0,2,1,190
NA,2D,2D-21898173,1,3022934,SHOCK ABSORBERS,SPRING,24216849-758186,ATS CORPORATION,2846384,SAT3,"AR Sortable FC - San Antonio, TX",NAMERICA,7/6/26 0:00,7/6/26 0:00,,8/17/26 0:00,8/17/26 0:00,01 HIGH,42,45,USD,Goods,A,A,,,sent_via_email,EAM,SAT3 Offsite Fastenal,issued,42,0,4,0,4,0,6,2,180
NA,2D,2D-22070728,1,3022934,SHOCK ABSORBERS,SPRING,24216849-758186,ATS CORPORATION,2846384,SBN1,"AR Sortable FC - Bristol, IN",NAMERICA,7/22/26 0:00,7/22/26 0:00,,9/2/26 0:00,9/2/26 0:00,01 HIGH,42,45,USD,Goods,A,A,,,sent_via_email,EAM,SBN1 Offsite,issued,42,0,4,0,4,0,6,2,180
NA,2D,2D-22090364,1,3022934,SHOCK ABSORBERS,SPRING,24216849-758186,ATS CORPORATION,2846384,GEG1,"AR Sortable FC - Spokane , WA",NAMERICA,7/23/26 0:00,7/23/26 0:00,,9/3/26 0:00,9/3/26 0:00,01 HIGH,42,45,USD,Goods,A,A,,,sent_via_email,EAM,GEG1 Offsite Veritiv,issued,42,0,4,0,4,2,6,2,180
INTL,41,41-21455605,91,3022987,IFM MODULE,MODULE,85103573-1105248,CLOOSTERMANS,200039490,EMA2,"AR Sortable FC - Mansfield, UK",EUROPE,5/26/26 0:00,5/26/26 0:00,,7/13/26 0:00,7/7/26 0:00,01 HIGH,42,57.32,EUR,Goods,A,A,,,sent_via_email,EAM,"EMA2 FC Placeholder (Mansfield, UK)",issued,42,24,3,0,3,1,3,1,171.96
INTL,DU,DU-21649898,13,3022987,IFM MODULE,MODULE,52174516-1016682,CLOOSTERMANS,200039490,DUS4,"AR Sortable FC (ARS 650 G+2) - Moenchengladbach, DE",EUROPE,6/12/26 0:00,6/12/26 0:00,,6/12/26 0:00,7/24/26 0:00,01 HIGH,42,57.32,EUR,Goods,A,A,,,sent_via_email,EAM,"DUS4 (DU) via Kulle Logistiks, DE (NON INVENTORY)",issued,42,7,3,0,3,0,3,2,171.96
NA,2D,2D-21756267,11,3043376,"Z SENSOR, TYPE ZLD18-BFZ4B8, PNP, DARK SWITCHING, M12 4 PIN CONNECTOR",PHOTOEYE,24216849-758186,ATS CORPORATION,1100620,SYR1,"AR Sortable FC - Clay, NY",NAMERICA,6/22/26 0:00,6/22/26 0:00,,10/5/26 0:00,8/3/26 0:00,01 HIGH,42,85,USD,Goods,A,A,,,sent_via_email,EAM,SYR1 Offsite Lindenmeyr Munroe,issued,42,0,2,0,2,0,2,1,170
NA,2D,2D-22144901,1,3022940,VERTICAL JAW CABLE MANAGEMENT BACKING PLATE,PLATE,24216849-758186,ATS CORPORATION,700657121,ABQ1,"AR Sortable FC - Albuquerque, NM",NAMERICA,7/29/26 0:00,7/29/26 0:00,,11/5/26 0:00,9/5/26 0:00,01 HIGH,38,85,USD,Goods,A,A,,,sent_via_email,EAM,"ABQ1 FC (Albuquerque, NM)",issued,38,0,2,0,2,2,5,4,170
INTL,41,41-21455605,32,132054,DRIVE BELTS ZE500 EXTENDED LIFE R/B (12 mm),T-BELT,85103573-1105248,CLOOSTERMANS,200041095,EMA2,"AR Sortable FC - Mansfield, UK",EUROPE,5/26/26 0:00,5/26/26 0:00,,7/13/26 0:00,9/1/26 0:00,02 MED,98,79.36,EUR,Goods,A,A,,,sent_via_email,EAM,"EMA2 FC Placeholder (Mansfield, UK)",issued,98,0,2,0,2,3,2,1,158.72
INTL,41,41-21455605,32,132054,DRIVE_BELTS_ZE500_EXTENDED_LIFE_R/B_(12_MM),KIT,85103573-1105248,CLOOSTERMANS,200041095,EMA2,"AR Sortable FC - Mansfield, UK",EUROPE,5/26/26 0:00,5/26/26 0:00,,7/13/26 0:00,9/1/26 0:00,02 MED,98,79.36,EUR,Goods,A,A,,,sent_via_email,EAM,"EMA2 FC Placeholder (Mansfield, UK)",issued,98,0,2,0,2,3,2,1,158.72
INTL,DU,DU-21589952,6,132054,DRIVE BELTS ZE500 EXTENDED LIFE R/B (12 mm),T-BELT,52174516-1016682,CLOOSTERMANS,200041095,DUS4,"AR Sortable FC (ARS 650 G+2) - Moenchengladbach, DE",EUROPE,6/8/26 0:00,6/8/26 0:00,,9/11/26 0:00,9/14/26 0:00,02 MED,98,79.36,EUR,Goods,A,A,,,sent_via_email,EAM,"DUS4 (DU) via Kulle Logistiks, DE (NON INVENTORY)",issued,98,0,2,0,2,2,3,1,158.72
INTL,DU,DU-21589952,6,132054,DRIVE_BELTS_ZE500_EXTENDED_LIFE_R/B_(12_MM),KIT,52174516-1016682,CLOOSTERMANS,200041095,DUS4,"AR Sortable FC (ARS 650 G+2) - Moenchengladbach, DE",EUROPE,6/8/26 0:00,6/8/26 0:00,,9/11/26 0:00,9/14/26 0:00,02 MED,98,79.36,EUR,Goods,A,A,,,sent_via_email,EAM,"DUS4 (DU) via Kulle Logistiks, DE (NON INVENTORY)",issued,98,0,2,0,2,2,3,1,158.72
NA,2D,2D-20913099,1,3025738,"9"" FOUR HOLE AIR ASSIT TUBE - COATED",TUBE,17048148-83423,CTM LABELING SYSTEMS,MP-211-0217-9-4,SYR1,"AR Sortable FC - Clay, NY",NAMERICA,4/6/26 0:00,4/6/26 0:00,,4/15/26 0:00,4/27/26 0:00,02 MED,21,77,USD,Goods,A,A,,,sent_via_email,EAM,"SYR1 Sortable FC AR (Clay, NY)",issued,21,95,2,0,2,2,2,1,154
NA,2D,2D-22109864,1,3025738,"9"" FOUR HOLE AIR ASSIT TUBE - COATED",TUBE,17048148-83423,CTM LABELING SYSTEMS,MP-211-0217-9-4,SAV4,"AR Sortable FC - Pooler, GA",NAMERICA,7/25/26 0:00,7/25/26 0:00,,8/14/26 0:00,8/15/26 0:00,01 HIGH,21,77,USD,Goods,A,A,,,sent_via_email,EAM,"SAV4 FC Sortable (Pent Wentworth, GA)",issued,21,0,2,0,2,1,3,2,154
NA,2D,2D-22020283,1,3043407,"INDUCTIVE SAFETY RATED PROXIMITY SENSOR, M12, 4MM RANGE",SENSOR,24216849-758186,ATS CORPORATION,7574891,TPA4,"AR Sortable FC - Temple Terrace, FL",NAMERICA,7/16/26 0:00,7/16/26 0:00,,8/27/26 0:00,8/27/26 0:00,01 HIGH,42,139,USD,Goods,A,A,,,sent_via_email,EAM,"TPA4 Sortable FC ARS (Temple Terrace, FL)",issued,35,0,1,0,1,1,2,1,139
NA,2D,2D-22020283,1,3043407,"INDUCTIVE SAFETY RATED PROXIMITY SENSOR, M12, 4MM RANGE",SWITCH,24216849-758186,ATS CORPORATION,7574891,TPA4,"AR Sortable FC - Temple Terrace, FL",NAMERICA,7/16/26 0:00,7/16/26 0:00,,8/27/26 0:00,8/27/26 0:00,01 HIGH,42,139,USD,Goods,A,A,,,sent_via_email,EAM,"TPA4 Sortable FC ARS (Temple Terrace, FL)",issued,35,0,1,0,1,1,2,1,139
NA,2D,2D-22116068,1,3022951,RTD SENSOR,SENSOR,24216849-758186,ATS CORPORATION,10206007,ORF4,ORF4 - AR Sortable FC - Virginia Beach,NAMERICA,7/27/26 0:00,7/27/26 0:00,,9/21/26 0:00,9/21/26 0:00,01 HIGH,56,69,USD,Goods,A,A,,,sent_via_email,EAM,ORF4 Offsite C/O Richmond Express,issued,56,0,2,0,2,0,2,1,138
NA,2D,2D-21307742,2,N12270,FLOW CONTROL VALVE,VALVE,24216849-758186,ATS CORPORATION,PM-PF2060,BOS3,"AR Sortable FC - North Andover, MA",NAMERICA,5/12/26 0:00,5/12/26 0:00,,7/3/26 0:00,6/1/26 0:00,02 MED,20,26,USD,Goods,A,A,,,sent_via_email,EAM,"BOS3 Offsite Lindenmeyr Munroe (Londonderry, NH)",issued,20,60,5,0,5,1,6,4,130
NA,2D,2D-21292553,5,3022956,ROTATED CABLE EXIT VERTICAL LOAD CELL HOLDER BLOCK,BRACKET,24216849-758186,ATS CORPORATION,700588176,SYR1,"AR Sortable FC - Clay, NY",NAMERICA,5/11/26 0:00,5/11/26 0:00,,8/24/26 0:00,8/27/26 0:00,01 HIGH,108,129,USD,Goods,A,A,,,sent_via_email,EAM,"SYR1 Sortable FC AR (Clay, NY)",issued,108,0,1,0,1,1,3,2,129
INTL,41,41-22118757,1,132054,DRIVE BELTS ZE500 EXTENDED LIFE R/B (12 mm),T-BELT,9837551-346609,WEBER PACKAGING SOLUTIONS,40061314,NCL1,AR Sortable 550 465k sqft G+3 Gen10,EUROPE,7/27/26 0:00,7/27/26 0:00,,8/23/26 0:00,8/10/26 0:00,01 HIGH,14,64,EUR,Goods,A,A,,,sent_via_email,EAM,"NCL1 (41) FC via Stiller Warehousing & Distribution, UK",issued,14,0,2,0,2,2,4,2,128
INTL,41,41-22118757,1,132054,DRIVE_BELTS_ZE500_EXTENDED_LIFE_R/B_(12_MM),KIT,9837551-346609,WEBER PACKAGING SOLUTIONS,40061314,NCL1,AR Sortable 550 465k sqft G+3 Gen10,EUROPE,7/27/26 0:00,7/27/26 0:00,,8/23/26 0:00,8/10/26 0:00,01 HIGH,14,64,EUR,Goods,A,A,,,sent_via_email,EAM,"NCL1 (41) FC via Stiller Warehousing & Distribution, UK",issued,14,0,2,0,2,2,4,2,128
NA,2D,2D-21756266,3,3015434,"GRIPPER PAD, KNURLED STEEL, SWIVEL",GRIPPER,24216849-758186,ATS CORPORATION,10237057,SYR1,"AR Sortable FC - Clay, NY",NAMERICA,6/22/26 0:00,6/22/26 0:00,,10/5/26 0:00,7/13/26 0:00,01 HIGH,21,25,USD,Goods,A,A,,,sent_via_email,EAM,SYR1 Offsite Lindenmeyr Munroe,issued,21,18,5,0,5,0,5,1,125
NA,2D,2D-21756266,4,3015434,"GRIPPER PAD, KNURLED STEEL, SWIVEL",GRIPPER,24216849-758186,ATS CORPORATION,10237057,SYR1,"AR Sortable FC - Clay, NY",NAMERICA,6/22/26 0:00,6/22/26 0:00,,10/5/26 0:00,7/13/26 0:00,01 HIGH,21,25,USD,Goods,A,A,,,sent_via_email,EAM,SYR1 Offsite Lindenmeyr Munroe,issued,21,18,5,0,5,0,5,1,125
NA,2D,2D-22046521,1,3032133,COMPRESSION SPRING T=1.4 OD=20 ID=17,SPRING,24216849-758186,ATS CORPORATION,8146792,MQY1,"AR Sortable FC - Mt. Juliet, TN",NAMERICA,7/20/26 0:00,7/20/26 0:00,,8/24/26 0:00,8/17/26 0:00,01 HIGH,28,5.99,USD,Goods,A,A,,,sent_via_email,EAM,"MQY1 FC (Mt. Juliet, TN)",issued,28,0,20,0,20,12,12,1,119.8
NA,2D,2D-21999622,1,10683,"RELAY: MODULE, 24VDC, 6A, SPDT, PCB, AB 700-TBR24",RELAY,39306637-931634,AUTOQUIP CORPORATION,34901730,DET6,"AR Sortable FC - Detroit, MI",NAMERICA,7/15/26 0:00,7/15/26 0:00,,7/31/26 0:00,8/5/26 0:00,01 HIGH,21,37,USD,Goods,A,A,,,sent_via_email,EAM,DET6 AMZL Offsite,issued,21,0,3,0,3,0,3,1,111
NA,2D,2D-21999622,1,10683,"RELAY: MODULE, 24VDC, 6A, SPDT, PCB, AB 700-TBR24 ",RELAY,39306637-931634,AUTOQUIP CORPORATION,34901730,DET6,"AR Sortable FC - Detroit, MI",NAMERICA,7/15/26 0:00,7/15/26 0:00,,7/31/26 0:00,8/5/26 0:00,01 HIGH,21,37,USD,Goods,A,A,,,sent_via_email,EAM,DET6 AMZL Offsite,issued,21,0,3,0,3,0,3,1,111
NA,2D,2D-21116519,1,3466248,"DIA 12MM(G6), L 188MM, TAPPED(M8X1.25), TAPPED(M6X1.0), IND",BOLT,24216849-758186,ATS CORPORATION,10186983,SAT3,"AR Sortable FC - San Antonio, TX",NAMERICA,4/24/26 0:00,4/24/26 0:00,,7/8/26 0:00,5/22/26 0:00,01 HIGH,28,55,USD,Goods,A,A,,,sent_via_email,EAM,SAT3 Offsite Fastenal,issued,28,70,2,0,2,1,3,1,110
NA,2D,2D-21738756,1,3466248,"DIA 12MM(G6), L 188MM, TAPPED(M8X1.25), TAPPED(M6X1.0), IND",BOLT,24216849-758186,ATS CORPORATION,10186983,AUS2,"AR Sortable FC - Pflugerville, TX",NAMERICA,6/21/26 0:00,6/21/26 0:00,,7/17/26 0:00,7/19/26 0:00,01 HIGH,28,55,USD,Goods,A,A,,,sent_via_email,EAM,AUS2 (2D) Offsite Lindenmeyr Munroe,issued,28,12,2,0,2,0,2,1,110
NA,2D,2D-21771037,1,3466248,"DIA 12MM(G6), L 188MM, TAPPED(M8X1.25), TAPPED(M6X1.0), IND",BOLT,24216849-758186,ATS CORPORATION,10186983,MQY1,"AR Sortable FC - Mt. Juliet, TN",NAMERICA,6/23/26 0:00,6/23/26 0:00,,6/26/26 0:00,7/21/26 0:00,02 MED,28,55,USD,Goods,A,A,,,sent_via_email,EAM,"MQY1 FC (Mt. Juliet, TN)",issued,28,10,2,0,2,1,3,2,110
NA,2D,2D-21932973,1,3466248,"DIA 12MM(G6), L 188MM, TAPPED(M8X1.25), TAPPED(M6X1.0), IND",BOLT,24216849-758186,ATS CORPORATION,10186983,SYR1,"AR Sortable FC - Clay, NY",NAMERICA,7/8/26 0:00,7/8/26 0:00,,8/5/26 0:00,8/5/26 0:00,01 HIGH,28,55,USD,Goods,A,A,,,sent_via_email,EAM,"SYR1 Sortable FC AR (Clay, NY)",issued,28,0,2,0,2,0,2,1,110
NA,2D,2D-22160029,1,3022932,"SENSOR FLAG PIN, USP TRIGGER GATE",SENSOR,24216849-758186,ATS CORPORATION,700600424,BOS3,"AR Sortable FC - North Andover, MA",NAMERICA,7/30/26 0:00,7/30/26 0:00,,11/7/26 0:00,10/1/26 0:00,01 HIGH,63,55,USD,Goods,A,A,,,sent_via_email,EAM,"BOS3 Offsite Lindenmeyr Munroe (Londonderry, NH)",issued,63,0,2,0,2,0,2,1,110
NA,75,5Z-22051397,2,N12270,FLOW CONTROL VALVE,VALVE,25788798-777942,CTM LABELING SYSTEMS,PM-PF2060,YHM1,"AR Sortable FC - Hamilton, ON",NAMERICA,7/20/26 0:00,7/20/26 0:00,,8/7/26 0:00,8/3/26 0:00,03 LOW,14,26,USD,Goods,A,A,,,sent_via_email,EAM,YHM1 Offsite -Traffic Tech,issued,14,0,4,0,4,2,6,3,104
NA,2D,2D-21999817,1,3015434,"GRIPPER PAD, KNURLED STEEL, SWIVEL",GRIPPER,24216849-758186,ATS CORPORATION,10237057,DET6,"AR Sortable FC - Detroit, MI",NAMERICA,7/15/26 0:00,7/15/26 0:00,,7/27/26 0:00,8/5/26 0:00,01 HIGH,21,25,USD,Goods,A,A,,,sent_via_email,EAM,DET6 AMZL Offsite,issued,21,0,4,0,4,0,5,1,100
NA,2D,2D-21866165,1,3466147,"ADN, BORE 32MM, STROKE 25MM, DOUBLE ACTING, BASIC VERSION",CYLINDER,24216849-758186,ATS CORPORATION,10186308,IGQ1,"AR Sortable FC - Markham , IL",NAMERICA,7/1/26 0:00,7/1/26 0:00,,8/26/26 0:00,7/29/26 0:00,01 HIGH,28,95,USD,Goods,A,A,,,sent_via_email,EAM,IGQ1 Offsite UGI Global,issued,28,2,1,0,1,1,2,1,95
NA,2D,2D-22051767,7,3466147,"ADN, BORE 32MM, STROKE 25MM, DOUBLE ACTING, BASIC VERSION",CYLINDER,24216849-758186,ATS CORPORATION,10186308,TPA4,"AR Sortable FC - Temple Terrace, FL",NAMERICA,7/20/26 0:00,7/20/26 0:00,,11/2/26 0:00,8/17/26 0:00,01 HIGH,28,95,USD,Goods,A,A,,,sent_via_email,EAM,"TPA4 Sortable FC ARS (Temple Terrace, FL)",issued,28,0,1,0,1,0,1,0,95
NA,2D,2D-22095571,2,3466147,"ADN, BORE 32MM, STROKE 25MM, DOUBLE ACTING, BASIC VERSION",CYLINDER,24216849-758186,ATS CORPORATION,10186308,AUS2,"AR Sortable FC - Pflugerville, TX",NAMERICA,7/23/26 0:00,7/23/26 0:00,,9/17/26 0:00,8/20/26 0:00,01 HIGH,28,95,USD,Goods,A,A,,,sent_via_email,EAM,AUS2 (2D) Offsite Lindenmeyr Munroe,issued,28,0,1,0,1,1,2,1,95
NA,2D,2D-21672946,1,3022934,SHOCK ABSORBERS,SPRING,24216849-758186,ATS CORPORATION,2846384,SCK6,"AR Sortable FC - Tracy, CA",NAMERICA,6/15/26 0:00,6/15/26 0:00,,7/29/26 0:00,7/27/26 0:00,01 HIGH,42,45,USD,Goods,A,A,,,sent_via_email,EAM,SCK6 OFFSITE NON-INVENTORY,issued,42,4,2,0,2,0,2,1,90
NA,2D,2D-21802218,1,3022934,SHOCK ABSORBERS,SPRING,24216849-758186,ATS CORPORATION,2846384,SBN1,"AR Sortable FC - Bristol, IN",NAMERICA,6/25/26 0:00,6/25/26 0:00,,8/1/26 0:00,8/6/26 0:00,01 HIGH,42,45,USD,Goods,A,A,,,sent_via_email,EAM,SBN1 Offsite,issued,42,0,2,0,2,0,6,2,90
NA,2D,2D-21812849,1,3022934,SHOCK ABSORBERS,SPRING,24216849-758186,ATS CORPORATION,2846384,SAN3,"AR Sortable FC - San Diego, CA",NAMERICA,6/26/26 0:00,6/26/26 0:00,,8/2/26 0:00,8/7/26 0:00,01 HIGH,42,45,USD,Goods,A,A,,,sent_via_email,EAM,SAN3 Non Inventory Offsite c/o Iron Mountain,issued,42,0,2,0,2,0,2,1,90
NA,2D,2D-21914714,1,3022934,SHOCK ABSORBERS,SPRING,24216849-758186,ATS CORPORATION,2846384,AKC1,"AR SORTABLE FC - Akron, OH",NAMERICA,7/7/26 0:00,7/7/26 0:00,,8/18/26 0:00,8/18/26 0:00,01 HIGH,42,45,USD,Goods,A,A,,,sent_via_email,EAM,AKC1 OFFSITE Quickship,issued,42,0,2,0,2,2,5,3,90
NA,75,5Z-22060012,1,3022934,SHOCK ABSORBERS,SPRING,28177078-800256,ATS CORPORATION,2846384,YYC4,"AR Sortable FC - Calgary, AB",NAMERICA,7/21/26 0:00,7/21/26 0:00,,7/31/26 0:00,9/1/26 0:00,01 HIGH,42,45,USD,Goods,A,A,,,sent_via_email,EAM,YYC4 (75) Offsite Service Master,issued,38,0,2,0,2,0,5,3,90
NA,2D,2D-21157407,1,132054,DRIVE BELTS ZE500 EXTENDED LIFE R/B (12 mm),T-BELT,24216849-758186,ATS CORPORATION,ZEB-P1046696-146,PAE2,"AR Sortable FC - Arlington, WA",NAMERICA,4/28/26 0:00,4/28/26 0:00,,4/28/26 0:00,5/6/26 0:00,02 MED,8,87,USD,Goods,A,A,,,sent_via_email,EAM,"PAE2 FC Sortable (Arlington, WA, US)",issued,8,86,1,0,1,1,2,1,87
NA,2D,2D-21157407,1,132054,DRIVE_BELTS_ZE500_EXTENDED_LIFE_R/B_(12_MM),KIT,24216849-758186,ATS CORPORATION,ZEB-P1046696-146,PAE2,"AR Sortable FC - Arlington, WA",NAMERICA,4/28/26 0:00,4/28/26 0:00,,4/28/26 0:00,5/6/26 0:00,02 MED,8,87,USD,Goods,A,A,,,sent_via_email,EAM,"PAE2 FC Sortable (Arlington, WA, US)",issued,8,86,1,0,1,1,2,1,87
NA,2D,2D-21589234,1,3022961,"DIVERT PLATE, RIGHT",PLATE,24216849-758186,ATS CORPORATION,700606404,BDL4,"AR Sortable FC - Windsor, CT",NAMERICA,6/8/26 0:00,6/8/26 0:00,,9/7/26 0:00,9/10/26 0:00,01 HIGH,94,85,USD,Goods,A,A,,,sent_via_email,EAM,BDL4 (2D) OFFSITE (NON INVENTORY),issued,94,0,1,0,1,1,2,1,85
NA,2D,2D-21756267,15,94998,"CYL, ISO,PROX,X100MM,DA,MAG CO3",CYLINDER,24216849-758186,ATS CORPORATION,5072345,SYR1,"AR Sortable FC - Clay, NY",NAMERICA,6/22/26 0:00,6/22/26 0:00,,10/5/26 0:00,7/27/26 0:00,02 MED,35,85,USD,Goods,A,A,,,sent_via_email,EAM,SYR1 Offsite Lindenmeyr Munroe,issued,49,4,1,0,1,0,1,0,85
NA,2D,2D-21951088,11,94998,"CYL, ISO,PROX,X100MM,DA,MAG CO3",CYLINDER,24216849-758186,ATS CORPORATION,5072345,MQY1,"AR Sortable FC - Mt. Juliet, TN",NAMERICA,7/9/26 0:00,7/9/26 0:00,,10/1/26 0:00,8/13/26 0:00,02 MED,35,85,USD,Goods,A,A,,,sent_via_email,EAM,"MQY1 FC (Mt. Juliet, TN)",issued,49,0,1,0,1,0,1,0,85
NA,2D,2D-22051767,1,3022940,VERTICAL JAW CABLE MANAGEMENT BACKING PLATE,PLATE,24216849-758186,ATS CORPORATION,700657121,TPA4,"AR Sortable FC - Temple Terrace, FL",NAMERICA,7/20/26 0:00,7/20/26 0:00,,11/2/26 0:00,8/27/26 0:00,01 HIGH,38,85,USD,Goods,A,A,,,sent_via_email,EAM,"TPA4 Sortable FC ARS (Temple Terrace, FL)",issued,38,0,1,0,1,0,1,0,85
NA,2D,2D-22126295,2,3022961,"DIVERT PLATE, RIGHT",PLATE,24216849-758186,ATS CORPORATION,700606404,OXR1,"AR Sortable FC - Oxnard, CA",NAMERICA,7/27/26 0:00,7/27/26 0:00,,10/27/26 0:00,10/29/26 0:00,01 HIGH,94,85,USD,Goods,A,A,,,sent_via_email,EAM,OXR1 Offsite The UPS Store,issued,94,0,1,0,1,0,2,1,85
NA,2D,2D-21738607,1,3022981,M12 BULKHEAD PLATE,PLATE,24216849-758186,ATS CORPORATION,700607768,SCK6,"AR Sortable FC - Tracy, CA",NAMERICA,6/21/26 0:00,6/21/26 0:00,,10/4/26 0:00,10/7/26 0:00,01 HIGH,108,79,USD,Goods,A,A,,,sent_via_email,EAM,SCK6 OFFSITE NON-INVENTORY,issued,108,0,1,0,1,1,2,1,79
NA,2D,2D-22126295,3,3022962,"DIVERT PLATE, LEFT",PLATE,24216849-758186,ATS CORPORATION,700658322,OXR1,"AR Sortable FC - Oxnard, CA",NAMERICA,7/27/26 0:00,7/27/26 0:00,,10/27/26 0:00,8/26/26 0:00,01 HIGH,30,79,USD,Goods,A,A,,,sent_via_email,EAM,OXR1 Offsite The UPS Store,issued,30,0,1,0,1,0,2,1,79
NA,2D,2D-21330561,1,10683,"RELAY: MODULE, 24VDC, 6A, SPDT, PCB, AB 700-TBR24",RELAY,19106177-457090,TRIFACTOR,700-TBR24,DAB2,"AR Sortable FC - Daytona Beach, FL",NAMERICA,5/13/26 0:00,5/13/26 0:00,,5/29/26 0:00,6/3/26 0:00,02 MED,21,25.45,USD,Goods,A,A,,,sent_via_email,EAM,"DAB2 Sortable FC (Daytona, FL, US)",issued,21,58,3,0,3,20,4,3,76.35
NA,2D,2D-21330561,1,10683,"RELAY: MODULE, 24VDC, 6A, SPDT, PCB, AB 700-TBR24 ",RELAY,19106177-457090,TRIFACTOR,700-TBR24,DAB2,"AR Sortable FC - Daytona Beach, FL",NAMERICA,5/13/26 0:00,5/13/26 0:00,,5/29/26 0:00,6/3/26 0:00,02 MED,21,25.45,USD,Goods,A,A,,,sent_via_email,EAM,"DAB2 Sortable FC (Daytona, FL, US)",issued,21,58,3,0,3,20,4,3,76.35
NA,2D,2D-22042325,3,3032133,COMPRESSION SPRING T=1.4 OD=20 ID=17,SPRING,24216849-758186,ATS CORPORATION,8146792,SAT3,"AR Sortable FC - San Antonio, TX",NAMERICA,7/20/26 0:00,7/20/26 0:00,,10/12/26 0:00,8/17/26 0:00,01 HIGH,28,5.99,USD,Goods,A,A,,,sent_via_email,EAM,SAT3 Offsite Fastenal,issued,28,0,12,0,12,0,12,1,71.88
NA,2D,2D-21932099,1,3466149,"BLOCK PIVOT, VERTICAL SEAL JAW",HOUSING,24216849-758186,ATS CORPORATION,10186968,SAN3,"AR Sortable FC - San Diego, CA",NAMERICA,7/8/26 0:00,7/8/26 0:00,,9/15/26 0:00,9/16/26 0:00,01 HIGH,70,35,USD,Goods,A,A,,,sent_via_email,EAM,SAN3 Non Inventory Offsite c/o Iron Mountain,issued,70,0,2,0,2,2,4,2,70
NA,2D,2D-21983355,7,3466149,"BLOCK PIVOT, VERTICAL SEAL JAW",HOUSING,24216849-758186,ATS CORPORATION,10186968,RIC4,"AR Sortable FC - Richmond, VA",NAMERICA,7/14/26 0:00,7/14/26 0:00,,6/10/27 0:00,9/22/26 0:00,01 HIGH,70,35,USD,Goods,A,A,,,sent_via_email,EAM,RIC4 Offsite Fastenal,issued,70,0,2,0,2,4,4,2,70
NA,2D,2D-22159158,1,1071515,"RADIAL BALL BEARING, 25MM X 42MM X 9MM",BEARING,24216849-758186,ATS CORPORATION,5055705,BDL4,"AR Sortable FC - Windsor, CT",NAMERICA,7/30/26 0:00,7/30/26 0:00,,8/23/26 0:00,8/27/26 0:00,02 MED,28,35,USD,Goods,A,A,,,sent_via_email,EAM,BDL4 (2D) OFFSITE (NON INVENTORY),issued,28,0,2,0,2,0,2,1,70
NA,2D,2D-21334250,7,3022951,RTD SENSOR,SENSOR,24216849-758186,ATS CORPORATION,10206007,SAV4,"AR Sortable FC - Pooler, GA",NAMERICA,5/14/26 0:00,5/14/26 0:00,,8/24/26 0:00,7/9/26 0:00,01 HIGH,56,69,USD,,A,A,,,sent_via_email,EAM,"SAV4 FC Sortable (Pent Wentworth, GA)",issued,56,22,1,0,1,2,3,2,69
NA,2D,2D-21334250,7,3022951,RTD SENSOR,SENSOR,24216849-758186,ATS CORPORATION,10206007,SAV4,"AR Sortable FC - Pooler, GA",NAMERICA,5/14/26 0:00,5/14/26 0:00,,8/24/26 0:00,7/9/26 0:00,01 HIGH,56,69,USD,Goods,A,A,,,sent_via_email,EAM,"SAV4 FC Sortable (Pent Wentworth, GA)",issued,56,22,1,0,1,2,3,2,69
NA,2D,2D-21892322,2,3022951,RTD SENSOR,SENSOR,24216849-758186,ATS CORPORATION,10206007,DAB2,"AR Sortable FC - Daytona Beach, FL",NAMERICA,7/5/26 0:00,7/5/26 0:00,,11/22/26 0:00,8/30/26 0:00,01 HIGH,56,69,USD,Goods,A,A,,,sent_via_email,EAM,"DAB2 Sortable FC (Daytona, FL, US)",issued,56,0,1,0,1,1,2,1,69
NA,2D,2D-22095571,1,3022951,RTD SENSOR,SENSOR,24216849-758186,ATS CORPORATION,10206007,AUS2,"AR Sortable FC - Pflugerville, TX",NAMERICA,7/23/26 0:00,7/23/26 0:00,,9/17/26 0:00,9/17/26 0:00,01 HIGH,56,69,USD,Goods,A,A,,,sent_via_email,EAM,AUS2 (2D) Offsite Lindenmeyr Munroe,issued,56,0,1,0,1,1,2,1,69
NA,2D,2D-21951088,7,3033957,"RING, CENTERING SLEEVE, ZBH-5-B",RING,24216849-758186,ATS CORPORATION,9888886,MQY1,"AR Sortable FC - Mt. Juliet, TN",NAMERICA,7/9/26 0:00,7/9/26 0:00,,10/1/26 0:00,7/30/26 0:00,01 HIGH,21,19.9,USD,Goods,A,A,,,sent_via_email,EAM,"MQY1 FC (Mt. Juliet, TN)",issued,21,1,3,0,3,0,3,1,59.7
NA,2D,2D-22042325,4,3033957,"RING, CENTERING SLEEVE, ZBH-5-B",RING,24216849-758186,ATS CORPORATION,9888886,SAT3,"AR Sortable FC - San Antonio, TX",NAMERICA,7/20/26 0:00,7/20/26 0:00,,10/12/26 0:00,8/10/26 0:00,01 HIGH,21,19.9,USD,Goods,A,A,,,sent_via_email,EAM,SAT3 Offsite Fastenal,issued,21,0,3,0,3,0,3,1,59.7
NA,2D,2D-19880487,1,1002613,"VALVE, CHECK VALVE,ASSEMBLY:FLOW CONTROL W/ PILOT CHECK VALVE 1/4 TUBE WITH1/8 T",VALVE,24216849-758186,ATS CORPORATION,PM-PF2090,ORF4,ORF4 - AR Sortable FC - Virginia Beach,NAMERICA,12/26/25 0:00,12/26/25 0:00,,7/15/26 0:00,1/15/26 0:00,02 MED,20,59.4,USD,,A,A,,,sent_via_email,EAM,ORF4 Offsite Richmond Express,issued,20,197,1,0,1,2,4,3,59.4
NA,2D,2D-19880487,1,1002613,"VALVE, CHECK VALVE,ASSEMBLY:FLOW CONTROL W/ PILOT CHECK VALVE 1/4 TUBE WITH1/8 T",VALVE,24216849-758186,ATS CORPORATION,PM-PF2090,ORF4,ORF4 - AR Sortable FC - Virginia Beach,NAMERICA,12/26/25 0:00,12/26/25 0:00,,7/15/26 0:00,1/15/26 0:00,02 MED,20,59.4,USD,Goods,A,A,,,sent_via_email,EAM,ORF4 Offsite Richmond Express,issued,20,197,1,0,1,2,4,3,59.4
NA,2D,2D-21913863,1,3466191,"M10X1.25, STEEL (GALVANISED)",FASTENER,24216849-758186,ATS CORPORATION,4829490,BOS3,"AR Sortable FC - North Andover, MA",NAMERICA,7/7/26 0:00,7/7/26 0:00,,8/31/26 0:00,8/4/26 0:00,01 HIGH,28,29,USD,Goods,A,A,,,sent_via_email,EAM,"BOS3 Offsite Lindenmeyr Munroe (Londonderry, NH)",issued,56,0,2,0,2,0,2,1,58
NA,2D,2D-21951088,8,3037851,ALTERNATE PLASTIC P-CLIP (MUST DRILL MOUNTING HOLE TO M6),CLIP,24216849-758186,ATS CORPORATION,10322786,MQY1,"AR Sortable FC - Mt. Juliet, TN",NAMERICA,7/9/26 0:00,7/9/26 0:00,,10/1/26 0:00,8/2/26 0:00,01 HIGH,24,29,USD,Goods,A,A,,,sent_via_email,EAM,"MQY1 FC (Mt. Juliet, TN)",issued,24,0,2,0,2,0,2,1,58
NA,2D,2D-22042325,5,3037851,ALTERNATE PLASTIC P-CLIP (MUST DRILL MOUNTING HOLE TO M6),CLIP,24216849-758186,ATS CORPORATION,10322786,SAT3,"AR Sortable FC - San Antonio, TX",NAMERICA,7/20/26 0:00,7/20/26 0:00,,10/12/26 0:00,8/13/26 0:00,01 HIGH,24,29,USD,Goods,A,A,,,sent_via_email,EAM,SAT3 Offsite Fastenal,issued,24,0,2,0,2,0,2,1,58
NA,2D,2D-21748411,1,3466248,"DIA 12MM(G6), L 188MM, TAPPED(M8X1.25), TAPPED(M6X1.0), IND",BOLT,24216849-758186,ATS CORPORATION,10186983,TYS1,"AR Sortable FC - Rockford, TN",NAMERICA,6/22/26 0:00,6/22/26 0:00,,7/20/26 0:00,7/20/26 0:00,01 HIGH,28,55,USD,Goods,A,A,,,sent_via_email,EAM,"TYS1 FC Sortable (Rockford, TN)",issued,28,11,1,0,1,0,2,1,55
NA,2D,2D-22111892,1,3022932,"SENSOR FLAG PIN, USP TRIGGER GATE",SENSOR,24216849-758186,ATS CORPORATION,700600424,MQY1,"AR Sortable FC - Mt. Juliet, TN",NAMERICA,7/26/26 0:00,7/26/26 0:00,,11/11/26 0:00,9/27/26 0:00,01 HIGH,63,55,USD,Goods,A,A,,,sent_via_email,EAM,"MQY1 FC (Mt. Juliet, TN)",issued,63,0,1,0,1,1,2,1,55
NA,2D,2D-22126295,4,3022964,"DIVERT PLATE, REJECT COVER",PLATE,24216849-758186,ATS CORPORATION,10323534,OXR1,"AR Sortable FC - Oxnard, CA",NAMERICA,7/27/26 0:00,7/27/26 0:00,,10/27/26 0:00,10/29/26 0:00,01 HIGH,94,55,USD,Goods,A,A,,,sent_via_email,EAM,OXR1 Offsite The UPS Store,issued,94,0,1,0,1,0,2,1,55
NA,2D,2D-22144901,13,3466170,"DSNU, BORE 25MM, STROKE 100MM, DOUBLE ACTING, LATERAL AIR,",CYLINDER,24216849-758186,ATS CORPORATION,9522999,ABQ1,"AR Sortable FC - Albuquerque, NM",NAMERICA,7/29/26 0:00,7/29/26 0:00,,11/5/26 0:00,9/2/26 0:00,01 HIGH,35,55,USD,Goods,A,A,,,sent_via_email,EAM,"ABQ1 FC (Albuquerque, NM)",issued,56,0,1,0,1,1,2,1,55
NA,2D,2D-22160029,10,3466170,"DSNU, BORE 25MM, STROKE 100MM, DOUBLE ACTING, LATERAL AIR,",CYLINDER,24216849-758186,ATS CORPORATION,9522999,BOS3,"AR Sortable FC - North Andover, MA",NAMERICA,7/30/26 0:00,7/30/26 0:00,,11/7/26 0:00,9/3/26 0:00,01 HIGH,35,55,USD,Goods,A,A,,,sent_via_email,EAM,"BOS3 Offsite Lindenmeyr Munroe (Londonderry, NH)",issued,56,0,1,0,1,1,2,1,55
NA,2D,2D-20503272,3,11424,"BAND, BRAKE 3/4"" X 6-1/2"" L",BAND,6470518-4521,INTELLIGRATED SYSTEMS LLC,29937500,DET6,"AR Sortable FC - Detroit, MI",NAMERICA,2/26/26 0:00,7/7/26 0:00,,12/31/26 0:00,7/30/26 0:00,01 HIGH,23,26.88,USD,Goods,A,A,,,sent_via_cxml,EAM,DET6 AMZL Offsite,issued,23,1,2,0,2,2,2,1,53.76
NA,2D,2D-22044252,2,10683,"RELAY: MODULE, 24VDC, 6A, SPDT, PCB, AB 700-TBR24",RELAY,6470518-4521,INTELLIGRATED SYSTEMS LLC,1706134,IGQ1,"AR Sortable FC - Markham , IL",NAMERICA,7/20/26 0:00,7/20/26 0:00,,10/21/26 0:00,10/21/26 0:00,01 HIGH,93,13.02,USD,Goods,A,A,,,sent_via_cxml,EAM,IGQ1 Offsite UGI Global,issued,93,0,4,0,4,0,4,1,52.08
NA,2D,2D-22044252,2,10683,"RELAY: MODULE, 24VDC, 6A, SPDT, PCB, AB 700-TBR24 ",RELAY,6470518-4521,INTELLIGRATED SYSTEMS LLC,1706134,IGQ1,"AR Sortable FC - Markham , IL",NAMERICA,7/20/26 0:00,7/20/26 0:00,,10/21/26 0:00,10/21/26 0:00,01 HIGH,93,13.02,USD,Goods,A,A,,,sent_via_cxml,EAM,IGQ1 Offsite UGI Global,issued,93,0,4,0,4,0,4,1,52.08
NA,2D,2D-20746113,1,10191,"BEARING,THRUST:0.05 LBWT,BALL, 3 PIECE FLAT RACEWAY,ID:3/4 IN,OD:1-5/16 IN,MAT:S",BEARING,12278686-11857,CTM LABELING SYSTEMS,PM-BE1232,ORD5,"AR Sortable FC - Matteson, IL",NAMERICA,3/20/26 0:00,3/20/26 0:00,,4/18/26 0:00,4/24/26 0:00,01 HIGH,35,25,USD,Goods,A,A,,,sent_via_email,EAM,ORD5 Offsite UGI Global,issued,35,98,2,0,2,3,3,1,50
NA,2D,2D-22160029,3,3022938,CAPTIVE SCREW RETAINER,SCREW,24216849-758186,ATS CORPORATION,9449488,BOS3,"AR Sortable FC - North Andover, MA",NAMERICA,7/30/26 0:00,7/30/26 0:00,,11/7/26 0:00,8/27/26 0:00,01 HIGH,28,25,USD,Goods,A,A,,,sent_via_email,EAM,"BOS3 Offsite Lindenmeyr Munroe (Londonderry, NH)",issued,28,0,2,0,2,0,2,1,50
NA,2D,2D-21736405,4,3032133,COMPRESSION SPRING T=1.4 OD=20 ID=17,SPRING,24216849-758186,ATS CORPORATION,8146792,AGS1,"AR Sortable FC - Appling, GA",NAMERICA,6/20/26 0:00,6/20/26 0:00,,8/6/26 0:00,7/18/26 0:00,01 HIGH,28,5.99,USD,Goods,A,A,,,sent_via_email,EAM,"AGS1 FC IXD (Appling, GA)",issued,28,13,8,0,8,0,8,1,47.92
NA,2D,2D-22051767,5,3032133,COMPRESSION SPRING T=1.4 OD=20 ID=17,SPRING,24216849-758186,ATS CORPORATION,8146792,TPA4,"AR Sortable FC - Temple Terrace, FL",NAMERICA,7/20/26 0:00,7/20/26 0:00,,11/2/26 0:00,8/17/26 0:00,01 HIGH,28,5.99,USD,Goods,A,A,,,sent_via_email,EAM,"TPA4 Sortable FC ARS (Temple Terrace, FL)",issued,28,0,8,0,8,0,8,1,47.92
NA,2D,2D-21960498,15,1004322,METAL LATCH - 22.5MM PB,LATCH,19784017-571006,WESTERN INDUSTRIAL CONTRACTORS,800F-ALM,GEG1,"AR Sortable FC - Spokane , WA",NAMERICA,7/10/26 0:00,7/10/26 0:00,,7/10/26 0:00,9/8/26 0:00,02 MED,60,3.34,USD,Goods,A,A,,,sent_via_email,EAM,GEG1 Offsite Veritiv,issued,60,0,14,0,14,14,28,4,46.76
NA,2D,2D-21960498,15,1004322,PB MOUNTING LATCH - METAL,LATCH,19784017-571006,WESTERN INDUSTRIAL CONTRACTORS,800F-ALM,GEG1,"AR Sortable FC - Spokane , WA",NAMERICA,7/10/26 0:00,7/10/26 0:00,,7/10/26 0:00,9/8/26 0:00,02 MED,60,3.34,USD,Goods,A,A,,,sent_via_email,EAM,GEG1 Offsite Veritiv,issued,60,0,14,0,14,14,28,4,46.76
NA,2D,2D-21334250,4,3022942,"CLAMP, LOOP NYLON 7/8"" X 1 1/2",CLAMP,24216849-758186,ATS CORPORATION,8876T4,SAV4,"AR Sortable FC - Pooler, GA",NAMERICA,5/14/26 0:00,5/14/26 0:00,,8/24/26 0:00,6/4/26 0:00,01 HIGH,21,45,USD,,A,A,,,sent_via_email,EAM,"SAV4 FC Sortable (Pent Wentworth, GA)",issued,21,57,1,0,1,2,3,2,45
NA,2D,2D-21334250,4,3022942,"CLAMP, LOOP NYLON 7/8"" X 1 1/2",CLAMP,24216849-758186,ATS CORPORATION,8876T4,SAV4,"AR Sortable FC - Pooler, GA",NAMERICA,5/14/26 0:00,5/14/26 0:00,,8/24/26 0:00,6/4/26 0:00,01 HIGH,21,45,USD,Goods,A,A,,,sent_via_email,EAM,"SAV4 FC Sortable (Pent Wentworth, GA)",issued,21,57,1,0,1,2,3,2,45
NA,2D,2D-21897647,1,3022934,SHOCK ABSORBERS,SPRING,24216849-758186,ATS CORPORATION,2846384,SYR1,"AR Sortable FC - Clay, NY",NAMERICA,7/6/26 0:00,7/6/26 0:00,,8/17/26 0:00,8/17/26 0:00,01 HIGH,42,45,USD,Goods,A,A,,,sent_via_email,EAM,"SYR1 Sortable FC AR (Clay, NY)",issued,42,0,1,0,1,1,2,1,45
NA,2D,2D-22051767,2,3022942,"CLAMP, LOOP NYLON 7/8"" X 1 1/2",CLAMP,24216849-758186,ATS CORPORATION,8876T4,TPA4,"AR Sortable FC - Temple Terrace, FL",NAMERICA,7/20/26 0:00,7/20/26 0:00,,11/2/26 0:00,8/10/26 0:00,01 HIGH,21,45,USD,Goods,A,A,,,sent_via_email,EAM,"TPA4 Sortable FC ARS (Temple Terrace, FL)",issued,21,0,1,0,1,0,1,0,45
NA,2D,2D-22089767,2,3022934,SHOCK ABSORBERS,SPRING,24216849-758186,ATS CORPORATION,2846384,ORF4,ORF4 - AR Sortable FC - Virginia Beach,NAMERICA,7/23/26 0:00,7/23/26 0:00,,6/23/27 0:00,9/3/26 0:00,01 HIGH,42,45,USD,Goods,A,A,,,sent_via_email,EAM,ORF4 Offsite C/O Richmond Express,issued,42,0,1,0,1,14,5,2,45
NA,2D,2D-21721673,1,3043423,"FUSE,5 AMP,250V",FUSE,24216849-758186,ATS CORPORATION,819-028,DAB2,"AR Sortable FC - Daytona Beach, FL",NAMERICA,6/18/26 0:00,6/18/26 0:00,,7/17/26 0:00,7/18/26 0:00,02 MED,30,9.99,USD,Goods,A,A,,,sent_via_email,EAM,"DAB2 Sortable FC (Daytona, FL, US)",issued,30,13,4,0,4,5,6,3,39.96
NA,2D,2D-21736405,3,3029777,"RING, CENTERING SLEEVE, ZBH-7-B",RING,24216849-758186,ATS CORPORATION,9863259,AGS1,"AR Sortable FC - Appling, GA",NAMERICA,6/20/26 0:00,6/20/26 0:00,,8/6/26 0:00,8/8/26 0:00,01 HIGH,49,19.9,USD,Goods,A,A,,,sent_via_email,EAM,"AGS1 FC IXD (Appling, GA)",issued,49,0,2,0,2,0,2,1,39.8
NA,2D,2D-21756267,6,3029777,"RING, CENTERING SLEEVE, ZBH-7-B",RING,24216849-758186,ATS CORPORATION,9863259,SYR1,"AR Sortable FC - Clay, NY",NAMERICA,6/22/26 0:00,6/22/26 0:00,,10/5/26 0:00,8/10/26 0:00,01 HIGH,49,19.9,USD,Goods,A,A,,,sent_via_email,EAM,SYR1 Offsite Lindenmeyr Munroe,issued,49,0,2,0,2,0,2,1,39.8
NA,2D,2D-21756267,8,3033957,"RING, CENTERING SLEEVE, ZBH-5-B",RING,24216849-758186,ATS CORPORATION,9888886,SYR1,"AR Sortable FC - Clay, NY",NAMERICA,6/22/26 0:00,6/22/26 0:00,,10/5/26 0:00,7/13/26 0:00,01 HIGH,21,19.9,USD,Goods,A,A,,,sent_via_email,EAM,SYR1 Offsite Lindenmeyr Munroe,issued,21,18,2,0,2,0,3,1,39.8
NA,2D,2D-21951088,5,3029777,"RING, CENTERING SLEEVE, ZBH-7-B",RING,24216849-758186,ATS CORPORATION,9863259,MQY1,"AR Sortable FC - Mt. Juliet, TN",NAMERICA,7/9/26 0:00,7/9/26 0:00,,10/1/26 0:00,8/27/26 0:00,01 HIGH,49,19.9,USD,Goods,A,A,,,sent_via_email,EAM,"MQY1 FC (Mt. Juliet, TN)",issued,49,0,2,0,2,0,2,1,39.8
NA,2D,2D-22042325,1,3029777,"RING, CENTERING SLEEVE, ZBH-7-B",RING,24216849-758186,ATS CORPORATION,9863259,SAT3,"AR Sortable FC - San Antonio, TX",NAMERICA,7/20/26 0:00,7/20/26 0:00,,10/12/26 0:00,9/7/26 0:00,01 HIGH,49,19.9,USD,Goods,A,A,,,sent_via_email,EAM,SAT3 Offsite Fastenal,issued,49,0,2,0,2,0,2,1,39.8
NA,2D,2D-21888318,1,1060925,BLADE CONNECTING PIN,PIN,112850-7713,MCMASTER-CARR SUPPLY CO,95335A585,PVD2,"AR Sortable FC - Johnston, RI",NAMERICA,7/3/26 0:00,7/3/26 0:00,,7/22/26 0:00,7/24/26 0:00,02 MED,21,4.56,USD,Goods,A,A,,,sent_via_cxml,EAM,"PVD2 FC Sortable (Johnston, RI, US)",issued,21,7,8,0,8,8,8,5,36.48
NA,2D,2D-20552835,1,1071515,"RADIAL BALL BEARING, 25MM X 42MM X 9MM",BEARING,10744873-6254,ATS AUTOMATION INC,5055810,DEN4,"AR Sortable FC - Colorado Springs, CO",NAMERICA,3/3/26 0:00,3/3/26 0:00,,3/6/26 0:00,3/17/26 0:00,02 MED,14,35,USD,Goods,A,A,,,sent_via_email,EAM,"DEN4 FC (Colorado Springs, CO)",issued,14,136,1,0,1,0,2,1,35
NA,2D,2D-21200727,1,1071515,"RADIAL BALL BEARING, 25MM X 42MM X 9MM",BEARING,10744873-6254,ATS AUTOMATION INC,5055810,DEN4,"AR Sortable FC - Colorado Springs, CO",NAMERICA,5/1/26 0:00,5/1/26 0:00,,5/7/26 0:00,5/15/26 0:00,02 MED,14,35,USD,Goods,A,A,,,sent_via_email,EAM,"DEN4 FC (Colorado Springs, CO)",issued,14,77,1,0,1,0,2,1,35
NA,2D,2D-21823955,1,N24793,Single Pull Single Throw (SPST) Relay -24V,RELAY,17046845-895303,MOTION INDUSTRIES INC,6134209,BDL4,"AR Sortable FC - Windsor, CT",NAMERICA,6/29/26 0:00,6/29/26 0:00,,7/27/26 0:00,7/16/26 0:00,01 HIGH,17,10.81,USD,Goods,A,A,,,sent_via_cxml,EAM,BDL4 (2D) OFFSITE (NON INVENTORY),issued,17,15,3,0,3,0,4,1,32.43
NA,2D,2D-20326796,1,1002613,"VALVE, CHECK VALVE,ASSEMBLY:FLOW CONTROL W/ PILOT CHECK VALVE 1/4 TUBE WITH1/8 T",VALVE,17046845-895303,MOTION INDUSTRIES INC,1984882,BDL4,"AR Sortable FC - Windsor, CT",NAMERICA,2/10/26 0:00,2/10/26 0:00,,3/9/26 0:00,2/26/26 0:00,01 HIGH,16,31.97,USD,Goods,A,A,,,sent_via_cxml,EAM,BDL4 (2D) OFFSITE (NON INVENTORY),issued,16,155,1,0,1,2,3,1,31.97
NA,2D,2D-21292553,10,N37843,MOTOR RELAY,RELAY,24216849-758186,ATS CORPORATION,PE-RE1017,SYR1,"AR Sortable FC - Clay, NY",NAMERICA,5/11/26 0:00,5/11/26 0:00,,8/24/26 0:00,5/19/26 0:00,02 MED,8,30.75,USD,Goods,A,A,,,sent_via_email,EAM,"SYR1 Sortable FC AR (Clay, NY)",issued,8,73,1,0,1,0,2,1,30.75
NA,2D,2D-22160148,3,N37843,MOTOR RELAY,RELAY,24216849-758186,ATS CORPORATION,PE-RE1017,SYR1,"AR Sortable FC - Clay, NY",NAMERICA,7/30/26 0:00,7/30/26 0:00,,9/17/26 0:00,8/7/26 0:00,02 MED,8,30.75,USD,Goods,A,A,,,sent_via_email,EAM,"SYR1 Sortable FC AR (Clay, NY)",issued,8,0,1,0,1,0,2,1,30.75
NA,2D,2D-21799664,2,3022976,DIVERTER SCREWS M5 X 12 12MM LONG,SCREW,24216849-758186,ATS CORPORATION,1511831,SYR1,"AR Sortable FC - Clay, NY",NAMERICA,6/25/26 0:00,6/25/26 0:00,,9/26/26 0:00,7/23/26 0:00,01 HIGH,28,15,USD,Goods,A,A,,,sent_via_email,EAM,"SYR1 Sortable FC AR (Clay, NY)",issued,28,8,2,0,2,1,3,1,30
NA,2D,2D-22007497,8,3022976,DIVERTER SCREWS M5 X 12 12MM LONG,SCREW,24216849-758186,ATS CORPORATION,1511831,SCK6,"AR Sortable FC - Tracy, CA",NAMERICA,7/15/26 0:00,7/15/26 0:00,,11/18/26 0:00,8/12/26 0:00,01 HIGH,28,15,USD,Goods,A,A,,,sent_via_email,EAM,SCK6 OFFSITE NON-INVENTORY,issued,28,0,2,0,2,1,3,2,30
NA,2D,2D-21299821,5,N41977,"BALL BEARING, DEEP GROOVE",BEARING,24216849-758186,ATS CORPORATION,785096,DET6,"AR Sortable FC - Detroit, MI",NAMERICA,5/11/26 0:00,7/7/26 0:00,,12/31/26 0:00,7/21/26 0:00,02 MED,14,29,USD,Goods,A,A,,,sent_via_email,EAM,DET6 AMZL Offsite,issued,14,10,1,0,1,3,4,3,29
NA,2D,2D-21437190,1,3466191,"M10X1.25, STEEL (GALVANISED)",FASTENER,24216849-758186,ATS CORPORATION,4829490,AUS2,"AR Sortable FC - Pflugerville, TX",NAMERICA,5/23/26 0:00,5/23/26 0:00,,7/17/26 0:00,6/20/26 0:00,01 HIGH,28,29,USD,Goods,A,A,,,sent_via_email,EAM,AUS2 (2D) Offsite Lindenmeyr Munroe,issued,56,41,1,0,1,1,2,1,29
NA,2D,2D-21756267,10,3037851,ALTERNATE PLASTIC P-CLIP (MUST DRILL MOUNTING HOLE TO M6),CLIP,24216849-758186,ATS CORPORATION,10322786,SYR1,"AR Sortable FC - Clay, NY",NAMERICA,6/22/26 0:00,6/22/26 0:00,,10/5/26 0:00,7/16/26 0:00,01 HIGH,24,29,USD,Goods,A,A,,,sent_via_email,EAM,SYR1 Offsite Lindenmeyr Munroe,issued,24,15,1,0,1,0,2,1,29
NA,2D,2D-22065069,2,3037851,ALTERNATE PLASTIC P-CLIP (MUST DRILL MOUNTING HOLE TO M6),CLIP,24216849-758186,ATS CORPORATION,10322786,SYR1,"AR Sortable FC - Clay, NY",NAMERICA,7/21/26 0:00,7/21/26 0:00,,9/29/26 0:00,8/14/26 0:00,01 HIGH,24,29,USD,Goods,A,A,,,sent_via_email,EAM,"SYR1 Sortable FC AR (Clay, NY)",issued,24,0,1,0,1,0,2,1,29
NA,2D,2D-22087042,1,3466191,"M10X1.25, STEEL (GALVANISED)",FASTENER,24216849-758186,ATS CORPORATION,4829490,MLI1,"AR Sortable FC - Davenport, IA",NAMERICA,7/23/26 0:00,7/23/26 0:00,,9/17/26 0:00,8/20/26 0:00,02 MED,28,29,USD,Goods,A,A,,,sent_via_email,EAM,MLI1 Maher Offsite,issued,56,0,1,0,1,1,2,1,29
NA,2D,2D-22162043,1,1060925,BLADE CONNECTING PIN,PIN,112850-7713,MCMASTER-CARR SUPPLY CO,95335A585,TLH2,"AR Sortable FC - Tallahassee, FL",NAMERICA,7/30/26 0:00,7/30/26 0:00,,8/29/26 0:00,8/20/26 0:00,02 MED,21,4.56,USD,Goods,A,A,,,sent_via_cxml,EAM,"TLH2 Sortable FC (Tallahassee, FL, US)",issued,21,0,6,0,6,3,9,3,27.36
INTL,F8,F8-21997537,1,1060925,BLADE CONNECTING PIN,PIN,105530158-1222756,ATS AUTOMATION TOOLING SYSTEMS GMBH,7786051,MXP6,AR Sortable 450 465k sqft G+3 Gen10,EUROPE,7/15/26 0:00,7/15/26 0:00,,9/25/26 0:00,8/5/26 0:00,01 HIGH,21,26.45,EUR,Goods,A,A,,,sent_via_email,EAM,"MXP6 XPO (F8) FC San Pietro Mosezzo, Novara, IT",issued,21,0,1,0,1,0,1,0,26.45
NA,2D,2D-21948660,1,N12270,FLOW CONTROL VALVE,VALVE,24216849-758186,ATS CORPORATION,PM-PF2060,SCK6,"AR Sortable FC - Tracy, CA",NAMERICA,7/9/26 0:00,7/9/26 0:00,,7/10/26 0:00,7/29/26 0:00,01 HIGH,20,26,USD,Goods,A,A,,,sent_via_email,EAM,SCK6 OFFSITE NON-INVENTORY,issued,20,2,1,0,1,0,3,2,26
NA,2D,2D-22077901,2,N12270,FLOW CONTROL VALVE,VALVE,24216849-758186,ATS CORPORATION,PM-PF2060,SCK6,"AR Sortable FC - Tracy, CA",NAMERICA,7/22/26 0:00,7/22/26 0:00,,7/22/26 0:00,8/11/26 0:00,01 HIGH,20,26,USD,Goods,A,A,,,sent_via_email,EAM,SCK6 OFFSITE NON-INVENTORY,issued,20,0,1,0,1,0,3,2,26
NA,2D,2D-22116063,1,N12270,FLOW CONTROL VALVE,VALVE,24216849-758186,ATS CORPORATION,PM-PF2060,ORF4,ORF4 - AR Sortable FC - Virginia Beach,NAMERICA,7/27/26 0:00,7/27/26 0:00,,7/31/26 0:00,8/16/26 0:00,02 MED,20,26,USD,Goods,A,A,,,sent_via_email,EAM,ORF4 Offsite C/O Richmond Express,issued,20,0,1,0,1,1,4,3,26
NA,2D,2D-22139954,1,N12270,FLOW CONTROL VALVE,VALVE,24216849-758186,ATS CORPORATION,PM-PF2060,SCK6,"AR Sortable FC - Tracy, CA",NAMERICA,7/28/26 0:00,7/28/26 0:00,,8/4/26 0:00,8/17/26 0:00,01 HIGH,20,26,USD,Goods,A,A,,,sent_via_email,EAM,SCK6 OFFSITE NON-INVENTORY,issued,20,0,1,0,1,0,3,2,26
NA,5Z,5Z-22018710,4,11409,"CLUTCH, CLUTCH: PAD 3  , 3600 CLUTCH ASSEMBLY",CLUTCH,17069108-316457,INTELLIGRATED CANADA LIMITED,90002944,YXU1,"AR Sortable FC - St. Thomas, ON",NAMERICA,7/16/26 0:00,7/16/26 0:00,,8/26/26 0:00,8/13/26 0:00,02 MED,28,25.25,USD,Goods,A,A,,,sent_via_email,EAM,YXU1 Offsite (5Z-Order),issued,28,0,1,0,1,1,2,1,25.25
NA,2D,2D-21292553,6,3022959,SEAL BAR SHOULDER BOLT,BOLT,24216849-758186,ATS CORPORATION,9376400,SYR1,"AR Sortable FC - Clay, NY",NAMERICA,5/11/26 0:00,5/11/26 0:00,,8/24/26 0:00,6/22/26 0:00,01 HIGH,42,25.16,USD,Goods,A,A,,,sent_via_email,EAM,"SYR1 Sortable FC AR (Clay, NY)",issued,42,39,1,0,1,2,3,2,25.16
INTL,F8,F8-22090012,1,3043388,"PROXIMITY SENSOR, FOR T-SLOT CYLINDER PNP NO M8X1.0 3PIN 300MM PIGTAIL 5-30VDC",SWITCH,105530158-1222756,ATS AUTOMATION TOOLING SYSTEMS GMBH,574334 SMT-8M-A-PS-24V-E-0.3-M8D,MXP6,AR Sortable 450 465k sqft G+3 Gen10,EUROPE,7/23/26 0:00,7/23/26 0:00,,9/15/26 0:00,9/21/26 0:00,02 MED,60,12.51,EUR,Goods,A,A,,,sent_via_email,EAM,"MXP6 XPO (F8) FC San Pietro Mosezzo, Novara, IT",issued,60,0,2,0,2,2,4,2,25.02
NA,2D,2D-21334250,2,3022931,HARTING [ 09 12 005 3004 ] - HAN Q 5/0-M-C MALE INSERT,CONNECT,24216849-758186,ATS CORPORATION,5974277,SAV4,"AR Sortable FC - Pooler, GA",NAMERICA,5/14/26 0:00,5/14/26 0:00,,8/24/26 0:00,7/2/26 0:00,01 HIGH,49,25,USD,,A,A,,,sent_via_email,EAM,"SAV4 FC Sortable (Pent Wentworth, GA)",issued,49,29,1,0,1,2,3,2,25
NA,2D,2D-21334250,2,3022931,HARTING [ 09 12 005 3004 ] - HAN Q 5/0-M-C MALE INSERT,CONNECT,24216849-758186,ATS CORPORATION,5974277,SAV4,"AR Sortable FC - Pooler, GA",NAMERICA,5/14/26 0:00,5/14/26 0:00,,8/24/26 0:00,7/2/26 0:00,01 HIGH,49,25,USD,Goods,A,A,,,sent_via_email,EAM,"SAV4 FC Sortable (Pent Wentworth, GA)",issued,49,29,1,0,1,2,3,2,25
NA,2D,2D-21784520,3,3022967,"ZIP TIES, NARROW",CABLETIE,24216849-758186,ATS CORPORATION,10313862,SYR1,"AR Sortable FC - Clay, NY",NAMERICA,6/24/26 0:00,6/24/26 0:00,,9/1/26 0:00,7/22/26 0:00,01 HIGH,28,25,USD,Goods,A,A,,,sent_via_email,EAM,"SYR1 Sortable FC AR (Clay, NY)",issued,28,9,1,0,1,1,2,1,25
NA,2D,2D-22017878,1,3043405,"M12 FEMALE CONNECTOR STRAIGHT WITH CABLE PUR 5X0,34 BLACK DRAG CHAIN 5M",CABLE,24216849-758186,ATS CORPORATION,4927680,PVD2,"AR Sortable FC - Johnston, RI",NAMERICA,7/16/26 0:00,7/16/26 0:00,,8/21/26 0:00,8/20/26 0:00,01 HIGH,35,25,USD,Goods,A,A,,,sent_via_email,EAM,PVD2 Offsite Rhody Transportation & Warehousing,issued,21,0,1,0,1,1,2,1,25
NA,2D,2D-22118522,5,3015434,"GRIPPER PAD, KNURLED STEEL, SWIVEL",GRIPPER,24216849-758186,ATS CORPORATION,10237057,DET6,"AR Sortable FC - Detroit, MI",NAMERICA,7/27/26 0:00,7/27/26 0:00,,11/30/26 0:00,8/17/26 0:00,01 HIGH,21,25,USD,Goods,A,A,,,sent_via_email,EAM,DET6 AMZL Offsite,issued,21,0,1,0,1,0,5,1,25
INTL,R5,R5-22132184,1,3015434,"GRIPPER PAD, KNURLED STEEL, SWIVEL",GRIPPER,105530158-1243146,ATS AUTOMATION TOOLING SYSTEMS GMBH,10237057,POZ2,AR Sortable 450 465k sqft G+3 Gen10,EUROPE,7/28/26 0:00,7/28/26 0:00,,12/15/26 0:00,10/6/26 0:00,01 HIGH,70,21.63,EUR,Goods,A,A,,,sent_via_email,EAM,"POZ2 FC Non Inventory (Chociule, Poland)",issued,70,0,1,0,1,0,10,5,21.63
NA,2D,2D-21999817,3,3043423,"FUSE,5 AMP,250V",FUSE,24216849-758186,ATS CORPORATION,819-028,DET6,"AR Sortable FC - Detroit, MI",NAMERICA,7/15/26 0:00,7/15/26 0:00,,7/27/26 0:00,8/14/26 0:00,01 HIGH,30,9.99,USD,Goods,A,A,,,sent_via_email,EAM,DET6 AMZL Offsite,issued,30,0,2,0,2,0,2,1,19.98
NA,2D,2D-19715734,1,N54020,"STOPPER BOLT, M6X1.0, L 20MM, WITH HEX SOCKET TIP, STRAIGHT TYPE, BUMPER URETHAN",HARDWARE,24216849-758186,ATS CORPORATION,3007582,SHV1,"AR Sortable FC - Shreveport, LA",NAMERICA,12/12/25 0:00,12/12/25 0:00,,3/2/26 0:00,2/6/26 0:00,02 MED,56,19,USD,Goods,A,A,,,sent_via_email,EAM,SHV1 OFFSITE,issued,21,175,1,0,1,2,2,1,19
NA,2D,2D-21307742,3,N45907,FLOW CONTROL VALVE,VALVE,24216849-758186,ATS CORPORATION,2919871,BOS3,"AR Sortable FC - North Andover, MA",NAMERICA,5/12/26 0:00,5/12/26 0:00,,7/3/26 0:00,6/9/26 0:00,02 MED,28,19,USD,Goods,A,A,,,sent_via_email,EAM,"BOS3 Offsite Lindenmeyr Munroe (Londonderry, NH)",issued,28,52,1,0,1,2,3,2,19
NA,2D,2D-21756267,9,3037850,"ZIP TIES, STANDARD",HARNESS,24216849-758186,ATS CORPORATION,10322787,SYR1,"AR Sortable FC - Clay, NY",NAMERICA,6/22/26 0:00,6/22/26 0:00,,10/5/26 0:00,7/20/26 0:00,01 HIGH,28,19,USD,Goods,A,A,,,sent_via_email,EAM,SYR1 Offsite Lindenmeyr Munroe,issued,28,11,1,0,1,0,1,0,19
NA,2D,2D-22027755,1,3037850,"ZIP TIES, STANDARD",HARNESS,24216849-758186,ATS CORPORATION,10322787,TLH2,"AR Sortable FC - Tallahassee, FL",NAMERICA,7/17/26 0:00,7/17/26 0:00,,8/14/26 0:00,8/14/26 0:00,01 HIGH,28,19,USD,Goods,A,A,,,sent_via_email,EAM,"TLH2 Sortable FC (Tallahassee, FL, US)",issued,28,0,1,0,1,0,1,0,19
NA,2D,2D-21292553,4,3022949,MCMASTER ZIP TIE MOUNT,CABLETIE,24216849-758186,ATS CORPORATION,10312881,SYR1,"AR Sortable FC - Clay, NY",NAMERICA,5/11/26 0:00,5/11/26 0:00,,8/24/26 0:00,6/15/26 0:00,01 HIGH,35,9.49,USD,Goods,A,A,,,sent_via_email,EAM,"SYR1 Sortable FC AR (Clay, NY)",issued,35,46,2,0,2,3,5,3,18.98
INTL,F8,F8-21367073,23,N45907,FLOW CONTROL VALVE,VALVE,98115028-1246340,ELTEN LOGISTIC SYSTEM GLOBAL B V,10054068,MXP6,AR Sortable 450 465k sqft G+3 Gen10,EUROPE,5/18/26 0:00,5/18/26 0:00,,5/18/26 0:00,6/8/26 0:00,02 MED,21,18.39,EUR,Goods,A,A,,,sent_via_email,EAM,"MXP6 XPO (F8) FC San Pietro Mosezzo, Novara, IT",issued,21,53,1,0,1,1,1,0,18.39
NA,2D,2D-20746113,2,11409,"CLUTCH, CLUTCH: PAD 3  , 3600 CLUTCH ASSEMBLY",CLUTCH,12278686-11857,CTM LABELING SYSTEMS,MP-238-0274,ORD5,"AR Sortable FC - Matteson, IL",NAMERICA,3/20/26 0:00,3/20/26 0:00,,4/18/26 0:00,4/14/26 0:00,02 MED,25,16.75,USD,Goods,A,A,,,sent_via_email,EAM,ORD5 Offsite UGI Global,issued,25,108,1,0,1,1,2,1,16.75
NA,2D,2D-21857057,10,1004322,METAL LATCH - 22.5MM PB,LATCH,19784017-571006,WESTERN INDUSTRIAL CONTRACTORS,800F-ALM,OXR1,"AR Sortable FC - Oxnard, CA",NAMERICA,7/1/26 0:00,7/1/26 0:00,,7/1/26 0:00,8/30/26 0:00,02 MED,60,3.34,USD,Goods,A,A,,,sent_via_email,EAM,OXR1 Offsite The UPS Store,issued,60,0,5,0,5,11,16,2,16.7
NA,2D,2D-21857057,10,1004322,PB MOUNTING LATCH - METAL,LATCH,19784017-571006,WESTERN INDUSTRIAL CONTRACTORS,800F-ALM,OXR1,"AR Sortable FC - Oxnard, CA",NAMERICA,7/1/26 0:00,7/1/26 0:00,,7/1/26 0:00,8/30/26 0:00,02 MED,60,3.34,USD,Goods,A,A,,,sent_via_email,EAM,OXR1 Offsite The UPS Store,issued,60,0,5,0,5,11,16,2,16.7
NA,2D,2D-20265835,1,3022932,"SENSOR FLAG PIN, USP TRIGGER GATE",SENSOR,24216849-758186,ATS CORPORATION,700600424,ORD5,"AR Sortable FC - Matteson, IL",NAMERICA,2/4/26 0:00,2/4/26 0:00,,5/23/26 0:00,4/8/26 0:00,01 HIGH,63,15,USD,Goods,A,A,,,sent_via_email,EAM,ORD5 Offsite UGI Global,issued,63,114,1,0,1,1,2,1,15
NA,2D,2D-21587096,2,3022948,DIVERTER SCREWS M5 X 16 16 MM LONG,SCREW,24216849-758186,ATS CORPORATION,2354494,HOU6,"AR Sortable FC - Richmond , TX",NAMERICA,6/8/26 0:00,6/8/26 0:00,,7/22/26 0:00,7/2/26 0:00,01 HIGH,24,15,USD,Goods,A,A,,,sent_via_email,EAM,HOU6 Shorr Non-Inventory Offsite,issued,24,29,1,0,1,0,1,0,15
NA,2D,2D-21824152,2,3466132,"F03 LOW CONTROL, PRESET, ORIFICE DIA 0.5MM, FEMALE (10-32 UNF)",VALVE,24216849-758186,ATS CORPORATION,5047174,FSD1,"AR Sortable FC - Sioux Falls, SD",NAMERICA,6/29/26 0:00,6/29/26 0:00,,10/30/26 0:00,7/27/26 0:00,01 HIGH,28,15,USD,Goods,A,A,,,sent_via_email,EAM,FSD1 Nordica North Offsite,issued,28,4,1,0,1,0,1,0,15
NA,2D,2D-21836015,1,3466132,"F03 LOW CONTROL, PRESET, ORIFICE DIA 0.5MM, FEMALE (10-32 UNF)",VALVE,24216849-758186,ATS CORPORATION,5047174,PAE2,"AR Sortable FC - Arlington, WA",NAMERICA,6/29/26 0:00,6/29/26 0:00,,7/27/26 0:00,7/27/26 0:00,01 HIGH,28,15,USD,Goods,A,A,,,sent_via_email,EAM,"PAE2 FC Sortable (Arlington, WA, US)",issued,28,4,1,0,1,1,2,1,15
NA,2D,2D-21956183,1,3466132,"F03 LOW CONTROL, PRESET, ORIFICE DIA 0.5MM, FEMALE (10-32 UNF)",VALVE,24216849-758186,ATS CORPORATION,5047174,PDX8,"AR Sortable FC - Woodburn, OR",NAMERICA,7/10/26 0:00,7/10/26 0:00,,8/7/26 0:00,8/7/26 0:00,01 HIGH,28,15,USD,Goods,A,A,,,sent_via_email,EAM,"PDX8 Sortable FC (Woodburn, OR, US)",issued,28,0,1,0,1,0,2,1,15
NA,2D,2D-21983355,1,3022948,DIVERTER SCREWS M5 X 16 16 MM LONG,SCREW,24216849-758186,ATS CORPORATION,2354494,RIC4,"AR Sortable FC - Richmond, VA",NAMERICA,7/14/26 0:00,7/14/26 0:00,,6/10/27 0:00,8/7/26 0:00,01 HIGH,24,15,USD,Goods,A,A,,,sent_via_email,EAM,RIC4 Offsite Fastenal,issued,24,0,1,0,1,0,3,2,15
NA,2D,2D-22051767,6,3208459,Connector - MURRELEKTRONIK 7000-08331-0000000 MOSA M8 MALE 0 F,CONNECT,24216849-758186,ATS CORPORATION,1758374,TPA4,"AR Sortable FC - Temple Terrace, FL",NAMERICA,7/20/26 0:00,7/20/26 0:00,,11/2/26 0:00,8/24/26 0:00,01 HIGH,35,15,USD,Goods,A,A,,,sent_via_email,EAM,"TPA4 Sortable FC ARS (Temple Terrace, FL)",issued,35,0,1,0,1,0,1,0,15
NA,2D,2D-22067261,2,3466132,"F03 LOW CONTROL, PRESET, ORIFICE DIA 0.5MM, FEMALE (10-32 UNF)",VALVE,24216849-758186,ATS CORPORATION,5047174,PDX8,"AR Sortable FC - Woodburn, OR",NAMERICA,7/21/26 0:00,7/21/26 0:00,,11/5/26 0:00,8/18/26 0:00,01 HIGH,28,15,USD,Goods,A,A,,,sent_via_email,EAM,"PDX8 Sortable FC (Woodburn, OR, US)",issued,28,0,1,0,1,0,2,1,15
NA,75,5Z-21723013,2,3466132,"F03 LOW CONTROL, PRESET, ORIFICE DIA 0.5MM, FEMALE (10-32 UNF)",VALVE,28177078-800256,ATS CORPORATION,5047174,YHM1,"AR Sortable FC - Hamilton, ON",NAMERICA,6/18/26 0:00,6/18/26 0:00,,9/30/26 0:00,7/16/26 0:00,01 HIGH,28,15,USD,Goods,A,A,,,sent_via_email,EAM,YHM1 Offsite -Traffic Tech,issued,28,15,1,0,1,0,1,0,15
NA,2D,2D-21147192,1,23103,6.3 AMP FUSE CTM PE-FU2090,FUSE,17046845-895303,MOTION INDUSTRIES INC,2612708,SCK6,"AR Sortable FC - Tracy, CA",NAMERICA,4/28/26 0:00,4/28/26 0:00,,5/26/26 0:00,5/11/26 0:00,03 LOW,13,7.26,USD,Goods,A,A,,,sent_via_cxml,EAM,SCK6 OFFSITE NON-INVENTORY,issued,13,81,2,0,2,0,2,1,14.52
NA,2D,2D-22133291,1,N24793,Single Pull Single Throw (SPST) Relay -24V,RELAY,6470518-4521,INTELLIGRATED SYSTEMS LLC,23977700,FSD1,"AR Sortable FC - Sioux Falls, SD",NAMERICA,7/28/26 0:00,7/28/26 0:00,,8/20/26 0:00,8/20/26 0:00,01 HIGH,23,13.62,USD,Goods,A,A,,,sent_via_cxml,EAM,FSD1 Nordica North Offsite,issued,23,0,1,0,1,1,2,1,13.62
NA,2D,2D-21756267,7,3032133,COMPRESSION SPRING T=1.4 OD=20 ID=17,SPRING,24216849-758186,ATS CORPORATION,8146792,SYR1,"AR Sortable FC - Clay, NY",NAMERICA,6/22/26 0:00,6/22/26 0:00,,10/5/26 0:00,7/20/26 0:00,01 HIGH,28,5.99,USD,Goods,A,A,,,sent_via_email,EAM,SYR1 Offsite Lindenmeyr Munroe,issued,28,11,2,0,2,0,12,1,11.98
NA,2D,2D-20746113,3,11519,BELT: TIMING REWIND BELT,T-BELT,12278686-11857,CTM LABELING SYSTEMS,PM-BELT1015,ORD5,"AR Sortable FC - Matteson, IL",NAMERICA,3/20/26 0:00,3/20/26 0:00,,4/18/26 0:00,4/14/26 0:00,02 MED,25,10.75,USD,Goods,A,A,,,sent_via_email,EAM,ORD5 Offsite UGI Global,issued,25,108,1,0,1,3,5,4,10.75
NA,2D,2D-20746113,3,11519,TIMING BELT REWIND,T-BELT,12278686-11857,CTM LABELING SYSTEMS,PM-BELT1015,ORD5,"AR Sortable FC - Matteson, IL",NAMERICA,3/20/26 0:00,3/20/26 0:00,,4/18/26 0:00,4/14/26 0:00,02 MED,25,10.75,USD,Goods,A,A,,,sent_via_email,EAM,ORD5 Offsite UGI Global,issued,25,108,1,0,1,3,5,4,10.75
NA,2D,2D-21883872,1,11519,BELT: TIMING REWIND BELT,T-BELT,12278686-11857,CTM LABELING SYSTEMS,PM-BELT1015,ORD5,"AR Sortable FC - Matteson, IL",NAMERICA,7/3/26 0:00,7/3/26 0:00,,7/29/26 0:00,7/28/26 0:00,02 MED,25,10.75,USD,Goods,A,A,,,sent_via_email,EAM,"ORD5 Sortable FC (Matteson, IL)",issued,25,3,1,0,1,3,5,4,10.75
NA,2D,2D-21883872,1,11519,TIMING BELT REWIND,T-BELT,12278686-11857,CTM LABELING SYSTEMS,PM-BELT1015,ORD5,"AR Sortable FC - Matteson, IL",NAMERICA,7/3/26 0:00,7/3/26 0:00,,7/29/26 0:00,7/28/26 0:00,02 MED,25,10.75,USD,Goods,A,A,,,sent_via_email,EAM,"ORD5 Sortable FC (Matteson, IL)",issued,25,3,1,0,1,3,5,4,10.75
NA,2D,2D-21874043,1,1060925,BLADE CONNECTING PIN,PIN,24216849-758186,ATS CORPORATION,10186316,DET6,"AR Sortable FC - Detroit, MI",NAMERICA,7/2/26 0:00,7/2/26 0:00,,7/21/26 0:00,7/5/26 0:00,01 HIGH,3,9.99,USD,Goods,A,A,,,sent_via_email,EAM,DET6 AMZL Offsite,issued,3,26,1,0,1,0,2,1,9.99
NA,2D,2D-22118522,1,1060925,BLADE CONNECTING PIN,PIN,24216849-758186,ATS CORPORATION,10186316,DET6,"AR Sortable FC - Detroit, MI",NAMERICA,7/27/26 0:00,7/27/26 0:00,,11/30/26 0:00,7/30/26 0:00,01 HIGH,3,9.99,USD,Goods,A,A,,,sent_via_email,EAM,DET6 AMZL Offsite,issued,3,1,1,0,1,0,2,1,9.99
NA,2D,2D-22121471,1,3043423,"FUSE,5 AMP,250V",FUSE,24216849-758186,ATS CORPORATION,819-028,OXR1,"AR Sortable FC - Oxnard, CA",NAMERICA,7/27/26 0:00,7/27/26 0:00,,9/15/26 0:00,8/26/26 0:00,02 MED,30,9.99,USD,Goods,A,A,,,sent_via_email,EAM,OXR1 Offsite The UPS Store,issued,30,0,1,0,1,0,2,1,9.99
NA,2D,2D-21334250,10,3022971,FAST CONNECTION-PEG,MODULE,24216849-758186,ATS CORPORATION,10255550,SAV4,"AR Sortable FC - Pooler, GA",NAMERICA,5/14/26 0:00,5/14/26 0:00,,8/24/26 0:00,6/4/26 0:00,01 HIGH,21,2.99,USD,,A,A,,,sent_via_email,EAM,"SAV4 FC Sortable (Pent Wentworth, GA)",issued,21,57,3,0,3,0,5,3,8.97
NA,2D,2D-21334250,10,3022971,FAST CONNECTION-PEG,MODULE,24216849-758186,ATS CORPORATION,10255550,SAV4,"AR Sortable FC - Pooler, GA",NAMERICA,5/14/26 0:00,5/14/26 0:00,,8/24/26 0:00,6/4/26 0:00,01 HIGH,21,2.99,USD,Goods,A,A,,,sent_via_email,EAM,"SAV4 FC Sortable (Pent Wentworth, GA)",issued,21,57,3,0,3,0,5,3,8.97
NA,2D,2D-22065069,1,3022971,FAST CONNECTION-PEG,MODULE,24216849-758186,ATS CORPORATION,10255550,SYR1,"AR Sortable FC - Clay, NY",NAMERICA,7/21/26 0:00,7/21/26 0:00,,9/29/26 0:00,8/11/26 0:00,01 HIGH,21,2.99,USD,Goods,A,A,,,sent_via_email,EAM,"SYR1 Sortable FC AR (Clay, NY)",issued,21,0,3,0,3,0,3,2,8.97
NA,2D,2D-22102906,1,3022971,FAST CONNECTION-PEG,MODULE,24216849-758186,ATS CORPORATION,10255550,SAV4,"AR Sortable FC - Pooler, GA",NAMERICA,7/24/26 0:00,7/24/26 0:00,,8/14/26 0:00,8/14/26 0:00,01 HIGH,21,2.99,USD,Goods,A,A,,,sent_via_email,EAM,"SAV4 FC Sortable (Pent Wentworth, GA)",issued,21,0,2,0,2,0,5,3,5.98
NA,2D,2D-21277860,2,10087,"INSERT: THREADED, 1/4-20 INTERNAL X 3/8-24 EXTERNAL",INSERT,17048148-83423,CTM LABELING SYSTEMS,PM-INS1010,TYS1,"AR Sortable FC - Rockford, TN",NAMERICA,5/8/26 0:00,5/8/26 0:00,,5/29/26 0:00,5/22/26 0:00,03 LOW,14,5.5,USD,Goods,A,A,,,sent_via_email,EAM,"TYS1 FC Sortable (Rockford, TN)",issued,14,70,1,0,1,1,2,1,5.5
NA,2D,2D-21314047,3,3466152,"MOUNTING KIT, FOR PROXIMITY SENSORS SMT/SME-8, FOR BORE 25",HARDWARE,24216849-758186,ATS CORPORATION,2261933,MTN1,"AR Sortable FC - Wilmington, DE",NAMERICA,5/12/26 0:00,5/12/26 0:00,,8/24/26 0:00,7/7/26 0:00,01 HIGH,56,5.49,USD,Goods,A,A,,,sent_via_email,EAM,MTN1 Offsite,issued,56,24,1,0,1,2,3,2,5.49
NA,2D,2D-21295414,3,N53951,"BEARING, DEEP GROOVE, ID 17MM, OD 30MM, W 7MM, CONTACT SEALED, CARBON STEEL",BEARING,10744873-6254,ATS AUTOMATION INC,1465096,HOU6,"AR Sortable FC - Richmond , TX",NAMERICA,5/11/26 0:00,5/11/26 0:00,,7/17/26 0:00,6/1/26 0:00,01 HIGH,21,5.07,USD,Goods,A,A,,,sent_via_email,EAM,HOU6 Shorr Non-Inventory Offsite,issued,21,60,1,0,1,2,3,2,5.07
NA,2D,2D-21736405,1,1004322,METAL LATCH - 22.5MM PB,LATCH,24216849-758186,ATS CORPORATION,1425414,AGS1,"AR Sortable FC - Appling, GA",NAMERICA,6/20/26 0:00,6/20/26 0:00,,8/6/26 0:00,8/22/26 0:00,01 HIGH,63,4.99,USD,Goods,A,A,,,sent_via_email,EAM,"AGS1 FC IXD (Appling, GA)",issued,63,0,1,0,1,3,4,3,4.99
NA,2D,2D-21736405,1,1004322,PB MOUNTING LATCH - METAL,LATCH,24216849-758186,ATS CORPORATION,1425414,AGS1,"AR Sortable FC - Appling, GA",NAMERICA,6/20/26 0:00,6/20/26 0:00,,8/6/26 0:00,8/22/26 0:00,01 HIGH,63,4.99,USD,Goods,A,A,,,sent_via_email,EAM,"AGS1 FC IXD (Appling, GA)",issued,63,0,1,0,1,3,4,3,4.99
NA,2D,2D-21885384,1,1004322,METAL LATCH - 22.5MM PB,LATCH,24216849-758186,ATS CORPORATION,1425414,AGS1,"AR Sortable FC - Appling, GA",NAMERICA,7/3/26 0:00,7/3/26 0:00,,7/21/26 0:00,9/4/26 0:00,01 HIGH,63,4.99,USD,Goods,A,A,,,sent_via_email,EAM,"AGS1 FC IXD (Appling, GA)",issued,63,0,1,0,1,3,4,3,4.99
NA,2D,2D-21885384,1,1004322,PB MOUNTING LATCH - METAL,LATCH,24216849-758186,ATS CORPORATION,1425414,AGS1,"AR Sortable FC - Appling, GA",NAMERICA,7/3/26 0:00,7/3/26 0:00,,7/21/26 0:00,9/4/26 0:00,01 HIGH,63,4.99,USD,Goods,A,A,,,sent_via_email,EAM,"AGS1 FC IXD (Appling, GA)",issued,63,0,1,0,1,3,4,3,4.99
NA,2D,2D-21246746,1,10105,"SPRING: REWIND CLUTCH, MED DUTY, .97OD X .080 WIRE DIA",SPRING,12278686-11857,CTM LABELING SYSTEMS,PM-FASP30540,ORD5,"AR Sortable FC - Matteson, IL",NAMERICA,5/6/26 0:00,5/6/26 0:00,,6/2/26 0:00,5/27/26 0:00,03 LOW,21,4.5,USD,Goods,A,A,,,sent_via_email,EAM,"ORD5 Sortable FC (Matteson, IL)",issued,21,65,1,0,1,2,3,2,4.5
NA,2D,2D-21308803,1,10076,"SPRING: DANCER ARM UNWIND,  CTM_PM-FASP30434",SPRING,24216849-758186,ATS CORPORATION,PM-FASP30434,BOS3,"AR Sortable FC - North Andover, MA",NAMERICA,5/12/26 0:00,5/12/26 0:00,,5/16/26 0:00,6/1/26 0:00,02 MED,20,4.5,USD,Goods,A,A,,,sent_via_email,EAM,"BOS3 Offsite Lindenmeyr Munroe (Londonderry, NH)",issued,20,60,1,0,1,0,3,2,4.5
NA,2D,2D-21308803,1,10076,"SPRING: DANCER ARM UNWIND, CTM_PM-FASP30434",SPRING,24216849-758186,ATS CORPORATION,PM-FASP30434,BOS3,"AR Sortable FC - North Andover, MA",NAMERICA,5/12/26 0:00,5/12/26 0:00,,5/16/26 0:00,6/1/26 0:00,02 MED,20,4.5,USD,Goods,A,A,,,sent_via_email,EAM,"BOS3 Offsite Lindenmeyr Munroe (Londonderry, NH)",issued,20,60,1,0,1,0,3,2,4.5
NA,2D,2D-22051770,1,10076,"SPRING: DANCER ARM UNWIND,  CTM_PM-FASP30434",SPRING,24216849-758186,ATS CORPORATION,PM-FASP30434,BOS3,"AR Sortable FC - North Andover, MA",NAMERICA,7/20/26 0:00,7/20/26 0:00,,7/28/26 0:00,8/9/26 0:00,02 MED,20,4.5,USD,Goods,A,A,,,sent_via_email,EAM,"BOS3 Offsite Lindenmeyr Munroe (Londonderry, NH)",issued,20,0,1,0,1,0,3,2,4.5
NA,2D,2D-22051770,1,10076,"SPRING: DANCER ARM UNWIND, CTM_PM-FASP30434",SPRING,24216849-758186,ATS CORPORATION,PM-FASP30434,BOS3,"AR Sortable FC - North Andover, MA",NAMERICA,7/20/26 0:00,7/20/26 0:00,,7/28/26 0:00,8/9/26 0:00,02 MED,20,4.5,USD,Goods,A,A,,,sent_via_email,EAM,"BOS3 Offsite Lindenmeyr Munroe (Londonderry, NH)",issued,20,0,1,0,1,0,3,2,4.5
NA,2D,2D-22159177,1,10076,"SPRING: DANCER ARM UNWIND,  CTM_PM-FASP30434",SPRING,24216849-758186,ATS CORPORATION,PM-FASP30434,BOS3,"AR Sortable FC - North Andover, MA",NAMERICA,7/30/26 0:00,7/30/26 0:00,,9/3/26 0:00,8/19/26 0:00,02 MED,20,4.5,USD,Goods,A,A,,,sent_via_email,EAM,"BOS3 Offsite Lindenmeyr Munroe (Londonderry, NH)",issued,20,0,1,0,1,0,3,2,4.5
NA,2D,2D-22159177,1,10076,"SPRING: DANCER ARM UNWIND, CTM_PM-FASP30434",SPRING,24216849-758186,ATS CORPORATION,PM-FASP30434,BOS3,"AR Sortable FC - North Andover, MA",NAMERICA,7/30/26 0:00,7/30/26 0:00,,9/3/26 0:00,8/19/26 0:00,02 MED,20,4.5,USD,Goods,A,A,,,sent_via_email,EAM,"BOS3 Offsite Lindenmeyr Munroe (Londonderry, NH)",issued,20,0,1,0,1,0,3,2,4.5
NA,2D,2D-21374913,1,10076,"SPRING: DANCER ARM UNWIND,  CTM_PM-FASP30434",SPRING,17048148-83423,CTM LABELING SYSTEMS,PM-FASP30434,RIC4,"AR Sortable FC - Richmond, VA",NAMERICA,5/18/26 0:00,5/18/26 0:00,,6/8/26 0:00,6/1/26 0:00,02 MED,14,4.4,USD,Goods,A,A,,,sent_via_email,EAM,RIC4 Offsite Fastenal,issued,14,60,1,0,1,2,3,2,4.4
NA,2D,2D-21374913,1,10076,"SPRING: DANCER ARM UNWIND, CTM_PM-FASP30434",SPRING,17048148-83423,CTM LABELING SYSTEMS,PM-FASP30434,RIC4,"AR Sortable FC - Richmond, VA",NAMERICA,5/18/26 0:00,5/18/26 0:00,,6/8/26 0:00,6/1/26 0:00,02 MED,14,4.4,USD,Goods,A,A,,,sent_via_email,EAM,RIC4 Offsite Fastenal,issued,14,60,1,0,1,2,3,2,4.4
NA,2D,2D-21314047,1,3022971,FAST CONNECTION-PEG,MODULE,24216849-758186,ATS CORPORATION,10255550,MTN1,"AR Sortable FC - Wilmington, DE",NAMERICA,5/12/26 0:00,5/12/26 0:00,,8/24/26 0:00,6/2/26 0:00,01 HIGH,21,2.99,USD,Goods,A,A,,,sent_via_email,EAM,MTN1 Offsite,issued,21,59,1,0,1,2,3,2,2.99
NA,2D,2D-21920037,1,3022971,FAST CONNECTION-PEG,MODULE,24216849-758186,ATS CORPORATION,10255550,PDX8,"AR Sortable FC - Woodburn, OR",NAMERICA,7/7/26 0:00,7/7/26 0:00,,7/31/26 0:00,7/28/26 0:00,01 HIGH,21,2.99,USD,Goods,A,A,,,sent_via_email,EAM,"PDX8 Sortable FC (Woodburn, OR, US)",issued,21,3,1,0,1,1,2,1,2.99
NA,2D,2D-21277860,1,10086,WASHER: CAPTURE CTM PM-FANU30375,WASHER,17048148-83423,CTM LABELING SYSTEMS,PM-FANU30375,TYS1,"AR Sortable FC - Rockford, TN",NAMERICA,5/8/26 0:00,5/8/26 0:00,,5/29/26 0:00,5/26/26 0:00,03 LOW,18,1.38,USD,Goods,A,A,,,sent_via_email,EAM,"TYS1 FC Sortable (Rockford, TN)",issued,18,66,2,0,2,1,3,1,2.76
NA,2D,2D-21374913,2,10095,"BUSHING, FLANGE: 3/8"" BORE X 1/2"" OD X 5/8"" LONG, 5/8"" DIAMETER X 1/16"" FLANGE, ",BUSHING,17048148-83423,CTM LABELING SYSTEMS,PM-BEBF1070,RIC4,"AR Sortable FC - Richmond, VA",NAMERICA,5/18/26 0:00,5/18/26 0:00,,6/8/26 0:00,6/8/26 0:00,02 MED,21,1.38,USD,Goods,A,A,,,sent_via_email,EAM,RIC4 Offsite Fastenal,issued,21,53,2,0,2,2,4,2,2.76
NA,2D,2D-20922413,1,23103,6.3 AMP FUSE CTM PE-FU2090,FUSE,17048148-83423,CTM LABELING SYSTEMS,PE-FU2090,ORD5,"AR Sortable FC - Matteson, IL",NAMERICA,4/7/26 0:00,4/7/26 0:00,,4/13/26 0:00,4/22/26 0:00,03 LOW,15,1.76,USD,Goods,A,A,,,sent_via_email,EAM,"ORD5 Sortable FC (Matteson, IL)",issued,15,100,1,0,1,1,2,1,1.76
NA,2D,2D-21138880,1,23103,6.3 AMP FUSE CTM PE-FU2090,FUSE,17048148-83423,CTM LABELING SYSTEMS,PE-FU2090,ORH3,"AR Sortable FC - Charlton, MA",NAMERICA,4/27/26 0:00,4/27/26 0:00,,7/2/26 0:00,5/12/26 0:00,02 MED,15,1.76,USD,Goods,A,A,,,sent_via_email,EAM,"ORH3 Sortable FC (Charlton, MA, US)",issued,15,80,1,0,1,1,2,1,1.76
NA,2D,2D-20153858,1,49225,HEX HEAD CAP SCREW  CTM PM-FAHHSS50557,SCREW,17048148-83423,CTM LABELING SYSTEMS,PM-FAHHSS50557,DEN4,"AR Sortable FC - Colorado Springs, CO",NAMERICA,1/23/26 0:00,1/23/26 0:00,,2/19/26 0:00,2/2/26 0:00,02 MED,10,0.55,USD,Goods,A,A,,,sent_via_email,EAM,"DEN4 FC (Colorado Springs, CO)",issued,10,179,1,0,1,20,4,3,0.55
NA,2D,2D-20153858,1,49225,HEX HEAD CAP SCREW CTM PM-FAHHSS50557,SCREW,17048148-83423,CTM LABELING SYSTEMS,PM-FAHHSS50557,DEN4,"AR Sortable FC - Colorado Springs, CO",NAMERICA,1/23/26 0:00,1/23/26 0:00,,2/19/26 0:00,2/2/26 0:00,02 MED,10,0.55,USD,Goods,A,A,,,sent_via_email,EAM,"DEN4 FC (Colorado Springs, CO)",issued,10,179,1,0,1,20,4,3,0.55
NA,2D,2D-21255938,1,49225,HEX HEAD CAP SCREW  CTM PM-FAHHSS50557,SCREW,17048148-83423,CTM LABELING SYSTEMS,PM-FAHHSS50557,TLH2,"AR Sortable FC - Tallahassee, FL",NAMERICA,5/7/26 0:00,5/7/26 0:00,,6/14/26 0:00,5/17/26 0:00,03 LOW,10,0.55,USD,Goods,A,A,,,sent_via_email,EAM,"TLH2 Sortable FC (Tallahassee, FL, US)",issued,10,75,1,0,1,1,2,1,0.55
NA,2D,2D-21255938,1,49225,HEX HEAD CAP SCREW CTM PM-FAHHSS50557,SCREW,17048148-83423,CTM LABELING SYSTEMS,PM-FAHHSS50557,TLH2,"AR Sortable FC - Tallahassee, FL",NAMERICA,5/7/26 0:00,5/7/26 0:00,,6/14/26 0:00,5/17/26 0:00,03 LOW,10,0.55,USD,Goods,A,A,,,sent_via_email,EAM,"TLH2 Sortable FC (Tallahassee, FL, US)",issued,10,75,1,0,1,1,2,1,0.55
NA,2D,2D-21277860,3,49225,HEX HEAD CAP SCREW  CTM PM-FAHHSS50557,SCREW,17048148-83423,CTM LABELING SYSTEMS,PM-FAHHSS50557,TYS1,"AR Sortable FC - Rockford, TN",NAMERICA,5/8/26 0:00,5/8/26 0:00,,5/29/26 0:00,5/18/26 0:00,03 LOW,10,0.55,USD,Goods,A,A,,,sent_via_email,EAM,"TYS1 FC Sortable (Rockford, TN)",issued,10,74,1,0,1,1,2,1,0.55
NA,2D,2D-21277860,3,49225,HEX HEAD CAP SCREW CTM PM-FAHHSS50557,SCREW,17048148-83423,CTM LABELING SYSTEMS,PM-FAHHSS50557,TYS1,"AR Sortable FC - Rockford, TN",NAMERICA,5/8/26 0:00,5/8/26 0:00,,5/29/26 0:00,5/18/26 0:00,03 LOW,10,0.55,USD,Goods,A,A,,,sent_via_email,EAM,"TYS1 FC Sortable (Rockford, TN)",issued,10,74,1,0,1,1,2,1,0.55
NA,2D,2D-21307742,1,49225,HEX HEAD CAP SCREW  CTM PM-FAHHSS50557,SCREW,24216849-758186,ATS CORPORATION,PM-FAHHSS50557,BOS3,"AR Sortable FC - North Andover, MA",NAMERICA,5/12/26 0:00,5/12/26 0:00,,7/3/26 0:00,6/1/26 0:00,02 MED,20,0.55,USD,Goods,A,A,,,sent_via_email,EAM,"BOS3 Offsite Lindenmeyr Munroe (Londonderry, NH)",issued,20,60,1,0,1,2,3,2,0.55
NA,2D,2D-21307742,1,49225,HEX HEAD CAP SCREW CTM PM-FAHHSS50557,SCREW,24216849-758186,ATS CORPORATION,PM-FAHHSS50557,BOS3,"AR Sortable FC - North Andover, MA",NAMERICA,5/12/26 0:00,5/12/26 0:00,,7/3/26 0:00,6/1/26 0:00,02 MED,20,0.55,USD,Goods,A,A,,,sent_via_email,EAM,"BOS3 Offsite Lindenmeyr Munroe (Londonderry, NH)",issued,20,60,1,0,1,2,3,2,0.55
NA,2D,2D-22085651,1,49225,HEX HEAD CAP SCREW  CTM PM-FAHHSS50557,SCREW,17048148-83423,CTM LABELING SYSTEMS,PM-FAHHSS50557,HOU6,"AR Sortable FC - Richmond , TX",NAMERICA,7/23/26 0:00,7/23/26 0:00,,8/3/26 0:00,8/2/26 0:00,03 LOW,10,0.55,USD,Goods,A,A,,,sent_via_email,EAM,HOU6 Shorr Non-Inventory Offsite,issued,10,0,1,0,1,1,2,1,0.55
NA,2D,2D-22085651,1,49225,HEX HEAD CAP SCREW CTM PM-FAHHSS50557,SCREW,17048148-83423,CTM LABELING SYSTEMS,PM-FAHHSS50557,HOU6,"AR Sortable FC - Richmond , TX",NAMERICA,7/23/26 0:00,7/23/26 0:00,,8/3/26 0:00,8/2/26 0:00,03 LOW,10,0.55,USD,Goods,A,A,,,sent_via_email,EAM,HOU6 Shorr Non-Inventory Offsite,issued,10,0,1,0,1,1,2,1,0.55